<body><meta><link>http://www.thaipoem.com/poem/109123</link><title>...........i don't care คนอื่นว่าอย่างไร.............</title><genre>poem</genre></meta><se><w>คุณ<ana lex="คุณ" pos="" trans="[alternate pronunciation of คุณ ]" translit="khoonM naH"/><ana lex="คุณ" pos="noun" trans="Miss" translit=""/><ana lex="คุณ" pos="PRON" trans="you" translit=""/><ana lex="คุณ" pos="noun" trans="thou" translit=""/><ana lex="คุณ" pos="noun" trans="Khun" translit=""/><ana lex="คุณ" pos="noun" trans="black magic" translit=""/><ana lex="คุณ" pos="noun" trans="kindness" translit=""/><ana lex="คุณ" pos="noun" trans="advantage" translit=""/></w><w>ดิน<ana lex="ดิน" pos="noun" trans="clay" translit=""/><ana lex="ดิน" pos="noun" trans="soil" translit=""/><ana lex="ดิน" pos="noun" trans="clod" translit=""/><ana lex="ดิน" pos="noun" trans="dirt" translit=""/><ana lex="ดิน" pos="noun" trans="earth" translit=""/><ana lex="ดิน" pos="noun" trans="blind snake" translit=""/><ana lex="ดิน" pos="noun" trans="soil" translit=""/></w><w>กระดาษ<ana lex="กระดาษ" pos="noun" trans="paper" translit=""/><ana lex="กระดาษ" pos="noun" trans="paper" translit=""/></w></se><se><w>แหม<ana lex="แหม" pos="interjection,colloquial" trans="[an interjection used to express surprise, coyness or shyness, and discontent]" translit="maaeR"/><ana lex="แหม" pos="interjection" trans="oh!" translit=""/><ana lex="แหม" pos="interjection" trans="Upon my word!" translit="maaeR"/></w></se><se><w>.<ana lex="" pos="" trans="" translit=""/></w></se><se><w>อ่าน<ana lex="อ่าน" pos="verb,transitive" trans="peruse" translit=""/><ana lex="อ่าน" pos="verb,transitive" trans="read" translit=""/><ana lex="อ่าน" pos="verb,intransitive" trans="declaim" translit=""/><ana lex="อ่าน" pos="verb" trans="read" translit=""/><ana lex="อ่าน" pos="PHRV" trans="crack a book" translit=""/></w><w>แล้ว<ana lex="แล้ว" pos="adverb" trans="already" translit=""/><ana lex="แล้ว" pos="adverb" trans="already" translit=""/><ana lex="แล้ว" pos="adverb" trans="by now" translit=""/><ana lex="แล้ว" pos="adverb" trans="already" translit=""/></w><w>รู้สึก<ana lex="รู้สึก" pos="PHRV" trans="be struck with" translit=""/><ana lex="รู้สึก" pos="verb" trans="feel" translit=""/><ana lex="รู้สึก" pos="verb,intransitive" trans="feel" translit=""/></w><w>ว่า</w><w>ตัวเอง<ana lex="ตัวเอง" pos="PRON" trans="oneself" translit=""/><ana lex="ตัวเอง" pos="PRF" trans="idio-" translit=""/><ana lex="ตัวเอง" pos="PRON" trans="oneself" translit=""/><ana lex="ตัวเอง" pos="PRF" trans="auto" translit=""/><ana lex="ตัวเอง" pos="noun" trans="person" translit=""/></w><w>เป็น<ana lex="เป็น" pos="auxiliary verb" trans="are" translit=""/><ana lex="เป็น" pos="verb,intransitive" trans="been" translit=""/><ana lex="เป็น" pos="verb,intransitive" trans="come" translit=""/><ana lex="เป็น" pos="verb" trans="be able to" translit=""/><ana lex="เป็น" pos="verb" trans="be" translit=""/><ana lex="เป็น" pos="adjective" trans="alive" translit=""/></w></se><se><w>Inter (net)<ana lex="" pos="" trans="" translit=""/></w></se><se><w>ขึ้น<ana lex="ขึ้น" pos="adjective" trans="ascending" translit=""/><ana lex="ขึ้น" pos="verb,intransitive" trans="ascend" translit=""/><ana lex="ขึ้น" pos="verb" trans="come into being" translit=""/><ana lex="ขึ้น" pos="verb" trans="be lucky" translit=""/><ana lex="ขึ้น" pos="adverb" trans="increasingly" translit=""/><ana lex="ขึ้น" pos="adverb" trans="be tenable" translit=""/><ana lex="ขึ้น" pos="verb" trans="develop" translit=""/><ana lex="ขึ้น" pos="adjective" trans="ascendant" translit=""/><ana lex="ขึ้น" pos="adverb" trans="more" translit=""/><ana lex="ขึ้น" pos="verb" trans="depend on" translit=""/><ana lex="ขึ้น" pos="verb" trans="be in luck" translit=""/><ana lex="ขึ้น" pos="verb" trans="grow" translit=""/><ana lex="ขึ้น" pos="verb" trans="get on" translit=""/><ana lex="ขึ้น" pos="verb" trans="go up" translit=""/><ana lex="ขึ้น" pos="verb" trans="increase" translit=""/></w></se><se><w>ตั้ง<ana lex="ตั้ง" pos="verb,transitive" trans="plant" translit=""/><ana lex="ตั้ง" pos="verb" trans="establish" translit=""/><ana lex="ตั้ง" pos="adverb" trans="up to" translit=""/><ana lex="ตั้ง" pos="verb" trans="place" translit=""/><ana lex="ตั้ง" pos="verb" trans="fix" translit=""/><ana lex="ตั้ง" pos="classifier" trans="pile" translit=""/><ana lex="ตั้ง" pos="verb" trans="establish" translit=""/><ana lex="ตั้ง" pos="verb" trans="start" translit=""/><ana lex="ตั้ง" pos="verb" trans="stand erect" translit=""/></w><w>เยอะ<ana lex="เยอะ" pos="adverb" trans="much" translit=""/></w></se><se><w>อิอิ<ana lex="อิอิ" pos="interjection" trans="[sound of laughter; cuter than หุหุ]" translit="iL iL"/></w></se><se><w>แวะ<ana lex="แวะ" pos="PHRV" trans="stop by" translit=""/><ana lex="แวะ" pos="PHRV" trans="run round1" translit=""/><ana lex="แวะ" pos="verb" trans="stop" translit=""/></w><w>มา<ana lex="มา" pos="PHRV" trans="get in1" translit=""/><ana lex="มา" pos="adverb" trans="coming (toward the present; or toward the focal time)" translit=""/><ana lex="มา" pos="verb,intransitive" trans="come" translit=""/><ana lex="มา" pos="verb" trans="arrive" translit=""/></w><w>แซว<ana lex="แซว" pos="verb" trans="tease" translit=""/><ana lex="แซว" pos="verb,transitive,intransitive,colloquial" trans="[all used in a verbal aspect] to pull someone's leg; to kid or be kidding; to tease; to taunt; to make fun of; to mock; to hoax; to jest, (to say something) in jest; to joke" translit="saaeoM"/></w><w>ยาม<ana lex="ยาม" pos="noun" trans="picket" translit=""/><ana lex="ยาม" pos="noun" trans="watchman" translit=""/><ana lex="ยาม" pos="noun" trans="sentry" translit=""/><ana lex="ยาม" pos="noun" trans="time" translit=""/><ana lex="ยาม" pos="noun" trans="guard" translit=""/><ana lex="ยาม" pos="noun" trans="one of three periods into which the day was traditionally divided" translit=""/><ana lex="ยาม" pos="noun" trans="security guard" translit=""/></w><w>เช้า<ana lex="เช้า" pos="noun" trans="morning" translit=""/></w><w>ค่ะ<ana lex="ค่ะ" pos="END" trans="yes" translit=""/></w></se><se><w>(¯`°.¸♥♥¯`°<ana lex="" pos="" trans="" translit=""/></w></se><se><w>ศรรกรา</w><w>หน้า<ana lex="หน้า" pos="adjective" trans="next" translit=""/><ana lex="หน้า" pos="noun" trans="surface" translit=""/><ana lex="หน้า" pos="adjective" trans="front" translit=""/><ana lex="หน้า" pos="adjective" trans="top" translit=""/><ana lex="หน้า" pos="noun" trans="topping" translit=""/><ana lex="หน้า" pos="adjective" trans="front" translit=""/><ana lex="หน้า" pos="classifier" trans="page" translit=""/><ana lex="หน้า" pos="noun" trans="reputation" translit=""/><ana lex="หน้า" pos="SL" trans="kipper" translit=""/><ana lex="หน้า" pos="SL" trans="kip" translit=""/><ana lex="หน้า" pos="SL" trans="coupon" translit=""/><ana lex="หน้า" pos="SL" trans="mug" translit=""/><ana lex="หน้า" pos="noun" trans="face" translit=""/><ana lex="หน้า" pos="noun" trans="season" translit=""/><ana lex="หน้า" pos="SL" trans="mush" translit=""/><ana lex="หน้า" pos="noun" trans="face" translit=""/><ana lex="หน้า" pos="PRON" trans="anyone" translit=""/><ana lex="หน้า" pos="noun" trans="width" translit=""/><ana lex="หน้า" pos="preposition" trans="in front of" translit=""/></w><w>ทะเล้น<ana lex="ทะเล้น" pos="verb,intransitive,colloquial" trans="to bulge; to protrude; to jut out" translit="thaH lenH"/><ana lex="ทะเล้น" pos="adjective" trans="pert" translit=""/><ana lex="ทะเล้น" pos="adjective,colloquial" trans="[is] giggly; with a broad grin; a little naughty; pert; cheeky; saucy" translit="thaH lenH"/><ana lex="ทะเล้น" pos="verb" trans="be cheeky" translit=""/><ana lex="ทะเล้น" pos="verb" trans="bulge" translit=""/></w></se><se><w>°´¯♥♥¸.°´¯)<ana lex="" pos="" trans="" translit=""/></w></se></body>