<body><meta><link>http://www.thaipoem.com/poem/119911</link><title>ถึงเวลา</title><genre>poem</genre></meta><se><w>ถึง<ana lex="ถึง" pos="verb" trans="be skillful" translit=""/><ana lex="ถึง" pos="verb,transitive" trans="attain" translit=""/><ana lex="ถึง" pos="conjunction" trans="even though" translit=""/><ana lex="ถึง" pos="preposition" trans="to" translit=""/><ana lex="ถึง" pos="verb" trans="reach" translit=""/><ana lex="ถึง" pos="verb" trans="be ...enough" translit=""/><ana lex="ถึง" pos="preposition" trans="to" translit=""/><ana lex="ถึง" pos="conjunction" trans="then" translit=""/></w><w>เวลา<ana lex="เวลา" pos="PRF" trans="chrono-" translit=""/><ana lex="เวลา" pos="conjunction" trans="when" translit=""/><ana lex="เวลา" pos="noun" trans="chance" translit=""/><ana lex="เวลา" pos="noun" trans="time" translit=""/><ana lex="เวลา" pos="noun" trans="time" translit=""/><ana lex="เวลา" pos="noun" trans="duration" translit=""/></w><w>ให้<ana lex="ให้" pos="verb,transitive" trans="afford" translit=""/><ana lex="ให้" pos="verb" trans="give" translit=""/><ana lex="ให้" pos="verb,transitive" trans="give" translit=""/><ana lex="ให้" pos="verb,transitive" trans="dispense" translit=""/><ana lex="ให้" pos="verb,transitive" trans="bestow" translit=""/><ana lex="ให้" pos="verb" trans="give" translit=""/><ana lex="ให้" pos="verb,transitive" trans="accord" translit=""/><ana lex="ให้" pos="auxiliary verb" trans="to" translit=""/><ana lex="ให้" pos="verb" trans="permit" translit=""/></w><w>กล้า<ana lex="กล้า" pos="verb,intransitive" trans="brave" translit=""/><ana lex="กล้า" pos="adjective" trans="adventuresome" translit=""/><ana lex="กล้า" pos="PHRV" trans="screw one's courage to the sticking-place" translit=""/><ana lex="กล้า" pos="idiom" trans="take heart" translit=""/><ana lex="กล้า" pos="idiom" trans="make bold" translit=""/><ana lex="กล้า" pos="verb,intransitive" trans="dare" translit=""/><ana lex="กล้า" pos="noun" trans="seedling" translit=""/><ana lex="กล้า" pos="adjective" trans="brave" translit=""/><ana lex="กล้า" pos="adjective" trans="bold" translit=""/><ana lex="กล้า" pos="adjective" trans="hardened" translit=""/></w><w>คิด<ana lex="คิด" pos="verb,transitive" trans="reckon" translit=""/><ana lex="คิด" pos="verb,intransitive" trans="cerebrate" translit=""/><ana lex="คิด" pos="verb,transitive" trans="conceive" translit=""/><ana lex="คิด" pos="verb,transitive" trans="conceit" translit=""/><ana lex="คิด" pos="PHRV" trans="go over2" translit=""/><ana lex="คิด" pos="verb" trans="create" translit=""/><ana lex="คิด" pos="verb" trans="estimate" translit=""/><ana lex="คิด" pos="verb" trans="want" translit=""/><ana lex="คิด" pos="verb" trans="think" translit=""/><ana lex="คิด" pos="verb" trans="consider" translit=""/><ana lex="คิด" pos="verb" trans="calculate" translit=""/><ana lex="คิด" pos="verb,transitive" trans="think" translit=""/><ana lex="คิด" pos="verb,intransitive" trans="think" translit=""/></w><w>กล้า<ana lex="กล้า" pos="verb,intransitive" trans="brave" translit=""/><ana lex="กล้า" pos="adjective" trans="adventuresome" translit=""/><ana lex="กล้า" pos="PHRV" trans="screw one's courage to the sticking-place" translit=""/><ana lex="กล้า" pos="idiom" trans="take heart" translit=""/><ana lex="กล้า" pos="idiom" trans="make bold" translit=""/><ana lex="กล้า" pos="verb,intransitive" trans="dare" translit=""/><ana lex="กล้า" pos="noun" trans="seedling" translit=""/><ana lex="กล้า" pos="adjective" trans="brave" translit=""/><ana lex="กล้า" pos="adjective" trans="bold" translit=""/><ana lex="กล้า" pos="adjective" trans="hardened" translit=""/></w><w>ทำ<ana lex="ทำ" pos="verb" trans="make" translit=""/><ana lex="ทำ" pos="PHRV" trans="get in1" translit=""/><ana lex="ทำ" pos="PHRV" trans="get on with" translit=""/><ana lex="ทำ" pos="SUF" trans="-fy" translit=""/><ana lex="ทำ" pos="verb" trans="observe" translit=""/><ana lex="ทำ" pos="verb,transitive" trans="take" translit=""/><ana lex="ทำ" pos="verb" trans="act" translit=""/><ana lex="ทำ" pos="verb" trans="do" translit=""/><ana lex="ทำ" pos="verb" trans="work" translit=""/><ana lex="ทำ" pos="verb" trans="commit" translit=""/><ana lex="ทำ" pos="verb" trans="have plastic surgery" translit=""/><ana lex="ทำ" pos="PHRV" trans="be about2" translit=""/><ana lex="ทำ" pos="verb,transitive" trans="make" translit=""/></w><w>แล้ว<ana lex="แล้ว" pos="adverb" trans="already" translit=""/><ana lex="แล้ว" pos="adverb" trans="already" translit=""/><ana lex="แล้ว" pos="adverb" trans="by now" translit=""/><ana lex="แล้ว" pos="adverb" trans="already" translit=""/></w></se><se><w>นิ่ง<ana lex="นิ่ง" pos="verb" trans="calm" translit=""/><ana lex="นิ่ง" pos="adjective" trans="stagnant" translit=""/><ana lex="นิ่ง" pos="verb,intransitive" trans="still" translit=""/><ana lex="นิ่ง" pos="adjective" trans="still" translit=""/></w><w>และ<ana lex="และ" pos="conjunction" trans="and" translit=""/><ana lex="และ" pos="conjunction" trans="and" translit=""/></w><w>แน่ว<ana lex="แน่ว" pos="adverb" trans="straight" translit=""/><ana lex="แน่ว" pos="adjective" trans="straight; unswerving; vertical; direct" translit="naaeoF"/></w><w>ไม่<ana lex="ไม่" pos="adverb" trans="not" translit=""/><ana lex="ไม่" pos="PRF" trans="an-" translit=""/><ana lex="ไม่" pos="PRF" trans="un-" translit=""/><ana lex="ไม่" pos="PRF" trans="un-" translit=""/><ana lex="ไม่" pos="adjective" trans="nary" translit=""/><ana lex="ไม่" pos="NEG" trans="not" translit=""/><ana lex="ไม่" pos="PRF" trans="in-" translit=""/><ana lex="ไม่" pos="adverb" trans="no" translit=""/><ana lex="ไม่" pos="PRF" trans="non-" translit=""/><ana lex="ไม่" pos="PRF" trans="non-" translit=""/><ana lex="ไม่" pos="PRF" trans="in-" translit=""/><ana lex="ไม่" pos="SL" trans="no soup" translit=""/><ana lex="ไม่" pos="SL" trans="no sale" translit=""/><ana lex="ไม่" pos="SL" trans="nope" translit=""/><ana lex="ไม่" pos="SL" trans="No way!" translit=""/><ana lex="ไม่" pos="NEG" trans="not" translit=""/><ana lex="ไม่" pos="SL" trans="Nuts!" translit=""/></w><w>แสดง<ana lex="แสดง" pos="PHRV" trans="play on" translit=""/><ana lex="แสดง" pos="verb,transitive" trans="display" translit=""/><ana lex="แสดง" pos="verb,transitive" trans="signalize" translit=""/><ana lex="แสดง" pos="verb,transitive" trans="show" translit=""/><ana lex="แสดง" pos="verb,transitive" trans="indicate" translit=""/><ana lex="แสดง" pos="PHRV" trans="show for" translit=""/><ana lex="แสดง" pos="verb,intransitive" trans="register" translit=""/><ana lex="แสดง" pos="verb,transitive" trans="portray" translit=""/><ana lex="แสดง" pos="verb" trans="play" translit=""/><ana lex="แสดง" pos="verb,transitive" trans="act" translit=""/><ana lex="แสดง" pos="PHRV" trans="play upon" translit=""/><ana lex="แสดง" pos="verb" trans="indicate" translit=""/><ana lex="แสดง" pos="verb,transitive" trans="give" translit=""/><ana lex="แสดง" pos="verb" trans="show" translit=""/><ana lex="แสดง" pos="PHRV" trans="perform on" translit=""/><ana lex="แสดง" pos="verb,intransitive" trans="act" translit=""/></w><w>ความคิด<ana lex="ความคิด" pos="noun" trans="concept" translit=""/><ana lex="ความคิด" pos="PRF" trans="ideo-" translit=""/><ana lex="ความคิด" pos="noun" trans="thought" translit=""/><ana lex="ความคิด" pos="noun" trans="conception" translit=""/><ana lex="ความคิด" pos="noun" trans="soul" translit=""/><ana lex="ความคิด" pos="noun" trans="notion" translit=""/><ana lex="ความคิด" pos="noun" trans="though" translit=""/><ana lex="ความคิด" pos="noun" trans="idea" translit=""/><ana lex="ความคิด" pos="noun" trans="feeling" translit=""/><ana lex="ความคิด" pos="noun" trans="conceit" translit=""/></w><w>เห็น<ana lex="เห็น" pos="PHRV" trans="clap on2" translit=""/><ana lex="เห็น" pos="SL" trans="clock" translit=""/><ana lex="เห็น" pos="verb,transitive" trans="behold" translit=""/><ana lex="เห็น" pos="verb,intransitive" trans="see" translit=""/><ana lex="เห็น" pos="verb,transitive" trans="see" translit=""/><ana lex="เห็น" pos="verb,transitive" trans="sight" translit=""/><ana lex="เห็น" pos="verb,transitive" trans="twig" translit=""/><ana lex="เห็น" pos="verb,transitive" trans="vide" translit=""/></w></se><se><w>ปล่อย<ana lex="ปล่อย" pos="verb,transitive" trans="relinquish" translit=""/><ana lex="ปล่อย" pos="idiom" trans="let go of" translit=""/><ana lex="ปล่อย" pos="PHRV" trans="leave go of" translit=""/><ana lex="ปล่อย" pos="verb,transitive" trans="deliver" translit=""/><ana lex="ปล่อย" pos="verb" trans="allow" translit=""/><ana lex="ปล่อย" pos="PHRV" trans="let out" translit=""/><ana lex="ปล่อย" pos="verb,transitive" trans="unleash" translit=""/><ana lex="ปล่อย" pos="verb" trans="to release" translit=""/><ana lex="ปล่อย" pos="verb,intransitive" trans="loose" translit=""/><ana lex="ปล่อย" pos="verb,transitive" trans="turn" translit=""/></w><w>พวก<ana lex="พวก" pos="classifier" trans="group" translit=""/><ana lex="พวก" pos="noun" trans="group" translit=""/></w><w>เขา<ana lex="เขา" pos="noun" trans="dove" translit=""/><ana lex="เขา" pos="" trans="[alternate pronunciation of เขา ]" translit="khaoH"/><ana lex="เขา" pos="noun" trans="dove (a kind of bird)" translit=""/><ana lex="เขา" pos="noun" trans="horn" translit=""/><ana lex="เขา" pos="noun" trans="horn" translit=""/><ana lex="เขา" pos="PRON" trans="he" translit=""/><ana lex="เขา" pos="noun" trans="mountain" translit=""/></w><w>เร่าร้อน<ana lex="เร่าร้อน" pos="verb" trans="be anxious" translit=""/><ana lex="เร่าร้อน" pos="adjective" trans="vehement" translit=""/><ana lex="เร่าร้อน" pos="adjective,phrase,formal" trans="intense" translit="raoF raawnH"/><ana lex="เร่าร้อน" pos="adjective" trans="fiery" translit=""/></w><w>ทำ<ana lex="ทำ" pos="verb" trans="make" translit=""/><ana lex="ทำ" pos="PHRV" trans="get in1" translit=""/><ana lex="ทำ" pos="PHRV" trans="get on with" translit=""/><ana lex="ทำ" pos="SUF" trans="-fy" translit=""/><ana lex="ทำ" pos="verb" trans="observe" translit=""/><ana lex="ทำ" pos="verb,transitive" trans="take" translit=""/><ana lex="ทำ" pos="verb" trans="act" translit=""/><ana lex="ทำ" pos="verb" trans="do" translit=""/><ana lex="ทำ" pos="verb" trans="work" translit=""/><ana lex="ทำ" pos="verb" trans="commit" translit=""/><ana lex="ทำ" pos="verb" trans="have plastic surgery" translit=""/><ana lex="ทำ" pos="PHRV" trans="be about2" translit=""/><ana lex="ทำ" pos="verb,transitive" trans="make" translit=""/></w><w>เป็น<ana lex="เป็น" pos="auxiliary verb" trans="are" translit=""/><ana lex="เป็น" pos="verb,intransitive" trans="been" translit=""/><ana lex="เป็น" pos="verb,intransitive" trans="come" translit=""/><ana lex="เป็น" pos="verb" trans="be able to" translit=""/><ana lex="เป็น" pos="verb" trans="be" translit=""/><ana lex="เป็น" pos="adjective" trans="alive" translit=""/></w><w>เล่น</w></se><se><w>เหมือน<ana lex="เหมือน" pos="PRF" trans="homo-" translit=""/><ana lex="เหมือน" pos="verb,transitive" trans="mirror" translit=""/><ana lex="เหมือน" pos="PHRV" trans="take after" translit=""/><ana lex="เหมือน" pos="conjunction" trans="like" translit=""/><ana lex="เหมือน" pos="SUF" trans="-like" translit=""/><ana lex="เหมือน" pos="SUF" trans="-ly" translit=""/></w><w>ไฟ<ana lex="ไฟ" pos="noun" trans="fire" translit=""/><ana lex="ไฟ" pos="noun" trans="fire" translit=""/><ana lex="ไฟ" pos="PRF" trans="pyro-" translit=""/></w><w>เย็น<ana lex="เย็น" pos="verb" trans="be cold" translit=""/><ana lex="เย็น" pos="adjective" trans="cool" translit=""/><ana lex="เย็น" pos="adjective" trans="cold" translit=""/><ana lex="เย็น" pos="noun" trans="evening" translit=""/><ana lex="เย็น" pos="verb" trans="cool" translit=""/></w><w>ลุกลาม<ana lex="ลุกลาม" pos="verb" trans="spread" translit=""/></w><w>บ่อนทำลาย<ana lex="บ่อนทำลาย" pos="verb" trans="to undermine; subvert; erode" translit="baawnL thamM laaiM"/><ana lex="บ่อนทำลาย" pos="verb" trans="undermine" translit=""/></w></se><se><w>ยัง<ana lex="ยัง" pos="preposition" trans="to" translit=""/><ana lex="ยัง" pos="adverb" trans="also" translit=""/><ana lex="ยัง" pos="adverb" trans="yet" translit=""/><ana lex="ยัง" pos="adverb" trans="still" translit=""/></w><w>หยาม<ana lex="หยาม" pos="verb" trans="despise" translit=""/><ana lex="หยาม" pos="verb" trans="to insult; to deride; to slight; to despise; to look down on; to revile; to speak disparagingly (of)" translit="yaamR"/></w><w>เกียรติ<ana lex="เกียรติ" pos="noun" trans="fame" translit=""/><ana lex="เกียรติ" pos="" trans="[alternate pronunciation of เกียรติ ]" translit="giiatL dtiL"/><ana lex="เกียรติ" pos="noun" trans="honor" translit=""/></w><w>หมิ่น<ana lex="หมิ่น" pos="verb,transitive,intransitive,formal" trans="to insult; to despise; to disparage; to defame" translit="minL"/><ana lex="หมิ่น" pos="adverb" trans="on the brink of" translit=""/><ana lex="หมิ่น" pos="adjective,intransitive,colloquial" trans="[is] precarious; very close to; liable" translit="minL"/><ana lex="หมิ่น" pos="verb" trans="insult" translit=""/></w><w>ศักดิ์ศรี<ana lex="ศักดิ์ศรี" pos="noun" trans="honour; honor; glory; fame; renown" translit="sakL seeR"/><ana lex="ศักดิ์ศรี" pos="noun" trans="prestige" translit=""/><ana lex="ศักดิ์ศรี" pos="noun" trans="prestige" translit="sakL seeR"/><ana lex="ศักดิ์ศรี" pos="noun" trans="honour" translit=""/></w><w>คน<ana lex="คน" pos="noun" trans="bloke" translit=""/><ana lex="คน" pos="verb,transitive" trans="mill" translit=""/><ana lex="คน" pos="PRF" trans="anthropo-" translit=""/><ana lex="คน" pos="noun" trans="human" translit=""/><ana lex="คน" pos="noun" trans="people" translit=""/><ana lex="คน" pos="noun" trans="being" translit=""/><ana lex="คน" pos="PHRV" trans="stir about" translit=""/><ana lex="คน" pos="PHRV" trans="stir around" translit=""/><ana lex="คน" pos="SL" trans="bod" translit=""/><ana lex="คน" pos="classifier" trans="person" translit=""/><ana lex="คน" pos="verb" trans="stir" translit=""/></w><w>ดี<ana lex="ดี" pos="adjective" trans="fine" translit=""/><ana lex="ดี" pos="adjective" trans="braw" translit=""/><ana lex="ดี" pos="SL" trans="hunky-dory" translit=""/><ana lex="ดี" pos="adjective" trans="useful" translit=""/><ana lex="ดี" pos="noun" trans="gallbladder" translit=""/><ana lex="ดี" pos="adjective" trans="nice" translit=""/><ana lex="ดี" pos="adjective" trans="fine" translit=""/><ana lex="ดี" pos="adjective" trans="tidy" translit=""/><ana lex="ดี" pos="SL" trans="kushty" translit=""/><ana lex="ดี" pos="SL" trans="tickety-boo" translit=""/><ana lex="ดี" pos="adjective" trans="well" translit=""/><ana lex="ดี" pos="PRF" trans="eu-" translit=""/><ana lex="ดี" pos="idiom" trans="Well and good" translit=""/><ana lex="ดี" pos="adjective" trans="good" translit=""/><ana lex="ดี" pos="adverb" trans="well" translit=""/><ana lex="ดี" pos="adjective" trans="high" translit=""/><ana lex="ดี" pos="adjective" trans="nice" translit=""/><ana lex="ดี" pos="adjective" trans="nice" translit=""/><ana lex="ดี" pos="adjective" trans="well" translit=""/></w><w>ทั่ว<ana lex="ทั่ว" pos="adverb" trans="thoroughly" translit=""/><ana lex="ทั่ว" pos="preposition" trans="over" translit=""/></w></se><se><w>เป็น<ana lex="เป็น" pos="auxiliary verb" trans="are" translit=""/><ana lex="เป็น" pos="verb,intransitive" trans="been" translit=""/><ana lex="เป็น" pos="verb,intransitive" trans="come" translit=""/><ana lex="เป็น" pos="verb" trans="be able to" translit=""/><ana lex="เป็น" pos="verb" trans="be" translit=""/><ana lex="เป็น" pos="adjective" trans="alive" translit=""/></w><w>พวก<ana lex="พวก" pos="classifier" trans="group" translit=""/><ana lex="พวก" pos="noun" trans="group" translit=""/></w><w>ตัว<ana lex="ตัว" pos="classifier" trans="numerative noun for animals and things" translit=""/><ana lex="ตัว" pos="classifier" trans="numerative noun for animals and things" translit=""/><ana lex="ตัว" pos="PRON" trans="you" translit=""/><ana lex="ตัว" pos="noun" trans="body" translit=""/><ana lex="ตัว" pos="PRON" trans="you" translit=""/></w><w>ชั่ว<ana lex="ชั่ว" pos="adverb" trans="badly" translit=""/><ana lex="ชั่ว" pos="preposition" trans="throughout" translit=""/><ana lex="ชั่ว" pos="adjective" trans="bad" translit=""/></w><w>นัก<ana lex="นัก" pos="adverb" trans="extremely" translit=""/></w><w>เหมือน<ana lex="เหมือน" pos="PRF" trans="homo-" translit=""/><ana lex="เหมือน" pos="verb,transitive" trans="mirror" translit=""/><ana lex="เหมือน" pos="PHRV" trans="take after" translit=""/><ana lex="เหมือน" pos="conjunction" trans="like" translit=""/><ana lex="เหมือน" pos="SUF" trans="-like" translit=""/><ana lex="เหมือน" pos="SUF" trans="-ly" translit=""/></w><w>หักหาญ<ana lex="หักหาญ" pos="verb" trans="to force; compel; oblige; impose" translit="hakL haanR"/><ana lex="หักหาญ" pos="verb" trans="to force; compel; oblige; impose" translit="hakL haanR"/><ana lex="หักหาญ" pos="verb" trans="force" translit=""/><ana lex="หักหาญ" pos="verb" trans="force" translit=""/></w></se><se><w>ประเทศ<ana lex="ประเทศ" pos="noun" trans="country" translit=""/><ana lex="ประเทศ" pos="noun" trans="nation" translit=""/><ana lex="ประเทศ" pos="noun" trans="country" translit=""/></w><w>ไทย<ana lex="ไทย" pos="noun" trans="Thailand" translit=""/><ana lex="ไทย" pos="noun" trans="Thailand" translit=""/><ana lex="ไทย" pos="noun" trans="freedom" translit=""/></w><w>ทั้งหมด<ana lex="ทั้งหมด" pos="SL" trans="full monty" translit=""/><ana lex="ทั้งหมด" pos="adjective" trans="utter" translit=""/><ana lex="ทั้งหมด" pos="adjective" trans="every" translit=""/><ana lex="ทั้งหมด" pos="idiom" trans="through and through" translit=""/><ana lex="ทั้งหมด" pos="adverb" trans="altogether" translit=""/><ana lex="ทั้งหมด" pos="adverb" trans="en bloc" translit=""/><ana lex="ทั้งหมด" pos="adjective" trans="entire" translit=""/><ana lex="ทั้งหมด" pos="adverb" trans="wholly" translit=""/><ana lex="ทั้งหมด" pos="idiom" trans="root and branch" translit=""/><ana lex="ทั้งหมด" pos="adjective" trans="overall" translit=""/><ana lex="ทั้งหมด" pos="adjective" trans="whole" translit=""/><ana lex="ทั้งหมด" pos="PRF" trans="omni-" translit=""/><ana lex="ทั้งหมด" pos="adverb" trans="overall" translit=""/><ana lex="ทั้งหมด" pos="SL" trans="all the way" translit=""/><ana lex="ทั้งหมด" pos="adjective" trans="all" translit=""/><ana lex="ทั้งหมด" pos="SL" trans="full sesh" translit=""/><ana lex="ทั้งหมด" pos="idiom" trans="at all" translit=""/><ana lex="ทั้งหมด" pos="adjective" trans="gross" translit=""/><ana lex="ทั้งหมด" pos="adjective" trans="complete" translit=""/><ana lex="ทั้งหมด" pos="adverb" trans="quite" translit=""/><ana lex="ทั้งหมด" pos="adverb" trans="tutti" translit=""/><ana lex="ทั้งหมด" pos="PRF" trans="panto-" translit=""/><ana lex="ทั้งหมด" pos="PRF" trans="pan-" translit=""/><ana lex="ทั้งหมด" pos="idiom" trans="whole (bang) shoot" translit=""/><ana lex="ทั้งหมด" pos="adjective" trans="all-out" translit=""/><ana lex="ทั้งหมด" pos="adjective" trans="total" translit=""/><ana lex="ทั้งหมด" pos="PRON" trans="absolutely" translit=""/></w><w>กี่<ana lex="กี่" pos="QUES" trans="how much" translit=""/><ana lex="กี่" pos="noun" trans="loom" translit=""/></w><w>หมื่น<ana lex="หมื่น" pos="noun" trans="ten thousand" translit=""/></w><w>พัน<ana lex="พัน" pos="verb" trans="involve" translit=""/><ana lex="พัน" pos="verb,transitive" trans="swaddle" translit=""/><ana lex="พัน" pos="verb,intransitive" trans="wind" translit=""/><ana lex="พัน" pos="PRF" trans="kilo-" translit=""/><ana lex="พัน" pos="verb" trans="bind" translit=""/><ana lex="พัน" pos="verb,transitive" trans="wind" translit=""/><ana lex="พัน" pos="PRF" trans="milli-" translit=""/><ana lex="พัน" pos="verb,transitive" trans="intwine" translit=""/><ana lex="พัน" pos="noun" trans="thousand" translit=""/><ana lex="พัน" pos="verb,intransitive" trans="intwine" translit=""/></w></se><se><w>มา<ana lex="มา" pos="PHRV" trans="get in1" translit=""/><ana lex="มา" pos="adverb" trans="coming (toward the present; or toward the focal time)" translit=""/><ana lex="มา" pos="verb,intransitive" trans="come" translit=""/><ana lex="มา" pos="verb" trans="arrive" translit=""/></w><w>อ้าง<ana lex="อ้าง" pos="verb,transitive" trans="cite" translit=""/><ana lex="อ้าง" pos="verb,transitive" trans="claim" translit=""/></w><w>กัน<ana lex="กัน" pos="verb" trans="keep out" translit=""/><ana lex="กัน" pos="PRON" trans="one another" translit=""/><ana lex="กัน" pos="PHRV" trans="screen off" translit=""/><ana lex="กัน" pos="adverb" trans="together" translit=""/><ana lex="กัน" pos="verb" trans="shave" translit=""/><ana lex="กัน" pos="verb" trans="separate" translit=""/></w><w>ทำ<ana lex="ทำ" pos="verb" trans="make" translit=""/><ana lex="ทำ" pos="PHRV" trans="get in1" translit=""/><ana lex="ทำ" pos="PHRV" trans="get on with" translit=""/><ana lex="ทำ" pos="SUF" trans="-fy" translit=""/><ana lex="ทำ" pos="verb" trans="observe" translit=""/><ana lex="ทำ" pos="verb,transitive" trans="take" translit=""/><ana lex="ทำ" pos="verb" trans="act" translit=""/><ana lex="ทำ" pos="verb" trans="do" translit=""/><ana lex="ทำ" pos="verb" trans="work" translit=""/><ana lex="ทำ" pos="verb" trans="commit" translit=""/><ana lex="ทำ" pos="verb" trans="have plastic surgery" translit=""/><ana lex="ทำ" pos="PHRV" trans="be about2" translit=""/><ana lex="ทำ" pos="verb,transitive" trans="make" translit=""/></w><w>เพื่อ<ana lex="เพื่อ" pos="preposition" trans="for" translit=""/><ana lex="เพื่อ" pos="conjunction" trans="for" translit=""/><ana lex="เพื่อ" pos="preposition" trans="in order to" translit=""/></w><w>ชาติ<ana lex="ชาติ" pos="noun" trans="life" translit=""/><ana lex="ชาติ" pos="noun" trans="nation" translit=""/><ana lex="ชาติ" pos="noun" trans="family" translit=""/><ana lex="ชาติ" pos="noun" trans="country" translit=""/></w><w>เพื่อ<ana lex="เพื่อ" pos="preposition" trans="for" translit=""/><ana lex="เพื่อ" pos="conjunction" trans="for" translit=""/><ana lex="เพื่อ" pos="preposition" trans="in order to" translit=""/></w><w>แผ่นดิน<ana lex="แผ่นดิน" pos="noun" trans="reign" translit=""/><ana lex="แผ่นดิน" pos="noun" trans="land" translit=""/><ana lex="แผ่นดิน" pos="noun" trans="land" translit=""/><ana lex="แผ่นดิน" pos="noun" trans="terra" translit=""/></w></se><se><w>อย่า<ana lex="อย่า" pos="auxiliary verb" trans="do not" translit=""/></w><w>ดึง<ana lex="ดึง" pos="PHRV" trans="draw in" translit=""/><ana lex="ดึง" pos="verb,transitive" trans="pull" translit=""/><ana lex="ดึง" pos="verb,intransitive" trans="pull" translit=""/><ana lex="ดึง" pos="verb" trans="retrieve" translit=""/><ana lex="ดึง" pos="PHRV" trans="pull by" translit=""/><ana lex="ดึง" pos="verb,transitive" trans="tug" translit=""/><ana lex="ดึง" pos="verb" trans="pull" translit=""/><ana lex="ดึง" pos="PHRV" trans="pluck at" translit=""/></w><w>ฟ้า<ana lex="ฟ้า" pos="noun" trans="blue" translit=""/><ana lex="ฟ้า" pos="noun" trans="heaven" translit=""/><ana lex="ฟ้า" pos="noun" trans="sky" translit=""/></w><w>กล้า<ana lex="กล้า" pos="verb,intransitive" trans="brave" translit=""/><ana lex="กล้า" pos="adjective" trans="adventuresome" translit=""/><ana lex="กล้า" pos="PHRV" trans="screw one's courage to the sticking-place" translit=""/><ana lex="กล้า" pos="idiom" trans="take heart" translit=""/><ana lex="กล้า" pos="idiom" trans="make bold" translit=""/><ana lex="กล้า" pos="verb,intransitive" trans="dare" translit=""/><ana lex="กล้า" pos="noun" trans="seedling" translit=""/><ana lex="กล้า" pos="adjective" trans="brave" translit=""/><ana lex="กล้า" pos="adjective" trans="bold" translit=""/><ana lex="กล้า" pos="adjective" trans="hardened" translit=""/></w><w>ลบ<ana lex="ลบ" pos="preposition" trans="minus" translit=""/><ana lex="ลบ" pos="verb" trans="subtract" translit=""/><ana lex="ลบ" pos="verb" trans="obliterate" translit=""/><ana lex="ลบ" pos="noun" trans="minus" translit=""/><ana lex="ลบ" pos="verb,transitive" trans="erase" translit=""/><ana lex="ลบ" pos="adjective" trans="negative" translit=""/></w><w>ดิน<ana lex="ดิน" pos="noun" trans="clay" translit=""/><ana lex="ดิน" pos="noun" trans="soil" translit=""/><ana lex="ดิน" pos="noun" trans="clod" translit=""/><ana lex="ดิน" pos="noun" trans="dirt" translit=""/><ana lex="ดิน" pos="noun" trans="earth" translit=""/><ana lex="ดิน" pos="noun" trans="blind snake" translit=""/><ana lex="ดิน" pos="noun" trans="soil" translit=""/></w><w>ถิ่น<ana lex="ถิ่น" pos="noun" trans="area" translit=""/></w><w>ไทย<ana lex="ไทย" pos="noun" trans="Thailand" translit=""/><ana lex="ไทย" pos="noun" trans="Thailand" translit=""/><ana lex="ไทย" pos="noun" trans="freedom" translit=""/></w><w>นี้</w></se><se><w>นึก<ana lex="นึก" pos="verb" trans="consider" translit=""/></w><w>หรือ<ana lex="หรือ" pos="conjunction" trans="or" translit=""/><ana lex="หรือ" pos="conjunction" trans="or" translit=""/><ana lex="หรือ" pos="END" trans="isn't it" translit=""/></w><w>ที่<ana lex="ที่" pos="PRON" trans="that" translit=""/><ana lex="ที่" pos="preposition" trans="at" translit=""/><ana lex="ที่" pos="noun" trans="word for utensil" translit=""/><ana lex="ที่" pos="preposition" trans="at" translit=""/><ana lex="ที่" pos="noun" trans="place" translit=""/><ana lex="ที่" pos="classifier" trans="qualifiers for places" translit=""/><ana lex="ที่" pos="noun" trans="ordinal number" translit=""/><ana lex="ที่" pos="preposition" trans="to" translit=""/><ana lex="ที่" pos="noun" trans="land" translit=""/></w><w>จะ<ana lex="จะ" pos="auxiliary verb" trans="will" translit=""/><ana lex="จะ" pos="auxiliary verb" trans="will" translit=""/><ana lex="จะ" pos="" trans="[alternate spelling of จ้ะ]" translit="jaL"/></w><w>ไม่<ana lex="ไม่" pos="adverb" trans="not" translit=""/><ana lex="ไม่" pos="PRF" trans="an-" translit=""/><ana lex="ไม่" pos="PRF" trans="un-" translit=""/><ana lex="ไม่" pos="PRF" trans="un-" translit=""/><ana lex="ไม่" pos="adjective" trans="nary" translit=""/><ana lex="ไม่" pos="NEG" trans="not" translit=""/><ana lex="ไม่" pos="PRF" trans="in-" translit=""/><ana lex="ไม่" pos="adverb" trans="no" translit=""/><ana lex="ไม่" pos="PRF" trans="non-" translit=""/><ana lex="ไม่" pos="PRF" trans="non-" translit=""/><ana lex="ไม่" pos="PRF" trans="in-" translit=""/><ana lex="ไม่" pos="SL" trans="no soup" translit=""/><ana lex="ไม่" pos="SL" trans="no sale" translit=""/><ana lex="ไม่" pos="SL" trans="nope" translit=""/><ana lex="ไม่" pos="SL" trans="No way!" translit=""/><ana lex="ไม่" pos="NEG" trans="not" translit=""/><ana lex="ไม่" pos="SL" trans="Nuts!" translit=""/></w><w>มี<ana lex="มี" pos="verb" trans="consist of" translit=""/><ana lex="มี" pos="verb" trans="there is/are" translit=""/><ana lex="มี" pos="verb" trans="have" translit=""/><ana lex="มี" pos="verb,transitive" trans="contain" translit=""/><ana lex="มี" pos="verb,transitive" trans="has" translit=""/><ana lex="มี" pos="verb,transitive" trans="have" translit=""/><ana lex="มี" pos="adjective" trans="rich" translit=""/></w><w>ผู้</w><w>รักษา<ana lex="รักษา" pos="verb,transitive" trans="treat" translit=""/><ana lex="รักษา" pos="verb,transitive" trans="maintain" translit=""/><ana lex="รักษา" pos="verb,intransitive" trans="doctor" translit=""/><ana lex="รักษา" pos="verb,transitive" trans="doctor" translit=""/><ana lex="รักษา" pos="verb,transitive" trans="heal" translit=""/><ana lex="รักษา" pos="PHRV" trans="heal of" translit=""/><ana lex="รักษา" pos="verb,transitive" trans="cure" translit=""/><ana lex="รักษา" pos="PHRV" trans="save from" translit=""/><ana lex="รักษา" pos="PHRV" trans="cure of" translit=""/><ana lex="รักษา" pos="verb,intransitive" trans="cure" translit=""/><ana lex="รักษา" pos="verb" trans="beware of" translit=""/><ana lex="รักษา" pos="verb" trans="preserve" translit=""/><ana lex="รักษา" pos="verb,transitive" trans="remedy" translit=""/><ana lex="รักษา" pos="verb" trans="cure" translit=""/></w></se><se><w>ทำ<ana lex="ทำ" pos="verb" trans="make" translit=""/><ana lex="ทำ" pos="PHRV" trans="get in1" translit=""/><ana lex="ทำ" pos="PHRV" trans="get on with" translit=""/><ana lex="ทำ" pos="SUF" trans="-fy" translit=""/><ana lex="ทำ" pos="verb" trans="observe" translit=""/><ana lex="ทำ" pos="verb,transitive" trans="take" translit=""/><ana lex="ทำ" pos="verb" trans="act" translit=""/><ana lex="ทำ" pos="verb" trans="do" translit=""/><ana lex="ทำ" pos="verb" trans="work" translit=""/><ana lex="ทำ" pos="verb" trans="commit" translit=""/><ana lex="ทำ" pos="verb" trans="have plastic surgery" translit=""/><ana lex="ทำ" pos="PHRV" trans="be about2" translit=""/><ana lex="ทำ" pos="verb,transitive" trans="make" translit=""/></w><w>อะไร<ana lex="อะไร" pos="DET" trans="any" translit=""/><ana lex="อะไร" pos="adjective" trans="what" translit=""/><ana lex="อะไร" pos="pronoun" trans="what" translit=""/><ana lex="อะไร" pos="QUES" trans="what" translit=""/><ana lex="อะไร" pos="adverb" trans="whatever" translit=""/><ana lex="อะไร" pos="PRON" trans="whatever" translit=""/></w><w>ตามใจ<ana lex="ตามใจ" pos="verb" trans="indulge" translit=""/><ana lex="ตามใจ" pos="verb,transitive" trans="baby" translit=""/><ana lex="ตามใจ" pos="verb,transitive" trans="pamper" translit=""/><ana lex="ตามใจ" pos="verb" trans="to be permissive; allow someone to do what they want to do" translit="dtaamM jaiM"/><ana lex="ตามใจ" pos="PHRV" trans="pander to" translit=""/><ana lex="ตามใจ" pos="idiom" trans="at will" translit=""/></w><w>เวลา<ana lex="เวลา" pos="PRF" trans="chrono-" translit=""/><ana lex="เวลา" pos="conjunction" trans="when" translit=""/><ana lex="เวลา" pos="noun" trans="chance" translit=""/><ana lex="เวลา" pos="noun" trans="time" translit=""/><ana lex="เวลา" pos="noun" trans="time" translit=""/><ana lex="เวลา" pos="noun" trans="duration" translit=""/></w><w>บ้า<ana lex="บ้า" pos="adjective" trans="maddening" translit=""/><ana lex="บ้า" pos="SL" trans="gonzo" translit=""/><ana lex="บ้า" pos="idiom" trans="lose one's marbles" translit=""/><ana lex="บ้า" pos="idiom" trans="lose one's mind" translit=""/><ana lex="บ้า" pos="idiom" trans="(as) mad as a hatter" translit=""/><ana lex="บ้า" pos="idiom" trans="(as) mad as a March hare" translit=""/><ana lex="บ้า" pos="adjective" trans="loco" translit=""/><ana lex="บ้า" pos="SL" trans="off your rocker" translit=""/><ana lex="บ้า" pos="SL" trans="off your trolley" translit=""/><ana lex="บ้า" pos="SL" trans="out of your tree1" translit=""/><ana lex="บ้า" pos="idiom" trans="off one's rocker" translit=""/><ana lex="บ้า" pos="SL" trans="loony" translit=""/><ana lex="บ้า" pos="verb,intransitive" trans="madden" translit=""/><ana lex="บ้า" pos="idiom" trans="off one's nut" translit=""/><ana lex="บ้า" pos="SL" trans="wacko" translit=""/><ana lex="บ้า" pos="SL" trans="wacky" translit=""/><ana lex="บ้า" pos="verb" trans="be wild about" translit=""/><ana lex="บ้า" pos="adjective" trans="madding" translit=""/><ana lex="บ้า" pos="idiom" trans="out of one's head" translit=""/><ana lex="บ้า" pos="idiom" trans="touched (in the head)" translit=""/><ana lex="บ้า" pos="idiom" trans="out of one's mind" translit=""/><ana lex="บ้า" pos="adjective" trans="cracked" translit=""/><ana lex="บ้า" pos="adjective" trans="crackers" translit=""/><ana lex="บ้า" pos="SL" trans="radge" translit=""/><ana lex="บ้า" pos="verb" trans="be mad" translit=""/><ana lex="บ้า" pos="PHRV" trans="go off2" translit=""/><ana lex="บ้า" pos="adjective" trans="crazy" translit=""/><ana lex="บ้า" pos="idiom" trans="off one's trolley" translit=""/><ana lex="บ้า" pos="idiom" trans="be out of one's mind" translit=""/><ana lex="บ้า" pos="SL" trans="crackers" translit=""/><ana lex="บ้า" pos="SL" trans="bonzo" translit=""/><ana lex="บ้า" pos="SL" trans="kooky" translit=""/><ana lex="บ้า" pos="idiom" trans="(as) nutty as a fruit-cake" translit=""/><ana lex="บ้า" pos="SL" trans="meshuga" translit=""/><ana lex="บ้า" pos="SL" trans="loonie" translit=""/><ana lex="บ้า" pos="SL" trans="gaga" translit=""/><ana lex="บ้า" pos="SL" trans="not all there" translit=""/><ana lex="บ้า" pos="SL" trans="barmy" translit=""/><ana lex="บ้า" pos="SL" trans="squirrely" translit=""/><ana lex="บ้า" pos="adjective" trans="maddeningly" translit=""/><ana lex="บ้า" pos="adjective" trans="mad" translit=""/><ana lex="บ้า" pos="adjective" trans="lunatic" translit=""/><ana lex="บ้า" pos="SL" trans="meshugah" translit=""/><ana lex="บ้า" pos="SL" trans="loco" translit=""/><ana lex="บ้า" pos="noun" trans="psycho" translit=""/><ana lex="บ้า" pos="verb" trans="be crazy about" translit=""/><ana lex="บ้า" pos="SL" trans="cockeyed" translit=""/></w></se><se><w>ความ<ana lex="ความ" pos="noun" trans="case" translit=""/><ana lex="ความ" pos="noun" trans="content" translit=""/></w><w>ชั่วช้า<ana lex="ชั่วช้า" pos="adjective" trans="wicked" translit=""/><ana lex="ชั่วช้า" pos="adjective" trans="ignoble" translit=""/><ana lex="ชั่วช้า" pos="adjective" trans="[is] wicked; atrocious; nefarious; vicious; vile" translit="chuaaF chaaH"/><ana lex="ชั่วช้า" pos="verb" trans="be wicked" translit=""/></w><w>ตก<ana lex="ตก" pos="verb" trans="come to" translit=""/><ana lex="ตก" pos="verb,intransitive" trans="drop" translit=""/><ana lex="ตก" pos="verb" trans="fall" translit=""/><ana lex="ตก" pos="verb" trans="fall into" translit=""/><ana lex="ตก" pos="verb" trans="come" translit=""/><ana lex="ตก" pos="verb" trans="fall (on)" translit=""/><ana lex="ตก" pos="verb" trans="fade (colours)" translit=""/><ana lex="ตก" pos="verb" trans="fish (with a hook and line)" translit=""/><ana lex="ตก" pos="verb" trans="fail (an examination)" translit=""/><ana lex="ตก" pos="verb" trans="fall" translit=""/><ana lex="ตก" pos="verb" trans="make a success of" translit=""/><ana lex="ตก" pos="verb" trans="be crestfallen" translit=""/><ana lex="ตก" pos="verb" trans="miss" translit=""/><ana lex="ตก" pos="verb" trans="miss" translit=""/></w><w>มา<ana lex="มา" pos="PHRV" trans="get in1" translit=""/><ana lex="มา" pos="adverb" trans="coming (toward the present; or toward the focal time)" translit=""/><ana lex="มา" pos="verb,intransitive" trans="come" translit=""/><ana lex="มา" pos="verb" trans="arrive" translit=""/></w><w>ถึง<ana lex="ถึง" pos="verb" trans="be skillful" translit=""/><ana lex="ถึง" pos="verb,transitive" trans="attain" translit=""/><ana lex="ถึง" pos="conjunction" trans="even though" translit=""/><ana lex="ถึง" pos="preposition" trans="to" translit=""/><ana lex="ถึง" pos="verb" trans="reach" translit=""/><ana lex="ถึง" pos="verb" trans="be ...enough" translit=""/><ana lex="ถึง" pos="preposition" trans="to" translit=""/><ana lex="ถึง" pos="conjunction" trans="then" translit=""/></w><w>ลูกหลาน<ana lex="ลูกหลาน" pos="noun" trans="lineage" translit=""/><ana lex="ลูกหลาน" pos="noun" trans="offspring" translit=""/><ana lex="ลูกหลาน" pos="noun" trans="sprig" translit=""/><ana lex="ลูกหลาน" pos="noun" trans="descendant" translit=""/><ana lex="ลูกหลาน" pos="noun" trans="progeny" translit=""/><ana lex="ลูกหลาน" pos="noun" trans="issue" translit=""/><ana lex="ลูกหลาน" pos="noun" trans="descendants; pedigree; clan; progeny; posterity; succession" translit="luukF laanR"/></w><w>ตน<ana lex="ตน" pos="noun" trans="oneself" translit=""/><ana lex="ตน" pos="classifier" trans="numerical designation for giants" translit=""/></w></se><se><w>หิว<ana lex="หิว" pos="SL" trans="peckish" translit=""/><ana lex="หิว" pos="SL" trans="clemmed" translit=""/><ana lex="หิว" pos="verb" trans="be hungry" translit=""/><ana lex="หิว" pos="verb,intransitive" trans="hunger" translit=""/><ana lex="หิว" pos="adjective" trans="hungry" translit=""/><ana lex="หิว" pos="SL" trans="klempt" translit=""/></w><w>เหมือน<ana lex="เหมือน" pos="PRF" trans="homo-" translit=""/><ana lex="เหมือน" pos="verb,transitive" trans="mirror" translit=""/><ana lex="เหมือน" pos="PHRV" trans="take after" translit=""/><ana lex="เหมือน" pos="conjunction" trans="like" translit=""/><ana lex="เหมือน" pos="SUF" trans="-like" translit=""/><ana lex="เหมือน" pos="SUF" trans="-ly" translit=""/></w><w>เสือ<ana lex="เสือ" pos="noun" trans="tiger (e.g. economy)" translit=""/><ana lex="เสือ" pos="noun" trans="tiger" translit=""/><ana lex="เสือ" pos="noun" trans="bandit" translit=""/><ana lex="เสือ" pos="noun" trans="tiger" translit=""/></w><w>ดี<ana lex="ดี" pos="adjective" trans="fine" translit=""/><ana lex="ดี" pos="adjective" trans="braw" translit=""/><ana lex="ดี" pos="SL" trans="hunky-dory" translit=""/><ana lex="ดี" pos="adjective" trans="useful" translit=""/><ana lex="ดี" pos="noun" trans="gallbladder" translit=""/><ana lex="ดี" pos="adjective" trans="nice" translit=""/><ana lex="ดี" pos="adjective" trans="fine" translit=""/><ana lex="ดี" pos="adjective" trans="tidy" translit=""/><ana lex="ดี" pos="SL" trans="kushty" translit=""/><ana lex="ดี" pos="SL" trans="tickety-boo" translit=""/><ana lex="ดี" pos="adjective" trans="well" translit=""/><ana lex="ดี" pos="PRF" trans="eu-" translit=""/><ana lex="ดี" pos="idiom" trans="Well and good" translit=""/><ana lex="ดี" pos="adjective" trans="good" translit=""/><ana lex="ดี" pos="adverb" trans="well" translit=""/><ana lex="ดี" pos="adjective" trans="high" translit=""/><ana lex="ดี" pos="adjective" trans="nice" translit=""/><ana lex="ดี" pos="adjective" trans="nice" translit=""/><ana lex="ดี" pos="adjective" trans="well" translit=""/></w><w>กว่า<ana lex="กว่า" pos="adverb" trans="more" translit=""/><ana lex="กว่า" pos="DET" trans="over" translit=""/><ana lex="กว่า" pos="preposition" trans="till" translit=""/></w><w>กิน<ana lex="กิน" pos="verb" trans="take off" translit=""/><ana lex="กิน" pos="verb,intransitive" trans="eat" translit=""/><ana lex="กิน" pos="verb" trans="eat" translit=""/><ana lex="กิน" pos="verb" trans="corrupt" translit=""/><ana lex="กิน" pos="SL" trans="chomp" translit=""/><ana lex="กิน" pos="verb" trans="use" translit=""/><ana lex="กิน" pos="SL" trans="trough" translit=""/><ana lex="กิน" pos="PHRV" trans="eat away" translit=""/><ana lex="กิน" pos="verb,intransitive" trans="feed" translit=""/><ana lex="กิน" pos="SUF" trans="-vorous" translit=""/><ana lex="กิน" pos="verb,transitive" trans="has" translit=""/><ana lex="กิน" pos="verb,intransitive" trans="grub" translit=""/><ana lex="กิน" pos="verb,transitive" trans="eat" translit=""/><ana lex="กิน" pos="example sentence" trans="(I) eat." translit="ginM"/></w><w>เหมือน<ana lex="เหมือน" pos="PRF" trans="homo-" translit=""/><ana lex="เหมือน" pos="verb,transitive" trans="mirror" translit=""/><ana lex="เหมือน" pos="PHRV" trans="take after" translit=""/><ana lex="เหมือน" pos="conjunction" trans="like" translit=""/><ana lex="เหมือน" pos="SUF" trans="-like" translit=""/><ana lex="เหมือน" pos="SUF" trans="-ly" translit=""/></w><w>หมา<ana lex="หมา" pos="noun" trans="dog" translit=""/></w></se><se><w>ไม่<ana lex="ไม่" pos="adverb" trans="not" translit=""/><ana lex="ไม่" pos="PRF" trans="an-" translit=""/><ana lex="ไม่" pos="PRF" trans="un-" translit=""/><ana lex="ไม่" pos="PRF" trans="un-" translit=""/><ana lex="ไม่" pos="adjective" trans="nary" translit=""/><ana lex="ไม่" pos="NEG" trans="not" translit=""/><ana lex="ไม่" pos="PRF" trans="in-" translit=""/><ana lex="ไม่" pos="adverb" trans="no" translit=""/><ana lex="ไม่" pos="PRF" trans="non-" translit=""/><ana lex="ไม่" pos="PRF" trans="non-" translit=""/><ana lex="ไม่" pos="PRF" trans="in-" translit=""/><ana lex="ไม่" pos="SL" trans="no soup" translit=""/><ana lex="ไม่" pos="SL" trans="no sale" translit=""/><ana lex="ไม่" pos="SL" trans="nope" translit=""/><ana lex="ไม่" pos="SL" trans="No way!" translit=""/><ana lex="ไม่" pos="NEG" trans="not" translit=""/><ana lex="ไม่" pos="SL" trans="Nuts!" translit=""/></w><w>รักษา<ana lex="รักษา" pos="verb,transitive" trans="treat" translit=""/><ana lex="รักษา" pos="verb,transitive" trans="maintain" translit=""/><ana lex="รักษา" pos="verb,intransitive" trans="doctor" translit=""/><ana lex="รักษา" pos="verb,transitive" trans="doctor" translit=""/><ana lex="รักษา" pos="verb,transitive" trans="heal" translit=""/><ana lex="รักษา" pos="PHRV" trans="heal of" translit=""/><ana lex="รักษา" pos="verb,transitive" trans="cure" translit=""/><ana lex="รักษา" pos="PHRV" trans="save from" translit=""/><ana lex="รักษา" pos="PHRV" trans="cure of" translit=""/><ana lex="รักษา" pos="verb,intransitive" trans="cure" translit=""/><ana lex="รักษา" pos="verb" trans="beware of" translit=""/><ana lex="รักษา" pos="verb" trans="preserve" translit=""/><ana lex="รักษา" pos="verb,transitive" trans="remedy" translit=""/><ana lex="รักษา" pos="verb" trans="cure" translit=""/></w><w>ศักดิ์ศรี<ana lex="ศักดิ์ศรี" pos="noun" trans="honour; honor; glory; fame; renown" translit="sakL seeR"/><ana lex="ศักดิ์ศรี" pos="noun" trans="prestige" translit=""/><ana lex="ศักดิ์ศรี" pos="noun" trans="prestige" translit="sakL seeR"/><ana lex="ศักดิ์ศรี" pos="noun" trans="honour" translit=""/></w><w>ก็<ana lex="ก็" pos="adverb" trans="also" translit=""/><ana lex="ก็" pos="conjunction" trans="as a result" translit=""/></w><w>ไม่<ana lex="ไม่" pos="adverb" trans="not" translit=""/><ana lex="ไม่" pos="PRF" trans="an-" translit=""/><ana lex="ไม่" pos="PRF" trans="un-" translit=""/><ana lex="ไม่" pos="PRF" trans="un-" translit=""/><ana lex="ไม่" pos="adjective" trans="nary" translit=""/><ana lex="ไม่" pos="NEG" trans="not" translit=""/><ana lex="ไม่" pos="PRF" trans="in-" translit=""/><ana lex="ไม่" pos="adverb" trans="no" translit=""/><ana lex="ไม่" pos="PRF" trans="non-" translit=""/><ana lex="ไม่" pos="PRF" trans="non-" translit=""/><ana lex="ไม่" pos="PRF" trans="in-" translit=""/><ana lex="ไม่" pos="SL" trans="no soup" translit=""/><ana lex="ไม่" pos="SL" trans="no sale" translit=""/><ana lex="ไม่" pos="SL" trans="nope" translit=""/><ana lex="ไม่" pos="SL" trans="No way!" translit=""/><ana lex="ไม่" pos="NEG" trans="not" translit=""/><ana lex="ไม่" pos="SL" trans="Nuts!" translit=""/></w><w>ว่า</w></se><se><w>แต่<ana lex="แต่" pos="adverb" trans="only" translit=""/><ana lex="แต่" pos="conjunction" trans="but" translit=""/><ana lex="แต่" pos="conjunction" trans="but" translit=""/><ana lex="แต่" pos="conjunction" trans="but" translit=""/><ana lex="แต่" pos="preposition" trans="earlier" translit=""/><ana lex="แต่" pos="conjunction" trans="only" translit=""/></w><w>ทำร้าย<ana lex="ทำร้าย" pos="idiom" trans="lay a finger on" translit=""/><ana lex="ทำร้าย" pos="PHRV" trans="eat into" translit=""/><ana lex="ทำร้าย" pos="verb" trans="harm" translit=""/><ana lex="ทำร้าย" pos="verb,transitive" trans="harm" translit=""/><ana lex="ทำร้าย" pos="verb,transitive" trans="injure" translit=""/><ana lex="ทำร้าย" pos="idiom" trans="lay a hand on" translit=""/><ana lex="ทำร้าย" pos="PHRV" trans="screw up" translit=""/><ana lex="ทำร้าย" pos="verb,transitive,phrase" trans="to harm; to attack" translit="thamM raaiH"/><ana lex="ทำร้าย" pos="PHRV" trans="eat up" translit=""/></w><w>แผ่นดิน<ana lex="แผ่นดิน" pos="noun" trans="reign" translit=""/><ana lex="แผ่นดิน" pos="noun" trans="land" translit=""/><ana lex="แผ่นดิน" pos="noun" trans="land" translit=""/><ana lex="แผ่นดิน" pos="noun" trans="terra" translit=""/></w><w>ไม่<ana lex="ไม่" pos="adverb" trans="not" translit=""/><ana lex="ไม่" pos="PRF" trans="an-" translit=""/><ana lex="ไม่" pos="PRF" trans="un-" translit=""/><ana lex="ไม่" pos="PRF" trans="un-" translit=""/><ana lex="ไม่" pos="adjective" trans="nary" translit=""/><ana lex="ไม่" pos="NEG" trans="not" translit=""/><ana lex="ไม่" pos="PRF" trans="in-" translit=""/><ana lex="ไม่" pos="adverb" trans="no" translit=""/><ana lex="ไม่" pos="PRF" trans="non-" translit=""/><ana lex="ไม่" pos="PRF" trans="non-" translit=""/><ana lex="ไม่" pos="PRF" trans="in-" translit=""/><ana lex="ไม่" pos="SL" trans="no soup" translit=""/><ana lex="ไม่" pos="SL" trans="no sale" translit=""/><ana lex="ไม่" pos="SL" trans="nope" translit=""/><ana lex="ไม่" pos="SL" trans="No way!" translit=""/><ana lex="ไม่" pos="NEG" trans="not" translit=""/><ana lex="ไม่" pos="SL" trans="Nuts!" translit=""/></w><w>นำพา<ana lex="นำพา" pos="verb" trans="mind" translit=""/></w></se><se><w>พลิก<ana lex="พลิก" pos="PHRV" trans="flip over" translit=""/><ana lex="พลิก" pos="verb" trans="turn" translit=""/></w><w>ตำรา<ana lex="ตำรา" pos="noun" trans="textbook" translit=""/></w><w>หา<ana lex="หา" pos="verb" trans="grope" translit=""/><ana lex="หา" pos="verb" trans="accuse" translit=""/><ana lex="หา" pos="verb" trans="see" translit=""/><ana lex="หา" pos="verb,transitive" trans="find" translit=""/><ana lex="หา" pos="verb" trans="search for" translit=""/></w><w>ตัวตน<ana lex="ตัวตน" pos="noun" trans="body; shape; physique; form; human body; appearance; substance" translit="dtuaaM dtohnM"/><ana lex="ตัวตน" pos="noun" trans="body" translit=""/><ana lex="ตัวตน" pos="noun,pronoun" trans="real person; self" translit="dtuaaM dtohnM"/><ana lex="ตัวตน" pos="noun" trans="body" translit=""/></w><w>ค้น<ana lex="ค้น" pos="PHRV" trans="get out of" translit=""/><ana lex="ค้น" pos="verb" trans="seek" translit=""/><ana lex="ค้น" pos="PHRV" trans="go into" translit=""/><ana lex="ค้น" pos="verb,transitive" trans="rifle" translit=""/></w><w>ให้<ana lex="ให้" pos="verb,transitive" trans="afford" translit=""/><ana lex="ให้" pos="verb" trans="give" translit=""/><ana lex="ให้" pos="verb,transitive" trans="give" translit=""/><ana lex="ให้" pos="verb,transitive" trans="dispense" translit=""/><ana lex="ให้" pos="verb,transitive" trans="bestow" translit=""/><ana lex="ให้" pos="verb" trans="give" translit=""/><ana lex="ให้" pos="verb,transitive" trans="accord" translit=""/><ana lex="ให้" pos="auxiliary verb" trans="to" translit=""/><ana lex="ให้" pos="verb" trans="permit" translit=""/></w><w>เจอ<ana lex="เจอ" pos="PHRV" trans="run into" translit=""/><ana lex="เจอ" pos="PHRV" trans="drop on" translit=""/><ana lex="เจอ" pos="verb" trans="meet" translit=""/></w></se><se><w>ห้า<ana lex="ห้า" pos="PRF" trans="pent-" translit=""/><ana lex="ห้า" pos="PRF" trans="penta-" translit=""/><ana lex="ห้า" pos="noun" trans="five" translit=""/></w><w>สิบ<ana lex="สิบ" pos="PRF" trans="deca-" translit=""/><ana lex="สิบ" pos="noun" trans="ten" translit=""/><ana lex="สิบ" pos="SUF" trans="-teen" translit=""/></w><w>ล้าน<ana lex="ล้าน" pos="adjective" trans="bald" translit=""/><ana lex="ล้าน" pos="adjective" trans="bald" translit=""/><ana lex="ล้าน" pos="noun" trans="million" translit=""/></w><w>กว่า<ana lex="กว่า" pos="adverb" trans="more" translit=""/><ana lex="กว่า" pos="DET" trans="over" translit=""/><ana lex="กว่า" pos="preposition" trans="till" translit=""/></w><w>คน<ana lex="คน" pos="noun" trans="bloke" translit=""/><ana lex="คน" pos="verb,transitive" trans="mill" translit=""/><ana lex="คน" pos="PRF" trans="anthropo-" translit=""/><ana lex="คน" pos="noun" trans="human" translit=""/><ana lex="คน" pos="noun" trans="people" translit=""/><ana lex="คน" pos="noun" trans="being" translit=""/><ana lex="คน" pos="PHRV" trans="stir about" translit=""/><ana lex="คน" pos="PHRV" trans="stir around" translit=""/><ana lex="คน" pos="SL" trans="bod" translit=""/><ana lex="คน" pos="classifier" trans="person" translit=""/><ana lex="คน" pos="verb" trans="stir" translit=""/></w><w>ที่<ana lex="ที่" pos="PRON" trans="that" translit=""/><ana lex="ที่" pos="preposition" trans="at" translit=""/><ana lex="ที่" pos="noun" trans="word for utensil" translit=""/><ana lex="ที่" pos="preposition" trans="at" translit=""/><ana lex="ที่" pos="noun" trans="place" translit=""/><ana lex="ที่" pos="classifier" trans="qualifiers for places" translit=""/><ana lex="ที่" pos="noun" trans="ordinal number" translit=""/><ana lex="ที่" pos="preposition" trans="to" translit=""/><ana lex="ที่" pos="noun" trans="land" translit=""/></w><w>หยุด<ana lex="หยุด" pos="verb,transitive" trans="stop" translit=""/><ana lex="หยุด" pos="PHRV" trans="leave off" translit=""/><ana lex="หยุด" pos="interjection" trans="nix" translit=""/><ana lex="หยุด" pos="PHRV" trans="go off1" translit=""/><ana lex="หยุด" pos="verb,intransitive" trans="stint" translit=""/><ana lex="หยุด" pos="PHRV" trans="let up" translit=""/><ana lex="หยุด" pos="idiom" trans="round up" translit=""/><ana lex="หยุด" pos="idiom" trans="call a halt to" translit=""/><ana lex="หยุด" pos="verb,transitive" trans="arrest" translit=""/><ana lex="หยุด" pos="verb,intransitive" trans="discontinue" translit=""/><ana lex="หยุด" pos="verb,transitive" trans="block" translit=""/><ana lex="หยุด" pos="verb,intransitive" trans="cease" translit=""/><ana lex="หยุด" pos="PHRV" trans="blow over" translit=""/><ana lex="หยุด" pos="PHRV" trans="stop off2" translit=""/><ana lex="หยุด" pos="verb,intransitive" trans="halt" translit=""/><ana lex="หยุด" pos="verb,intransitive" trans="break" translit=""/><ana lex="หยุด" pos="verb,intransitive" trans="stop" translit=""/><ana lex="หยุด" pos="verb,intransitive" trans="die" translit=""/><ana lex="หยุด" pos="verb,transitive" trans="shut" translit=""/><ana lex="หยุด" pos="PHRV" trans="dry out" translit=""/><ana lex="หยุด" pos="PHRV" trans="cease from" translit=""/><ana lex="หยุด" pos="verb,transitive" trans="quit" translit=""/><ana lex="หยุด" pos="PHRV" trans="dry up" translit=""/><ana lex="หยุด" pos="PHRV" trans="fling up" translit=""/></w><w>นิ่ง<ana lex="นิ่ง" pos="verb" trans="calm" translit=""/><ana lex="นิ่ง" pos="adjective" trans="stagnant" translit=""/><ana lex="นิ่ง" pos="verb,intransitive" trans="still" translit=""/><ana lex="นิ่ง" pos="adjective" trans="still" translit=""/></w></se><se><w>ไม่<ana lex="ไม่" pos="adverb" trans="not" translit=""/><ana lex="ไม่" pos="PRF" trans="an-" translit=""/><ana lex="ไม่" pos="PRF" trans="un-" translit=""/><ana lex="ไม่" pos="PRF" trans="un-" translit=""/><ana lex="ไม่" pos="adjective" trans="nary" translit=""/><ana lex="ไม่" pos="NEG" trans="not" translit=""/><ana lex="ไม่" pos="PRF" trans="in-" translit=""/><ana lex="ไม่" pos="adverb" trans="no" translit=""/><ana lex="ไม่" pos="PRF" trans="non-" translit=""/><ana lex="ไม่" pos="PRF" trans="non-" translit=""/><ana lex="ไม่" pos="PRF" trans="in-" translit=""/><ana lex="ไม่" pos="SL" trans="no soup" translit=""/><ana lex="ไม่" pos="SL" trans="no sale" translit=""/><ana lex="ไม่" pos="SL" trans="nope" translit=""/><ana lex="ไม่" pos="SL" trans="No way!" translit=""/><ana lex="ไม่" pos="NEG" trans="not" translit=""/><ana lex="ไม่" pos="SL" trans="Nuts!" translit=""/></w><w>ทำ<ana lex="ทำ" pos="verb" trans="make" translit=""/><ana lex="ทำ" pos="PHRV" trans="get in1" translit=""/><ana lex="ทำ" pos="PHRV" trans="get on with" translit=""/><ana lex="ทำ" pos="SUF" trans="-fy" translit=""/><ana lex="ทำ" pos="verb" trans="observe" translit=""/><ana lex="ทำ" pos="verb,transitive" trans="take" translit=""/><ana lex="ทำ" pos="verb" trans="act" translit=""/><ana lex="ทำ" pos="verb" trans="do" translit=""/><ana lex="ทำ" pos="verb" trans="work" translit=""/><ana lex="ทำ" pos="verb" trans="commit" translit=""/><ana lex="ทำ" pos="verb" trans="have plastic surgery" translit=""/><ana lex="ทำ" pos="PHRV" trans="be about2" translit=""/><ana lex="ทำ" pos="verb,transitive" trans="make" translit=""/></w><w>สิ่ง<ana lex="สิ่ง" pos="noun" trans="thing" translit=""/><ana lex="สิ่ง" pos="noun" trans="thing" translit=""/></w><w>ใด<ana lex="ใด" pos="DET" trans="any" translit=""/><ana lex="ใด" pos="DET" trans="which" translit=""/></w><w>ใด<ana lex="ใด" pos="DET" trans="any" translit=""/><ana lex="ใด" pos="DET" trans="which" translit=""/></w><w>สร้าง<ana lex="สร้าง" pos="PHRV" trans="put up" translit=""/><ana lex="สร้าง" pos="verb,transitive" trans="ground" translit=""/><ana lex="สร้าง" pos="verb,transitive" trans="build" translit=""/><ana lex="สร้าง" pos="PHRV" trans="fetch out" translit=""/><ana lex="สร้าง" pos="verb,transitive" trans="establish" translit=""/><ana lex="สร้าง" pos="verb,transitive" trans="produce" translit=""/><ana lex="สร้าง" pos="PHRV" trans="get up" translit=""/><ana lex="สร้าง" pos="verb,transitive" trans="raise" translit=""/><ana lex="สร้าง" pos="PHRV" trans="turn off1" translit=""/><ana lex="สร้าง" pos="PHRV" trans="get up" translit=""/><ana lex="สร้าง" pos="verb,transitive" trans="deliver" translit=""/><ana lex="สร้าง" pos="verb,transitive" trans="create" translit=""/><ana lex="สร้าง" pos="noun" trans="platform" translit=""/><ana lex="สร้าง" pos="verb" trans="build" translit=""/><ana lex="สร้าง" pos="PHRV" trans="make up" translit=""/><ana lex="สร้าง" pos="verb" trans="create" translit=""/><ana lex="สร้าง" pos="PHRV" trans="make on" translit=""/><ana lex="สร้าง" pos="PHRV" trans="make for" translit=""/><ana lex="สร้าง" pos="verb,transitive" trans="found" translit=""/><ana lex="สร้าง" pos="PHRV" trans="make up" translit=""/><ana lex="สร้าง" pos="verb,transitive" trans="construct" translit=""/></w><w>ปัญหา<ana lex="ปัญหา" pos="noun" trans="wrinkle" translit=""/><ana lex="ปัญหา" pos="noun" trans="problem" translit=""/><ana lex="ปัญหา" pos="noun" trans="trouble" translit=""/><ana lex="ปัญหา" pos="noun" trans="disease" translit=""/><ana lex="ปัญหา" pos="noun" trans="case" translit=""/><ana lex="ปัญหา" pos="noun" trans="riddle" translit=""/><ana lex="ปัญหา" pos="SL" trans="grief" translit=""/><ana lex="ปัญหา" pos="noun" trans="malady" translit=""/><ana lex="ปัญหา" pos="noun" trans="issue" translit=""/></w></se><se><w>ทำ<ana lex="ทำ" pos="verb" trans="make" translit=""/><ana lex="ทำ" pos="PHRV" trans="get in1" translit=""/><ana lex="ทำ" pos="PHRV" trans="get on with" translit=""/><ana lex="ทำ" pos="SUF" trans="-fy" translit=""/><ana lex="ทำ" pos="verb" trans="observe" translit=""/><ana lex="ทำ" pos="verb,transitive" trans="take" translit=""/><ana lex="ทำ" pos="verb" trans="act" translit=""/><ana lex="ทำ" pos="verb" trans="do" translit=""/><ana lex="ทำ" pos="verb" trans="work" translit=""/><ana lex="ทำ" pos="verb" trans="commit" translit=""/><ana lex="ทำ" pos="verb" trans="have plastic surgery" translit=""/><ana lex="ทำ" pos="PHRV" trans="be about2" translit=""/><ana lex="ทำ" pos="verb,transitive" trans="make" translit=""/></w><w>ประโยชน์<ana lex="ประโยชน์" pos="noun" trans="avail" translit=""/><ana lex="ประโยชน์" pos="noun" trans="use" translit=""/><ana lex="ประโยชน์" pos="noun" trans="benefit" translit=""/></w><w>รักษา<ana lex="รักษา" pos="verb,transitive" trans="treat" translit=""/><ana lex="รักษา" pos="verb,transitive" trans="maintain" translit=""/><ana lex="รักษา" pos="verb,intransitive" trans="doctor" translit=""/><ana lex="รักษา" pos="verb,transitive" trans="doctor" translit=""/><ana lex="รักษา" pos="verb,transitive" trans="heal" translit=""/><ana lex="รักษา" pos="PHRV" trans="heal of" translit=""/><ana lex="รักษา" pos="verb,transitive" trans="cure" translit=""/><ana lex="รักษา" pos="PHRV" trans="save from" translit=""/><ana lex="รักษา" pos="PHRV" trans="cure of" translit=""/><ana lex="รักษา" pos="verb,intransitive" trans="cure" translit=""/><ana lex="รักษา" pos="verb" trans="beware of" translit=""/><ana lex="รักษา" pos="verb" trans="preserve" translit=""/><ana lex="รักษา" pos="verb,transitive" trans="remedy" translit=""/><ana lex="รักษา" pos="verb" trans="cure" translit=""/></w><w>ชาติ<ana lex="ชาติ" pos="noun" trans="life" translit=""/><ana lex="ชาติ" pos="noun" trans="nation" translit=""/><ana lex="ชาติ" pos="noun" trans="family" translit=""/><ana lex="ชาติ" pos="noun" trans="country" translit=""/></w><w>พัฒนา<ana lex="พัฒนา" pos="PHRV" trans="blossom out" translit=""/><ana lex="พัฒนา" pos="verb" trans="develop" translit=""/><ana lex="พัฒนา" pos="verb,intransitive" trans="grow" translit=""/><ana lex="พัฒนา" pos="verb,transitive" trans="develop" translit=""/><ana lex="พัฒนา" pos="verb,intransitive" trans="develop" translit=""/><ana lex="พัฒนา" pos="verb,intransitive" trans="blossom" translit=""/></w></se><se><w>โดน<ana lex="โดน" pos="verb" trans="used in the same manner as the verb to be form the passive voice" translit=""/><ana lex="โดน" pos="verb" trans="bump against" translit=""/><ana lex="โดน" pos="verb,transitive" trans="hit by" translit=""/></w><w>กล่าวหา<ana lex="กล่าวหา" pos="verb,transitive" trans="charge" translit=""/><ana lex="กล่าวหา" pos="verb" trans="accuse" translit=""/><ana lex="กล่าวหา" pos="SL" trans="bum-rap" translit=""/><ana lex="กล่าวหา" pos="PHRV" trans="start on" translit=""/><ana lex="กล่าวหา" pos="PHRV" trans="land on" translit=""/><ana lex="กล่าวหา" pos="verb,intransitive" trans="allege" translit=""/><ana lex="กล่าวหา" pos="PHRV" trans="land upon" translit=""/><ana lex="กล่าวหา" pos="verb,transitive" trans="arraign" translit=""/><ana lex="กล่าวหา" pos="verb,transitive" trans="accuse" translit=""/><ana lex="กล่าวหา" pos="verb,transitive" trans="tag" translit=""/><ana lex="กล่าวหา" pos="verb,transitive" trans="pin" translit=""/><ana lex="กล่าวหา" pos="verb,transitive" trans="allege" translit=""/><ana lex="กล่าวหา" pos="verb,transitive" trans="tax" translit=""/></w><w>ขาย<ana lex="ขาย" pos="PHRV" trans="be up for" translit=""/><ana lex="ขาย" pos="verb,transitive" trans="fetch" translit=""/><ana lex="ขาย" pos="verb,transitive" trans="sell" translit=""/><ana lex="ขาย" pos="PHRV" trans="sell short" translit=""/><ana lex="ขาย" pos="verb" trans="sell" translit=""/><ana lex="ขาย" pos="idiom" trans="for sale" translit=""/><ana lex="ขาย" pos="idiom" trans="on sale" translit=""/><ana lex="ขาย" pos="SL" trans="flog" translit=""/><ana lex="ขาย" pos="verb,transitive" trans="market" translit=""/></w><w>สิทธิ์<ana lex="สิทธิ์" pos="noun" trans="right" translit=""/><ana lex="สิทธิ์" pos="noun" trans="right" translit=""/><ana lex="สิทธิ์" pos="" trans="[alternate spelling of สิทธิ ]" translit="sitL"/><ana lex="สิทธิ์" pos="noun" trans="possibility" translit=""/></w><w>ขาย<ana lex="ขาย" pos="PHRV" trans="be up for" translit=""/><ana lex="ขาย" pos="verb,transitive" trans="fetch" translit=""/><ana lex="ขาย" pos="verb,transitive" trans="sell" translit=""/><ana lex="ขาย" pos="PHRV" trans="sell short" translit=""/><ana lex="ขาย" pos="verb" trans="sell" translit=""/><ana lex="ขาย" pos="idiom" trans="for sale" translit=""/><ana lex="ขาย" pos="idiom" trans="on sale" translit=""/><ana lex="ขาย" pos="SL" trans="flog" translit=""/><ana lex="ขาย" pos="verb,transitive" trans="market" translit=""/></w><w>เสียง<ana lex="เสียง" pos="SUF" trans="-phone" translit=""/><ana lex="เสียง" pos="noun" trans="vote" translit=""/><ana lex="เสียง" pos="noun" trans="voice" translit=""/><ana lex="เสียง" pos="PRF" trans="phono-" translit=""/><ana lex="เสียง" pos="PRF" trans="phon-" translit=""/><ana lex="เสียง" pos="noun" trans="sound" translit=""/><ana lex="เสียง" pos="idiom" trans="place all one's eggs in one basket" translit=""/><ana lex="เสียง" pos="noun" trans="sonancy" translit=""/><ana lex="เสียง" pos="noun" trans="sonance" translit=""/></w><w>กัน<ana lex="กัน" pos="verb" trans="keep out" translit=""/><ana lex="กัน" pos="PRON" trans="one another" translit=""/><ana lex="กัน" pos="PHRV" trans="screen off" translit=""/><ana lex="กัน" pos="adverb" trans="together" translit=""/><ana lex="กัน" pos="verb" trans="shave" translit=""/><ana lex="กัน" pos="verb" trans="separate" translit=""/></w></se><se><w>ก็<ana lex="ก็" pos="adverb" trans="also" translit=""/><ana lex="ก็" pos="conjunction" trans="as a result" translit=""/></w><w>ไม่<ana lex="ไม่" pos="adverb" trans="not" translit=""/><ana lex="ไม่" pos="PRF" trans="an-" translit=""/><ana lex="ไม่" pos="PRF" trans="un-" translit=""/><ana lex="ไม่" pos="PRF" trans="un-" translit=""/><ana lex="ไม่" pos="adjective" trans="nary" translit=""/><ana lex="ไม่" pos="NEG" trans="not" translit=""/><ana lex="ไม่" pos="PRF" trans="in-" translit=""/><ana lex="ไม่" pos="adverb" trans="no" translit=""/><ana lex="ไม่" pos="PRF" trans="non-" translit=""/><ana lex="ไม่" pos="PRF" trans="non-" translit=""/><ana lex="ไม่" pos="PRF" trans="in-" translit=""/><ana lex="ไม่" pos="SL" trans="no soup" translit=""/><ana lex="ไม่" pos="SL" trans="no sale" translit=""/><ana lex="ไม่" pos="SL" trans="nope" translit=""/><ana lex="ไม่" pos="SL" trans="No way!" translit=""/><ana lex="ไม่" pos="NEG" trans="not" translit=""/><ana lex="ไม่" pos="SL" trans="Nuts!" translit=""/></w><w>ว่า</w><w>อภัย<ana lex="อภัย" pos="verb" trans="pardon" translit=""/><ana lex="อภัย" pos="noun" trans="a pardon; forgiveness" translit="aL phaiM"/><ana lex="อภัย" pos="" trans="[alternate pronunciation of อภัย]" translit="aL phaiM yaH"/><ana lex="อภัย" pos="verb" trans="to pardon, excuse, or forgive" translit="aL phaiM"/></w><w>ให้<ana lex="ให้" pos="verb,transitive" trans="afford" translit=""/><ana lex="ให้" pos="verb" trans="give" translit=""/><ana lex="ให้" pos="verb,transitive" trans="give" translit=""/><ana lex="ให้" pos="verb,transitive" trans="dispense" translit=""/><ana lex="ให้" pos="verb,transitive" trans="bestow" translit=""/><ana lex="ให้" pos="verb" trans="give" translit=""/><ana lex="ให้" pos="verb,transitive" trans="accord" translit=""/><ana lex="ให้" pos="auxiliary verb" trans="to" translit=""/><ana lex="ให้" pos="verb" trans="permit" translit=""/></w></se><se><w>เมื่อ<ana lex="เมื่อ" pos="adverb" trans="when" translit=""/><ana lex="เมื่อ" pos="adverb" trans="when" translit=""/><ana lex="เมื่อ" pos="conjunction" trans="directly" translit=""/><ana lex="เมื่อ" pos="adverb" trans="in the days of" translit=""/><ana lex="เมื่อ" pos="conjunction" trans="when" translit=""/></w><w>ไม่<ana lex="ไม่" pos="adverb" trans="not" translit=""/><ana lex="ไม่" pos="PRF" trans="an-" translit=""/><ana lex="ไม่" pos="PRF" trans="un-" translit=""/><ana lex="ไม่" pos="PRF" trans="un-" translit=""/><ana lex="ไม่" pos="adjective" trans="nary" translit=""/><ana lex="ไม่" pos="NEG" trans="not" translit=""/><ana lex="ไม่" pos="PRF" trans="in-" translit=""/><ana lex="ไม่" pos="adverb" trans="no" translit=""/><ana lex="ไม่" pos="PRF" trans="non-" translit=""/><ana lex="ไม่" pos="PRF" trans="non-" translit=""/><ana lex="ไม่" pos="PRF" trans="in-" translit=""/><ana lex="ไม่" pos="SL" trans="no soup" translit=""/><ana lex="ไม่" pos="SL" trans="no sale" translit=""/><ana lex="ไม่" pos="SL" trans="nope" translit=""/><ana lex="ไม่" pos="SL" trans="No way!" translit=""/><ana lex="ไม่" pos="NEG" trans="not" translit=""/><ana lex="ไม่" pos="SL" trans="Nuts!" translit=""/></w><w>รู้<ana lex="รู้" pos="verb,transitive" trans="tell" translit=""/><ana lex="รู้" pos="verb,transitive" trans="ken" translit=""/><ana lex="รู้" pos="verb,intransitive" trans="ken" translit=""/><ana lex="รู้" pos="PHRV" trans="hear about" translit=""/><ana lex="รู้" pos="verb,transitive" trans="know" translit=""/><ana lex="รู้" pos="verb" trans="know" translit=""/></w></se><se><w>อย่า<ana lex="อย่า" pos="auxiliary verb" trans="do not" translit=""/></w><w>เป็น<ana lex="เป็น" pos="auxiliary verb" trans="are" translit=""/><ana lex="เป็น" pos="verb,intransitive" trans="been" translit=""/><ana lex="เป็น" pos="verb,intransitive" trans="come" translit=""/><ana lex="เป็น" pos="verb" trans="be able to" translit=""/><ana lex="เป็น" pos="verb" trans="be" translit=""/><ana lex="เป็น" pos="adjective" trans="alive" translit=""/></w><w>ผู้</w><w>สร้าง<ana lex="สร้าง" pos="PHRV" trans="put up" translit=""/><ana lex="สร้าง" pos="verb,transitive" trans="ground" translit=""/><ana lex="สร้าง" pos="verb,transitive" trans="build" translit=""/><ana lex="สร้าง" pos="PHRV" trans="fetch out" translit=""/><ana lex="สร้าง" pos="verb,transitive" trans="establish" translit=""/><ana lex="สร้าง" pos="verb,transitive" trans="produce" translit=""/><ana lex="สร้าง" pos="PHRV" trans="get up" translit=""/><ana lex="สร้าง" pos="verb,transitive" trans="raise" translit=""/><ana lex="สร้าง" pos="PHRV" trans="turn off1" translit=""/><ana lex="สร้าง" pos="PHRV" trans="get up" translit=""/><ana lex="สร้าง" pos="verb,transitive" trans="deliver" translit=""/><ana lex="สร้าง" pos="verb,transitive" trans="create" translit=""/><ana lex="สร้าง" pos="noun" trans="platform" translit=""/><ana lex="สร้าง" pos="verb" trans="build" translit=""/><ana lex="สร้าง" pos="PHRV" trans="make up" translit=""/><ana lex="สร้าง" pos="verb" trans="create" translit=""/><ana lex="สร้าง" pos="PHRV" trans="make on" translit=""/><ana lex="สร้าง" pos="PHRV" trans="make for" translit=""/><ana lex="สร้าง" pos="verb,transitive" trans="found" translit=""/><ana lex="สร้าง" pos="PHRV" trans="make up" translit=""/><ana lex="สร้าง" pos="verb,transitive" trans="construct" translit=""/></w><w>ปัญหา<ana lex="ปัญหา" pos="noun" trans="wrinkle" translit=""/><ana lex="ปัญหา" pos="noun" trans="problem" translit=""/><ana lex="ปัญหา" pos="noun" trans="trouble" translit=""/><ana lex="ปัญหา" pos="noun" trans="disease" translit=""/><ana lex="ปัญหา" pos="noun" trans="case" translit=""/><ana lex="ปัญหา" pos="noun" trans="riddle" translit=""/><ana lex="ปัญหา" pos="SL" trans="grief" translit=""/><ana lex="ปัญหา" pos="noun" trans="malady" translit=""/><ana lex="ปัญหา" pos="noun" trans="issue" translit=""/></w><w>ให้<ana lex="ให้" pos="verb,transitive" trans="afford" translit=""/><ana lex="ให้" pos="verb" trans="give" translit=""/><ana lex="ให้" pos="verb,transitive" trans="give" translit=""/><ana lex="ให้" pos="verb,transitive" trans="dispense" translit=""/><ana lex="ให้" pos="verb,transitive" trans="bestow" translit=""/><ana lex="ให้" pos="verb" trans="give" translit=""/><ana lex="ให้" pos="verb,transitive" trans="accord" translit=""/><ana lex="ให้" pos="auxiliary verb" trans="to" translit=""/><ana lex="ให้" pos="verb" trans="permit" translit=""/></w><w>สับสน<ana lex="สับสน" pos="verb" trans="jumble" translit=""/><ana lex="สับสน" pos="PHRV" trans="jumble up" translit=""/><ana lex="สับสน" pos="verb,transitive" trans="confuse" translit=""/><ana lex="สับสน" pos="adjective" trans="woozy" translit=""/><ana lex="สับสน" pos="SL" trans="buffaloed" translit=""/><ana lex="สับสน" pos="SL" trans="bamboozled" translit=""/><ana lex="สับสน" pos="SL" trans="goofed (up)" translit=""/><ana lex="สับสน" pos="adjective" trans="lost" translit=""/><ana lex="สับสน" pos="SL" trans="flummox" translit=""/><ana lex="สับสน" pos="adjective" trans="befuddled" translit=""/><ana lex="สับสน" pos="PHRV" trans="muddle up" translit=""/><ana lex="สับสน" pos="SL" trans="lost the plot" translit=""/></w></se><se><w>เกิด<ana lex="เกิด" pos="verb,intransitive" trans="arrive" translit=""/><ana lex="เกิด" pos="verb" trans="be born" translit=""/><ana lex="เกิด" pos="verb" trans="happen" translit=""/></w><w>หนึ่ง<ana lex="หนึ่ง" pos="adjective" trans="ae" translit=""/><ana lex="หนึ่ง" pos="PRF" trans="uni-" translit=""/></w><w>ชาติ<ana lex="ชาติ" pos="noun" trans="life" translit=""/><ana lex="ชาติ" pos="noun" trans="nation" translit=""/><ana lex="ชาติ" pos="noun" trans="family" translit=""/><ana lex="ชาติ" pos="noun" trans="country" translit=""/></w><w>อย่า<ana lex="อย่า" pos="auxiliary verb" trans="do not" translit=""/></w><w>เสีย<ana lex="เสีย" pos="PHRV" trans="go on2" translit=""/><ana lex="เสีย" pos="SL" trans="knackered" translit=""/><ana lex="เสีย" pos="SL" trans="on the fritz" translit=""/><ana lex="เสีย" pos="SL" trans="all over the shop1" translit=""/><ana lex="เสีย" pos="PHRV" trans="pass away" translit=""/><ana lex="เสีย" pos="verb" trans="lose" translit=""/><ana lex="เสีย" pos="adverb" trans="really" translit=""/><ana lex="เสีย" pos="SL" trans="knacked" translit=""/><ana lex="เสีย" pos="verb" trans="be rotten" translit=""/></w><w>ชาติ<ana lex="ชาติ" pos="noun" trans="life" translit=""/><ana lex="ชาติ" pos="noun" trans="nation" translit=""/><ana lex="ชาติ" pos="noun" trans="family" translit=""/><ana lex="ชาติ" pos="noun" trans="country" translit=""/></w><w>ความ<ana lex="ความ" pos="noun" trans="case" translit=""/><ana lex="ความ" pos="noun" trans="content" translit=""/></w><w>เป็น<ana lex="เป็น" pos="auxiliary verb" trans="are" translit=""/><ana lex="เป็น" pos="verb,intransitive" trans="been" translit=""/><ana lex="เป็น" pos="verb,intransitive" trans="come" translit=""/><ana lex="เป็น" pos="verb" trans="be able to" translit=""/><ana lex="เป็น" pos="verb" trans="be" translit=""/><ana lex="เป็น" pos="adjective" trans="alive" translit=""/></w><w>คน<ana lex="คน" pos="noun" trans="bloke" translit=""/><ana lex="คน" pos="verb,transitive" trans="mill" translit=""/><ana lex="คน" pos="PRF" trans="anthropo-" translit=""/><ana lex="คน" pos="noun" trans="human" translit=""/><ana lex="คน" pos="noun" trans="people" translit=""/><ana lex="คน" pos="noun" trans="being" translit=""/><ana lex="คน" pos="PHRV" trans="stir about" translit=""/><ana lex="คน" pos="PHRV" trans="stir around" translit=""/><ana lex="คน" pos="SL" trans="bod" translit=""/><ana lex="คน" pos="classifier" trans="person" translit=""/><ana lex="คน" pos="verb" trans="stir" translit=""/></w></se><se><w>เกิด<ana lex="เกิด" pos="verb,intransitive" trans="arrive" translit=""/><ana lex="เกิด" pos="verb" trans="be born" translit=""/><ana lex="เกิด" pos="verb" trans="happen" translit=""/></w><w>เป็น<ana lex="เป็น" pos="auxiliary verb" trans="are" translit=""/><ana lex="เป็น" pos="verb,intransitive" trans="been" translit=""/><ana lex="เป็น" pos="verb,intransitive" trans="come" translit=""/><ana lex="เป็น" pos="verb" trans="be able to" translit=""/><ana lex="เป็น" pos="verb" trans="be" translit=""/><ana lex="เป็น" pos="adjective" trans="alive" translit=""/></w><w>คน<ana lex="คน" pos="noun" trans="bloke" translit=""/><ana lex="คน" pos="verb,transitive" trans="mill" translit=""/><ana lex="คน" pos="PRF" trans="anthropo-" translit=""/><ana lex="คน" pos="noun" trans="human" translit=""/><ana lex="คน" pos="noun" trans="people" translit=""/><ana lex="คน" pos="noun" trans="being" translit=""/><ana lex="คน" pos="PHRV" trans="stir about" translit=""/><ana lex="คน" pos="PHRV" trans="stir around" translit=""/><ana lex="คน" pos="SL" trans="bod" translit=""/><ana lex="คน" pos="classifier" trans="person" translit=""/><ana lex="คน" pos="verb" trans="stir" translit=""/></w><w>ใจ<ana lex="ใจ" pos="noun" trans="heart" translit=""/><ana lex="ใจ" pos="noun" trans="mind" translit=""/></w><w>เป็น<ana lex="เป็น" pos="auxiliary verb" trans="are" translit=""/><ana lex="เป็น" pos="verb,intransitive" trans="been" translit=""/><ana lex="เป็น" pos="verb,intransitive" trans="come" translit=""/><ana lex="เป็น" pos="verb" trans="be able to" translit=""/><ana lex="เป็น" pos="verb" trans="be" translit=""/><ana lex="เป็น" pos="adjective" trans="alive" translit=""/></w><w>ทาส<ana lex="ทาส" pos="noun" trans="slave" translit="thaatF"/><ana lex="ทาส" pos="noun" trans="helot" translit=""/><ana lex="ทาส" pos="noun" trans="thralldom" translit=""/><ana lex="ทาส" pos="noun" trans="thrall" translit=""/><ana lex="ทาส" pos="noun" trans="bondwoman" translit=""/><ana lex="ทาส" pos="noun" trans="bondman" translit=""/><ana lex="ทาส" pos="noun" trans="slave" translit=""/><ana lex="ทาส" pos="noun" trans="slave" translit=""/><ana lex="ทาส" pos="noun" trans="slave" translit=""/><ana lex="ทาส" pos="noun" trans="creature" translit=""/></w><w>อนาถ<ana lex="อนาถ" pos="adjective" trans="pitiful" translit=""/><ana lex="อนาถ" pos="adverb" trans="pitifully" translit=""/><ana lex="อนาถ" pos="verb" trans="pity" translit=""/></w><w>ใจ<ana lex="ใจ" pos="noun" trans="heart" translit=""/><ana lex="ใจ" pos="noun" trans="mind" translit=""/></w></se></body>