<body><meta><link>http://www.thaipoem.com/poem/53097</link><title>เหนือยจนท้อ ต้องรออีกนานเท่าไหร่</title><genre>poem</genre></meta><se><w>ไม่<ana lex="ไม่" pos="adverb" trans="not" translit=""/><ana lex="ไม่" pos="PRF" trans="an-" translit=""/><ana lex="ไม่" pos="PRF" trans="un-" translit=""/><ana lex="ไม่" pos="PRF" trans="un-" translit=""/><ana lex="ไม่" pos="adjective" trans="nary" translit=""/><ana lex="ไม่" pos="NEG" trans="not" translit=""/><ana lex="ไม่" pos="PRF" trans="in-" translit=""/><ana lex="ไม่" pos="adverb" trans="no" translit=""/><ana lex="ไม่" pos="PRF" trans="non-" translit=""/><ana lex="ไม่" pos="PRF" trans="non-" translit=""/><ana lex="ไม่" pos="PRF" trans="in-" translit=""/><ana lex="ไม่" pos="SL" trans="no soup" translit=""/><ana lex="ไม่" pos="SL" trans="no sale" translit=""/><ana lex="ไม่" pos="SL" trans="nope" translit=""/><ana lex="ไม่" pos="SL" trans="No way!" translit=""/><ana lex="ไม่" pos="NEG" trans="not" translit=""/><ana lex="ไม่" pos="SL" trans="Nuts!" translit=""/></w><w>ใช่<ana lex="ใช่" pos="adverb" trans="yes" translit=""/></w><w>ว่า</w><w>ฉัน<ana lex="ฉัน" pos="" trans="[alternate pronunciation of ฉัน ]" translit="chanH"/><ana lex="ฉัน" pos="pronoun" trans="me" translit=""/></w><w>นั้น<ana lex="นั้น" pos="pronoun" trans="that" translit=""/><ana lex="นั้น" pos="PRON" trans="that" translit=""/></w><w>หมด<ana lex="หมด" pos="PHRV" trans="run out" translit=""/><ana lex="หมด" pos="adverb" trans="low" translit=""/><ana lex="หมด" pos="verb,intransitive" trans="run out" translit=""/><ana lex="หมด" pos="verb" trans="be finished" translit=""/><ana lex="หมด" pos="verb,intransitive" trans="go" translit=""/><ana lex="หมด" pos="PHRV" trans="be out" translit=""/><ana lex="หมด" pos="idiom" trans="be at an end" translit=""/><ana lex="หมด" pos="verb,intransitive" trans="drain" translit=""/><ana lex="หมด" pos="PHRV" trans="be out of" translit=""/></w><w>รัก<ana lex="รัก" pos="verb,transitive" trans="treasure" translit=""/><ana lex="รัก" pos="verb,transitive" trans="adore" translit=""/><ana lex="รัก" pos="PRF" trans="phil-" translit=""/><ana lex="รัก" pos="PRF" trans="philo-" translit=""/><ana lex="รัก" pos="PHRV" trans="be attached to" translit=""/></w><w>ใน<ana lex="ใน" pos="preposition" trans="in" translit=""/><ana lex="ใน" pos="adjective" trans="in" translit=""/><ana lex="ใน" pos="PRF" trans="em-" translit=""/><ana lex="ใน" pos="PRF" trans="en-" translit=""/><ana lex="ใน" pos="PRF" trans="en-" translit=""/><ana lex="ใน" pos="PRF" trans="il-" translit=""/><ana lex="ใน" pos="preposition" trans="of" translit=""/><ana lex="ใน" pos="PRF" trans="in-" translit=""/><ana lex="ใน" pos="PRF" trans="im-" translit=""/><ana lex="ใน" pos="adverb" trans="in" translit=""/><ana lex="ใน" pos="preposition" trans="in" translit=""/></w><w>ตัว<ana lex="ตัว" pos="classifier" trans="numerative noun for animals and things" translit=""/><ana lex="ตัว" pos="classifier" trans="numerative noun for animals and things" translit=""/><ana lex="ตัว" pos="PRON" trans="you" translit=""/><ana lex="ตัว" pos="noun" trans="body" translit=""/><ana lex="ตัว" pos="PRON" trans="you" translit=""/></w><w>เธอ<ana lex="เธอ" pos="PRON" trans="you" translit=""/><ana lex="เธอ" pos="pronoun" trans="she" translit=""/><ana lex="เธอ" pos="pronoun" trans="her" translit=""/><ana lex="เธอ" pos="PRON" trans="she" translit=""/></w></se><se><w>ไม่<ana lex="ไม่" pos="adverb" trans="not" translit=""/><ana lex="ไม่" pos="PRF" trans="an-" translit=""/><ana lex="ไม่" pos="PRF" trans="un-" translit=""/><ana lex="ไม่" pos="PRF" trans="un-" translit=""/><ana lex="ไม่" pos="adjective" trans="nary" translit=""/><ana lex="ไม่" pos="NEG" trans="not" translit=""/><ana lex="ไม่" pos="PRF" trans="in-" translit=""/><ana lex="ไม่" pos="adverb" trans="no" translit=""/><ana lex="ไม่" pos="PRF" trans="non-" translit=""/><ana lex="ไม่" pos="PRF" trans="non-" translit=""/><ana lex="ไม่" pos="PRF" trans="in-" translit=""/><ana lex="ไม่" pos="SL" trans="no soup" translit=""/><ana lex="ไม่" pos="SL" trans="no sale" translit=""/><ana lex="ไม่" pos="SL" trans="nope" translit=""/><ana lex="ไม่" pos="SL" trans="No way!" translit=""/><ana lex="ไม่" pos="NEG" trans="not" translit=""/><ana lex="ไม่" pos="SL" trans="Nuts!" translit=""/></w><w>โทร<ana lex="โทร" pos="verb" trans="call" translit=""/><ana lex="โทร" pos="" trans="[alternate pronunciation of โทร ]" translit="tho:hM raH"/></w><w>หา<ana lex="หา" pos="verb" trans="grope" translit=""/><ana lex="หา" pos="verb" trans="accuse" translit=""/><ana lex="หา" pos="verb" trans="see" translit=""/><ana lex="หา" pos="verb,transitive" trans="find" translit=""/><ana lex="หา" pos="verb" trans="search for" translit=""/></w><w>เสมอๆ<ana lex="เสมอๆ" pos="adverb" trans="regularly" translit=""/></w></se><se><w>และ<ana lex="และ" pos="conjunction" trans="and" translit=""/><ana lex="และ" pos="conjunction" trans="and" translit=""/></w><w>ขาด<ana lex="ขาด" pos="verb" trans="miss" translit=""/><ana lex="ขาด" pos="verb" trans="torn" translit=""/><ana lex="ขาด" pos="adjective" trans="absent" translit=""/><ana lex="ขาด" pos="adjective" trans="short" translit=""/><ana lex="ขาด" pos="verb,transitive" trans="lack" translit=""/><ana lex="ขาด" pos="verb" trans="lack of" translit=""/><ana lex="ขาด" pos="PHRV" trans="lack in" translit=""/><ana lex="ขาด" pos="PHRV" trans="stick for" translit=""/><ana lex="ขาด" pos="PHRV" trans="remain away" translit=""/><ana lex="ขาด" pos="adjective" trans="deficient" translit=""/><ana lex="ขาด" pos="adjective" trans="broken" translit=""/><ana lex="ขาด" pos="verb,transitive" trans="skip" translit=""/><ana lex="ขาด" pos="PHRV" trans="be away" translit=""/></w><w>หาย<ana lex="หาย" pos="verb" trans="be lost" translit=""/><ana lex="หาย" pos="verb" trans="recover" translit=""/></w></se><se><w>ไม่<ana lex="ไม่" pos="adverb" trans="not" translit=""/><ana lex="ไม่" pos="PRF" trans="an-" translit=""/><ana lex="ไม่" pos="PRF" trans="un-" translit=""/><ana lex="ไม่" pos="PRF" trans="un-" translit=""/><ana lex="ไม่" pos="adjective" trans="nary" translit=""/><ana lex="ไม่" pos="NEG" trans="not" translit=""/><ana lex="ไม่" pos="PRF" trans="in-" translit=""/><ana lex="ไม่" pos="adverb" trans="no" translit=""/><ana lex="ไม่" pos="PRF" trans="non-" translit=""/><ana lex="ไม่" pos="PRF" trans="non-" translit=""/><ana lex="ไม่" pos="PRF" trans="in-" translit=""/><ana lex="ไม่" pos="SL" trans="no soup" translit=""/><ana lex="ไม่" pos="SL" trans="no sale" translit=""/><ana lex="ไม่" pos="SL" trans="nope" translit=""/><ana lex="ไม่" pos="SL" trans="No way!" translit=""/><ana lex="ไม่" pos="NEG" trans="not" translit=""/><ana lex="ไม่" pos="SL" trans="Nuts!" translit=""/></w><w>ใช่<ana lex="ใช่" pos="adverb" trans="yes" translit=""/></w><w>ว่า</w><w>ไม่<ana lex="ไม่" pos="adverb" trans="not" translit=""/><ana lex="ไม่" pos="PRF" trans="an-" translit=""/><ana lex="ไม่" pos="PRF" trans="un-" translit=""/><ana lex="ไม่" pos="PRF" trans="un-" translit=""/><ana lex="ไม่" pos="adjective" trans="nary" translit=""/><ana lex="ไม่" pos="NEG" trans="not" translit=""/><ana lex="ไม่" pos="PRF" trans="in-" translit=""/><ana lex="ไม่" pos="adverb" trans="no" translit=""/><ana lex="ไม่" pos="PRF" trans="non-" translit=""/><ana lex="ไม่" pos="PRF" trans="non-" translit=""/><ana lex="ไม่" pos="PRF" trans="in-" translit=""/><ana lex="ไม่" pos="SL" trans="no soup" translit=""/><ana lex="ไม่" pos="SL" trans="no sale" translit=""/><ana lex="ไม่" pos="SL" trans="nope" translit=""/><ana lex="ไม่" pos="SL" trans="No way!" translit=""/><ana lex="ไม่" pos="NEG" trans="not" translit=""/><ana lex="ไม่" pos="SL" trans="Nuts!" translit=""/></w><w>แคร์<ana lex="แคร์" pos="verb" trans="care" translit=""/></w></se><se><w>เลย<ana lex="เลย" pos="PRF" trans="extra-" translit=""/><ana lex="เลย" pos="auxiliary verb" trans="have to" translit=""/><ana lex="เลย" pos="verb" trans="pass" translit=""/><ana lex="เลย" pos="adverb" trans="really" translit=""/><ana lex="เลย" pos="noun" trans="Loei" translit=""/><ana lex="เลย" pos="adverb" trans="completely" translit=""/></w><w>ปล่อย<ana lex="ปล่อย" pos="verb,transitive" trans="relinquish" translit=""/><ana lex="ปล่อย" pos="idiom" trans="let go of" translit=""/><ana lex="ปล่อย" pos="PHRV" trans="leave go of" translit=""/><ana lex="ปล่อย" pos="verb,transitive" trans="deliver" translit=""/><ana lex="ปล่อย" pos="verb" trans="allow" translit=""/><ana lex="ปล่อย" pos="PHRV" trans="let out" translit=""/><ana lex="ปล่อย" pos="verb,transitive" trans="unleash" translit=""/><ana lex="ปล่อย" pos="verb" trans="to release" translit=""/><ana lex="ปล่อย" pos="verb,intransitive" trans="loose" translit=""/><ana lex="ปล่อย" pos="verb,transitive" trans="turn" translit=""/></w><w>ให้<ana lex="ให้" pos="verb,transitive" trans="afford" translit=""/><ana lex="ให้" pos="verb" trans="give" translit=""/><ana lex="ให้" pos="verb,transitive" trans="give" translit=""/><ana lex="ให้" pos="verb,transitive" trans="dispense" translit=""/><ana lex="ให้" pos="verb,transitive" trans="bestow" translit=""/><ana lex="ให้" pos="verb" trans="give" translit=""/><ana lex="ให้" pos="verb,transitive" trans="accord" translit=""/><ana lex="ให้" pos="auxiliary verb" trans="to" translit=""/><ana lex="ให้" pos="verb" trans="permit" translit=""/></w><w>เธอ<ana lex="เธอ" pos="PRON" trans="you" translit=""/><ana lex="เธอ" pos="pronoun" trans="she" translit=""/><ana lex="เธอ" pos="pronoun" trans="her" translit=""/><ana lex="เธอ" pos="PRON" trans="she" translit=""/></w><w>เดียวดาย<ana lex="เดียวดาย" pos="adjective" trans="[is] alone; lonely; solitary" translit="diaaoM daaiM"/><ana lex="เดียวดาย" pos="verb" trans="be lonesome" translit=""/><ana lex="เดียวดาย" pos="adverb" trans="in a solitary way; independently" translit="diaaoM daaiM"/><ana lex="เดียวดาย" pos="adverb" trans="solitarily" translit=""/></w></se><se><w>เธอ<ana lex="เธอ" pos="PRON" trans="you" translit=""/><ana lex="เธอ" pos="pronoun" trans="she" translit=""/><ana lex="เธอ" pos="pronoun" trans="her" translit=""/><ana lex="เธอ" pos="PRON" trans="she" translit=""/></w><w>เอง<ana lex="เอง" pos="adverb" trans="only" translit=""/><ana lex="เอง" pos="adverb" trans="alone" translit=""/><ana lex="เอง" pos="adverb" trans="only" translit=""/></w></se><se><w>ยัง<ana lex="ยัง" pos="preposition" trans="to" translit=""/><ana lex="ยัง" pos="adverb" trans="also" translit=""/><ana lex="ยัง" pos="adverb" trans="yet" translit=""/><ana lex="ยัง" pos="adverb" trans="still" translit=""/></w><w>คง<ana lex="คง" pos="auxiliary verb" trans="may" translit=""/></w><w>มี<ana lex="มี" pos="verb" trans="consist of" translit=""/><ana lex="มี" pos="verb" trans="there is/are" translit=""/><ana lex="มี" pos="verb" trans="have" translit=""/><ana lex="มี" pos="verb,transitive" trans="contain" translit=""/><ana lex="มี" pos="verb,transitive" trans="has" translit=""/><ana lex="มี" pos="verb,transitive" trans="have" translit=""/><ana lex="มี" pos="adjective" trans="rich" translit=""/></w><w>ความหมาย<ana lex="ความหมาย" pos="noun" trans="importance" translit=""/><ana lex="ความหมาย" pos="noun" trans="meaning" translit=""/><ana lex="ความหมาย" pos="noun" trans="meaning" translit=""/><ana lex="ความหมาย" pos="noun" trans="significance" translit=""/><ana lex="ความหมาย" pos="noun" trans="purport" translit=""/><ana lex="ความหมาย" pos="noun" trans="drift" translit=""/><ana lex="ความหมาย" pos="noun" trans="[ความหมาย] meaning; definition; meaningfulness" translit="khwaamM maaiR"/></w></se><se><w>เหมือน<ana lex="เหมือน" pos="PRF" trans="homo-" translit=""/><ana lex="เหมือน" pos="verb,transitive" trans="mirror" translit=""/><ana lex="เหมือน" pos="PHRV" trans="take after" translit=""/><ana lex="เหมือน" pos="conjunction" trans="like" translit=""/><ana lex="เหมือน" pos="SUF" trans="-like" translit=""/><ana lex="เหมือน" pos="SUF" trans="-ly" translit=""/></w><w>เดิม<ana lex="เดิม" pos="adverb" trans="as before" translit=""/><ana lex="เดิม" pos="adjective" trans="old" translit=""/><ana lex="เดิม" pos="adverb" trans="at first" translit=""/></w></se><se><w>กาล<ana lex="กาล" pos="noun,poetic,loanword,Pali" trans="epoch; time; era" translit="gaanM"/><ana lex="กาล" pos="noun" trans="time" translit=""/><ana lex="กาล" pos="noun" trans="death; doom" translit="gaanM"/><ana lex="กาล" pos="noun" trans="[สีกาล] the color dark blue    " translit="gaanM"/><ana lex="กาล" pos="noun" trans="black cobra" translit="gaanM"/><ana lex="กาล" pos="noun" trans="tense" translit=""/><ana lex="กาล" pos="" trans="[alternate pronunciation of กาล]" translit="gaaM laH"/><ana lex="กาล" pos="proper noun" trans="the god Siva" translit="gaanM"/><ana lex="กาล" pos="noun,loanword,Pali" trans="[grammar] tense" translit="gaanM"/></w><w>เวลา<ana lex="เวลา" pos="PRF" trans="chrono-" translit=""/><ana lex="เวลา" pos="conjunction" trans="when" translit=""/><ana lex="เวลา" pos="noun" trans="chance" translit=""/><ana lex="เวลา" pos="noun" trans="time" translit=""/><ana lex="เวลา" pos="noun" trans="time" translit=""/><ana lex="เวลา" pos="noun" trans="duration" translit=""/></w></se><se><w>ไม่<ana lex="ไม่" pos="adverb" trans="not" translit=""/><ana lex="ไม่" pos="PRF" trans="an-" translit=""/><ana lex="ไม่" pos="PRF" trans="un-" translit=""/><ana lex="ไม่" pos="PRF" trans="un-" translit=""/><ana lex="ไม่" pos="adjective" trans="nary" translit=""/><ana lex="ไม่" pos="NEG" trans="not" translit=""/><ana lex="ไม่" pos="PRF" trans="in-" translit=""/><ana lex="ไม่" pos="adverb" trans="no" translit=""/><ana lex="ไม่" pos="PRF" trans="non-" translit=""/><ana lex="ไม่" pos="PRF" trans="non-" translit=""/><ana lex="ไม่" pos="PRF" trans="in-" translit=""/><ana lex="ไม่" pos="SL" trans="no soup" translit=""/><ana lex="ไม่" pos="SL" trans="no sale" translit=""/><ana lex="ไม่" pos="SL" trans="nope" translit=""/><ana lex="ไม่" pos="SL" trans="No way!" translit=""/><ana lex="ไม่" pos="NEG" trans="not" translit=""/><ana lex="ไม่" pos="SL" trans="Nuts!" translit=""/></w><w>อาจ<ana lex="อาจ" pos="adjective" trans="brave" translit=""/><ana lex="อาจ" pos="adverb" trans="can" translit=""/><ana lex="อาจ" pos="auxiliary verb" trans="could" translit=""/></w><w>ทำให้<ana lex="ทำให้" pos="auxiliary verb" trans="[ทำให้] [prefix which creates a verb from an adjective, corresponding to the English suffix (adj.)-en] to cause to be...; to make...; to effect...; to render as..." translit="thamM haiF"/><ana lex="ทำให้" pos="verb" trans="cause" translit=""/></w><w>รัก<ana lex="รัก" pos="verb,transitive" trans="treasure" translit=""/><ana lex="รัก" pos="verb,transitive" trans="adore" translit=""/><ana lex="รัก" pos="PRF" trans="phil-" translit=""/><ana lex="รัก" pos="PRF" trans="philo-" translit=""/><ana lex="รัก" pos="PHRV" trans="be attached to" translit=""/></w><w>เธอ<ana lex="เธอ" pos="PRON" trans="you" translit=""/><ana lex="เธอ" pos="pronoun" trans="she" translit=""/><ana lex="เธอ" pos="pronoun" trans="her" translit=""/><ana lex="เธอ" pos="PRON" trans="she" translit=""/></w><w>น้อย<ana lex="น้อย" pos="adjective" trans="low" translit=""/><ana lex="น้อย" pos="adjective" trans="few" translit=""/><ana lex="น้อย" pos="adjective" trans="few" translit=""/><ana lex="น้อย" pos="SUF" trans="-ling" translit=""/><ana lex="น้อย" pos="adjective" trans="thin" translit=""/></w><w>ลง<ana lex="ลง" pos="verb" trans="have diarrhea" translit=""/><ana lex="ลง" pos="verb" trans="yield" translit=""/><ana lex="ลง" pos="verb" trans="write down" translit=""/><ana lex="ลง" pos="verb" trans="land (airplane)" translit=""/><ana lex="ลง" pos="verb" trans="apply" translit=""/><ana lex="ลง" pos="verb" trans="publish" translit=""/><ana lex="ลง" pos="verb" trans="plant" translit=""/><ana lex="ลง" pos="verb" trans="whip" translit=""/><ana lex="ลง" pos="PRF" trans="cat-" translit=""/><ana lex="ลง" pos="verb" trans="drop" translit=""/><ana lex="ลง" pos="PRF" trans="de-" translit=""/><ana lex="ลง" pos="verb" trans="fall" translit=""/><ana lex="ลง" pos="adverb" trans="down" translit=""/><ana lex="ลง" pos="adverb" trans="down" translit=""/><ana lex="ลง" pos="verb" trans="get down" translit=""/><ana lex="ลง" pos="PRF" trans="cath-" translit=""/><ana lex="ลง" pos="PRF" trans="cata-" translit=""/></w></se><se><w>แต่<ana lex="แต่" pos="adverb" trans="only" translit=""/><ana lex="แต่" pos="conjunction" trans="but" translit=""/><ana lex="แต่" pos="conjunction" trans="but" translit=""/><ana lex="แต่" pos="conjunction" trans="but" translit=""/><ana lex="แต่" pos="preposition" trans="earlier" translit=""/><ana lex="แต่" pos="conjunction" trans="only" translit=""/></w><w>ยัง<ana lex="ยัง" pos="preposition" trans="to" translit=""/><ana lex="ยัง" pos="adverb" trans="also" translit=""/><ana lex="ยัง" pos="adverb" trans="yet" translit=""/><ana lex="ยัง" pos="adverb" trans="still" translit=""/></w><w>คง<ana lex="คง" pos="auxiliary verb" trans="may" translit=""/></w></se><se><w>มั่น</w></se><se><w>ไม่<ana lex="ไม่" pos="adverb" trans="not" translit=""/><ana lex="ไม่" pos="PRF" trans="an-" translit=""/><ana lex="ไม่" pos="PRF" trans="un-" translit=""/><ana lex="ไม่" pos="PRF" trans="un-" translit=""/><ana lex="ไม่" pos="adjective" trans="nary" translit=""/><ana lex="ไม่" pos="NEG" trans="not" translit=""/><ana lex="ไม่" pos="PRF" trans="in-" translit=""/><ana lex="ไม่" pos="adverb" trans="no" translit=""/><ana lex="ไม่" pos="PRF" trans="non-" translit=""/><ana lex="ไม่" pos="PRF" trans="non-" translit=""/><ana lex="ไม่" pos="PRF" trans="in-" translit=""/><ana lex="ไม่" pos="SL" trans="no soup" translit=""/><ana lex="ไม่" pos="SL" trans="no sale" translit=""/><ana lex="ไม่" pos="SL" trans="nope" translit=""/><ana lex="ไม่" pos="SL" trans="No way!" translit=""/><ana lex="ไม่" pos="NEG" trans="not" translit=""/><ana lex="ไม่" pos="SL" trans="Nuts!" translit=""/></w><w>มี<ana lex="มี" pos="verb" trans="consist of" translit=""/><ana lex="มี" pos="verb" trans="there is/are" translit=""/><ana lex="มี" pos="verb" trans="have" translit=""/><ana lex="มี" pos="verb,transitive" trans="contain" translit=""/><ana lex="มี" pos="verb,transitive" trans="has" translit=""/><ana lex="มี" pos="verb,transitive" trans="have" translit=""/><ana lex="มี" pos="adjective" trans="rich" translit=""/></w><w>ใคร<ana lex="ใคร" pos="PRON" trans="who" translit=""/><ana lex="ใคร" pos="pronoun" trans="who" translit=""/></w><w>เข้า<ana lex="เข้า" pos="verb" trans="get along with" translit=""/><ana lex="เข้า" pos="verb,transitive" trans="access" translit=""/><ana lex="เข้า" pos="verb" trans="put in" translit=""/><ana lex="เข้า" pos="verb,transitive" trans="enter" translit=""/><ana lex="เข้า" pos="verb,intransitive" trans="enter" translit=""/><ana lex="เข้า" pos="verb" trans="enter" translit=""/><ana lex="เข้า" pos="verb" trans="reach" translit=""/></w><w>มา<ana lex="มา" pos="PHRV" trans="get in1" translit=""/><ana lex="มา" pos="adverb" trans="coming (toward the present; or toward the focal time)" translit=""/><ana lex="มา" pos="verb,intransitive" trans="come" translit=""/><ana lex="มา" pos="verb" trans="arrive" translit=""/></w><w>เสริม<ana lex="เสริม" pos="verb" trans="support" translit=""/><ana lex="เสริม" pos="adjective" trans="auxiliary" translit=""/><ana lex="เสริม" pos="verb" trans="enhance" translit=""/><ana lex="เสริม" pos="verb,transitive" trans="reenforce" translit=""/></w></se><se><w>ไม่<ana lex="ไม่" pos="adverb" trans="not" translit=""/><ana lex="ไม่" pos="PRF" trans="an-" translit=""/><ana lex="ไม่" pos="PRF" trans="un-" translit=""/><ana lex="ไม่" pos="PRF" trans="un-" translit=""/><ana lex="ไม่" pos="adjective" trans="nary" translit=""/><ana lex="ไม่" pos="NEG" trans="not" translit=""/><ana lex="ไม่" pos="PRF" trans="in-" translit=""/><ana lex="ไม่" pos="adverb" trans="no" translit=""/><ana lex="ไม่" pos="PRF" trans="non-" translit=""/><ana lex="ไม่" pos="PRF" trans="non-" translit=""/><ana lex="ไม่" pos="PRF" trans="in-" translit=""/><ana lex="ไม่" pos="SL" trans="no soup" translit=""/><ana lex="ไม่" pos="SL" trans="no sale" translit=""/><ana lex="ไม่" pos="SL" trans="nope" translit=""/><ana lex="ไม่" pos="SL" trans="No way!" translit=""/><ana lex="ไม่" pos="NEG" trans="not" translit=""/><ana lex="ไม่" pos="SL" trans="Nuts!" translit=""/></w><w>โทร<ana lex="โทร" pos="verb" trans="call" translit=""/><ana lex="โทร" pos="" trans="[alternate pronunciation of โทร ]" translit="tho:hM raH"/></w><w>ไป<ana lex="ไป" pos="PRF" trans="ad-" translit=""/><ana lex="ไป" pos="verb" trans="go" translit=""/><ana lex="ไป" pos="SL" trans="chip" translit=""/><ana lex="ไป" pos="SL" trans="gone for a Burton" translit=""/><ana lex="ไป" pos="verb,intransitive" trans="go" translit=""/></w></se><se><w>ใช่<ana lex="ใช่" pos="adverb" trans="yes" translit=""/></w><w>ว่า</w></se><se><w>ไม่<ana lex="ไม่" pos="adverb" trans="not" translit=""/><ana lex="ไม่" pos="PRF" trans="an-" translit=""/><ana lex="ไม่" pos="PRF" trans="un-" translit=""/><ana lex="ไม่" pos="PRF" trans="un-" translit=""/><ana lex="ไม่" pos="adjective" trans="nary" translit=""/><ana lex="ไม่" pos="NEG" trans="not" translit=""/><ana lex="ไม่" pos="PRF" trans="in-" translit=""/><ana lex="ไม่" pos="adverb" trans="no" translit=""/><ana lex="ไม่" pos="PRF" trans="non-" translit=""/><ana lex="ไม่" pos="PRF" trans="non-" translit=""/><ana lex="ไม่" pos="PRF" trans="in-" translit=""/><ana lex="ไม่" pos="SL" trans="no soup" translit=""/><ana lex="ไม่" pos="SL" trans="no sale" translit=""/><ana lex="ไม่" pos="SL" trans="nope" translit=""/><ana lex="ไม่" pos="SL" trans="No way!" translit=""/><ana lex="ไม่" pos="NEG" trans="not" translit=""/><ana lex="ไม่" pos="SL" trans="Nuts!" translit=""/></w><w>เหมือน<ana lex="เหมือน" pos="PRF" trans="homo-" translit=""/><ana lex="เหมือน" pos="verb,transitive" trans="mirror" translit=""/><ana lex="เหมือน" pos="PHRV" trans="take after" translit=""/><ana lex="เหมือน" pos="conjunction" trans="like" translit=""/><ana lex="เหมือน" pos="SUF" trans="-like" translit=""/><ana lex="เหมือน" pos="SUF" trans="-ly" translit=""/></w><w>เดิม<ana lex="เดิม" pos="adverb" trans="as before" translit=""/><ana lex="เดิม" pos="adjective" trans="old" translit=""/><ana lex="เดิม" pos="adverb" trans="at first" translit=""/></w></se><se><w>แต่<ana lex="แต่" pos="adverb" trans="only" translit=""/><ana lex="แต่" pos="conjunction" trans="but" translit=""/><ana lex="แต่" pos="conjunction" trans="but" translit=""/><ana lex="แต่" pos="conjunction" trans="but" translit=""/><ana lex="แต่" pos="preposition" trans="earlier" translit=""/><ana lex="แต่" pos="conjunction" trans="only" translit=""/></w><w>รั</w><w>เธอ<ana lex="เธอ" pos="PRON" trans="you" translit=""/><ana lex="เธอ" pos="pronoun" trans="she" translit=""/><ana lex="เธอ" pos="pronoun" trans="her" translit=""/><ana lex="เธอ" pos="PRON" trans="she" translit=""/></w><w>เพิ่ม<ana lex="เพิ่ม" pos="verb,transitive" trans="pad" translit=""/><ana lex="เพิ่ม" pos="PHRV" trans="add to" translit=""/><ana lex="เพิ่ม" pos="PHRV" trans="put on1" translit=""/><ana lex="เพิ่ม" pos="PHRV" trans="put into" translit=""/><ana lex="เพิ่ม" pos="verb,transitive" trans="aggrandize" translit=""/><ana lex="เพิ่ม" pos="verb,intransitive" trans="increase" translit=""/><ana lex="เพิ่ม" pos="PHRV" trans="scale up" translit=""/><ana lex="เพิ่ม" pos="verb,transitive" trans="attach" translit=""/><ana lex="เพิ่ม" pos="verb,transitive" trans="heighten" translit=""/><ana lex="เพิ่ม" pos="verb,transitive" trans="gain" translit=""/><ana lex="เพิ่ม" pos="PHRV" trans="append to" translit=""/><ana lex="เพิ่ม" pos="verb,transitive" trans="increase" translit=""/><ana lex="เพิ่ม" pos="verb,transitive" trans="introduce" translit=""/><ana lex="เพิ่ม" pos="PHRV" trans="put to2" translit=""/><ana lex="เพิ่ม" pos="adjective" trans="plus" translit=""/></w><w>ขึ้น<ana lex="ขึ้น" pos="adjective" trans="ascending" translit=""/><ana lex="ขึ้น" pos="verb,intransitive" trans="ascend" translit=""/><ana lex="ขึ้น" pos="verb" trans="come into being" translit=""/><ana lex="ขึ้น" pos="verb" trans="be lucky" translit=""/><ana lex="ขึ้น" pos="adverb" trans="increasingly" translit=""/><ana lex="ขึ้น" pos="adverb" trans="be tenable" translit=""/><ana lex="ขึ้น" pos="verb" trans="develop" translit=""/><ana lex="ขึ้น" pos="adjective" trans="ascendant" translit=""/><ana lex="ขึ้น" pos="adverb" trans="more" translit=""/><ana lex="ขึ้น" pos="verb" trans="depend on" translit=""/><ana lex="ขึ้น" pos="verb" trans="be in luck" translit=""/><ana lex="ขึ้น" pos="verb" trans="grow" translit=""/><ana lex="ขึ้น" pos="verb" trans="get on" translit=""/><ana lex="ขึ้น" pos="verb" trans="go up" translit=""/><ana lex="ขึ้น" pos="verb" trans="increase" translit=""/></w></se><se><w>ทุกๆ<ana lex="ทุกๆ" pos="adjective" trans="all" translit=""/><ana lex="ทุกๆ" pos="DET" trans="every" translit=""/></w><w>วัน<ana lex="วัน" pos="" trans="[alternate pronunciation of วัน ]" translit="wanM naH"/><ana lex="วัน" pos="noun" trans="day" translit=""/><ana lex="วัน" pos="noun" trans="diem" translit=""/><ana lex="วัน" pos="noun" trans="day" translit=""/></w></se><se><w>เขา<ana lex="เขา" pos="noun" trans="dove" translit=""/><ana lex="เขา" pos="" trans="[alternate pronunciation of เขา ]" translit="khaoH"/><ana lex="เขา" pos="noun" trans="dove (a kind of bird)" translit=""/><ana lex="เขา" pos="noun" trans="horn" translit=""/><ana lex="เขา" pos="noun" trans="horn" translit=""/><ana lex="เขา" pos="PRON" trans="he" translit=""/><ana lex="เขา" pos="noun" trans="mountain" translit=""/></w><w>คง<ana lex="คง" pos="auxiliary verb" trans="may" translit=""/></w><w>อยาก<ana lex="อยาก" pos="PHRV" trans="care for" translit=""/><ana lex="อยาก" pos="PHRV" trans="feel like" translit=""/></w><w>โทร<ana lex="โทร" pos="verb" trans="call" translit=""/><ana lex="โทร" pos="" trans="[alternate pronunciation of โทร ]" translit="tho:hM raH"/></w><w>หา<ana lex="หา" pos="verb" trans="grope" translit=""/><ana lex="หา" pos="verb" trans="accuse" translit=""/><ana lex="หา" pos="verb" trans="see" translit=""/><ana lex="หา" pos="verb,transitive" trans="find" translit=""/><ana lex="หา" pos="verb" trans="search for" translit=""/></w><w>นะ<ana lex="นะ" pos="END" trans="particle used at the end of a clause" translit=""/></w></se><se><w>แต่ว่า<ana lex="แต่ว่า" pos="conjunction" trans="but" translit=""/><ana lex="แต่ว่า" pos="interjection" trans="[conversational filler] but...; er..." translit="dtaaeL waaF"/></w><w>ค่า<ana lex="ค่า" pos="noun" trans="fee" translit=""/><ana lex="ค่า" pos="noun" trans="price" translit=""/><ana lex="ค่า" pos="noun" trans="value" translit=""/></w><w>โทร<ana lex="โทร" pos="verb" trans="call" translit=""/><ana lex="โทร" pos="" trans="[alternate pronunciation of โทร ]" translit="tho:hM raH"/></w><w>มัน<ana lex="มัน" pos="pronoun" trans="it" translit=""/><ana lex="มัน" pos="noun" trans="fat" translit=""/><ana lex="มัน" pos="noun" trans="yam" translit=""/><ana lex="มัน" pos="PRON" trans="it" translit=""/></w><w>แพง<ana lex="แพง" pos="adjective" trans="costly" translit=""/><ana lex="แพง" pos="adjective" trans="high" translit=""/><ana lex="แพง" pos="adjective" trans="pricey" translit=""/><ana lex="แพง" pos="adjective" trans="expensive" translit=""/><ana lex="แพง" pos="SL" trans="pric(e)y" translit=""/><ana lex="แพง" pos="adjective" trans="expensive" translit=""/></w></se><se><w>โทร<ana lex="โทร" pos="verb" trans="call" translit=""/><ana lex="โทร" pos="" trans="[alternate pronunciation of โทร ]" translit="tho:hM raH"/></w><w>แต่<ana lex="แต่" pos="adverb" trans="only" translit=""/><ana lex="แต่" pos="conjunction" trans="but" translit=""/><ana lex="แต่" pos="conjunction" trans="but" translit=""/><ana lex="แต่" pos="conjunction" trans="but" translit=""/><ana lex="แต่" pos="preposition" trans="earlier" translit=""/><ana lex="แต่" pos="conjunction" trans="only" translit=""/></w><w>น้อย<ana lex="น้อย" pos="adjective" trans="low" translit=""/><ana lex="น้อย" pos="adjective" trans="few" translit=""/><ana lex="น้อย" pos="adjective" trans="few" translit=""/><ana lex="น้อย" pos="SUF" trans="-ling" translit=""/><ana lex="น้อย" pos="adjective" trans="thin" translit=""/></w></se><se><w>แต่<ana lex="แต่" pos="adverb" trans="only" translit=""/><ana lex="แต่" pos="conjunction" trans="but" translit=""/><ana lex="แต่" pos="conjunction" trans="but" translit=""/><ana lex="แต่" pos="conjunction" trans="but" translit=""/><ana lex="แต่" pos="preposition" trans="earlier" translit=""/><ana lex="แต่" pos="conjunction" trans="only" translit=""/></w><w>คิด<ana lex="คิด" pos="verb,transitive" trans="reckon" translit=""/><ana lex="คิด" pos="verb,intransitive" trans="cerebrate" translit=""/><ana lex="คิด" pos="verb,transitive" trans="conceive" translit=""/><ana lex="คิด" pos="verb,transitive" trans="conceit" translit=""/><ana lex="คิด" pos="PHRV" trans="go over2" translit=""/><ana lex="คิด" pos="verb" trans="create" translit=""/><ana lex="คิด" pos="verb" trans="estimate" translit=""/><ana lex="คิด" pos="verb" trans="want" translit=""/><ana lex="คิด" pos="verb" trans="think" translit=""/><ana lex="คิด" pos="verb" trans="consider" translit=""/><ana lex="คิด" pos="verb" trans="calculate" translit=""/><ana lex="คิด" pos="verb,transitive" trans="think" translit=""/><ana lex="คิด" pos="verb,intransitive" trans="think" translit=""/></w><w>ถึง<ana lex="ถึง" pos="verb" trans="be skillful" translit=""/><ana lex="ถึง" pos="verb,transitive" trans="attain" translit=""/><ana lex="ถึง" pos="conjunction" trans="even though" translit=""/><ana lex="ถึง" pos="preposition" trans="to" translit=""/><ana lex="ถึง" pos="verb" trans="reach" translit=""/><ana lex="ถึง" pos="verb" trans="be ...enough" translit=""/><ana lex="ถึง" pos="preposition" trans="to" translit=""/><ana lex="ถึง" pos="conjunction" trans="then" translit=""/></w><w>มากๆ<ana lex="มากๆ" pos="adverb" trans="overly much" translit=""/></w><w>ดี<ana lex="ดี" pos="adjective" trans="fine" translit=""/><ana lex="ดี" pos="adjective" trans="braw" translit=""/><ana lex="ดี" pos="SL" trans="hunky-dory" translit=""/><ana lex="ดี" pos="adjective" trans="useful" translit=""/><ana lex="ดี" pos="noun" trans="gallbladder" translit=""/><ana lex="ดี" pos="adjective" trans="nice" translit=""/><ana lex="ดี" pos="adjective" trans="fine" translit=""/><ana lex="ดี" pos="adjective" trans="tidy" translit=""/><ana lex="ดี" pos="SL" trans="kushty" translit=""/><ana lex="ดี" pos="SL" trans="tickety-boo" translit=""/><ana lex="ดี" pos="adjective" trans="well" translit=""/><ana lex="ดี" pos="PRF" trans="eu-" translit=""/><ana lex="ดี" pos="idiom" trans="Well and good" translit=""/><ana lex="ดี" pos="adjective" trans="good" translit=""/><ana lex="ดี" pos="adverb" trans="well" translit=""/><ana lex="ดี" pos="adjective" trans="high" translit=""/><ana lex="ดี" pos="adjective" trans="nice" translit=""/><ana lex="ดี" pos="adjective" trans="nice" translit=""/><ana lex="ดี" pos="adjective" trans="well" translit=""/></w><w>กว่า<ana lex="กว่า" pos="adverb" trans="more" translit=""/><ana lex="กว่า" pos="DET" trans="over" translit=""/><ana lex="กว่า" pos="preposition" trans="till" translit=""/></w></se><se><w>กลับ<ana lex="กลับ" pos="PRF" trans="un-" translit=""/><ana lex="กลับ" pos="verb" trans="become to" translit=""/><ana lex="กลับ" pos="verb" trans="reverse" translit=""/><ana lex="กลับ" pos="PHRV" trans="be back" translit=""/><ana lex="กลับ" pos="verb" trans="return" translit=""/></w><w>มา<ana lex="มา" pos="PHRV" trans="get in1" translit=""/><ana lex="มา" pos="adverb" trans="coming (toward the present; or toward the focal time)" translit=""/><ana lex="มา" pos="verb,intransitive" trans="come" translit=""/><ana lex="มา" pos="verb" trans="arrive" translit=""/></w><w>คุย<ana lex="คุย" pos="SL" trans="chopsing" translit=""/><ana lex="คุย" pos="verb" trans="brag" translit=""/><ana lex="คุย" pos="SL" trans="chew the fat" translit=""/><ana lex="คุย" pos="verb,intransitive" trans="confabulate" translit=""/><ana lex="คุย" pos="verb" trans="talk" translit=""/></w><w>กัน<ana lex="กัน" pos="verb" trans="keep out" translit=""/><ana lex="กัน" pos="PRON" trans="one another" translit=""/><ana lex="กัน" pos="PHRV" trans="screen off" translit=""/><ana lex="กัน" pos="adverb" trans="together" translit=""/><ana lex="กัน" pos="verb" trans="shave" translit=""/><ana lex="กัน" pos="verb" trans="separate" translit=""/></w><w>ตัว<ana lex="ตัว" pos="classifier" trans="numerative noun for animals and things" translit=""/><ana lex="ตัว" pos="classifier" trans="numerative noun for animals and things" translit=""/><ana lex="ตัว" pos="PRON" trans="you" translit=""/><ana lex="ตัว" pos="noun" trans="body" translit=""/><ana lex="ตัว" pos="PRON" trans="you" translit=""/></w><w>ตัวดี<ana lex="ตัวดี" pos="noun" trans="culprit" translit=""/><ana lex="ตัวดี" pos="noun" trans="culprit" translit=""/></w><w>กว่า<ana lex="กว่า" pos="adverb" trans="more" translit=""/><ana lex="กว่า" pos="DET" trans="over" translit=""/><ana lex="กว่า" pos="preposition" trans="till" translit=""/></w><w>คุย<ana lex="คุย" pos="SL" trans="chopsing" translit=""/><ana lex="คุย" pos="verb" trans="brag" translit=""/><ana lex="คุย" pos="SL" trans="chew the fat" translit=""/><ana lex="คุย" pos="verb,intransitive" trans="confabulate" translit=""/><ana lex="คุย" pos="verb" trans="talk" translit=""/></w><w>ทาง<ana lex="ทาง" pos="noun" trans="way" translit=""/><ana lex="ทาง" pos="noun" trans="palm leaf" translit=""/><ana lex="ทาง" pos="preposition" trans="from" translit=""/><ana lex="ทาง" pos="noun" trans="way" translit=""/><ana lex="ทาง" pos="classifier" trans="qualifier for palm leaves" translit=""/><ana lex="ทาง" pos="preposition" trans="by" translit=""/><ana lex="ทาง" pos="noun" trans="side" translit=""/><ana lex="ทาง" pos="noun" trans="pathway" translit=""/><ana lex="ทาง" pos="preposition" trans="by" translit=""/></w><w>โทรศัพท์<ana lex="โทรศัพท์" pos="SL" trans="dog and bone" translit=""/><ana lex="โทรศัพท์" pos="noun" trans="telephone" translit=""/><ana lex="โทรศัพท์" pos="verb,transitive" trans="phone" translit=""/><ana lex="โทรศัพท์" pos="SL" trans="blower" translit=""/><ana lex="โทรศัพท์" pos="verb,intransitive" trans="phone" translit=""/><ana lex="โทรศัพท์" pos="verb,intransitive" trans="to call on the telephone; to place a call; to phone; to telephone" translit="tho:hM raH sapL"/><ana lex="โทรศัพท์" pos="noun" trans="telephone" translit=""/><ana lex="โทรศัพท์" pos="verb,intransitive" trans="ring" translit=""/></w><w>นะ<ana lex="นะ" pos="END" trans="particle used at the end of a clause" translit=""/></w><w>ค่ะ<ana lex="ค่ะ" pos="END" trans="yes" translit=""/></w></se><se><w>ขอบคุณ<ana lex="ขอบคุณ" pos="verb" trans="thank" translit=""/><ana lex="ขอบคุณ" pos="SL" trans="ta!" translit=""/><ana lex="ขอบคุณ" pos="verb,intransitive" trans="acknowledge" translit=""/><ana lex="ขอบคุณ" pos="verb" trans="to express thanks to; thank" translit="khaawpL khoonM"/><ana lex="ขอบคุณ" pos="SL" trans="cheers!2" translit=""/><ana lex="ขอบคุณ" pos="interjection" trans="cheers" translit=""/><ana lex="ขอบคุณ" pos="verb,transitive" trans="acknowledge" translit=""/></w><w>ทุก<ana lex="ทุก" pos="DET" trans="every" translit=""/></w><w>คน<ana lex="คน" pos="noun" trans="bloke" translit=""/><ana lex="คน" pos="verb,transitive" trans="mill" translit=""/><ana lex="คน" pos="PRF" trans="anthropo-" translit=""/><ana lex="คน" pos="noun" trans="human" translit=""/><ana lex="คน" pos="noun" trans="people" translit=""/><ana lex="คน" pos="noun" trans="being" translit=""/><ana lex="คน" pos="PHRV" trans="stir about" translit=""/><ana lex="คน" pos="PHRV" trans="stir around" translit=""/><ana lex="คน" pos="SL" trans="bod" translit=""/><ana lex="คน" pos="classifier" trans="person" translit=""/><ana lex="คน" pos="verb" trans="stir" translit=""/></w><w>ที่<ana lex="ที่" pos="PRON" trans="that" translit=""/><ana lex="ที่" pos="preposition" trans="at" translit=""/><ana lex="ที่" pos="noun" trans="word for utensil" translit=""/><ana lex="ที่" pos="preposition" trans="at" translit=""/><ana lex="ที่" pos="noun" trans="place" translit=""/><ana lex="ที่" pos="classifier" trans="qualifiers for places" translit=""/><ana lex="ที่" pos="noun" trans="ordinal number" translit=""/><ana lex="ที่" pos="preposition" trans="to" translit=""/><ana lex="ที่" pos="noun" trans="land" translit=""/></w><w>แวะ<ana lex="แวะ" pos="PHRV" trans="stop by" translit=""/><ana lex="แวะ" pos="PHRV" trans="run round1" translit=""/><ana lex="แวะ" pos="verb" trans="stop" translit=""/></w><w>มา<ana lex="มา" pos="PHRV" trans="get in1" translit=""/><ana lex="มา" pos="adverb" trans="coming (toward the present; or toward the focal time)" translit=""/><ana lex="มา" pos="verb,intransitive" trans="come" translit=""/><ana lex="มา" pos="verb" trans="arrive" translit=""/></w><w>ทักทาย<ana lex="ทักทาย" pos="verb" trans="greet" translit=""/><ana lex="ทักทาย" pos="verb" trans="to greet" translit="thakH thaaiM"/><ana lex="ทักทาย" pos="verb,transitive" trans="greet" translit=""/><ana lex="ทักทาย" pos="PHRV" trans="salute with" translit=""/></w></se><se><w>และ<ana lex="และ" pos="conjunction" trans="and" translit=""/><ana lex="และ" pos="conjunction" trans="and" translit=""/></w><w>เป็น<ana lex="เป็น" pos="auxiliary verb" trans="are" translit=""/><ana lex="เป็น" pos="verb,intransitive" trans="been" translit=""/><ana lex="เป็น" pos="verb,intransitive" trans="come" translit=""/><ana lex="เป็น" pos="verb" trans="be able to" translit=""/><ana lex="เป็น" pos="verb" trans="be" translit=""/><ana lex="เป็น" pos="adjective" trans="alive" translit=""/></w><w>กะ<ana lex="กะ" pos="PHRV" trans="calculate for" translit=""/><ana lex="กะ" pos="noun" trans="shift" translit=""/><ana lex="กะ" pos="verb" trans="estimate" translit=""/></w><w>ลัง<ana lex="ลัง" pos="noun" trans="species of marine fish" translit=""/><ana lex="ลัง" pos="classifier" trans="crate" translit=""/><ana lex="ลัง" pos="noun" trans="box" translit=""/><ana lex="ลัง" pos="classifier" trans="[numerical classifier for boxes]" translit="langM"/><ana lex="ลัง" pos="noun" trans="crate; packing box" translit="langM"/></w><w>ใจ<ana lex="ใจ" pos="noun" trans="heart" translit=""/><ana lex="ใจ" pos="noun" trans="mind" translit=""/></w><w>ให้<ana lex="ให้" pos="verb,transitive" trans="afford" translit=""/><ana lex="ให้" pos="verb" trans="give" translit=""/><ana lex="ให้" pos="verb,transitive" trans="give" translit=""/><ana lex="ให้" pos="verb,transitive" trans="dispense" translit=""/><ana lex="ให้" pos="verb,transitive" trans="bestow" translit=""/><ana lex="ให้" pos="verb" trans="give" translit=""/><ana lex="ให้" pos="verb,transitive" trans="accord" translit=""/><ana lex="ให้" pos="auxiliary verb" trans="to" translit=""/><ana lex="ให้" pos="verb" trans="permit" translit=""/></w><w>คน<ana lex="คน" pos="noun" trans="bloke" translit=""/><ana lex="คน" pos="verb,transitive" trans="mill" translit=""/><ana lex="คน" pos="PRF" trans="anthropo-" translit=""/><ana lex="คน" pos="noun" trans="human" translit=""/><ana lex="คน" pos="noun" trans="people" translit=""/><ana lex="คน" pos="noun" trans="being" translit=""/><ana lex="คน" pos="PHRV" trans="stir about" translit=""/><ana lex="คน" pos="PHRV" trans="stir around" translit=""/><ana lex="คน" pos="SL" trans="bod" translit=""/><ana lex="คน" pos="classifier" trans="person" translit=""/><ana lex="คน" pos="verb" trans="stir" translit=""/></w><w>เหงา<ana lex="เหงา" pos="verb" trans="feel lonely" translit=""/><ana lex="เหงา" pos="noun" trans="[ความเหงา] loneliness; solitude; desolation; isolation; seclusion" translit="ngaoR"/><ana lex="เหงา" pos="verb" trans="[เหงาใจ] [is] (feeling) lonely" translit="ngaoR"/><ana lex="เหงา" pos="adjective" trans="[is] lonely" translit="ngaoR"/></w></se><se><w>คน<ana lex="คน" pos="noun" trans="bloke" translit=""/><ana lex="คน" pos="verb,transitive" trans="mill" translit=""/><ana lex="คน" pos="PRF" trans="anthropo-" translit=""/><ana lex="คน" pos="noun" trans="human" translit=""/><ana lex="คน" pos="noun" trans="people" translit=""/><ana lex="คน" pos="noun" trans="being" translit=""/><ana lex="คน" pos="PHRV" trans="stir about" translit=""/><ana lex="คน" pos="PHRV" trans="stir around" translit=""/><ana lex="คน" pos="SL" trans="bod" translit=""/><ana lex="คน" pos="classifier" trans="person" translit=""/><ana lex="คน" pos="verb" trans="stir" translit=""/></w><w>นี้</w><w>ค่ะ<ana lex="ค่ะ" pos="END" trans="yes" translit=""/></w></se><se><w>ตูน</w><w>หวัง<ana lex="หวัง" pos="verb,transitive" trans="hope" translit=""/><ana lex="หวัง" pos="verb,intransitive" trans="hope" translit=""/></w><w>ว่า</w><w>อีก<ana lex="อีก" pos="adverb" trans="afresh" translit=""/><ana lex="อีก" pos="adjective" trans="second" translit=""/><ana lex="อีก" pos="adjective" trans="another" translit=""/><ana lex="อีก" pos="adverb" trans="again" translit=""/></w><w>ไม่<ana lex="ไม่" pos="adverb" trans="not" translit=""/><ana lex="ไม่" pos="PRF" trans="an-" translit=""/><ana lex="ไม่" pos="PRF" trans="un-" translit=""/><ana lex="ไม่" pos="PRF" trans="un-" translit=""/><ana lex="ไม่" pos="adjective" trans="nary" translit=""/><ana lex="ไม่" pos="NEG" trans="not" translit=""/><ana lex="ไม่" pos="PRF" trans="in-" translit=""/><ana lex="ไม่" pos="adverb" trans="no" translit=""/><ana lex="ไม่" pos="PRF" trans="non-" translit=""/><ana lex="ไม่" pos="PRF" trans="non-" translit=""/><ana lex="ไม่" pos="PRF" trans="in-" translit=""/><ana lex="ไม่" pos="SL" trans="no soup" translit=""/><ana lex="ไม่" pos="SL" trans="no sale" translit=""/><ana lex="ไม่" pos="SL" trans="nope" translit=""/><ana lex="ไม่" pos="SL" trans="No way!" translit=""/><ana lex="ไม่" pos="NEG" trans="not" translit=""/><ana lex="ไม่" pos="SL" trans="Nuts!" translit=""/></w><w>กี่<ana lex="กี่" pos="QUES" trans="how much" translit=""/><ana lex="กี่" pos="noun" trans="loom" translit=""/></w><w>วัน<ana lex="วัน" pos="" trans="[alternate pronunciation of วัน ]" translit="wanM naH"/><ana lex="วัน" pos="noun" trans="day" translit=""/><ana lex="วัน" pos="noun" trans="diem" translit=""/><ana lex="วัน" pos="noun" trans="day" translit=""/></w><w>เขา<ana lex="เขา" pos="noun" trans="dove" translit=""/><ana lex="เขา" pos="" trans="[alternate pronunciation of เขา ]" translit="khaoH"/><ana lex="เขา" pos="noun" trans="dove (a kind of bird)" translit=""/><ana lex="เขา" pos="noun" trans="horn" translit=""/><ana lex="เขา" pos="noun" trans="horn" translit=""/><ana lex="เขา" pos="PRON" trans="he" translit=""/><ana lex="เขา" pos="noun" trans="mountain" translit=""/></w><w>ก็<ana lex="ก็" pos="adverb" trans="also" translit=""/><ana lex="ก็" pos="conjunction" trans="as a result" translit=""/></w><w>คง<ana lex="คง" pos="auxiliary verb" trans="may" translit=""/></w><w>จะ<ana lex="จะ" pos="auxiliary verb" trans="will" translit=""/><ana lex="จะ" pos="auxiliary verb" trans="will" translit=""/><ana lex="จะ" pos="" trans="[alternate spelling of จ้ะ]" translit="jaL"/></w><w>โทร<ana lex="โทร" pos="verb" trans="call" translit=""/><ana lex="โทร" pos="" trans="[alternate pronunciation of โทร ]" translit="tho:hM raH"/></w><w>มา<ana lex="มา" pos="PHRV" trans="get in1" translit=""/><ana lex="มา" pos="adverb" trans="coming (toward the present; or toward the focal time)" translit=""/><ana lex="มา" pos="verb,intransitive" trans="come" translit=""/><ana lex="มา" pos="verb" trans="arrive" translit=""/></w></se><se><w>อาจ<ana lex="อาจ" pos="adjective" trans="brave" translit=""/><ana lex="อาจ" pos="adverb" trans="can" translit=""/><ana lex="อาจ" pos="auxiliary verb" trans="could" translit=""/></w><w>จะ<ana lex="จะ" pos="auxiliary verb" trans="will" translit=""/><ana lex="จะ" pos="auxiliary verb" trans="will" translit=""/><ana lex="จะ" pos="" trans="[alternate spelling of จ้ะ]" translit="jaL"/></w><w>ติด<ana lex="ติด" pos="verb,transitive" trans="fix" translit=""/><ana lex="ติด" pos="verb,intransitive" trans="fasten" translit=""/><ana lex="ติด" pos="verb,transitive" trans="adjoin" translit=""/><ana lex="ติด" pos="verb" trans="become a habit" translit=""/><ana lex="ติด" pos="verb" trans="addicted to" translit=""/><ana lex="ติด" pos="verb" trans="contain" translit=""/><ana lex="ติด" pos="verb" trans="accompany" translit=""/><ana lex="ติด" pos="verb" trans="next to" translit=""/><ana lex="ติด" pos="verb" trans="light" translit=""/><ana lex="ติด" pos="verb" trans="bear" translit=""/><ana lex="ติด" pos="verb" trans="owe" translit=""/><ana lex="ติด" pos="verb" trans="stick" translit=""/><ana lex="ติด" pos="verb" trans="hang" translit=""/><ana lex="ติด" pos="verb" trans="catch" translit=""/><ana lex="ติด" pos="verb" trans="get stuck" translit=""/><ana lex="ติด" pos="verb" trans="close" translit=""/><ana lex="ติด" pos="verb" trans="addicted to" translit=""/><ana lex="ติด" pos="verb" trans="be stained" translit=""/><ana lex="ติด" pos="verb,intransitive" trans="jam" translit=""/><ana lex="ติด" pos="PHRV" trans="affix to" translit=""/><ana lex="ติด" pos="verb" trans="start" translit=""/><ana lex="ติด" pos="verb,transitive" trans="fit" translit=""/><ana lex="ติด" pos="PHRV" trans="go aground" translit=""/><ana lex="ติด" pos="verb,intransitive" trans="adhere" translit=""/><ana lex="ติด" pos="noun" trans="Echeneidae" translit=""/></w><w>ธุระ<ana lex="ธุระ" pos="noun" trans="business" translit=""/></w><w>หรือ<ana lex="หรือ" pos="conjunction" trans="or" translit=""/><ana lex="หรือ" pos="conjunction" trans="or" translit=""/><ana lex="หรือ" pos="END" trans="isn't it" translit=""/></w><w>ไม่<ana lex="ไม่" pos="adverb" trans="not" translit=""/><ana lex="ไม่" pos="PRF" trans="an-" translit=""/><ana lex="ไม่" pos="PRF" trans="un-" translit=""/><ana lex="ไม่" pos="PRF" trans="un-" translit=""/><ana lex="ไม่" pos="adjective" trans="nary" translit=""/><ana lex="ไม่" pos="NEG" trans="not" translit=""/><ana lex="ไม่" pos="PRF" trans="in-" translit=""/><ana lex="ไม่" pos="adverb" trans="no" translit=""/><ana lex="ไม่" pos="PRF" trans="non-" translit=""/><ana lex="ไม่" pos="PRF" trans="non-" translit=""/><ana lex="ไม่" pos="PRF" trans="in-" translit=""/><ana lex="ไม่" pos="SL" trans="no soup" translit=""/><ana lex="ไม่" pos="SL" trans="no sale" translit=""/><ana lex="ไม่" pos="SL" trans="nope" translit=""/><ana lex="ไม่" pos="SL" trans="No way!" translit=""/><ana lex="ไม่" pos="NEG" trans="not" translit=""/><ana lex="ไม่" pos="SL" trans="Nuts!" translit=""/></w><w>มี<ana lex="มี" pos="verb" trans="consist of" translit=""/><ana lex="มี" pos="verb" trans="there is/are" translit=""/><ana lex="มี" pos="verb" trans="have" translit=""/><ana lex="มี" pos="verb,transitive" trans="contain" translit=""/><ana lex="มี" pos="verb,transitive" trans="has" translit=""/><ana lex="มี" pos="verb,transitive" trans="have" translit=""/><ana lex="มี" pos="adjective" trans="rich" translit=""/></w><w>เวลา<ana lex="เวลา" pos="PRF" trans="chrono-" translit=""/><ana lex="เวลา" pos="conjunction" trans="when" translit=""/><ana lex="เวลา" pos="noun" trans="chance" translit=""/><ana lex="เวลา" pos="noun" trans="time" translit=""/><ana lex="เวลา" pos="noun" trans="time" translit=""/><ana lex="เวลา" pos="noun" trans="duration" translit=""/></w><w>เหมือน<ana lex="เหมือน" pos="PRF" trans="homo-" translit=""/><ana lex="เหมือน" pos="verb,transitive" trans="mirror" translit=""/><ana lex="เหมือน" pos="PHRV" trans="take after" translit=""/><ana lex="เหมือน" pos="conjunction" trans="like" translit=""/><ana lex="เหมือน" pos="SUF" trans="-like" translit=""/><ana lex="เหมือน" pos="SUF" trans="-ly" translit=""/></w><w>แบบ<ana lex="แบบ" pos="noun" trans="mould" translit=""/><ana lex="แบบ" pos="noun" trans="design" translit=""/><ana lex="แบบ" pos="noun" trans="model" translit=""/></w><w>ที่<ana lex="ที่" pos="PRON" trans="that" translit=""/><ana lex="ที่" pos="preposition" trans="at" translit=""/><ana lex="ที่" pos="noun" trans="word for utensil" translit=""/><ana lex="ที่" pos="preposition" trans="at" translit=""/><ana lex="ที่" pos="noun" trans="place" translit=""/><ana lex="ที่" pos="classifier" trans="qualifiers for places" translit=""/><ana lex="ที่" pos="noun" trans="ordinal number" translit=""/><ana lex="ที่" pos="preposition" trans="to" translit=""/><ana lex="ที่" pos="noun" trans="land" translit=""/></w><w>ทุก<ana lex="ทุก" pos="DET" trans="every" translit=""/></w><w>คน<ana lex="คน" pos="noun" trans="bloke" translit=""/><ana lex="คน" pos="verb,transitive" trans="mill" translit=""/><ana lex="คน" pos="PRF" trans="anthropo-" translit=""/><ana lex="คน" pos="noun" trans="human" translit=""/><ana lex="คน" pos="noun" trans="people" translit=""/><ana lex="คน" pos="noun" trans="being" translit=""/><ana lex="คน" pos="PHRV" trans="stir about" translit=""/><ana lex="คน" pos="PHRV" trans="stir around" translit=""/><ana lex="คน" pos="SL" trans="bod" translit=""/><ana lex="คน" pos="classifier" trans="person" translit=""/><ana lex="คน" pos="verb" trans="stir" translit=""/></w><w>ว่า</w><w>ก็<ana lex="ก็" pos="adverb" trans="also" translit=""/><ana lex="ก็" pos="conjunction" trans="as a result" translit=""/></w><w>ได้<ana lex="ได้" pos="PHRV" trans="get out of" translit=""/><ana lex="ได้" pos="auxiliary verb" trans="be able to" translit=""/><ana lex="ได้" pos="verb" trans="get" translit=""/><ana lex="ได้" pos="" trans="[alternate pronunciation of ได้ ]" translit="daaiF"/><ana lex="ได้" pos="auxiliary verb" trans="used as an auxiliary verb before a principal verb to indicate the past tense" translit=""/><ana lex="ได้" pos="verb,transitive" trans="get" translit=""/><ana lex="ได้" pos="adverb" trans="can" translit=""/></w><w>ค่ะ<ana lex="ค่ะ" pos="END" trans="yes" translit=""/></w></se><se><w>ขอบคุณ<ana lex="ขอบคุณ" pos="verb" trans="thank" translit=""/><ana lex="ขอบคุณ" pos="SL" trans="ta!" translit=""/><ana lex="ขอบคุณ" pos="verb,intransitive" trans="acknowledge" translit=""/><ana lex="ขอบคุณ" pos="verb" trans="to express thanks to; thank" translit="khaawpL khoonM"/><ana lex="ขอบคุณ" pos="SL" trans="cheers!2" translit=""/><ana lex="ขอบคุณ" pos="interjection" trans="cheers" translit=""/><ana lex="ขอบคุณ" pos="verb,transitive" trans="acknowledge" translit=""/></w><w>ที่<ana lex="ที่" pos="PRON" trans="that" translit=""/><ana lex="ที่" pos="preposition" trans="at" translit=""/><ana lex="ที่" pos="noun" trans="word for utensil" translit=""/><ana lex="ที่" pos="preposition" trans="at" translit=""/><ana lex="ที่" pos="noun" trans="place" translit=""/><ana lex="ที่" pos="classifier" trans="qualifiers for places" translit=""/><ana lex="ที่" pos="noun" trans="ordinal number" translit=""/><ana lex="ที่" pos="preposition" trans="to" translit=""/><ana lex="ที่" pos="noun" trans="land" translit=""/></w><w>ยัง<ana lex="ยัง" pos="preposition" trans="to" translit=""/><ana lex="ยัง" pos="adverb" trans="also" translit=""/><ana lex="ยัง" pos="adverb" trans="yet" translit=""/><ana lex="ยัง" pos="adverb" trans="still" translit=""/></w><w>มี<ana lex="มี" pos="verb" trans="consist of" translit=""/><ana lex="มี" pos="verb" trans="there is/are" translit=""/><ana lex="มี" pos="verb" trans="have" translit=""/><ana lex="มี" pos="verb,transitive" trans="contain" translit=""/><ana lex="มี" pos="verb,transitive" trans="has" translit=""/><ana lex="มี" pos="verb,transitive" trans="have" translit=""/><ana lex="มี" pos="adjective" trans="rich" translit=""/></w><w>กำลังใจ<ana lex="กำลังใจ" pos="noun" trans="morale" translit=""/><ana lex="กำลังใจ" pos="noun" trans="spirit" translit=""/><ana lex="กำลังใจ" pos="noun" trans="morale, spirit, encouragement, moral or spiritual support" translit="gamM langM jaiM"/><ana lex="กำลังใจ" pos="noun" trans="will power" translit=""/></w><w>ให้<ana lex="ให้" pos="verb,transitive" trans="afford" translit=""/><ana lex="ให้" pos="verb" trans="give" translit=""/><ana lex="ให้" pos="verb,transitive" trans="give" translit=""/><ana lex="ให้" pos="verb,transitive" trans="dispense" translit=""/><ana lex="ให้" pos="verb,transitive" trans="bestow" translit=""/><ana lex="ให้" pos="verb" trans="give" translit=""/><ana lex="ให้" pos="verb,transitive" trans="accord" translit=""/><ana lex="ให้" pos="auxiliary verb" trans="to" translit=""/><ana lex="ให้" pos="verb" trans="permit" translit=""/></w><w>กัน<ana lex="กัน" pos="verb" trans="keep out" translit=""/><ana lex="กัน" pos="PRON" trans="one another" translit=""/><ana lex="กัน" pos="PHRV" trans="screen off" translit=""/><ana lex="กัน" pos="adverb" trans="together" translit=""/><ana lex="กัน" pos="verb" trans="shave" translit=""/><ana lex="กัน" pos="verb" trans="separate" translit=""/></w><w>เสมอ<ana lex="เสมอ" pos="adverb" trans="always" translit=""/><ana lex="เสมอ" pos="verb" trans="be equal" translit=""/><ana lex="เสมอ" pos="adverb" trans="semper" translit=""/><ana lex="เสมอ" pos="adverb" trans="always" translit=""/></w><w>นะ<ana lex="นะ" pos="END" trans="particle used at the end of a clause" translit=""/></w><w>คะ<ana lex="คะ" pos="END" trans="particle" translit=""/></w></se><se><w>^_^<ana lex="" pos="" trans="" translit=""/></w></se></body>