<body><meta><link>http://www.thaipoem.com/%E0%B8%81%E0%B8%A5%E0%B8%AD%E0%B8%99/%E0%B8%81%E0%B8%A5%E0%B8%AD%E0%B8%99%E0%B8%AD%E0%B8%81%E0%B8%AB%E0%B8%B1%E0%B8%81-%E0%B8%A3%E0%B8%B1%E0%B8%81%E0%B8%AB%E0%B8%A7%E0%B8%B2%E0%B8%99%E0%B8%8B%E0%B8%B6%E0%B9%89%E0%B8%87/60754</link><title>กำลังใจ...ให้คนดี(ของฉัน)</title><genre>poem</genre></meta><se><w>size&gt;<ana lex="" pos="" trans="" translit=""/></w></se><se><w>เขียน<ana lex="เขียน" pos="verb,intransitive" trans="write" translit=""/><ana lex="เขียน" pos="verb" trans="write" translit=""/><ana lex="เขียน" pos="verb,transitive" trans="write" translit=""/><ana lex="เขียน" pos="PHRV" trans="frame up" translit=""/><ana lex="เขียน" pos="PHRV" trans="make out" translit=""/><ana lex="เขียน" pos="verb,transitive" trans="make" translit=""/></w><w>กลอน<ana lex="กลอน" pos="noun" trans="bolt" translit=""/><ana lex="กลอน" pos="noun" trans="latch" translit=""/><ana lex="กลอน" pos="noun" trans="verse" translit=""/></w><w>ด้วย<ana lex="ด้วย" pos="PRF" trans="com-" translit=""/><ana lex="ด้วย" pos="adverb" trans="along" translit=""/><ana lex="ด้วย" pos="conjunction" trans="plus" translit=""/><ana lex="ด้วย" pos="preposition" trans="with" translit=""/><ana lex="ด้วย" pos="adverb" trans="also" translit=""/><ana lex="ด้วย" pos="conjunction" trans="because" translit=""/><ana lex="ด้วย" pos="preposition" trans="by" translit=""/><ana lex="ด้วย" pos="adverb" trans="so" translit=""/></w><w>ภาษา<ana lex="ภาษา" pos="noun" trans="lingo" translit=""/><ana lex="ภาษา" pos="noun" trans="language" translit=""/><ana lex="ภาษา" pos="noun" trans="tongue" translit=""/><ana lex="ภาษา" pos="noun" trans="language" translit=""/></w><w>ที่<ana lex="ที่" pos="PRON" trans="that" translit=""/><ana lex="ที่" pos="preposition" trans="at" translit=""/><ana lex="ที่" pos="noun" trans="word for utensil" translit=""/><ana lex="ที่" pos="preposition" trans="at" translit=""/><ana lex="ที่" pos="noun" trans="place" translit=""/><ana lex="ที่" pos="classifier" trans="qualifiers for places" translit=""/><ana lex="ที่" pos="noun" trans="ordinal number" translit=""/><ana lex="ที่" pos="preposition" trans="to" translit=""/><ana lex="ที่" pos="noun" trans="land" translit=""/></w><w>อบอุ่น<ana lex="อบอุ่น" pos="verb" trans="be pleasantly warm" translit=""/><ana lex="อบอุ่น" pos="adjective" trans="warm" translit=""/></w><w>มากๆ<ana lex="มากๆ" pos="adverb" trans="overly much" translit=""/></w><w>เลย<ana lex="เลย" pos="PRF" trans="extra-" translit=""/><ana lex="เลย" pos="auxiliary verb" trans="have to" translit=""/><ana lex="เลย" pos="verb" trans="pass" translit=""/><ana lex="เลย" pos="adverb" trans="really" translit=""/><ana lex="เลย" pos="noun" trans="Loei" translit=""/><ana lex="เลย" pos="adverb" trans="completely" translit=""/></w><w>ครับ<ana lex="ครับ" pos="END" trans="yes, sir" translit=""/></w></se><se><w>๚</w><w>ะ๛</w></se></body>