<body><meta><link>http://www.thaipoem.com/%E0%B8%81%E0%B8%A5%E0%B8%AD%E0%B8%99/%E0%B8%81%E0%B8%A5%E0%B8%AD%E0%B8%99%E0%B8%AD%E0%B8%A7%E0%B8%A2%E0%B8%9E%E0%B8%A3/79595</link><title>แม่จ๋า</title><genre>poem</genre></meta><se><w>ตอน<ana lex="ตอน" pos="noun" trans="episode" translit=""/><ana lex="ตอน" pos="classifier" trans="section" translit=""/><ana lex="ตอน" pos="conjunction" trans="when" translit=""/><ana lex="ตอน" pos="preposition" trans="period" translit=""/><ana lex="ตอน" pos="verb" trans="castrate" translit=""/><ana lex="ตอน" pos="noun" trans="part" translit=""/><ana lex="ตอน" pos="verb" trans="castrate" translit=""/><ana lex="ตอน" pos="noun" trans="passage" translit=""/><ana lex="ตอน" pos="verb,transitive" trans="unman" translit=""/><ana lex="ตอน" pos="verb,transitive" trans="caponize" translit=""/></w><w>เรา<ana lex="เรา" pos="pronoun" trans="us" translit=""/><ana lex="เรา" pos="PRON" trans="I" translit=""/><ana lex="เรา" pos="pronoun" trans="we" translit=""/><ana lex="เรา" pos="PRON" trans="you" translit=""/><ana lex="เรา" pos="PRON" trans="we" translit=""/></w><w>ป่วย<ana lex="ป่วย" pos="PRF" trans="male-" translit=""/><ana lex="ป่วย" pos="verb,intransitive" trans="ail" translit=""/><ana lex="ป่วย" pos="verb,intransitive" trans="sicken" translit=""/><ana lex="ป่วย" pos="adjective" trans="sick" translit=""/><ana lex="ป่วย" pos="PHRV" trans="throw up" translit=""/><ana lex="ป่วย" pos="adjective" trans="[is] sick; ailing; ill; diseased" translit="bpuayL"/><ana lex="ป่วย" pos="PHRV" trans="sick up" translit=""/><ana lex="ป่วย" pos="PHRV" trans="fall sick" translit=""/><ana lex="ป่วย" pos="idiom" trans="under the weather" translit=""/><ana lex="ป่วย" pos="PRF" trans="mal-" translit=""/><ana lex="ป่วย" pos="idiom" trans="take ill" translit=""/><ana lex="ป่วย" pos="PHRV" trans="cast up" translit=""/><ana lex="ป่วย" pos="adjective" trans="indisposed" translit=""/><ana lex="ป่วย" pos="adjective" trans="ropey" translit=""/><ana lex="ป่วย" pos="SL" trans="under the weather" translit=""/><ana lex="ป่วย" pos="verb" trans="sick" translit=""/><ana lex="ป่วย" pos="idiom" trans="down with a disease" translit=""/></w><w>ใคร<ana lex="ใคร" pos="PRON" trans="who" translit=""/><ana lex="ใคร" pos="pronoun" trans="who" translit=""/></w><w>เล่า<ana lex="เล่า" pos="verb,transitive" trans="recount" translit=""/><ana lex="เล่า" pos="" trans="[alternate spelling of ล่ะ ]" translit="laoF"/><ana lex="เล่า" pos="verb,transitive" trans="tell" translit=""/><ana lex="เล่า" pos="verb,intransitive" trans="rehearse" translit=""/><ana lex="เล่า" pos="PHRV" trans="go ahead with" translit=""/><ana lex="เล่า" pos="verb" trans="tell" translit=""/><ana lex="เล่า" pos="verb,transitive" trans="rehearse" translit=""/><ana lex="เล่า" pos="verb,transitive" trans="relate" translit=""/></w><w>เฝ้า<ana lex="เฝ้า" pos="verb" trans="have an audience with/of" translit=""/><ana lex="เฝ้า" pos="verb" trans="keep an eye on" translit=""/></w><w>ใกล้<ana lex="ใกล้" pos="adjective" trans="near" translit=""/><ana lex="ใกล้" pos="preposition" trans="near" translit=""/><ana lex="ใกล้" pos="preposition" trans="on" translit=""/><ana lex="ใกล้" pos="adverb" trans="anear" translit=""/><ana lex="ใกล้" pos="adjective" trans="proximate" translit=""/><ana lex="ใกล้" pos="preposition" trans="anear" translit=""/><ana lex="ใกล้" pos="adjective" trans="close" translit=""/><ana lex="ใกล้" pos="preposition" trans="be-" translit=""/><ana lex="ใกล้" pos="preposition" trans="by" translit=""/><ana lex="ใกล้" pos="adverb" trans="close" translit=""/><ana lex="ใกล้" pos="verb" trans="come near" translit=""/><ana lex="ใกล้" pos="PRF" trans="juxta-" translit=""/></w><w>ชิด<ana lex="ชิด" pos="verb,transitive" trans="abut" translit=""/><ana lex="ชิด" pos="verb" trans="be close" translit=""/><ana lex="ชิด" pos="verb,intransitive" trans="abut" translit=""/><ana lex="ชิด" pos="adverb" trans="close" translit=""/><ana lex="ชิด" pos="noun" trans="nipa palm" translit=""/></w></se><se><w>ช่วย<ana lex="ช่วย" pos="verb" trans="help" translit=""/><ana lex="ช่วย" pos="verb,transitive" trans="assist" translit=""/><ana lex="ช่วย" pos="PHRV" trans="oblige by" translit=""/><ana lex="ช่วย" pos="verb,transitive" trans="help" translit=""/><ana lex="ช่วย" pos="verb,intransitive" trans="assist" translit=""/><ana lex="ช่วย" pos="verb,intransitive" trans="help" translit=""/></w><w>เรา<ana lex="เรา" pos="pronoun" trans="us" translit=""/><ana lex="เรา" pos="PRON" trans="I" translit=""/><ana lex="เรา" pos="pronoun" trans="we" translit=""/><ana lex="เรา" pos="PRON" trans="you" translit=""/><ana lex="เรา" pos="PRON" trans="we" translit=""/></w><w>คิด<ana lex="คิด" pos="verb,transitive" trans="reckon" translit=""/><ana lex="คิด" pos="verb,intransitive" trans="cerebrate" translit=""/><ana lex="คิด" pos="verb,transitive" trans="conceive" translit=""/><ana lex="คิด" pos="verb,transitive" trans="conceit" translit=""/><ana lex="คิด" pos="PHRV" trans="go over2" translit=""/><ana lex="คิด" pos="verb" trans="create" translit=""/><ana lex="คิด" pos="verb" trans="estimate" translit=""/><ana lex="คิด" pos="verb" trans="want" translit=""/><ana lex="คิด" pos="verb" trans="think" translit=""/><ana lex="คิด" pos="verb" trans="consider" translit=""/><ana lex="คิด" pos="verb" trans="calculate" translit=""/><ana lex="คิด" pos="verb,transitive" trans="think" translit=""/><ana lex="คิด" pos="verb,intransitive" trans="think" translit=""/></w><w>ใน<ana lex="ใน" pos="preposition" trans="in" translit=""/><ana lex="ใน" pos="adjective" trans="in" translit=""/><ana lex="ใน" pos="PRF" trans="em-" translit=""/><ana lex="ใน" pos="PRF" trans="en-" translit=""/><ana lex="ใน" pos="PRF" trans="en-" translit=""/><ana lex="ใน" pos="PRF" trans="il-" translit=""/><ana lex="ใน" pos="preposition" trans="of" translit=""/><ana lex="ใน" pos="PRF" trans="in-" translit=""/><ana lex="ใน" pos="PRF" trans="im-" translit=""/><ana lex="ใน" pos="adverb" trans="in" translit=""/><ana lex="ใน" pos="preposition" trans="in" translit=""/></w><w>ยาม<ana lex="ยาม" pos="noun" trans="picket" translit=""/><ana lex="ยาม" pos="noun" trans="watchman" translit=""/><ana lex="ยาม" pos="noun" trans="sentry" translit=""/><ana lex="ยาม" pos="noun" trans="time" translit=""/><ana lex="ยาม" pos="noun" trans="guard" translit=""/><ana lex="ยาม" pos="noun" trans="one of three periods into which the day was traditionally divided" translit=""/><ana lex="ยาม" pos="noun" trans="security guard" translit=""/></w><w>เรา<ana lex="เรา" pos="pronoun" trans="us" translit=""/><ana lex="เรา" pos="PRON" trans="I" translit=""/><ana lex="เรา" pos="pronoun" trans="we" translit=""/><ana lex="เรา" pos="PRON" trans="you" translit=""/><ana lex="เรา" pos="PRON" trans="we" translit=""/></w><w>สับสน<ana lex="สับสน" pos="verb" trans="jumble" translit=""/><ana lex="สับสน" pos="PHRV" trans="jumble up" translit=""/><ana lex="สับสน" pos="verb,transitive" trans="confuse" translit=""/><ana lex="สับสน" pos="adjective" trans="woozy" translit=""/><ana lex="สับสน" pos="SL" trans="buffaloed" translit=""/><ana lex="สับสน" pos="SL" trans="bamboozled" translit=""/><ana lex="สับสน" pos="SL" trans="goofed (up)" translit=""/><ana lex="สับสน" pos="adjective" trans="lost" translit=""/><ana lex="สับสน" pos="SL" trans="flummox" translit=""/><ana lex="สับสน" pos="adjective" trans="befuddled" translit=""/><ana lex="สับสน" pos="PHRV" trans="muddle up" translit=""/><ana lex="สับสน" pos="SL" trans="lost the plot" translit=""/></w></se><se><w>ตอน<ana lex="ตอน" pos="noun" trans="episode" translit=""/><ana lex="ตอน" pos="classifier" trans="section" translit=""/><ana lex="ตอน" pos="conjunction" trans="when" translit=""/><ana lex="ตอน" pos="preposition" trans="period" translit=""/><ana lex="ตอน" pos="verb" trans="castrate" translit=""/><ana lex="ตอน" pos="noun" trans="part" translit=""/><ana lex="ตอน" pos="verb" trans="castrate" translit=""/><ana lex="ตอน" pos="noun" trans="passage" translit=""/><ana lex="ตอน" pos="verb,transitive" trans="unman" translit=""/><ana lex="ตอน" pos="verb,transitive" trans="caponize" translit=""/></w><w>เรา<ana lex="เรา" pos="pronoun" trans="us" translit=""/><ana lex="เรา" pos="PRON" trans="I" translit=""/><ana lex="เรา" pos="pronoun" trans="we" translit=""/><ana lex="เรา" pos="PRON" trans="you" translit=""/><ana lex="เรา" pos="PRON" trans="we" translit=""/></w><w>เจ็บ<ana lex="เจ็บ" pos="verb" trans="be sick" translit=""/><ana lex="เจ็บ" pos="verb" trans="be pained" translit=""/><ana lex="เจ็บ" pos="verb" trans="hurt" translit=""/></w><w>ใคร<ana lex="ใคร" pos="PRON" trans="who" translit=""/><ana lex="ใคร" pos="pronoun" trans="who" translit=""/></w><w>เล่า<ana lex="เล่า" pos="verb,transitive" trans="recount" translit=""/><ana lex="เล่า" pos="" trans="[alternate spelling of ล่ะ ]" translit="laoF"/><ana lex="เล่า" pos="verb,transitive" trans="tell" translit=""/><ana lex="เล่า" pos="verb,intransitive" trans="rehearse" translit=""/><ana lex="เล่า" pos="PHRV" trans="go ahead with" translit=""/><ana lex="เล่า" pos="verb" trans="tell" translit=""/><ana lex="เล่า" pos="verb,transitive" trans="rehearse" translit=""/><ana lex="เล่า" pos="verb,transitive" trans="relate" translit=""/></w><w>ที่<ana lex="ที่" pos="PRON" trans="that" translit=""/><ana lex="ที่" pos="preposition" trans="at" translit=""/><ana lex="ที่" pos="noun" trans="word for utensil" translit=""/><ana lex="ที่" pos="preposition" trans="at" translit=""/><ana lex="ที่" pos="noun" trans="place" translit=""/><ana lex="ที่" pos="classifier" trans="qualifiers for places" translit=""/><ana lex="ที่" pos="noun" trans="ordinal number" translit=""/><ana lex="ที่" pos="preposition" trans="to" translit=""/><ana lex="ที่" pos="noun" trans="land" translit=""/></w><w>ทุกข์<ana lex="ทุกข์" pos="PRF" trans="path-" translit=""/><ana lex="ทุกข์" pos="PRF" trans="patho-" translit=""/></w><w>ทน<ana lex="ทน" pos="verb,transitive" trans="abide" translit=""/><ana lex="ทน" pos="verb,transitive" trans="bear" translit=""/><ana lex="ทน" pos="verb" trans="be durable" translit=""/><ana lex="ทน" pos="PHRV" trans="stand for" translit=""/><ana lex="ทน" pos="PHRV" trans="spread on1" translit=""/><ana lex="ทน" pos="verb,intransitive" trans="brook" translit=""/><ana lex="ทน" pos="verb,intransitive" trans="stomach" translit=""/><ana lex="ทน" pos="verb" trans="endure" translit=""/></w></se><se><w>ใคร<ana lex="ใคร" pos="PRON" trans="who" translit=""/><ana lex="ใคร" pos="pronoun" trans="who" translit=""/></w><w>หนอ<ana lex="หนอ" pos="particle" trans="[a word placed at the end of a sentence, after a phrase or behind a question word to show an act of pondering, reflecting, considering or contemplating (รำพึง)]" translit="naawR"/><ana lex="หนอ" pos="QUES" trans="question" translit=""/><ana lex="หนอ" pos="" trans="[alternate spelling of นะ ]" translit="naawR"/><ana lex="หนอ" pos="interjection" trans="um" translit=""/></w><w>สนใจ<ana lex="สนใจ" pos="PHRV" trans="look after" translit=""/><ana lex="สนใจ" pos="adjective" trans="advertent" translit=""/><ana lex="สนใจ" pos="PHRV" trans="give to" translit=""/><ana lex="สนใจ" pos="PHRV" trans="go in for" translit=""/><ana lex="สนใจ" pos="idiom" trans="make a pass at" translit=""/><ana lex="สนใจ" pos="PHRV" trans="bury in" translit=""/><ana lex="สนใจ" pos="idiom" trans="pay heed to" translit=""/><ana lex="สนใจ" pos="PHRV" trans="pay attention to" translit=""/><ana lex="สนใจ" pos="verb,transitive" trans="pay" translit=""/><ana lex="สนใจ" pos="PHRV" trans="play up" translit=""/></w><w>เรา<ana lex="เรา" pos="pronoun" trans="us" translit=""/><ana lex="เรา" pos="PRON" trans="I" translit=""/><ana lex="เรา" pos="pronoun" trans="we" translit=""/><ana lex="เรา" pos="PRON" trans="you" translit=""/><ana lex="เรา" pos="PRON" trans="we" translit=""/></w><w>เท่ากับ<ana lex="เท่ากับ" pos="verb" trans="be equal to" translit=""/><ana lex="เท่ากับ" pos="adjective" trans="equivalent" translit=""/><ana lex="เท่ากับ" pos="verb" trans="mean" translit=""/><ana lex="เท่ากับ" pos="verb,transitive" trans="make" translit=""/><ana lex="เท่ากับ" pos="idiom" trans="on a par with" translit=""/></w></se><se><w>แม่<ana lex="แม่" pos="noun" trans="mummy" translit=""/><ana lex="แม่" pos="noun" trans="mum" translit=""/><ana lex="แม่" pos="noun" trans="the female of an animal" translit=""/><ana lex="แม่" pos="noun" trans="momma" translit=""/><ana lex="แม่" pos="noun" trans="mammy" translit=""/><ana lex="แม่" pos="noun" trans="mommy" translit=""/><ana lex="แม่" pos="noun" trans="mother" translit=""/><ana lex="แม่" pos="SL" trans="old lady" translit=""/><ana lex="แม่" pos="PRON" trans="title used in front of girl or woman" translit=""/><ana lex="แม่" pos="noun" trans="goddess" translit=""/><ana lex="แม่" pos="noun" trans="mother" translit=""/><ana lex="แม่" pos="noun" trans="mother" translit=""/></w></se></body>