<body><meta><link>http://www.thaipoem.com/%E0%B8%81%E0%B8%A5%E0%B8%AD%E0%B8%99/%E0%B8%81%E0%B8%A5%E0%B8%AD%E0%B8%99%E0%B8%95%E0%B8%B2%E0%B8%A1%E0%B9%83%E0%B8%88%E0%B8%84%E0%B8%B8%E0%B8%93/134915</link><title>" ถามเอาอะไร "</title><genre>poem</genre></meta><se><w>อย่า<ana lex="อย่า" pos="auxiliary verb" trans="do not" translit=""/></w><w>ทำ<ana lex="ทำ" pos="verb" trans="make" translit=""/><ana lex="ทำ" pos="PHRV" trans="get in1" translit=""/><ana lex="ทำ" pos="PHRV" trans="get on with" translit=""/><ana lex="ทำ" pos="SUF" trans="-fy" translit=""/><ana lex="ทำ" pos="verb" trans="observe" translit=""/><ana lex="ทำ" pos="verb,transitive" trans="take" translit=""/><ana lex="ทำ" pos="verb" trans="act" translit=""/><ana lex="ทำ" pos="verb" trans="do" translit=""/><ana lex="ทำ" pos="verb" trans="work" translit=""/><ana lex="ทำ" pos="verb" trans="commit" translit=""/><ana lex="ทำ" pos="verb" trans="have plastic surgery" translit=""/><ana lex="ทำ" pos="PHRV" trans="be about2" translit=""/><ana lex="ทำ" pos="verb,transitive" trans="make" translit=""/></w><w>เป็นห่วง</w><w>ใย<ana lex="ใย" pos="noun" trans="web" translit=""/><ana lex="ใย" pos="adjective" trans="bright" translit=""/></w></se><se><w>.<ana lex="" pos="" trans="" translit=""/></w></se><se><w>อย่า<ana lex="อย่า" pos="auxiliary verb" trans="do not" translit=""/></w><w>ทำ<ana lex="ทำ" pos="verb" trans="make" translit=""/><ana lex="ทำ" pos="PHRV" trans="get in1" translit=""/><ana lex="ทำ" pos="PHRV" trans="get on with" translit=""/><ana lex="ทำ" pos="SUF" trans="-fy" translit=""/><ana lex="ทำ" pos="verb" trans="observe" translit=""/><ana lex="ทำ" pos="verb,transitive" trans="take" translit=""/><ana lex="ทำ" pos="verb" trans="act" translit=""/><ana lex="ทำ" pos="verb" trans="do" translit=""/><ana lex="ทำ" pos="verb" trans="work" translit=""/><ana lex="ทำ" pos="verb" trans="commit" translit=""/><ana lex="ทำ" pos="verb" trans="have plastic surgery" translit=""/><ana lex="ทำ" pos="PHRV" trans="be about2" translit=""/><ana lex="ทำ" pos="verb,transitive" trans="make" translit=""/></w><w>เป็น<ana lex="เป็น" pos="auxiliary verb" trans="are" translit=""/><ana lex="เป็น" pos="verb,intransitive" trans="been" translit=""/><ana lex="เป็น" pos="verb,intransitive" trans="come" translit=""/><ana lex="เป็น" pos="verb" trans="be able to" translit=""/><ana lex="เป็น" pos="verb" trans="be" translit=""/><ana lex="เป็น" pos="adjective" trans="alive" translit=""/></w><w>ใส่ใจ<ana lex="ใส่ใจ" pos="adjective" trans="attentive" translit=""/><ana lex="ใส่ใจ" pos="verb" trans="attend" translit=""/><ana lex="ใส่ใจ" pos="verb" trans="[ใส่ใจ] to pay attention to" translit="saiL jaiM"/></w><w>ถาม<ana lex="ถาม" pos="verb,transitive" trans="ask" translit=""/><ana lex="ถาม" pos="verb,transitive" trans="pose" translit=""/><ana lex="ถาม" pos="verb,intransitive" trans="ask" translit=""/><ana lex="ถาม" pos="SL" trans="aks" translit=""/><ana lex="ถาม" pos="PHRV" trans="look in2" translit=""/><ana lex="ถาม" pos="PHRV" trans="enquire of" translit=""/><ana lex="ถาม" pos="verb" trans="ask" translit=""/></w><w>ฉัน<ana lex="ฉัน" pos="" trans="[alternate pronunciation of ฉัน ]" translit="chanH"/><ana lex="ฉัน" pos="pronoun" trans="me" translit=""/></w></se><se><w>คำ<ana lex="คำ" pos="noun" trans="word" translit=""/><ana lex="คำ" pos="noun" trans="vocable" translit=""/><ana lex="คำ" pos="noun" trans="word" translit=""/></w><w>ตอบ<ana lex="ตอบ" pos="adjective" trans="sunken" translit=""/><ana lex="ตอบ" pos="verb" trans="answer" translit=""/><ana lex="ตอบ" pos="verb,transitive" trans="answer" translit=""/><ana lex="ตอบ" pos="verb,intransitive" trans="answer" translit=""/><ana lex="ตอบ" pos="PHRV" trans="reply for" translit=""/><ana lex="ตอบ" pos="verb,transitive" trans="respond" translit=""/><ana lex="ตอบ" pos="verb,transitive" trans="return" translit=""/><ana lex="ตอบ" pos="verb,intransitive" trans="respond" translit=""/><ana lex="ตอบ" pos="verb,transitive" trans="reply" translit=""/><ana lex="ตอบ" pos="verb,intransitive" trans="reply" translit=""/></w><w>ของ<ana lex="ของ" pos="noun" trans="thing" translit=""/><ana lex="ของ" pos="PRF" trans="a-" translit=""/><ana lex="ของ" pos="noun" trans="item" translit=""/><ana lex="ของ" pos="preposition" trans="of" translit=""/><ana lex="ของ" pos="preposition" trans="of" translit=""/></w><w>คน<ana lex="คน" pos="noun" trans="bloke" translit=""/><ana lex="คน" pos="verb,transitive" trans="mill" translit=""/><ana lex="คน" pos="PRF" trans="anthropo-" translit=""/><ana lex="คน" pos="noun" trans="human" translit=""/><ana lex="คน" pos="noun" trans="people" translit=""/><ana lex="คน" pos="noun" trans="being" translit=""/><ana lex="คน" pos="PHRV" trans="stir about" translit=""/><ana lex="คน" pos="PHRV" trans="stir around" translit=""/><ana lex="คน" pos="SL" trans="bod" translit=""/><ana lex="คน" pos="classifier" trans="person" translit=""/><ana lex="คน" pos="verb" trans="stir" translit=""/></w><w>ถูก<ana lex="ถูก" pos="verb" trans="be at odds" translit=""/><ana lex="ถูก" pos="verb" trans="be cheap" translit=""/><ana lex="ถูก" pos="verb" trans="touch" translit=""/><ana lex="ถูก" pos="SL" trans="cheesy" translit=""/><ana lex="ถูก" pos="verb" trans="agree upon" translit=""/><ana lex="ถูก" pos="adjective" trans="cheap" translit=""/><ana lex="ถูก" pos="SL" trans="two-bit" translit=""/></w><w>ที่<ana lex="ที่" pos="PRON" trans="that" translit=""/><ana lex="ที่" pos="preposition" trans="at" translit=""/><ana lex="ที่" pos="noun" trans="word for utensil" translit=""/><ana lex="ที่" pos="preposition" trans="at" translit=""/><ana lex="ที่" pos="noun" trans="place" translit=""/><ana lex="ที่" pos="classifier" trans="qualifiers for places" translit=""/><ana lex="ที่" pos="noun" trans="ordinal number" translit=""/><ana lex="ที่" pos="preposition" trans="to" translit=""/><ana lex="ที่" pos="noun" trans="land" translit=""/></w><w>ทิ้ง<ana lex="ทิ้ง" pos="PHRV" trans="cast out" translit=""/><ana lex="ทิ้ง" pos="verb,transitive" trans="trash" translit=""/><ana lex="ทิ้ง" pos="PHRV" trans="cast off" translit=""/><ana lex="ทิ้ง" pos="verb" trans="run away" translit=""/><ana lex="ทิ้ง" pos="verb" trans="leave" translit=""/><ana lex="ทิ้ง" pos="verb,transitive" trans="dump" translit=""/><ana lex="ทิ้ง" pos="verb" trans="drop" translit=""/><ana lex="ทิ้ง" pos="verb,transitive" trans="abandon" translit=""/><ana lex="ทิ้ง" pos="verb" trans="discard" translit=""/><ana lex="ทิ้ง" pos="verb,transitive" trans="cast" translit=""/><ana lex="ทิ้ง" pos="verb,transitive" trans="ditch" translit=""/></w><w>กัน<ana lex="กัน" pos="verb" trans="keep out" translit=""/><ana lex="กัน" pos="PRON" trans="one another" translit=""/><ana lex="กัน" pos="PHRV" trans="screen off" translit=""/><ana lex="กัน" pos="adverb" trans="together" translit=""/><ana lex="กัน" pos="verb" trans="shave" translit=""/><ana lex="กัน" pos="verb" trans="separate" translit=""/></w></se><se><w>.<ana lex="" pos="" trans="" translit=""/></w></se><se><w>ถาม<ana lex="ถาม" pos="verb,transitive" trans="ask" translit=""/><ana lex="ถาม" pos="verb,transitive" trans="pose" translit=""/><ana lex="ถาม" pos="verb,intransitive" trans="ask" translit=""/><ana lex="ถาม" pos="SL" trans="aks" translit=""/><ana lex="ถาม" pos="PHRV" trans="look in2" translit=""/><ana lex="ถาม" pos="PHRV" trans="enquire of" translit=""/><ana lex="ถาม" pos="verb" trans="ask" translit=""/></w><w>ฉัน<ana lex="ฉัน" pos="" trans="[alternate pronunciation of ฉัน ]" translit="chanH"/><ana lex="ฉัน" pos="pronoun" trans="me" translit=""/></w><w>สบาย<ana lex="สบาย" pos="verb" trans="be comfortable" translit=""/><ana lex="สบาย" pos="verb" trans="be comfortable" translit=""/><ana lex="สบาย" pos="adverb" trans="easily" translit=""/></w><w>ดี<ana lex="ดี" pos="adjective" trans="fine" translit=""/><ana lex="ดี" pos="adjective" trans="braw" translit=""/><ana lex="ดี" pos="SL" trans="hunky-dory" translit=""/><ana lex="ดี" pos="adjective" trans="useful" translit=""/><ana lex="ดี" pos="noun" trans="gallbladder" translit=""/><ana lex="ดี" pos="adjective" trans="nice" translit=""/><ana lex="ดี" pos="adjective" trans="fine" translit=""/><ana lex="ดี" pos="adjective" trans="tidy" translit=""/><ana lex="ดี" pos="SL" trans="kushty" translit=""/><ana lex="ดี" pos="SL" trans="tickety-boo" translit=""/><ana lex="ดี" pos="adjective" trans="well" translit=""/><ana lex="ดี" pos="PRF" trans="eu-" translit=""/><ana lex="ดี" pos="idiom" trans="Well and good" translit=""/><ana lex="ดี" pos="adjective" trans="good" translit=""/><ana lex="ดี" pos="adverb" trans="well" translit=""/><ana lex="ดี" pos="adjective" trans="high" translit=""/><ana lex="ดี" pos="adjective" trans="nice" translit=""/><ana lex="ดี" pos="adjective" trans="nice" translit=""/><ana lex="ดี" pos="adjective" trans="well" translit=""/></w><w>ไหม<ana lex="ไหม" pos="noun" trans="silk thread" translit=""/><ana lex="ไหม" pos="noun" trans="silk" translit="maiR"/><ana lex="ไหม" pos="noun" trans="silk wool" translit=""/><ana lex="ไหม" pos="noun" trans="silk cloth" translit=""/><ana lex="ไหม" pos="noun" trans="silk worm" translit=""/><ana lex="ไหม" pos="QUES" trans="word ending at the end of the question to be answered 'Yes' or 'No'" translit=""/><ana lex="ไหม" pos="noun" trans="[ตัวไหม] silkworm" translit="maiR"/><ana lex="ไหม" pos="particle" trans="[word added at the end of a statement to indicate a question]" translit="maiR"/><ana lex="ไหม" pos="adverb,particle" trans="[alternative, colloquial pronunciation of ไหม, word added at the end of a statement to indicate a question]" translit="maiH"/><ana lex="ไหม" pos="" trans="[alternate pronunciation of ไหม]" translit="maiH"/><ana lex="ไหม" pos="noun" trans="[ผ้าไหม] silk fabric" translit="maiR"/><ana lex="ไหม" pos="adjective" trans="silken; of silk" translit="maiR"/></w></se><se><w>เกลียด<ana lex="เกลียด" pos="verb" trans="hate" translit=""/><ana lex="เกลียด" pos="verb,transitive" trans="hate" translit=""/></w><w>คำ<ana lex="คำ" pos="noun" trans="word" translit=""/><ana lex="คำ" pos="noun" trans="vocable" translit=""/><ana lex="คำ" pos="noun" trans="word" translit=""/></w><w>ถาม<ana lex="ถาม" pos="verb,transitive" trans="ask" translit=""/><ana lex="ถาม" pos="verb,transitive" trans="pose" translit=""/><ana lex="ถาม" pos="verb,intransitive" trans="ask" translit=""/><ana lex="ถาม" pos="SL" trans="aks" translit=""/><ana lex="ถาม" pos="PHRV" trans="look in2" translit=""/><ana lex="ถาม" pos="PHRV" trans="enquire of" translit=""/><ana lex="ถาม" pos="verb" trans="ask" translit=""/></w><w>เหมือน<ana lex="เหมือน" pos="PRF" trans="homo-" translit=""/><ana lex="เหมือน" pos="verb,transitive" trans="mirror" translit=""/><ana lex="เหมือน" pos="PHRV" trans="take after" translit=""/><ana lex="เหมือน" pos="conjunction" trans="like" translit=""/><ana lex="เหมือน" pos="SUF" trans="-like" translit=""/><ana lex="เหมือน" pos="SUF" trans="-ly" translit=""/></w><w>คน<ana lex="คน" pos="noun" trans="bloke" translit=""/><ana lex="คน" pos="verb,transitive" trans="mill" translit=""/><ana lex="คน" pos="PRF" trans="anthropo-" translit=""/><ana lex="คน" pos="noun" trans="human" translit=""/><ana lex="คน" pos="noun" trans="people" translit=""/><ana lex="คน" pos="noun" trans="being" translit=""/><ana lex="คน" pos="PHRV" trans="stir about" translit=""/><ana lex="คน" pos="PHRV" trans="stir around" translit=""/><ana lex="คน" pos="SL" trans="bod" translit=""/><ana lex="คน" pos="classifier" trans="person" translit=""/><ana lex="คน" pos="verb" trans="stir" translit=""/></w><w>เจอ<ana lex="เจอ" pos="PHRV" trans="run into" translit=""/><ana lex="เจอ" pos="PHRV" trans="drop on" translit=""/><ana lex="เจอ" pos="verb" trans="meet" translit=""/></w><w>หน้า<ana lex="หน้า" pos="adjective" trans="next" translit=""/><ana lex="หน้า" pos="noun" trans="surface" translit=""/><ana lex="หน้า" pos="adjective" trans="front" translit=""/><ana lex="หน้า" pos="adjective" trans="top" translit=""/><ana lex="หน้า" pos="noun" trans="topping" translit=""/><ana lex="หน้า" pos="adjective" trans="front" translit=""/><ana lex="หน้า" pos="classifier" trans="page" translit=""/><ana lex="หน้า" pos="noun" trans="reputation" translit=""/><ana lex="หน้า" pos="SL" trans="kipper" translit=""/><ana lex="หน้า" pos="SL" trans="kip" translit=""/><ana lex="หน้า" pos="SL" trans="coupon" translit=""/><ana lex="หน้า" pos="SL" trans="mug" translit=""/><ana lex="หน้า" pos="noun" trans="face" translit=""/><ana lex="หน้า" pos="noun" trans="season" translit=""/><ana lex="หน้า" pos="SL" trans="mush" translit=""/><ana lex="หน้า" pos="noun" trans="face" translit=""/><ana lex="หน้า" pos="PRON" trans="anyone" translit=""/><ana lex="หน้า" pos="noun" trans="width" translit=""/><ana lex="หน้า" pos="preposition" trans="in front of" translit=""/></w></se><se><w>.<ana lex="" pos="" trans="" translit=""/></w></se><se><w>แต่<ana lex="แต่" pos="adverb" trans="only" translit=""/><ana lex="แต่" pos="conjunction" trans="but" translit=""/><ana lex="แต่" pos="conjunction" trans="but" translit=""/><ana lex="แต่" pos="conjunction" trans="but" translit=""/><ana lex="แต่" pos="preposition" trans="earlier" translit=""/><ana lex="แต่" pos="conjunction" trans="only" translit=""/></w><w>ไม่<ana lex="ไม่" pos="adverb" trans="not" translit=""/><ana lex="ไม่" pos="PRF" trans="an-" translit=""/><ana lex="ไม่" pos="PRF" trans="un-" translit=""/><ana lex="ไม่" pos="PRF" trans="un-" translit=""/><ana lex="ไม่" pos="adjective" trans="nary" translit=""/><ana lex="ไม่" pos="NEG" trans="not" translit=""/><ana lex="ไม่" pos="PRF" trans="in-" translit=""/><ana lex="ไม่" pos="adverb" trans="no" translit=""/><ana lex="ไม่" pos="PRF" trans="non-" translit=""/><ana lex="ไม่" pos="PRF" trans="non-" translit=""/><ana lex="ไม่" pos="PRF" trans="in-" translit=""/><ana lex="ไม่" pos="SL" trans="no soup" translit=""/><ana lex="ไม่" pos="SL" trans="no sale" translit=""/><ana lex="ไม่" pos="SL" trans="nope" translit=""/><ana lex="ไม่" pos="SL" trans="No way!" translit=""/><ana lex="ไม่" pos="NEG" trans="not" translit=""/><ana lex="ไม่" pos="SL" trans="Nuts!" translit=""/></w><w>รู้<ana lex="รู้" pos="verb,transitive" trans="tell" translit=""/><ana lex="รู้" pos="verb,transitive" trans="ken" translit=""/><ana lex="รู้" pos="verb,intransitive" trans="ken" translit=""/><ana lex="รู้" pos="PHRV" trans="hear about" translit=""/><ana lex="รู้" pos="verb,transitive" trans="know" translit=""/><ana lex="รู้" pos="verb" trans="know" translit=""/></w><w>จะ<ana lex="จะ" pos="auxiliary verb" trans="will" translit=""/><ana lex="จะ" pos="auxiliary verb" trans="will" translit=""/><ana lex="จะ" pos="" trans="[alternate spelling of จ้ะ]" translit="jaL"/></w><w>พูด<ana lex="พูด" pos="verb,transitive" trans="utter" translit=""/><ana lex="พูด" pos="verb,transitive" trans="pass" translit=""/><ana lex="พูด" pos="PHRV" trans="call over" translit=""/><ana lex="พูด" pos="verb,transitive" trans="say" translit=""/><ana lex="พูด" pos="verb,transitive" trans="word" translit=""/><ana lex="พูด" pos="verb" trans="say" translit=""/><ana lex="พูด" pos="verb,intransitive" trans="say" translit=""/><ana lex="พูด" pos="verb" trans="mention" translit=""/><ana lex="พูด" pos="verb" trans="talk" translit=""/><ana lex="พูด" pos="verb,intransitive" trans="mouth" translit=""/><ana lex="พูด" pos="SL" trans="cant" translit=""/></w><w>อะไร<ana lex="อะไร" pos="DET" trans="any" translit=""/><ana lex="อะไร" pos="adjective" trans="what" translit=""/><ana lex="อะไร" pos="pronoun" trans="what" translit=""/><ana lex="อะไร" pos="QUES" trans="what" translit=""/><ana lex="อะไร" pos="adverb" trans="whatever" translit=""/><ana lex="อะไร" pos="PRON" trans="whatever" translit=""/></w></se><se><w>เหมือน<ana lex="เหมือน" pos="PRF" trans="homo-" translit=""/><ana lex="เหมือน" pos="verb,transitive" trans="mirror" translit=""/><ana lex="เหมือน" pos="PHRV" trans="take after" translit=""/><ana lex="เหมือน" pos="conjunction" trans="like" translit=""/><ana lex="เหมือน" pos="SUF" trans="-like" translit=""/><ana lex="เหมือน" pos="SUF" trans="-ly" translit=""/></w><w>เธอ<ana lex="เธอ" pos="PRON" trans="you" translit=""/><ana lex="เธอ" pos="pronoun" trans="she" translit=""/><ana lex="เธอ" pos="pronoun" trans="her" translit=""/><ana lex="เธอ" pos="PRON" trans="she" translit=""/></w><w>ก็<ana lex="ก็" pos="adverb" trans="also" translit=""/><ana lex="ก็" pos="conjunction" trans="as a result" translit=""/></w><w>แค่<ana lex="แค่" pos="adverb" trans="only" translit=""/></w><w>ถามๆ</w><w>ไป<ana lex="ไป" pos="PRF" trans="ad-" translit=""/><ana lex="ไป" pos="verb" trans="go" translit=""/><ana lex="ไป" pos="SL" trans="chip" translit=""/><ana lex="ไป" pos="SL" trans="gone for a Burton" translit=""/><ana lex="ไป" pos="verb,intransitive" trans="go" translit=""/></w></se><se><w>.<ana lex="" pos="" trans="" translit=""/></w></se><se><w>เป็น<ana lex="เป็น" pos="auxiliary verb" trans="are" translit=""/><ana lex="เป็น" pos="verb,intransitive" trans="been" translit=""/><ana lex="เป็น" pos="verb,intransitive" trans="come" translit=""/><ana lex="เป็น" pos="verb" trans="be able to" translit=""/><ana lex="เป็น" pos="verb" trans="be" translit=""/><ana lex="เป็น" pos="adjective" trans="alive" translit=""/></w><w>ยัง<ana lex="ยัง" pos="preposition" trans="to" translit=""/><ana lex="ยัง" pos="adverb" trans="also" translit=""/><ana lex="ยัง" pos="adverb" trans="yet" translit=""/><ana lex="ยัง" pos="adverb" trans="still" translit=""/></w><w>งัย<ana lex="งัย" pos="" trans="[alternate spelling of ไง ]" translit="ngaiM"/></w><w>สบาย<ana lex="สบาย" pos="verb" trans="be comfortable" translit=""/><ana lex="สบาย" pos="verb" trans="be comfortable" translit=""/><ana lex="สบาย" pos="adverb" trans="easily" translit=""/></w><w>ดี<ana lex="ดี" pos="adjective" trans="fine" translit=""/><ana lex="ดี" pos="adjective" trans="braw" translit=""/><ana lex="ดี" pos="SL" trans="hunky-dory" translit=""/><ana lex="ดี" pos="adjective" trans="useful" translit=""/><ana lex="ดี" pos="noun" trans="gallbladder" translit=""/><ana lex="ดี" pos="adjective" trans="nice" translit=""/><ana lex="ดี" pos="adjective" trans="fine" translit=""/><ana lex="ดี" pos="adjective" trans="tidy" translit=""/><ana lex="ดี" pos="SL" trans="kushty" translit=""/><ana lex="ดี" pos="SL" trans="tickety-boo" translit=""/><ana lex="ดี" pos="adjective" trans="well" translit=""/><ana lex="ดี" pos="PRF" trans="eu-" translit=""/><ana lex="ดี" pos="idiom" trans="Well and good" translit=""/><ana lex="ดี" pos="adjective" trans="good" translit=""/><ana lex="ดี" pos="adverb" trans="well" translit=""/><ana lex="ดี" pos="adjective" trans="high" translit=""/><ana lex="ดี" pos="adjective" trans="nice" translit=""/><ana lex="ดี" pos="adjective" trans="nice" translit=""/><ana lex="ดี" pos="adjective" trans="well" translit=""/></w></se><se><w>หาก<ana lex="หาก" pos="conjunction" trans="if" translit=""/></w><w>เธอ<ana lex="เธอ" pos="PRON" trans="you" translit=""/><ana lex="เธอ" pos="pronoun" trans="she" translit=""/><ana lex="เธอ" pos="pronoun" trans="her" translit=""/><ana lex="เธอ" pos="PRON" trans="she" translit=""/></w><w>ต้อง<ana lex="ต้อง" pos="auxiliary verb" trans="must" translit=""/><ana lex="ต้อง" pos="" trans="[alternate pronunciation of ต้อง ]" translit="dtaawngF"/><ana lex="ต้อง" pos="verb" trans="fall into" translit=""/><ana lex="ต้อง" pos="verb" trans="touch" translit=""/><ana lex="ต้อง" pos="auxiliary verb" trans="must" translit=""/></w><w>กลั้น<ana lex="กลั้น" pos="verb" trans="restrain" translit=""/></w><w>ใจ<ana lex="ใจ" pos="noun" trans="heart" translit=""/><ana lex="ใจ" pos="noun" trans="mind" translit=""/></w><w>แค่<ana lex="แค่" pos="adverb" trans="only" translit=""/></w><w>ไถ่ถาม<ana lex="ไถ่ถาม" pos="verb" trans="ask" translit=""/></w><w>เพื่อ<ana lex="เพื่อ" pos="preposition" trans="for" translit=""/><ana lex="เพื่อ" pos="conjunction" trans="for" translit=""/><ana lex="เพื่อ" pos="preposition" trans="in order to" translit=""/></w><w>ทักทาย<ana lex="ทักทาย" pos="verb" trans="greet" translit=""/><ana lex="ทักทาย" pos="verb" trans="to greet" translit="thakH thaaiM"/><ana lex="ทักทาย" pos="verb,transitive" trans="greet" translit=""/><ana lex="ทักทาย" pos="PHRV" trans="salute with" translit=""/></w></se><se><w>คำ<ana lex="คำ" pos="noun" trans="word" translit=""/><ana lex="คำ" pos="noun" trans="vocable" translit=""/><ana lex="คำ" pos="noun" trans="word" translit=""/></w><w>ตอบ<ana lex="ตอบ" pos="adjective" trans="sunken" translit=""/><ana lex="ตอบ" pos="verb" trans="answer" translit=""/><ana lex="ตอบ" pos="verb,transitive" trans="answer" translit=""/><ana lex="ตอบ" pos="verb,intransitive" trans="answer" translit=""/><ana lex="ตอบ" pos="PHRV" trans="reply for" translit=""/><ana lex="ตอบ" pos="verb,transitive" trans="respond" translit=""/><ana lex="ตอบ" pos="verb,transitive" trans="return" translit=""/><ana lex="ตอบ" pos="verb,intransitive" trans="respond" translit=""/><ana lex="ตอบ" pos="verb,transitive" trans="reply" translit=""/><ana lex="ตอบ" pos="verb,intransitive" trans="reply" translit=""/></w><w>ฉัน<ana lex="ฉัน" pos="" trans="[alternate pronunciation of ฉัน ]" translit="chanH"/><ana lex="ฉัน" pos="pronoun" trans="me" translit=""/></w><w>ทั้ง<ana lex="ทั้ง" pos="DET" trans="both" translit=""/><ana lex="ทั้ง" pos="PRON" trans="whole" translit=""/></w><w>น้ำตา<ana lex="น้ำตา" pos="noun" trans="tear" translit=""/><ana lex="น้ำตา" pos="noun" trans="tear" translit=""/></w><w>คือ<ana lex="คือ" pos="verb" trans="be" translit=""/><ana lex="คือ" pos="adverb" trans="namely" translit=""/></w><w>สบาย<ana lex="สบาย" pos="verb" trans="be comfortable" translit=""/><ana lex="สบาย" pos="verb" trans="be comfortable" translit=""/><ana lex="สบาย" pos="adverb" trans="easily" translit=""/></w></se><se><w>.<ana lex="" pos="" trans="" translit=""/></w></se><se><w>อย่า<ana lex="อย่า" pos="auxiliary verb" trans="do not" translit=""/></w><w>ห่วง<ana lex="ห่วง" pos="noun" trans="hoop" translit=""/><ana lex="ห่วง" pos="verb" trans="be concerned with/about" translit=""/><ana lex="ห่วง" pos="noun" trans="ring" translit=""/><ana lex="ห่วง" pos="noun" trans="ring" translit=""/><ana lex="ห่วง" pos="noun" trans="loop" translit=""/></w><w>ฉัน<ana lex="ฉัน" pos="" trans="[alternate pronunciation of ฉัน ]" translit="chanH"/><ana lex="ฉัน" pos="pronoun" trans="me" translit=""/></w></se><se><w>ขอร้อง<ana lex="ขอร้อง" pos="verb,transitive" trans="invocate" translit=""/><ana lex="ขอร้อง" pos="verb,transitive" trans="summon" translit=""/><ana lex="ขอร้อง" pos="verb,intransitive" trans="ask" translit=""/><ana lex="ขอร้อง" pos="PHRV" trans="plead for" translit=""/><ana lex="ขอร้อง" pos="verb" trans="beg" translit=""/><ana lex="ขอร้อง" pos="verb,transitive" trans="ask" translit=""/><ana lex="ขอร้อง" pos="verb,transitive" trans="hustle" translit=""/><ana lex="ขอร้อง" pos="verb,transitive" trans="beg" translit=""/><ana lex="ขอร้อง" pos="verb,transitive" trans="request" translit=""/><ana lex="ขอร้อง" pos="verb,transitive" trans="obsecrate" translit=""/></w><w>เธอ<ana lex="เธอ" pos="PRON" trans="you" translit=""/><ana lex="เธอ" pos="pronoun" trans="she" translit=""/><ana lex="เธอ" pos="pronoun" trans="her" translit=""/><ana lex="เธอ" pos="PRON" trans="she" translit=""/></w><w>อย่า<ana lex="อย่า" pos="auxiliary verb" trans="do not" translit=""/></w><w>ถาม<ana lex="ถาม" pos="verb,transitive" trans="ask" translit=""/><ana lex="ถาม" pos="verb,transitive" trans="pose" translit=""/><ana lex="ถาม" pos="verb,intransitive" trans="ask" translit=""/><ana lex="ถาม" pos="SL" trans="aks" translit=""/><ana lex="ถาม" pos="PHRV" trans="look in2" translit=""/><ana lex="ถาม" pos="PHRV" trans="enquire of" translit=""/><ana lex="ถาม" pos="verb" trans="ask" translit=""/></w><w>เหมือน<ana lex="เหมือน" pos="PRF" trans="homo-" translit=""/><ana lex="เหมือน" pos="verb,transitive" trans="mirror" translit=""/><ana lex="เหมือน" pos="PHRV" trans="take after" translit=""/><ana lex="เหมือน" pos="conjunction" trans="like" translit=""/><ana lex="เหมือน" pos="SUF" trans="-like" translit=""/><ana lex="เหมือน" pos="SUF" trans="-ly" translit=""/></w><w>แกล้ง<ana lex="แกล้ง" pos="verb" trans="pretend" translit=""/><ana lex="แกล้ง" pos="verb" trans="tease" translit=""/></w><w>ห่วงใย<ana lex="ห่วงใย" pos="verb" trans="worry" translit=""/><ana lex="ห่วงใย" pos="PHRV" trans="devour with" translit=""/><ana lex="ห่วงใย" pos="verb" trans="to worry (about)" translit="huaangL yaiM"/><ana lex="ห่วงใย" pos="verb,transitive" trans="care" translit=""/><ana lex="ห่วงใย" pos="verb,intransitive" trans="care" translit=""/></w><w>ไป<ana lex="ไป" pos="PRF" trans="ad-" translit=""/><ana lex="ไป" pos="verb" trans="go" translit=""/><ana lex="ไป" pos="SL" trans="chip" translit=""/><ana lex="ไป" pos="SL" trans="gone for a Burton" translit=""/><ana lex="ไป" pos="verb,intransitive" trans="go" translit=""/></w><w>วันๆ</w></se><se><w>คำ<ana lex="คำ" pos="noun" trans="word" translit=""/><ana lex="คำ" pos="noun" trans="vocable" translit=""/><ana lex="คำ" pos="noun" trans="word" translit=""/></w><w>ถาม<ana lex="ถาม" pos="verb,transitive" trans="ask" translit=""/><ana lex="ถาม" pos="verb,transitive" trans="pose" translit=""/><ana lex="ถาม" pos="verb,intransitive" trans="ask" translit=""/><ana lex="ถาม" pos="SL" trans="aks" translit=""/><ana lex="ถาม" pos="PHRV" trans="look in2" translit=""/><ana lex="ถาม" pos="PHRV" trans="enquire of" translit=""/><ana lex="ถาม" pos="verb" trans="ask" translit=""/></w><w>ของ<ana lex="ของ" pos="noun" trans="thing" translit=""/><ana lex="ของ" pos="PRF" trans="a-" translit=""/><ana lex="ของ" pos="noun" trans="item" translit=""/><ana lex="ของ" pos="preposition" trans="of" translit=""/><ana lex="ของ" pos="preposition" trans="of" translit=""/></w><w>คน<ana lex="คน" pos="noun" trans="bloke" translit=""/><ana lex="คน" pos="verb,transitive" trans="mill" translit=""/><ana lex="คน" pos="PRF" trans="anthropo-" translit=""/><ana lex="คน" pos="noun" trans="human" translit=""/><ana lex="คน" pos="noun" trans="people" translit=""/><ana lex="คน" pos="noun" trans="being" translit=""/><ana lex="คน" pos="PHRV" trans="stir about" translit=""/><ana lex="คน" pos="PHRV" trans="stir around" translit=""/><ana lex="คน" pos="SL" trans="bod" translit=""/><ana lex="คน" pos="classifier" trans="person" translit=""/><ana lex="คน" pos="verb" trans="stir" translit=""/></w><w>โหดร้าย<ana lex="โหดร้าย" pos="verb" trans="be cruel" translit=""/><ana lex="โหดร้าย" pos="adjective" trans="hardhearted" translit=""/><ana lex="โหดร้าย" pos="verb" trans="be cruel" translit=""/><ana lex="โหดร้าย" pos="verb" trans="be cruel" translit=""/><ana lex="โหดร้าย" pos="idiom" trans="(as) hard as nails" translit=""/><ana lex="โหดร้าย" pos="adjective" trans="cruel" translit=""/><ana lex="โหดร้าย" pos="adjective" trans="iron" translit=""/><ana lex="โหดร้าย" pos="adjective" trans="inhuman" translit=""/><ana lex="โหดร้าย" pos="adjective" trans="crucial" translit=""/><ana lex="โหดร้าย" pos="adverb" trans="brutally" translit=""/><ana lex="โหดร้าย" pos="adjective" trans="cruel" translit=""/><ana lex="โหดร้าย" pos="SL" trans="dog-eat-dog" translit=""/><ana lex="โหดร้าย" pos="idiom" trans="(as) black as one is painted" translit=""/><ana lex="โหดร้าย" pos="adjective" trans="truculent" translit=""/><ana lex="โหดร้าย" pos="adjective" trans="truculent" translit=""/><ana lex="โหดร้าย" pos="adjective" trans="savage" translit=""/><ana lex="โหดร้าย" pos="adjective" trans="brutal" translit=""/></w><w>ที่<ana lex="ที่" pos="PRON" trans="that" translit=""/><ana lex="ที่" pos="preposition" trans="at" translit=""/><ana lex="ที่" pos="noun" trans="word for utensil" translit=""/><ana lex="ที่" pos="preposition" trans="at" translit=""/><ana lex="ที่" pos="noun" trans="place" translit=""/><ana lex="ที่" pos="classifier" trans="qualifiers for places" translit=""/><ana lex="ที่" pos="noun" trans="ordinal number" translit=""/><ana lex="ที่" pos="preposition" trans="to" translit=""/><ana lex="ที่" pos="noun" trans="land" translit=""/></w><w>ทิ้ง<ana lex="ทิ้ง" pos="PHRV" trans="cast out" translit=""/><ana lex="ทิ้ง" pos="verb,transitive" trans="trash" translit=""/><ana lex="ทิ้ง" pos="PHRV" trans="cast off" translit=""/><ana lex="ทิ้ง" pos="verb" trans="run away" translit=""/><ana lex="ทิ้ง" pos="verb" trans="leave" translit=""/><ana lex="ทิ้ง" pos="verb,transitive" trans="dump" translit=""/><ana lex="ทิ้ง" pos="verb" trans="drop" translit=""/><ana lex="ทิ้ง" pos="verb,transitive" trans="abandon" translit=""/><ana lex="ทิ้ง" pos="verb" trans="discard" translit=""/><ana lex="ทิ้ง" pos="verb,transitive" trans="cast" translit=""/><ana lex="ทิ้ง" pos="verb,transitive" trans="ditch" translit=""/></w><w>กัน<ana lex="กัน" pos="verb" trans="keep out" translit=""/><ana lex="กัน" pos="PRON" trans="one another" translit=""/><ana lex="กัน" pos="PHRV" trans="screen off" translit=""/><ana lex="กัน" pos="adverb" trans="together" translit=""/><ana lex="กัน" pos="verb" trans="shave" translit=""/><ana lex="กัน" pos="verb" trans="separate" translit=""/></w></se><se><w>."<ana lex="" pos="" trans="" translit=""/></w></se><se><w>ถาม<ana lex="ถาม" pos="verb,transitive" trans="ask" translit=""/><ana lex="ถาม" pos="verb,transitive" trans="pose" translit=""/><ana lex="ถาม" pos="verb,intransitive" trans="ask" translit=""/><ana lex="ถาม" pos="SL" trans="aks" translit=""/><ana lex="ถาม" pos="PHRV" trans="look in2" translit=""/><ana lex="ถาม" pos="PHRV" trans="enquire of" translit=""/><ana lex="ถาม" pos="verb" trans="ask" translit=""/></w><w>ฉัน<ana lex="ฉัน" pos="" trans="[alternate pronunciation of ฉัน ]" translit="chanH"/><ana lex="ฉัน" pos="pronoun" trans="me" translit=""/></w><w>เพื่อ<ana lex="เพื่อ" pos="preposition" trans="for" translit=""/><ana lex="เพื่อ" pos="conjunction" trans="for" translit=""/><ana lex="เพื่อ" pos="preposition" trans="in order to" translit=""/></w><w>อะไร<ana lex="อะไร" pos="DET" trans="any" translit=""/><ana lex="อะไร" pos="adjective" trans="what" translit=""/><ana lex="อะไร" pos="pronoun" trans="what" translit=""/><ana lex="อะไร" pos="QUES" trans="what" translit=""/><ana lex="อะไร" pos="adverb" trans="whatever" translit=""/><ana lex="อะไร" pos="PRON" trans="whatever" translit=""/></w></se><se><w>"<ana lex="" pos="" trans="" translit=""/></w></se></body>