<body><meta><link>http://www.thaipoem.com/poem/101555</link><title>อุ่นไอมีแบ่งปัน</title><genre>poem</genre></meta><se><w>โอบ<ana lex="โอบ" pos="verb" trans="encircle" translit=""/><ana lex="โอบ" pos="verb" trans="embrace" translit=""/><ana lex="โอบ" pos="verb" trans="encircle; surround; enfold; embrace; hug; clasp; outflank" translit="o:hpL"/><ana lex="โอบ" pos="verb" trans="outflank" translit=""/></w><w>เศร้า<ana lex="เศร้า" pos="adjective" trans="sad" translit=""/><ana lex="เศร้า" pos="adjective" trans="melancholy" translit=""/><ana lex="เศร้า" pos="adjective" trans="lowdown" translit=""/><ana lex="เศร้า" pos="adjective" trans="sad" translit=""/><ana lex="เศร้า" pos="adverb" trans="sadly" translit=""/><ana lex="เศร้า" pos="adjective" trans="heavy" translit=""/><ana lex="เศร้า" pos="verb" trans="be sad" translit=""/><ana lex="เศร้า" pos="adjective" trans="heavy-hearted" translit=""/></w><w>เมื่อ<ana lex="เมื่อ" pos="adverb" trans="when" translit=""/><ana lex="เมื่อ" pos="adverb" trans="when" translit=""/><ana lex="เมื่อ" pos="conjunction" trans="directly" translit=""/><ana lex="เมื่อ" pos="adverb" trans="in the days of" translit=""/><ana lex="เมื่อ" pos="conjunction" trans="when" translit=""/></w><w>คราว<ana lex="คราว" pos="noun" trans="turn" translit=""/><ana lex="คราว" pos="noun" trans="time" translit=""/><ana lex="คราว" pos="noun" trans="occasion" translit=""/><ana lex="คราว" pos="noun" trans="age" translit=""/><ana lex="คราว" pos="preposition" trans="same as" translit=""/><ana lex="คราว" pos="noun" trans="old tom-cat" translit=""/></w><w>ก่อน<ana lex="ก่อน" pos="conjunction" trans="before" translit=""/><ana lex="ก่อน" pos="preposition" trans="before" translit=""/><ana lex="ก่อน" pos="adjective" trans="former" translit=""/><ana lex="ก่อน" pos="PRF" trans="fore-" translit=""/><ana lex="ก่อน" pos="preposition" trans="afore" translit=""/><ana lex="ก่อน" pos="PRF" trans="pro-" translit=""/><ana lex="ก่อน" pos="adjective" trans="in the past" translit=""/><ana lex="ก่อน" pos="adverb" trans="formerly" translit=""/><ana lex="ก่อน" pos="adverb" trans="anteriorly" translit=""/><ana lex="ก่อน" pos="PRF" trans="ante-" translit=""/><ana lex="ก่อน" pos="conjunction" trans="afore" translit=""/><ana lex="ก่อน" pos="adverb" trans="afore" translit=""/><ana lex="ก่อน" pos="PRF" trans="pro-" translit=""/><ana lex="ก่อน" pos="PRF" trans="pre-" translit=""/><ana lex="ก่อน" pos="PRF" trans="proto-" translit=""/><ana lex="ก่อน" pos="PRF" trans="prot-" translit=""/><ana lex="ก่อน" pos="adjective" trans="anterior" translit=""/><ana lex="ก่อน" pos="PRF" trans="ante-" translit=""/></w></se><se><w>ร้าว<ana lex="ร้าว" pos="adjective" trans="cracked" translit=""/><ana lex="ร้าว" pos="adjective" trans="parted" translit=""/><ana lex="ร้าว" pos="verb" trans="crack" translit=""/></w><w>รอน<ana lex="รอน" pos="verb,transitive,intransitive,formal" trans="to cut; cut down; reduce; reduce strength; trim; curtail; undermine; sever" translit="raawnM"/><ana lex="รอน" pos="adjective" trans="[นอน ] sleeping" translit="raawnM"/><ana lex="รอน" pos="proper noun,loanword,English" trans="Ron [an English given name]" translit="raawnM"/></w><w>เธอ<ana lex="เธอ" pos="PRON" trans="you" translit=""/><ana lex="เธอ" pos="pronoun" trans="she" translit=""/><ana lex="เธอ" pos="pronoun" trans="her" translit=""/><ana lex="เธอ" pos="PRON" trans="she" translit=""/></w><w>ปลอบ<ana lex="ปลอบ" pos="verb" trans="soothe" translit=""/></w><w>ขวัญ</w></se><se><w>ซับ<ana lex="ซับ" pos="verb" trans="absorb" translit=""/></w><w>หยาด<ana lex="หยาด" pos="verb" trans="to drip" translit="yaatL"/><ana lex="หยาด" pos="verb" trans="drop" translit=""/><ana lex="หยาด" pos="noun" trans="[of liquid] a small drop" translit="yaatL"/></w><w>น้ำตา<ana lex="น้ำตา" pos="noun" trans="tear" translit=""/><ana lex="น้ำตา" pos="noun" trans="tear" translit=""/></w><w>ใส<ana lex="ใส" pos="verb" trans="be transparent" translit=""/><ana lex="ใส" pos="adjective" trans="liquid" translit=""/><ana lex="ใส" pos="adjective" trans="transparent" translit=""/><ana lex="ใส" pos="adjective" trans="limpid" translit=""/><ana lex="ใส" pos="adjective" trans="clear" translit=""/></w></se><se><w>อุ่น<ana lex="อุ่น" pos="verb" trans="heat up" translit=""/><ana lex="อุ่น" pos="verb" trans="be warm" translit=""/><ana lex="อุ่น" pos="adjective" trans="warm" translit=""/><ana lex="อุ่น" pos="adjective" trans="warm" translit=""/></w><w>ไอ<ana lex="ไอ" pos="verb,intransitive" trans="cough" translit=""/><ana lex="ไอ" pos="verb" trans="cough" translit=""/><ana lex="ไอ" pos="noun" trans="vapour" translit=""/><ana lex="ไอ" pos="verb,intransitive" trans="hack" translit=""/></w><w>มี<ana lex="มี" pos="verb" trans="consist of" translit=""/><ana lex="มี" pos="verb" trans="there is/are" translit=""/><ana lex="มี" pos="verb" trans="have" translit=""/><ana lex="มี" pos="verb,transitive" trans="contain" translit=""/><ana lex="มี" pos="verb,transitive" trans="has" translit=""/><ana lex="มี" pos="verb,transitive" trans="have" translit=""/><ana lex="มี" pos="adjective" trans="rich" translit=""/></w><w>แบ่งปัน<ana lex="แบ่งปัน" pos="PHRV" trans="apportion between" translit=""/><ana lex="แบ่งปัน" pos="PHRV" trans="apportion among" translit=""/><ana lex="แบ่งปัน" pos="PHRV" trans="divvy up" translit=""/><ana lex="แบ่งปัน" pos="PHRV" trans="ration out" translit=""/><ana lex="แบ่งปัน" pos="verb" trans="portion out" translit=""/><ana lex="แบ่งปัน" pos="verb" trans="to share; apportion; allocate" translit="baengL bpanM"/></w></se><se><w>โอม<ana lex="โอม" pos="noun" trans="word of invocation" translit=""/></w><w>เอื้อ<ana lex="เอื้อ" pos="verb" trans="be charitable to" translit=""/><ana lex="เอื้อ" pos="verb" trans="be charitable to" translit=""/></w><w>อาทร<ana lex="อาทร" pos="noun" trans="care" translit=""/><ana lex="อาทร" pos="verb" trans="care" translit=""/></w><w>กล้า<ana lex="กล้า" pos="verb,intransitive" trans="brave" translit=""/><ana lex="กล้า" pos="adjective" trans="adventuresome" translit=""/><ana lex="กล้า" pos="PHRV" trans="screw one's courage to the sticking-place" translit=""/><ana lex="กล้า" pos="idiom" trans="take heart" translit=""/><ana lex="กล้า" pos="idiom" trans="make bold" translit=""/><ana lex="กล้า" pos="verb,intransitive" trans="dare" translit=""/><ana lex="กล้า" pos="noun" trans="seedling" translit=""/><ana lex="กล้า" pos="adjective" trans="brave" translit=""/><ana lex="กล้า" pos="adjective" trans="bold" translit=""/><ana lex="กล้า" pos="adjective" trans="hardened" translit=""/></w></se><se><w>เหว่<ana lex="เหว่" pos="adjective" trans="solitary; lonely; deserted" translit="waehL"/></w><w>ว้า</w><w>ช่วย<ana lex="ช่วย" pos="verb" trans="help" translit=""/><ana lex="ช่วย" pos="verb,transitive" trans="assist" translit=""/><ana lex="ช่วย" pos="PHRV" trans="oblige by" translit=""/><ana lex="ช่วย" pos="verb,transitive" trans="help" translit=""/><ana lex="ช่วย" pos="verb,intransitive" trans="assist" translit=""/><ana lex="ช่วย" pos="verb,intransitive" trans="help" translit=""/></w><w>ปลอบ<ana lex="ปลอบ" pos="verb" trans="soothe" translit=""/></w><w>ขวัญ</w></se><se><w>คราว<ana lex="คราว" pos="noun" trans="turn" translit=""/><ana lex="คราว" pos="noun" trans="time" translit=""/><ana lex="คราว" pos="noun" trans="occasion" translit=""/><ana lex="คราว" pos="noun" trans="age" translit=""/><ana lex="คราว" pos="preposition" trans="same as" translit=""/><ana lex="คราว" pos="noun" trans="old tom-cat" translit=""/></w><w>นี้</w><w>ก็<ana lex="ก็" pos="adverb" trans="also" translit=""/><ana lex="ก็" pos="conjunction" trans="as a result" translit=""/></w><w>เช่น<ana lex="เช่น" pos="preposition" trans="like" translit=""/><ana lex="เช่น" pos="conjunction" trans="such as" translit=""/><ana lex="เช่น" pos="preposition" trans="like" translit=""/></w><w>กัน<ana lex="กัน" pos="verb" trans="keep out" translit=""/><ana lex="กัน" pos="PRON" trans="one another" translit=""/><ana lex="กัน" pos="PHRV" trans="screen off" translit=""/><ana lex="กัน" pos="adverb" trans="together" translit=""/><ana lex="กัน" pos="verb" trans="shave" translit=""/><ana lex="กัน" pos="verb" trans="separate" translit=""/></w></se><se><w>เธอ<ana lex="เธอ" pos="PRON" trans="you" translit=""/><ana lex="เธอ" pos="pronoun" trans="she" translit=""/><ana lex="เธอ" pos="pronoun" trans="her" translit=""/><ana lex="เธอ" pos="PRON" trans="she" translit=""/></w><w>มา<ana lex="มา" pos="PHRV" trans="get in1" translit=""/><ana lex="มา" pos="adverb" trans="coming (toward the present; or toward the focal time)" translit=""/><ana lex="มา" pos="verb,intransitive" trans="come" translit=""/><ana lex="มา" pos="verb" trans="arrive" translit=""/></w><w>เหมือน<ana lex="เหมือน" pos="PRF" trans="homo-" translit=""/><ana lex="เหมือน" pos="verb,transitive" trans="mirror" translit=""/><ana lex="เหมือน" pos="PHRV" trans="take after" translit=""/><ana lex="เหมือน" pos="conjunction" trans="like" translit=""/><ana lex="เหมือน" pos="SUF" trans="-like" translit=""/><ana lex="เหมือน" pos="SUF" trans="-ly" translit=""/></w><w>เช่น<ana lex="เช่น" pos="preposition" trans="like" translit=""/><ana lex="เช่น" pos="conjunction" trans="such as" translit=""/><ana lex="เช่น" pos="preposition" trans="like" translit=""/></w><w>เดิม<ana lex="เดิม" pos="adverb" trans="as before" translit=""/><ana lex="เดิม" pos="adjective" trans="old" translit=""/><ana lex="เดิม" pos="adverb" trans="at first" translit=""/></w></se><se><w>แต่<ana lex="แต่" pos="adverb" trans="only" translit=""/><ana lex="แต่" pos="conjunction" trans="but" translit=""/><ana lex="แต่" pos="conjunction" trans="but" translit=""/><ana lex="แต่" pos="conjunction" trans="but" translit=""/><ana lex="แต่" pos="preposition" trans="earlier" translit=""/><ana lex="แต่" pos="conjunction" trans="only" translit=""/></w><w>มา<ana lex="มา" pos="PHRV" trans="get in1" translit=""/><ana lex="มา" pos="adverb" trans="coming (toward the present; or toward the focal time)" translit=""/><ana lex="มา" pos="verb,intransitive" trans="come" translit=""/><ana lex="มา" pos="verb" trans="arrive" translit=""/></w><w>ร่วม<ana lex="ร่วม" pos="verb" trans="join in" translit=""/><ana lex="ร่วม" pos="adverb" trans="almost" translit=""/></w><w>สร้าง<ana lex="สร้าง" pos="PHRV" trans="put up" translit=""/><ana lex="สร้าง" pos="verb,transitive" trans="ground" translit=""/><ana lex="สร้าง" pos="verb,transitive" trans="build" translit=""/><ana lex="สร้าง" pos="PHRV" trans="fetch out" translit=""/><ana lex="สร้าง" pos="verb,transitive" trans="establish" translit=""/><ana lex="สร้าง" pos="verb,transitive" trans="produce" translit=""/><ana lex="สร้าง" pos="PHRV" trans="get up" translit=""/><ana lex="สร้าง" pos="verb,transitive" trans="raise" translit=""/><ana lex="สร้าง" pos="PHRV" trans="turn off1" translit=""/><ana lex="สร้าง" pos="PHRV" trans="get up" translit=""/><ana lex="สร้าง" pos="verb,transitive" trans="deliver" translit=""/><ana lex="สร้าง" pos="verb,transitive" trans="create" translit=""/><ana lex="สร้าง" pos="noun" trans="platform" translit=""/><ana lex="สร้าง" pos="verb" trans="build" translit=""/><ana lex="สร้าง" pos="PHRV" trans="make up" translit=""/><ana lex="สร้าง" pos="verb" trans="create" translit=""/><ana lex="สร้าง" pos="PHRV" trans="make on" translit=""/><ana lex="สร้าง" pos="PHRV" trans="make for" translit=""/><ana lex="สร้าง" pos="verb,transitive" trans="found" translit=""/><ana lex="สร้าง" pos="PHRV" trans="make up" translit=""/><ana lex="สร้าง" pos="verb,transitive" trans="construct" translit=""/></w><w>ฝัน<ana lex="ฝัน" pos="verb,transitive" trans="dream" translit=""/><ana lex="ฝัน" pos="verb,intransitive" trans="dream" translit=""/><ana lex="ฝัน" pos="verb" trans="dream" translit=""/></w></se><se><w>แบ่งปัน<ana lex="แบ่งปัน" pos="PHRV" trans="apportion between" translit=""/><ana lex="แบ่งปัน" pos="PHRV" trans="apportion among" translit=""/><ana lex="แบ่งปัน" pos="PHRV" trans="divvy up" translit=""/><ana lex="แบ่งปัน" pos="PHRV" trans="ration out" translit=""/><ana lex="แบ่งปัน" pos="verb" trans="portion out" translit=""/><ana lex="แบ่งปัน" pos="verb" trans="to share; apportion; allocate" translit="baengL bpanM"/></w><w>มา<ana lex="มา" pos="PHRV" trans="get in1" translit=""/><ana lex="มา" pos="adverb" trans="coming (toward the present; or toward the focal time)" translit=""/><ana lex="มา" pos="verb,intransitive" trans="come" translit=""/><ana lex="มา" pos="verb" trans="arrive" translit=""/></w><w>ช่วย<ana lex="ช่วย" pos="verb" trans="help" translit=""/><ana lex="ช่วย" pos="verb,transitive" trans="assist" translit=""/><ana lex="ช่วย" pos="PHRV" trans="oblige by" translit=""/><ana lex="ช่วย" pos="verb,transitive" trans="help" translit=""/><ana lex="ช่วย" pos="verb,intransitive" trans="assist" translit=""/><ana lex="ช่วย" pos="verb,intransitive" trans="help" translit=""/></w><w>เสริม<ana lex="เสริม" pos="verb" trans="support" translit=""/><ana lex="เสริม" pos="adjective" trans="auxiliary" translit=""/><ana lex="เสริม" pos="verb" trans="enhance" translit=""/><ana lex="เสริม" pos="verb,transitive" trans="reenforce" translit=""/></w></se><se><w>น้ำใจ<ana lex="น้ำใจ" pos="noun" trans="kindness" translit=""/></w><w>มา<ana lex="มา" pos="PHRV" trans="get in1" translit=""/><ana lex="มา" pos="adverb" trans="coming (toward the present; or toward the focal time)" translit=""/><ana lex="มา" pos="verb,intransitive" trans="come" translit=""/><ana lex="มา" pos="verb" trans="arrive" translit=""/></w><w>หลั่ง<ana lex="หลั่ง" pos="verb,transitive" trans="secrete" translit=""/><ana lex="หลั่ง" pos="verb" trans="run (e.g. of liquid)" translit=""/></w><w>เติม<ana lex="เติม" pos="verb" trans="add" translit=""/><ana lex="เติม" pos="verb,transitive" trans="fill" translit=""/><ana lex="เติม" pos="verb,transitive" trans="line" translit=""/><ana lex="เติม" pos="verb,transitive" trans="replenish" translit=""/><ana lex="เติม" pos="verb,transitive" trans="brim" translit=""/></w></se><se><w>สุข<ana lex="สุข" pos="noun" trans="happiness" translit=""/><ana lex="สุข" pos="verb" trans="be happy" translit=""/><ana lex="สุข" pos="" trans="[alternate pronunciation of สุข ]" translit="sookL khaL"/></w><w>รวม<ana lex="รวม" pos="verb" trans="assemble" translit=""/><ana lex="รวม" pos="PHRV" trans="add together" translit=""/><ana lex="รวม" pos="verb" trans="add" translit=""/><ana lex="รวม" pos="verb,transitive" trans="add" translit=""/><ana lex="รวม" pos="verb,intransitive" trans="add" translit=""/><ana lex="รวม" pos="adjective" trans="aggregate" translit=""/></w><w>เข้า<ana lex="เข้า" pos="verb" trans="get along with" translit=""/><ana lex="เข้า" pos="verb,transitive" trans="access" translit=""/><ana lex="เข้า" pos="verb" trans="put in" translit=""/><ana lex="เข้า" pos="verb,transitive" trans="enter" translit=""/><ana lex="เข้า" pos="verb,intransitive" trans="enter" translit=""/><ana lex="เข้า" pos="verb" trans="enter" translit=""/><ana lex="เข้า" pos="verb" trans="reach" translit=""/></w><w>ร่วม<ana lex="ร่วม" pos="verb" trans="join in" translit=""/><ana lex="ร่วม" pos="adverb" trans="almost" translit=""/></w><w>กัน<ana lex="กัน" pos="verb" trans="keep out" translit=""/><ana lex="กัน" pos="PRON" trans="one another" translit=""/><ana lex="กัน" pos="PHRV" trans="screen off" translit=""/><ana lex="กัน" pos="adverb" trans="together" translit=""/><ana lex="กัน" pos="verb" trans="shave" translit=""/><ana lex="กัน" pos="verb" trans="separate" translit=""/></w></se><se><w>ทอ<ana lex="ทอ" pos="verb" trans="weave" translit=""/><ana lex="ทอ" pos="verb,intransitive" trans="interweave" translit=""/><ana lex="ทอ" pos="verb,transitive" trans="interweave" translit=""/></w><w>ถัก<ana lex="ถัก" pos="verb" trans="knit" translit=""/><ana lex="ถัก" pos="verb,transitive" trans="knit" translit=""/><ana lex="ถัก" pos="PHRV" trans="knit up" translit=""/></w><w>เป็น<ana lex="เป็น" pos="auxiliary verb" trans="are" translit=""/><ana lex="เป็น" pos="verb,intransitive" trans="been" translit=""/><ana lex="เป็น" pos="verb,intransitive" trans="come" translit=""/><ana lex="เป็น" pos="verb" trans="be able to" translit=""/><ana lex="เป็น" pos="verb" trans="be" translit=""/><ana lex="เป็น" pos="adjective" trans="alive" translit=""/></w><w>สายใย<ana lex="สายใย" pos="noun" trans="the string that binds (us) together" translit="saaiR yaiM"/><ana lex="สายใย" pos="noun" trans="relationship" translit=""/><ana lex="สายใย" pos="noun" trans="part of a watch's mechanism" translit=""/></w></se><se><w>แบ่ง<ana lex="แบ่ง" pos="verb,transitive" trans="partition" translit=""/><ana lex="แบ่ง" pos="PHRV" trans="wall off" translit=""/><ana lex="แบ่ง" pos="PHRV" trans="go round1" translit=""/><ana lex="แบ่ง" pos="verb,transitive" trans="divide" translit=""/><ana lex="แบ่ง" pos="verb,intransitive" trans="divide" translit=""/><ana lex="แบ่ง" pos="verb,transitive" trans="sunder" translit=""/></w><w>ใจ<ana lex="ใจ" pos="noun" trans="heart" translit=""/><ana lex="ใจ" pos="noun" trans="mind" translit=""/></w><w>ไว้<ana lex="ไว้" pos="verb" trans="keep" translit=""/></w><w>คง<ana lex="คง" pos="auxiliary verb" trans="may" translit=""/></w><w>มั่น</w></se><se><w>ต่าง<ana lex="ต่าง" pos="adverb" trans="in place of" translit=""/><ana lex="ต่าง" pos="noun" trans="pack-saddle" translit=""/><ana lex="ต่าง" pos="verb" trans="differ" translit=""/><ana lex="ต่าง" pos="verb" trans="carry" translit=""/><ana lex="ต่าง" pos="adverb" trans="take as" translit=""/><ana lex="ต่าง" pos="DET" trans="each" translit=""/><ana lex="ต่าง" pos="adverb" trans="each" translit=""/><ana lex="ต่าง" pos="adjective" trans="foreign" translit=""/><ana lex="ต่าง" pos="DET" trans="each" translit=""/><ana lex="ต่าง" pos="adverb" trans="differ (farther or mother)" translit=""/></w><w>เรา<ana lex="เรา" pos="pronoun" trans="us" translit=""/><ana lex="เรา" pos="PRON" trans="I" translit=""/><ana lex="เรา" pos="pronoun" trans="we" translit=""/><ana lex="เรา" pos="PRON" trans="you" translit=""/><ana lex="เรา" pos="PRON" trans="we" translit=""/></w><w>มาส<ana lex="มาส" pos="noun,poetic" trans="[poetic] month" translit="maatF"/><ana lex="มาส" pos="proper noun" trans="[แม่น้ำมาส] Maas, a river in the Netherlands" translit="maatF"/><ana lex="มาส" pos="" trans="[suffix; alternate spelling of] มาศ" translit="maatF"/></w><w>ร้าง<ana lex="ร้าง" pos="verb" trans="be deserted" translit=""/><ana lex="ร้าง" pos="adjective" trans="deserted" translit=""/></w><w>ฝัน<ana lex="ฝัน" pos="verb,transitive" trans="dream" translit=""/><ana lex="ฝัน" pos="verb,intransitive" trans="dream" translit=""/><ana lex="ฝัน" pos="verb" trans="dream" translit=""/></w></se><se><w>กับ<ana lex="กับ" pos="preposition" trans="with" translit=""/><ana lex="กับ" pos="preposition" trans="with" translit=""/><ana lex="กับ" pos="noun" trans="trap" translit=""/><ana lex="กับ" pos="preposition" trans="on" translit=""/><ana lex="กับ" pos="conjunction" trans="and" translit=""/><ana lex="กับ" pos="preposition" trans="with" translit=""/></w><w>วัน<ana lex="วัน" pos="" trans="[alternate pronunciation of วัน ]" translit="wanM naH"/><ana lex="วัน" pos="noun" trans="day" translit=""/><ana lex="วัน" pos="noun" trans="diem" translit=""/><ana lex="วัน" pos="noun" trans="day" translit=""/></w><w>ที่<ana lex="ที่" pos="PRON" trans="that" translit=""/><ana lex="ที่" pos="preposition" trans="at" translit=""/><ana lex="ที่" pos="noun" trans="word for utensil" translit=""/><ana lex="ที่" pos="preposition" trans="at" translit=""/><ana lex="ที่" pos="noun" trans="place" translit=""/><ana lex="ที่" pos="classifier" trans="qualifiers for places" translit=""/><ana lex="ที่" pos="noun" trans="ordinal number" translit=""/><ana lex="ที่" pos="preposition" trans="to" translit=""/><ana lex="ที่" pos="noun" trans="land" translit=""/></w><w>พร่างพราว<ana lex="พร่างพราว" pos="adjective" trans="[is] shining; illuminated; sparkling; brilliant" translit="phraangF phraaoM"/></w></se><se><w>เยี่ยม<ana lex="เยี่ยม" pos="PHRV" trans="go over1" translit=""/><ana lex="เยี่ยม" pos="verb" trans="poke" translit=""/><ana lex="เยี่ยม" pos="adjective" trans="excellent" translit=""/><ana lex="เยี่ยม" pos="SL" trans="awesome" translit=""/><ana lex="เยี่ยม" pos="verb" trans="visit" translit=""/><ana lex="เยี่ยม" pos="PHRV" trans="look up" translit=""/><ana lex="เยี่ยม" pos="adjective" trans="fabulous" translit=""/></w><w>เลย<ana lex="เลย" pos="PRF" trans="extra-" translit=""/><ana lex="เลย" pos="auxiliary verb" trans="have to" translit=""/><ana lex="เลย" pos="verb" trans="pass" translit=""/><ana lex="เลย" pos="adverb" trans="really" translit=""/><ana lex="เลย" pos="noun" trans="Loei" translit=""/><ana lex="เลย" pos="adverb" trans="completely" translit=""/></w><w>ครับ<ana lex="ครับ" pos="END" trans="yes, sir" translit=""/></w></se><se><w>ขอ<ana lex="ขอ" pos="PHRV" trans="appeal for" translit=""/><ana lex="ขอ" pos="verb" trans="beg" translit=""/><ana lex="ขอ" pos="SL" trans="scrounge" translit=""/><ana lex="ขอ" pos="PHRV" trans="pony up for" translit=""/><ana lex="ขอ" pos="noun" trans="hook" translit=""/><ana lex="ขอ" pos="verb,transitive" trans="cadge" translit=""/><ana lex="ขอ" pos="verb,intransitive" trans="cadge" translit=""/><ana lex="ขอ" pos="PHRV" trans="ask for" translit=""/><ana lex="ขอ" pos="PHRV" trans="tap for" translit=""/></w><w>ชม<ana lex="ชม" pos="verb" trans="see" translit=""/><ana lex="ชม" pos="verb" trans="praise" translit=""/></w></se><se><w>ๆ<ana lex="ๆ" pos="" trans="[repetition character]" translit=""/></w></se></body>