<body><meta><link>http://www.thaipoem.com/poem/133610</link><title>พ่อครับ...</title><genre>poem</genre></meta><se><w>พ่อ<ana lex="พ่อ" pos="noun" trans="pop" translit=""/><ana lex="พ่อ" pos="noun" trans="dad" translit=""/><ana lex="พ่อ" pos="SL" trans="pops" translit=""/><ana lex="พ่อ" pos="noun" trans="father" translit=""/><ana lex="พ่อ" pos="noun" trans="daddy" translit=""/><ana lex="พ่อ" pos="noun" trans="pater" translit=""/><ana lex="พ่อ" pos="noun" trans="pa" translit=""/><ana lex="พ่อ" pos="noun" trans="paw" translit=""/></w><w>ครับ<ana lex="ครับ" pos="END" trans="yes, sir" translit=""/></w></se><se><w>.<ana lex="" pos="" trans="" translit=""/></w></se><se><w>พ่อ<ana lex="พ่อ" pos="noun" trans="pop" translit=""/><ana lex="พ่อ" pos="noun" trans="dad" translit=""/><ana lex="พ่อ" pos="SL" trans="pops" translit=""/><ana lex="พ่อ" pos="noun" trans="father" translit=""/><ana lex="พ่อ" pos="noun" trans="daddy" translit=""/><ana lex="พ่อ" pos="noun" trans="pater" translit=""/><ana lex="พ่อ" pos="noun" trans="pa" translit=""/><ana lex="พ่อ" pos="noun" trans="paw" translit=""/></w><w>รู้<ana lex="รู้" pos="verb,transitive" trans="tell" translit=""/><ana lex="รู้" pos="verb,transitive" trans="ken" translit=""/><ana lex="รู้" pos="verb,intransitive" trans="ken" translit=""/><ana lex="รู้" pos="PHRV" trans="hear about" translit=""/><ana lex="รู้" pos="verb,transitive" trans="know" translit=""/><ana lex="รู้" pos="verb" trans="know" translit=""/></w><w>ไหม<ana lex="ไหม" pos="noun" trans="silk thread" translit=""/><ana lex="ไหม" pos="noun" trans="silk" translit="maiR"/><ana lex="ไหม" pos="noun" trans="silk wool" translit=""/><ana lex="ไหม" pos="noun" trans="silk cloth" translit=""/><ana lex="ไหม" pos="noun" trans="silk worm" translit=""/><ana lex="ไหม" pos="QUES" trans="word ending at the end of the question to be answered 'Yes' or 'No'" translit=""/><ana lex="ไหม" pos="noun" trans="[ตัวไหม] silkworm" translit="maiR"/><ana lex="ไหม" pos="particle" trans="[word added at the end of a statement to indicate a question]" translit="maiR"/><ana lex="ไหม" pos="adverb,particle" trans="[alternative, colloquial pronunciation of ไหม, word added at the end of a statement to indicate a question]" translit="maiH"/><ana lex="ไหม" pos="" trans="[alternate pronunciation of ไหม]" translit="maiH"/><ana lex="ไหม" pos="noun" trans="[ผ้าไหม] silk fabric" translit="maiR"/><ana lex="ไหม" pos="adjective" trans="silken; of silk" translit="maiR"/></w><w>ครับ<ana lex="ครับ" pos="END" trans="yes, sir" translit=""/></w><w>กับ<ana lex="กับ" pos="preposition" trans="with" translit=""/><ana lex="กับ" pos="preposition" trans="with" translit=""/><ana lex="กับ" pos="noun" trans="trap" translit=""/><ana lex="กับ" pos="preposition" trans="on" translit=""/><ana lex="กับ" pos="conjunction" trans="and" translit=""/><ana lex="กับ" pos="preposition" trans="with" translit=""/></w><w>บาง<ana lex="บาง" pos="adjective" trans="subtle" translit=""/><ana lex="บาง" pos="adjective" trans="thin" translit=""/><ana lex="บาง" pos="adjective" trans="fine" translit=""/><ana lex="บาง" pos="noun" trans="settlement" translit=""/><ana lex="บาง" pos="adjective" trans="thin" translit=""/><ana lex="บาง" pos="DET" trans="some" translit=""/><ana lex="บาง" pos="adjective" trans="thin" translit=""/><ana lex="บาง" pos="adjective" trans="thin" translit=""/><ana lex="บาง" pos="noun" trans="village" translit=""/></w><w>อย่าง<ana lex="อย่าง" pos="noun" trans="method" translit=""/><ana lex="อย่าง" pos="adverb" trans="severely" translit=""/><ana lex="อย่าง" pos="noun" trans="type" translit=""/></w></se><se><w>ที่<ana lex="ที่" pos="PRON" trans="that" translit=""/><ana lex="ที่" pos="preposition" trans="at" translit=""/><ana lex="ที่" pos="noun" trans="word for utensil" translit=""/><ana lex="ที่" pos="preposition" trans="at" translit=""/><ana lex="ที่" pos="noun" trans="place" translit=""/><ana lex="ที่" pos="classifier" trans="qualifiers for places" translit=""/><ana lex="ที่" pos="noun" trans="ordinal number" translit=""/><ana lex="ที่" pos="preposition" trans="to" translit=""/><ana lex="ที่" pos="noun" trans="land" translit=""/></w><w>พ่อ<ana lex="พ่อ" pos="noun" trans="pop" translit=""/><ana lex="พ่อ" pos="noun" trans="dad" translit=""/><ana lex="พ่อ" pos="SL" trans="pops" translit=""/><ana lex="พ่อ" pos="noun" trans="father" translit=""/><ana lex="พ่อ" pos="noun" trans="daddy" translit=""/><ana lex="พ่อ" pos="noun" trans="pater" translit=""/><ana lex="พ่อ" pos="noun" trans="pa" translit=""/><ana lex="พ่อ" pos="noun" trans="paw" translit=""/></w><w>ก่อ<ana lex="ก่อ" pos="verb" trans="construct" translit=""/><ana lex="ก่อ" pos="verb" trans="light (a fire)" translit=""/><ana lex="ก่อ" pos="verb" trans="construct" translit=""/><ana lex="ก่อ" pos="verb" trans="cause" translit=""/><ana lex="ก่อ" pos="verb" trans="lay (brick)" translit=""/></w><w>เส้น<ana lex="เส้น" pos="noun" trans="line" translit=""/><ana lex="เส้น" pos="noun" trans="line" translit=""/><ana lex="เส้น" pos="classifier" trans="unit of length equal to 40 metres" translit=""/><ana lex="เส้น" pos="classifier" trans="numerative noun of road, long thing" translit=""/><ana lex="เส้น" pos="noun" trans="nerve" translit=""/></w><w>ขึ้น<ana lex="ขึ้น" pos="adjective" trans="ascending" translit=""/><ana lex="ขึ้น" pos="verb,intransitive" trans="ascend" translit=""/><ana lex="ขึ้น" pos="verb" trans="come into being" translit=""/><ana lex="ขึ้น" pos="verb" trans="be lucky" translit=""/><ana lex="ขึ้น" pos="adverb" trans="increasingly" translit=""/><ana lex="ขึ้น" pos="adverb" trans="be tenable" translit=""/><ana lex="ขึ้น" pos="verb" trans="develop" translit=""/><ana lex="ขึ้น" pos="adjective" trans="ascendant" translit=""/><ana lex="ขึ้น" pos="adverb" trans="more" translit=""/><ana lex="ขึ้น" pos="verb" trans="depend on" translit=""/><ana lex="ขึ้น" pos="verb" trans="be in luck" translit=""/><ana lex="ขึ้น" pos="verb" trans="grow" translit=""/><ana lex="ขึ้น" pos="verb" trans="get on" translit=""/><ana lex="ขึ้น" pos="verb" trans="go up" translit=""/><ana lex="ขึ้น" pos="verb" trans="increase" translit=""/></w><w>เป็น<ana lex="เป็น" pos="auxiliary verb" trans="are" translit=""/><ana lex="เป็น" pos="verb,intransitive" trans="been" translit=""/><ana lex="เป็น" pos="verb,intransitive" trans="come" translit=""/><ana lex="เป็น" pos="verb" trans="be able to" translit=""/><ana lex="เป็น" pos="verb" trans="be" translit=""/><ana lex="เป็น" pos="adjective" trans="alive" translit=""/></w><w>ทาง<ana lex="ทาง" pos="noun" trans="way" translit=""/><ana lex="ทาง" pos="noun" trans="palm leaf" translit=""/><ana lex="ทาง" pos="preposition" trans="from" translit=""/><ana lex="ทาง" pos="noun" trans="way" translit=""/><ana lex="ทาง" pos="classifier" trans="qualifier for palm leaves" translit=""/><ana lex="ทาง" pos="preposition" trans="by" translit=""/><ana lex="ทาง" pos="noun" trans="side" translit=""/><ana lex="ทาง" pos="noun" trans="pathway" translit=""/><ana lex="ทาง" pos="preposition" trans="by" translit=""/></w></se><se><w>ผม<ana lex="ผม" pos="SL" trans="barnet fair" translit=""/><ana lex="ผม" pos="noun" trans="hair" translit=""/><ana lex="ผม" pos="PRON" trans="I" translit=""/><ana lex="ผม" pos="noun" trans="hair" translit=""/></w><w>สร้าง<ana lex="สร้าง" pos="PHRV" trans="put up" translit=""/><ana lex="สร้าง" pos="verb,transitive" trans="ground" translit=""/><ana lex="สร้าง" pos="verb,transitive" trans="build" translit=""/><ana lex="สร้าง" pos="PHRV" trans="fetch out" translit=""/><ana lex="สร้าง" pos="verb,transitive" trans="establish" translit=""/><ana lex="สร้าง" pos="verb,transitive" trans="produce" translit=""/><ana lex="สร้าง" pos="PHRV" trans="get up" translit=""/><ana lex="สร้าง" pos="verb,transitive" trans="raise" translit=""/><ana lex="สร้าง" pos="PHRV" trans="turn off1" translit=""/><ana lex="สร้าง" pos="PHRV" trans="get up" translit=""/><ana lex="สร้าง" pos="verb,transitive" trans="deliver" translit=""/><ana lex="สร้าง" pos="verb,transitive" trans="create" translit=""/><ana lex="สร้าง" pos="noun" trans="platform" translit=""/><ana lex="สร้าง" pos="verb" trans="build" translit=""/><ana lex="สร้าง" pos="PHRV" trans="make up" translit=""/><ana lex="สร้าง" pos="verb" trans="create" translit=""/><ana lex="สร้าง" pos="PHRV" trans="make on" translit=""/><ana lex="สร้าง" pos="PHRV" trans="make for" translit=""/><ana lex="สร้าง" pos="verb,transitive" trans="found" translit=""/><ana lex="สร้าง" pos="PHRV" trans="make up" translit=""/><ana lex="สร้าง" pos="verb,transitive" trans="construct" translit=""/></w><w>ทาง<ana lex="ทาง" pos="noun" trans="way" translit=""/><ana lex="ทาง" pos="noun" trans="palm leaf" translit=""/><ana lex="ทาง" pos="preposition" trans="from" translit=""/><ana lex="ทาง" pos="noun" trans="way" translit=""/><ana lex="ทาง" pos="classifier" trans="qualifier for palm leaves" translit=""/><ana lex="ทาง" pos="preposition" trans="by" translit=""/><ana lex="ทาง" pos="noun" trans="side" translit=""/><ana lex="ทาง" pos="noun" trans="pathway" translit=""/><ana lex="ทาง" pos="preposition" trans="by" translit=""/></w><w>ใหม่<ana lex="ใหม่" pos="adjective" trans="new" translit=""/><ana lex="ใหม่" pos="adverb" trans="newly" translit=""/><ana lex="ใหม่" pos="PRF" trans="neo-" translit=""/><ana lex="ใหม่" pos="adjective" trans="new" translit=""/><ana lex="ใหม่" pos="adjective" trans="new" translit=""/><ana lex="ใหม่" pos="adjective" trans="novel" translit=""/><ana lex="ใหม่" pos="adverb" trans="again" translit=""/><ana lex="ใหม่" pos="adjective" trans="original" translit=""/><ana lex="ใหม่" pos="PRF" trans="neo-" translit=""/></w><w>อยู่<ana lex="อยู่" pos="verb,intransitive" trans="abide" translit=""/><ana lex="อยู่" pos="auxiliary verb" trans="be" translit=""/></w><w>ใน<ana lex="ใน" pos="preposition" trans="in" translit=""/><ana lex="ใน" pos="adjective" trans="in" translit=""/><ana lex="ใน" pos="PRF" trans="em-" translit=""/><ana lex="ใน" pos="PRF" trans="en-" translit=""/><ana lex="ใน" pos="PRF" trans="en-" translit=""/><ana lex="ใน" pos="PRF" trans="il-" translit=""/><ana lex="ใน" pos="preposition" trans="of" translit=""/><ana lex="ใน" pos="PRF" trans="in-" translit=""/><ana lex="ใน" pos="PRF" trans="im-" translit=""/><ana lex="ใน" pos="adverb" trans="in" translit=""/><ana lex="ใน" pos="preposition" trans="in" translit=""/></w><w>แนว<ana lex="แนว" pos="noun" trans="row" translit=""/><ana lex="แนว" pos="noun" trans="guideline" translit=""/><ana lex="แนว" pos="classifier" trans="method" translit=""/><ana lex="แนว" pos="noun" trans="style" translit=""/></w></se><se><w>เมื่อ<ana lex="เมื่อ" pos="adverb" trans="when" translit=""/><ana lex="เมื่อ" pos="adverb" trans="when" translit=""/><ana lex="เมื่อ" pos="conjunction" trans="directly" translit=""/><ana lex="เมื่อ" pos="adverb" trans="in the days of" translit=""/><ana lex="เมื่อ" pos="conjunction" trans="when" translit=""/></w><w>ครั้ง<ana lex="ครั้ง" pos="noun" trans="clip" translit=""/><ana lex="ครั้ง" pos="classifier" trans="time" translit=""/><ana lex="ครั้ง" pos="noun" trans="time" translit=""/><ana lex="ครั้ง" pos="noun" trans="time" translit=""/><ana lex="ครั้ง" pos="noun" trans="play" translit=""/></w><w>ยัง<ana lex="ยัง" pos="preposition" trans="to" translit=""/><ana lex="ยัง" pos="adverb" trans="also" translit=""/><ana lex="ยัง" pos="adverb" trans="yet" translit=""/><ana lex="ยัง" pos="adverb" trans="still" translit=""/></w><w>เล็ก<ana lex="เล็ก" pos="PRF" trans="micro-" translit=""/><ana lex="เล็ก" pos="adjective" trans="little" translit=""/><ana lex="เล็ก" pos="adjective" trans="small" translit=""/><ana lex="เล็ก" pos="PRF" trans="olig-" translit=""/><ana lex="เล็ก" pos="" trans="[alternate spelling of เล็ค]" translit="lekH"/><ana lex="เล็ก" pos="SUF" trans="-cle" translit=""/><ana lex="เล็ก" pos="PRF" trans="oligo-" translit=""/><ana lex="เล็ก" pos="SUF" trans="-cule" translit=""/></w><w>เป็น<ana lex="เป็น" pos="auxiliary verb" trans="are" translit=""/><ana lex="เป็น" pos="verb,intransitive" trans="been" translit=""/><ana lex="เป็น" pos="verb,intransitive" trans="come" translit=""/><ana lex="เป็น" pos="verb" trans="be able to" translit=""/><ana lex="เป็น" pos="verb" trans="be" translit=""/><ana lex="เป็น" pos="adjective" trans="alive" translit=""/></w><w>เด็ก<ana lex="เด็ก" pos="PRF" trans="pedo-" translit=""/><ana lex="เด็ก" pos="SL" trans="wee 'un" translit=""/><ana lex="เด็ก" pos="SL" trans="snotnose(d) (kid)" translit=""/><ana lex="เด็ก" pos="noun" trans="child" translit=""/><ana lex="เด็ก" pos="SL" trans="wean" translit=""/><ana lex="เด็ก" pos="noun" trans="child" translit=""/><ana lex="เด็ก" pos="noun" trans="bairn" translit=""/><ana lex="เด็ก" pos="SL" trans="chavvy" translit=""/></w><w>ชาย<ana lex="ชาย" pos="noun" trans="edge" translit=""/><ana lex="ชาย" pos="verb" trans="glance" translit=""/><ana lex="ชาย" pos="noun" trans="man" translit=""/></w></se><se><w>แล้ง<ana lex="แล้ง" pos="noun" trans="drought" translit=""/></w><w>ลม<ana lex="ลม" pos="noun" trans="fall" translit=""/><ana lex="ลม" pos="noun" trans="swift land crab" translit=""/><ana lex="ลม" pos="noun" trans="breath" translit=""/><ana lex="ลม" pos="noun" trans="wind" translit=""/><ana lex="ลม" pos="noun" trans="wind" translit=""/><ana lex="ลม" pos="noun" trans="Panus polychrous (Lev.) Sing." translit=""/><ana lex="ลม" pos="noun" trans="air" translit=""/></w><w>งมงาย<ana lex="งมงาย" pos="verb" trans="be credulous" translit=""/><ana lex="งมงาย" pos="adjective" trans="dazzled, bewildered (by the prospect of fame and wealth)" translit="ngohmM ngaaiM"/><ana lex="งมงาย" pos="adjective" trans="[is] ignorant; benighted; foolish; stupid; fatuous; muddleheaded" translit="ngohmM ngaaiM"/><ana lex="งมงาย" pos="noun,adjective,verb,transitive" trans="(of a fact or situation or belief) blind, blind faith, blind worship, to blindly worship (something)" translit="ngohmM ngaaiM"/></w><w>อยู่<ana lex="อยู่" pos="verb,intransitive" trans="abide" translit=""/><ana lex="อยู่" pos="auxiliary verb" trans="be" translit=""/></w><w>ท้าย<ana lex="ท้าย" pos="noun" trans="rear" translit=""/><ana lex="ท้าย" pos="noun" trans="bottom" translit=""/><ana lex="ท้าย" pos="noun" trans="last" translit=""/></w><w>แถว<ana lex="แถว" pos="noun" trans="string" translit=""/><ana lex="แถว" pos="noun" trans="column" translit=""/><ana lex="แถว" pos="noun" trans="vicinity" translit=""/><ana lex="แถว" pos="classifier" trans="column" translit=""/><ana lex="แถว" pos="noun" trans="range" translit=""/><ana lex="แถว" pos="noun" trans="line" translit=""/><ana lex="แถว" pos="noun" trans="row" translit=""/><ana lex="แถว" pos="noun" trans="file" translit=""/><ana lex="แถว" pos="noun" trans="cue" translit=""/><ana lex="แถว" pos="noun" trans="rank" translit=""/></w></se><se><w>ดื้อแพ่ง<ana lex="ดื้อแพ่ง" pos="verb" trans="be stubborn" translit=""/><ana lex="ดื้อแพ่ง" pos="adjective" trans="[is] stubborn; disobedient; resistant; intransigent; obstinate; obdurate" translit="deuuF phaaengF"/></w><w>แต่ง<ana lex="แต่ง" pos="verb" trans="decorate" translit=""/><ana lex="แต่ง" pos="verb" trans="prepare" translit=""/><ana lex="แต่ง" pos="verb" trans="compose" translit=""/><ana lex="แต่ง" pos="verb" trans="name" translit=""/></w><w>ฝัน<ana lex="ฝัน" pos="verb,transitive" trans="dream" translit=""/><ana lex="ฝัน" pos="verb,intransitive" trans="dream" translit=""/><ana lex="ฝัน" pos="verb" trans="dream" translit=""/></w><w>อัน<ana lex="อัน" pos="classifier" trans="piece" translit=""/><ana lex="อัน" pos="noun" trans="piece" translit=""/></w><w>ไร้<ana lex="ไร้" pos="verb" trans="lack" translit=""/></w><w>แวว<ana lex="แวว" pos="noun" trans="light; reflected light; gleam; sparkle; glint; look; expression; promise; cause of hope" translit="waaeoM"/><ana lex="แวว" pos="noun" trans="promising" translit=""/><ana lex="แวว" pos="adjective" trans="gleaming; sparkling" translit="waaeoM"/><ana lex="แวว" pos="noun" trans="glitter" translit=""/><ana lex="แวว" pos="noun" trans="promising" translit=""/><ana lex="แวว" pos="noun" trans="glitter" translit=""/></w></se><se><w>เรียบเรียง<ana lex="เรียบเรียง" pos="verb" trans="compile" translit=""/><ana lex="เรียบเรียง" pos="verb,phrase,formal" trans="to arrange; [music] to arrange the vocals" translit="riiapF riiangM"/><ana lex="เรียบเรียง" pos="verb" trans="arrange" translit=""/></w><w>เพียง</w><w>แผ่ว<ana lex="แผ่ว" pos="adverb" trans="softly" translit=""/><ana lex="แผ่ว" pos="adverb" trans="softly" translit=""/></w><w>แล้ว<ana lex="แล้ว" pos="adverb" trans="already" translit=""/><ana lex="แล้ว" pos="adverb" trans="already" translit=""/><ana lex="แล้ว" pos="adverb" trans="by now" translit=""/><ana lex="แล้ว" pos="adverb" trans="already" translit=""/></w><w>เลิก<ana lex="เลิก" pos="verb,transitive" trans="drop" translit=""/><ana lex="เลิก" pos="verb,transitive" trans="dismiss" translit=""/><ana lex="เลิก" pos="idiom" trans="put an end / a stop to" translit=""/><ana lex="เลิก" pos="verb,transitive" trans="surcease" translit=""/><ana lex="เลิก" pos="verb" trans="stop" translit=""/><ana lex="เลิก" pos="verb,intransitive" trans="surcease" translit=""/><ana lex="เลิก" pos="verb" trans="open" translit=""/><ana lex="เลิก" pos="verb" trans="separate" translit=""/><ana lex="เลิก" pos="PHRV" trans="phase out" translit=""/><ana lex="เลิก" pos="verb,intransitive" trans="go" translit=""/><ana lex="เลิก" pos="PHRV" trans="be off1" translit=""/><ana lex="เลิก" pos="idiom" trans="be at a halt / standstill" translit=""/></w><w>ฝัน<ana lex="ฝัน" pos="verb,transitive" trans="dream" translit=""/><ana lex="ฝัน" pos="verb,intransitive" trans="dream" translit=""/><ana lex="ฝัน" pos="verb" trans="dream" translit=""/></w></se><se><w>ตอน<ana lex="ตอน" pos="noun" trans="episode" translit=""/><ana lex="ตอน" pos="classifier" trans="section" translit=""/><ana lex="ตอน" pos="conjunction" trans="when" translit=""/><ana lex="ตอน" pos="preposition" trans="period" translit=""/><ana lex="ตอน" pos="verb" trans="castrate" translit=""/><ana lex="ตอน" pos="noun" trans="part" translit=""/><ana lex="ตอน" pos="verb" trans="castrate" translit=""/><ana lex="ตอน" pos="noun" trans="passage" translit=""/><ana lex="ตอน" pos="verb,transitive" trans="unman" translit=""/><ana lex="ตอน" pos="verb,transitive" trans="caponize" translit=""/></w><w>นั้น<ana lex="นั้น" pos="pronoun" trans="that" translit=""/><ana lex="นั้น" pos="PRON" trans="that" translit=""/></w><w>มัน<ana lex="มัน" pos="pronoun" trans="it" translit=""/><ana lex="มัน" pos="noun" trans="fat" translit=""/><ana lex="มัน" pos="noun" trans="yam" translit=""/><ana lex="มัน" pos="PRON" trans="it" translit=""/></w><w>คิด<ana lex="คิด" pos="verb,transitive" trans="reckon" translit=""/><ana lex="คิด" pos="verb,intransitive" trans="cerebrate" translit=""/><ana lex="คิด" pos="verb,transitive" trans="conceive" translit=""/><ana lex="คิด" pos="verb,transitive" trans="conceit" translit=""/><ana lex="คิด" pos="PHRV" trans="go over2" translit=""/><ana lex="คิด" pos="verb" trans="create" translit=""/><ana lex="คิด" pos="verb" trans="estimate" translit=""/><ana lex="คิด" pos="verb" trans="want" translit=""/><ana lex="คิด" pos="verb" trans="think" translit=""/><ana lex="คิด" pos="verb" trans="consider" translit=""/><ana lex="คิด" pos="verb" trans="calculate" translit=""/><ana lex="คิด" pos="verb,transitive" trans="think" translit=""/><ana lex="คิด" pos="verb,intransitive" trans="think" translit=""/></w><w>แค่<ana lex="แค่" pos="adverb" trans="only" translit=""/></w><w>ผิด<ana lex="ผิด" pos="PRF" trans="mis-" translit=""/><ana lex="ผิด" pos="SL" trans="Pete tong" translit=""/><ana lex="ผิด" pos="adjective" trans="wrong" translit=""/></w><w>ถูก<ana lex="ถูก" pos="verb" trans="be at odds" translit=""/><ana lex="ถูก" pos="verb" trans="be cheap" translit=""/><ana lex="ถูก" pos="verb" trans="touch" translit=""/><ana lex="ถูก" pos="SL" trans="cheesy" translit=""/><ana lex="ถูก" pos="verb" trans="agree upon" translit=""/><ana lex="ถูก" pos="adjective" trans="cheap" translit=""/><ana lex="ถูก" pos="SL" trans="two-bit" translit=""/></w></se><se><w>เพาะปลูก<ana lex="เพาะปลูก" pos="verb,intransitive" trans="to practice agriculture; to grow plants; to cultivate; to farm" translit="phawH bpluukL"/><ana lex="เพาะปลูก" pos="verb,transitive" trans="cultivate" translit=""/><ana lex="เพาะปลูก" pos="verb,transitive" trans="plant" translit=""/><ana lex="เพาะปลูก" pos="verb,transitive" trans="rear" translit=""/><ana lex="เพาะปลูก" pos="verb" trans="cultivate" translit=""/></w><w>ทุก<ana lex="ทุก" pos="DET" trans="every" translit=""/></w><w>อย่าง<ana lex="อย่าง" pos="noun" trans="method" translit=""/><ana lex="อย่าง" pos="adverb" trans="severely" translit=""/><ana lex="อย่าง" pos="noun" trans="type" translit=""/></w><w>อย่าง<ana lex="อย่าง" pos="noun" trans="method" translit=""/><ana lex="อย่าง" pos="adverb" trans="severely" translit=""/><ana lex="อย่าง" pos="noun" trans="type" translit=""/></w><w>ดื้อรั้น<ana lex="ดื้อรั้น" pos="verb,intransitive" trans="rebel" translit=""/><ana lex="ดื้อรั้น" pos="adjective" trans="contumacious" translit=""/><ana lex="ดื้อรั้น" pos="adjective" trans="[is] stubborn; obstinate" translit="deuuF ranH"/><ana lex="ดื้อรั้น" pos="adjective" trans="refractory" translit=""/><ana lex="ดื้อรั้น" pos="adjective" trans="stubborn" translit=""/><ana lex="ดื้อรั้น" pos="idiom" trans="dig in one's heels" translit=""/><ana lex="ดื้อรั้น" pos="adjective" trans="wrong-headed" translit=""/><ana lex="ดื้อรั้น" pos="adjective" trans="perverse" translit=""/><ana lex="ดื้อรั้น" pos="idiom" trans="dyed-in-the-wool" translit=""/><ana lex="ดื้อรั้น" pos="adjective" trans="intractable" translit=""/><ana lex="ดื้อรั้น" pos="adjective" trans="hardheaded" translit=""/><ana lex="ดื้อรั้น" pos="adjective" trans="pertinacious" translit=""/><ana lex="ดื้อรั้น" pos="idiom" trans="dig one's heels in" translit=""/><ana lex="ดื้อรั้น" pos="adjective" trans="stiff-necked" translit=""/><ana lex="ดื้อรั้น" pos="adjective" trans="untoward" translit=""/><ana lex="ดื้อรั้น" pos="adjective" trans="dogged" translit=""/></w></se><se><w>สุดท้าย<ana lex="สุดท้าย" pos="interjection" trans="finis" translit=""/><ana lex="สุดท้าย" pos="idiom" trans="to the bitter end" translit=""/><ana lex="สุดท้าย" pos="adverb" trans="lastly" translit=""/><ana lex="สุดท้าย" pos="adjective" trans="last" translit=""/><ana lex="สุดท้าย" pos="adjective" trans="last" translit=""/><ana lex="สุดท้าย" pos="adverb" trans="finally; at last; in the end; ultimately" translit="sootL thaaiH"/><ana lex="สุดท้าย" pos="adverb" trans="last" translit=""/><ana lex="สุดท้าย" pos="adverb" trans="finally" translit=""/><ana lex="สุดท้าย" pos="adjective" trans="ultimate" translit=""/><ana lex="สุดท้าย" pos="adjective" trans="final" translit=""/><ana lex="สุดท้าย" pos="adjective" trans="last" translit=""/></w><w>หน่าย</w><w>แล้ว<ana lex="แล้ว" pos="adverb" trans="already" translit=""/><ana lex="แล้ว" pos="adverb" trans="already" translit=""/><ana lex="แล้ว" pos="adverb" trans="by now" translit=""/><ana lex="แล้ว" pos="adverb" trans="already" translit=""/></w><w>ก็<ana lex="ก็" pos="adverb" trans="also" translit=""/><ana lex="ก็" pos="conjunction" trans="as a result" translit=""/></w><w>แล้วกัน<ana lex="แล้วกัน" pos="interjection,phrase" trans="whatever you like; let’s agree to this; alright?" translit="laaeoH ganM"/></w></se><se><w>มุ่งมั่น<ana lex="มุ่งมั่น" pos="verb" trans="be engrossed in" translit=""/><ana lex="มุ่งมั่น" pos="adjective" trans="single-minded" translit=""/><ana lex="มุ่งมั่น" pos="PHRV" trans="put to2" translit=""/><ana lex="มุ่งมั่น" pos="adjective" trans="[is] engrossed (in); [has] immersed oneself (in); [is] absorbed (in); concentrating (on); working hard (on)" translit="moongF manF"/><ana lex="มุ่งมั่น" pos="adjective" trans="robust" translit=""/></w><w>ไม่<ana lex="ไม่" pos="adverb" trans="not" translit=""/><ana lex="ไม่" pos="PRF" trans="an-" translit=""/><ana lex="ไม่" pos="PRF" trans="un-" translit=""/><ana lex="ไม่" pos="PRF" trans="un-" translit=""/><ana lex="ไม่" pos="adjective" trans="nary" translit=""/><ana lex="ไม่" pos="NEG" trans="not" translit=""/><ana lex="ไม่" pos="PRF" trans="in-" translit=""/><ana lex="ไม่" pos="adverb" trans="no" translit=""/><ana lex="ไม่" pos="PRF" trans="non-" translit=""/><ana lex="ไม่" pos="PRF" trans="non-" translit=""/><ana lex="ไม่" pos="PRF" trans="in-" translit=""/><ana lex="ไม่" pos="SL" trans="no soup" translit=""/><ana lex="ไม่" pos="SL" trans="no sale" translit=""/><ana lex="ไม่" pos="SL" trans="nope" translit=""/><ana lex="ไม่" pos="SL" trans="No way!" translit=""/><ana lex="ไม่" pos="NEG" trans="not" translit=""/><ana lex="ไม่" pos="SL" trans="Nuts!" translit=""/></w><w>ถึง<ana lex="ถึง" pos="verb" trans="be skillful" translit=""/><ana lex="ถึง" pos="verb,transitive" trans="attain" translit=""/><ana lex="ถึง" pos="conjunction" trans="even though" translit=""/><ana lex="ถึง" pos="preposition" trans="to" translit=""/><ana lex="ถึง" pos="verb" trans="reach" translit=""/><ana lex="ถึง" pos="verb" trans="be ...enough" translit=""/><ana lex="ถึง" pos="preposition" trans="to" translit=""/><ana lex="ถึง" pos="conjunction" trans="then" translit=""/></w><w>ครึ่ง<ana lex="ครึ่ง" pos="PRF" trans="demi-" translit=""/><ana lex="ครึ่ง" pos="PRF" trans="hemi-" translit=""/><ana lex="ครึ่ง" pos="PRF" trans="semi-" translit=""/></w><w>ความคิด<ana lex="ความคิด" pos="noun" trans="concept" translit=""/><ana lex="ความคิด" pos="PRF" trans="ideo-" translit=""/><ana lex="ความคิด" pos="noun" trans="thought" translit=""/><ana lex="ความคิด" pos="noun" trans="conception" translit=""/><ana lex="ความคิด" pos="noun" trans="soul" translit=""/><ana lex="ความคิด" pos="noun" trans="notion" translit=""/><ana lex="ความคิด" pos="noun" trans="though" translit=""/><ana lex="ความคิด" pos="noun" trans="idea" translit=""/><ana lex="ความคิด" pos="noun" trans="feeling" translit=""/><ana lex="ความคิด" pos="noun" trans="conceit" translit=""/></w></se><se><w>แต่<ana lex="แต่" pos="adverb" trans="only" translit=""/><ana lex="แต่" pos="conjunction" trans="but" translit=""/><ana lex="แต่" pos="conjunction" trans="but" translit=""/><ana lex="แต่" pos="conjunction" trans="but" translit=""/><ana lex="แต่" pos="preposition" trans="earlier" translit=""/><ana lex="แต่" pos="conjunction" trans="only" translit=""/></w><w>พอ<ana lex="พอ" pos="adverb" trans="enough" translit=""/><ana lex="พอ" pos="adjective" trans="adequate" translit=""/><ana lex="พอ" pos="conjunction" trans="as soon as" translit=""/></w><w>ชำเลือง<ana lex="ชำเลือง" pos="PHRV" trans="get of" translit=""/><ana lex="ชำเลือง" pos="verb,intransitive" trans="glance" translit=""/><ana lex="ชำเลือง" pos="PHRV" trans="squint at" translit=""/><ana lex="ชำเลือง" pos="verb" trans="to glance; look sideways; look from the corner of the eye" translit="chamM leuuangM"/><ana lex="ชำเลือง" pos="verb" trans="glance" translit=""/><ana lex="ชำเลือง" pos="PHRV" trans="flash at" translit=""/></w><w>เรื่อง<ana lex="เรื่อง" pos="noun" trans="subject matter" translit=""/><ana lex="เรื่อง" pos="noun" trans="trouble" translit=""/></w><w>ของ<ana lex="ของ" pos="noun" trans="thing" translit=""/><ana lex="ของ" pos="PRF" trans="a-" translit=""/><ana lex="ของ" pos="noun" trans="item" translit=""/><ana lex="ของ" pos="preposition" trans="of" translit=""/><ana lex="ของ" pos="preposition" trans="of" translit=""/></w><w>พ่อ<ana lex="พ่อ" pos="noun" trans="pop" translit=""/><ana lex="พ่อ" pos="noun" trans="dad" translit=""/><ana lex="พ่อ" pos="SL" trans="pops" translit=""/><ana lex="พ่อ" pos="noun" trans="father" translit=""/><ana lex="พ่อ" pos="noun" trans="daddy" translit=""/><ana lex="พ่อ" pos="noun" trans="pater" translit=""/><ana lex="พ่อ" pos="noun" trans="pa" translit=""/><ana lex="พ่อ" pos="noun" trans="paw" translit=""/></w></se><se><w>เศษ<ana lex="เศษ" pos="noun" trans="spall" translit=""/><ana lex="เศษ" pos="noun" trans="leftovers" translit=""/><ana lex="เศษ" pos="noun" trans="bits" translit=""/><ana lex="เศษ" pos="noun" trans="fraction" translit=""/><ana lex="เศษ" pos="DET" trans="more than" translit=""/></w><w>ฝัน<ana lex="ฝัน" pos="verb,transitive" trans="dream" translit=""/><ana lex="ฝัน" pos="verb,intransitive" trans="dream" translit=""/><ana lex="ฝัน" pos="verb" trans="dream" translit=""/></w><w>มัน<ana lex="มัน" pos="pronoun" trans="it" translit=""/><ana lex="มัน" pos="noun" trans="fat" translit=""/><ana lex="มัน" pos="noun" trans="yam" translit=""/><ana lex="มัน" pos="PRON" trans="it" translit=""/></w><w>ก่อ<ana lex="ก่อ" pos="verb" trans="construct" translit=""/><ana lex="ก่อ" pos="verb" trans="light (a fire)" translit=""/><ana lex="ก่อ" pos="verb" trans="construct" translit=""/><ana lex="ก่อ" pos="verb" trans="cause" translit=""/><ana lex="ก่อ" pos="verb" trans="lay (brick)" translit=""/></w></se><se><w>.<ana lex="" pos="" trans="" translit=""/></w></se><se><w>มัน<ana lex="มัน" pos="pronoun" trans="it" translit=""/><ana lex="มัน" pos="noun" trans="fat" translit=""/><ana lex="มัน" pos="noun" trans="yam" translit=""/><ana lex="มัน" pos="PRON" trans="it" translit=""/></w><w>ต่อ<ana lex="ต่อ" pos="verb" trans="renew" translit=""/><ana lex="ต่อ" pos="preposition" trans="to" translit=""/><ana lex="ต่อ" pos="verb" trans="concede" translit=""/><ana lex="ต่อ" pos="adverb" trans="continue" translit=""/><ana lex="ต่อ" pos="verb" trans="join" translit=""/><ana lex="ต่อ" pos="verb" trans="renew" translit=""/><ana lex="ต่อ" pos="verb" trans="bargain" translit=""/><ana lex="ต่อ" pos="adverb" trans="next" translit=""/><ana lex="ต่อ" pos="verb" trans="transfer" translit=""/><ana lex="ต่อ" pos="verb" trans="teach" translit=""/><ana lex="ต่อ" pos="preposition" trans="against" translit=""/><ana lex="ต่อ" pos="verb" trans="decoy" translit=""/><ana lex="ต่อ" pos="preposition" trans="per" translit=""/><ana lex="ต่อ" pos="preposition" trans="with" translit=""/><ana lex="ต่อ" pos="noun" trans="wasp" translit=""/><ana lex="ต่อ" pos="verb" trans="build" translit=""/></w><w>ติด<ana lex="ติด" pos="verb,transitive" trans="fix" translit=""/><ana lex="ติด" pos="verb,intransitive" trans="fasten" translit=""/><ana lex="ติด" pos="verb,transitive" trans="adjoin" translit=""/><ana lex="ติด" pos="verb" trans="become a habit" translit=""/><ana lex="ติด" pos="verb" trans="addicted to" translit=""/><ana lex="ติด" pos="verb" trans="contain" translit=""/><ana lex="ติด" pos="verb" trans="accompany" translit=""/><ana lex="ติด" pos="verb" trans="next to" translit=""/><ana lex="ติด" pos="verb" trans="light" translit=""/><ana lex="ติด" pos="verb" trans="bear" translit=""/><ana lex="ติด" pos="verb" trans="owe" translit=""/><ana lex="ติด" pos="verb" trans="stick" translit=""/><ana lex="ติด" pos="verb" trans="hang" translit=""/><ana lex="ติด" pos="verb" trans="catch" translit=""/><ana lex="ติด" pos="verb" trans="get stuck" translit=""/><ana lex="ติด" pos="verb" trans="close" translit=""/><ana lex="ติด" pos="verb" trans="addicted to" translit=""/><ana lex="ติด" pos="verb" trans="be stained" translit=""/><ana lex="ติด" pos="verb,intransitive" trans="jam" translit=""/><ana lex="ติด" pos="PHRV" trans="affix to" translit=""/><ana lex="ติด" pos="verb" trans="start" translit=""/><ana lex="ติด" pos="verb,transitive" trans="fit" translit=""/><ana lex="ติด" pos="PHRV" trans="go aground" translit=""/><ana lex="ติด" pos="verb,intransitive" trans="adhere" translit=""/><ana lex="ติด" pos="noun" trans="Echeneidae" translit=""/></w></se><se><w>หยาด<ana lex="หยาด" pos="verb" trans="to drip" translit="yaatL"/><ana lex="หยาด" pos="verb" trans="drop" translit=""/><ana lex="หยาด" pos="noun" trans="[of liquid] a small drop" translit="yaatL"/></w><w>เหงื่อ<ana lex="เหงื่อ" pos="noun" trans="sweat" translit=""/><ana lex="เหงื่อ" pos="noun" trans="sweat" translit=""/><ana lex="เหงื่อ" pos="noun" trans="perspiration" translit=""/></w><w>เกลื้อ</w><w>พ่อ<ana lex="พ่อ" pos="noun" trans="pop" translit=""/><ana lex="พ่อ" pos="noun" trans="dad" translit=""/><ana lex="พ่อ" pos="SL" trans="pops" translit=""/><ana lex="พ่อ" pos="noun" trans="father" translit=""/><ana lex="พ่อ" pos="noun" trans="daddy" translit=""/><ana lex="พ่อ" pos="noun" trans="pater" translit=""/><ana lex="พ่อ" pos="noun" trans="pa" translit=""/><ana lex="พ่อ" pos="noun" trans="paw" translit=""/></w><w>เหมือน<ana lex="เหมือน" pos="PRF" trans="homo-" translit=""/><ana lex="เหมือน" pos="verb,transitive" trans="mirror" translit=""/><ana lex="เหมือน" pos="PHRV" trans="take after" translit=""/><ana lex="เหมือน" pos="conjunction" trans="like" translit=""/><ana lex="เหมือน" pos="SUF" trans="-like" translit=""/><ana lex="เหมือน" pos="SUF" trans="-ly" translit=""/></w><w>ก่อ<ana lex="ก่อ" pos="verb" trans="construct" translit=""/><ana lex="ก่อ" pos="verb" trans="light (a fire)" translit=""/><ana lex="ก่อ" pos="verb" trans="construct" translit=""/><ana lex="ก่อ" pos="verb" trans="cause" translit=""/><ana lex="ก่อ" pos="verb" trans="lay (brick)" translit=""/></w><w>ทิศ<ana lex="ทิศ" pos="noun" trans="direction" translit=""/></w></se><se><w>เป็น<ana lex="เป็น" pos="auxiliary verb" trans="are" translit=""/><ana lex="เป็น" pos="verb,intransitive" trans="been" translit=""/><ana lex="เป็น" pos="verb,intransitive" trans="come" translit=""/><ana lex="เป็น" pos="verb" trans="be able to" translit=""/><ana lex="เป็น" pos="verb" trans="be" translit=""/><ana lex="เป็น" pos="adjective" trans="alive" translit=""/></w><w>หยด<ana lex="หยด" pos="verb" trans="drop" translit=""/></w><w>ฝัน<ana lex="ฝัน" pos="verb,transitive" trans="dream" translit=""/><ana lex="ฝัน" pos="verb,intransitive" trans="dream" translit=""/><ana lex="ฝัน" pos="verb" trans="dream" translit=""/></w><w>วิจิตร<ana lex="วิจิตร" pos="adjective" trans="exquisite" translit=""/></w><w>ประดิษฐ์<ana lex="ประดิษฐ์" pos="verb" trans="invent" translit=""/><ana lex="ประดิษฐ์" pos="verb,transitive" trans="originate" translit=""/><ana lex="ประดิษฐ์" pos="adjective" trans="artificial" translit=""/><ana lex="ประดิษฐ์" pos="noun" trans="[การประดิษฐ์] [the process of] invention" translit="bpraL ditL"/><ana lex="ประดิษฐ์" pos="" trans="to invent; create; coin; conceive; design; devise; discover; formulate; improvise; originate; think up; make up; concoct; cook up (informal); fabricate; feign; forge; manufacture; trump up" translit="bpraL ditL"/><ana lex="ประดิษฐ์" pos="noun" trans="[นักประดิษฐ์] inventor" translit="bpraL ditL"/><ana lex="ประดิษฐ์" pos="proper noun" trans="Pradit [a Thai given name]" translit="bpraL ditL"/></w><w>ทาง<ana lex="ทาง" pos="noun" trans="way" translit=""/><ana lex="ทาง" pos="noun" trans="palm leaf" translit=""/><ana lex="ทาง" pos="preposition" trans="from" translit=""/><ana lex="ทาง" pos="noun" trans="way" translit=""/><ana lex="ทาง" pos="classifier" trans="qualifier for palm leaves" translit=""/><ana lex="ทาง" pos="preposition" trans="by" translit=""/><ana lex="ทาง" pos="noun" trans="side" translit=""/><ana lex="ทาง" pos="noun" trans="pathway" translit=""/><ana lex="ทาง" pos="preposition" trans="by" translit=""/></w></se><se><w>พ่อ<ana lex="พ่อ" pos="noun" trans="pop" translit=""/><ana lex="พ่อ" pos="noun" trans="dad" translit=""/><ana lex="พ่อ" pos="SL" trans="pops" translit=""/><ana lex="พ่อ" pos="noun" trans="father" translit=""/><ana lex="พ่อ" pos="noun" trans="daddy" translit=""/><ana lex="พ่อ" pos="noun" trans="pater" translit=""/><ana lex="พ่อ" pos="noun" trans="pa" translit=""/><ana lex="พ่อ" pos="noun" trans="paw" translit=""/></w><w>ไม่<ana lex="ไม่" pos="adverb" trans="not" translit=""/><ana lex="ไม่" pos="PRF" trans="an-" translit=""/><ana lex="ไม่" pos="PRF" trans="un-" translit=""/><ana lex="ไม่" pos="PRF" trans="un-" translit=""/><ana lex="ไม่" pos="adjective" trans="nary" translit=""/><ana lex="ไม่" pos="NEG" trans="not" translit=""/><ana lex="ไม่" pos="PRF" trans="in-" translit=""/><ana lex="ไม่" pos="adverb" trans="no" translit=""/><ana lex="ไม่" pos="PRF" trans="non-" translit=""/><ana lex="ไม่" pos="PRF" trans="non-" translit=""/><ana lex="ไม่" pos="PRF" trans="in-" translit=""/><ana lex="ไม่" pos="SL" trans="no soup" translit=""/><ana lex="ไม่" pos="SL" trans="no sale" translit=""/><ana lex="ไม่" pos="SL" trans="nope" translit=""/><ana lex="ไม่" pos="SL" trans="No way!" translit=""/><ana lex="ไม่" pos="NEG" trans="not" translit=""/><ana lex="ไม่" pos="SL" trans="Nuts!" translit=""/></w><w>เคย<ana lex="เคย" pos="verb" trans="be accustomed to" translit=""/><ana lex="เคย" pos="noun" trans="planktonic shrimp" translit=""/><ana lex="เคย" pos="noun" trans="small sized shrimp" translit=""/><ana lex="เคย" pos="adverb" trans="ever" translit=""/><ana lex="เคย" pos="verb,intransitive" trans="be accustomed to" translit=""/><ana lex="เคย" pos="adverb" trans="once" translit=""/></w><w>สอน<ana lex="สอน" pos="verb,transitive" trans="enlighten" translit=""/><ana lex="สอน" pos="verb" trans="teach" translit=""/></w><w>ละคร<ana lex="ละคร" pos="noun" trans="play" translit=""/></w><w>ชีวิต<ana lex="ชีวิต" pos="PRF" trans="bio-" translit=""/><ana lex="ชีวิต" pos="noun" trans="life" translit=""/><ana lex="ชีวิต" pos="noun" trans="life" translit=""/></w></se><se><w>เป็น<ana lex="เป็น" pos="auxiliary verb" trans="are" translit=""/><ana lex="เป็น" pos="verb,intransitive" trans="been" translit=""/><ana lex="เป็น" pos="verb,intransitive" trans="come" translit=""/><ana lex="เป็น" pos="verb" trans="be able to" translit=""/><ana lex="เป็น" pos="verb" trans="be" translit=""/><ana lex="เป็น" pos="adjective" trans="alive" translit=""/></w><w>กรอบ<ana lex="กรอบ" pos="adjective" trans="crispy" translit=""/><ana lex="กรอบ" pos="verb,intransitive" trans="crisp" translit=""/><ana lex="กรอบ" pos="noun" trans="frame" translit=""/><ana lex="กรอบ" pos="adjective" trans="crisp" translit=""/><ana lex="กรอบ" pos="noun" trans="border" translit=""/><ana lex="กรอบ" pos="noun" trans="convention" translit=""/><ana lex="กรอบ" pos="noun" trans="case" translit=""/><ana lex="กรอบ" pos="adjective" trans="crisp" translit=""/><ana lex="กรอบ" pos="noun" trans="frame" translit=""/></w></se><se><w>ถูก<ana lex="ถูก" pos="verb" trans="be at odds" translit=""/><ana lex="ถูก" pos="verb" trans="be cheap" translit=""/><ana lex="ถูก" pos="verb" trans="touch" translit=""/><ana lex="ถูก" pos="SL" trans="cheesy" translit=""/><ana lex="ถูก" pos="verb" trans="agree upon" translit=""/><ana lex="ถูก" pos="adjective" trans="cheap" translit=""/><ana lex="ถูก" pos="SL" trans="two-bit" translit=""/></w><w>ผิด<ana lex="ผิด" pos="PRF" trans="mis-" translit=""/><ana lex="ผิด" pos="SL" trans="Pete tong" translit=""/><ana lex="ผิด" pos="adjective" trans="wrong" translit=""/></w></se><se><w>ให้<ana lex="ให้" pos="verb,transitive" trans="afford" translit=""/><ana lex="ให้" pos="verb" trans="give" translit=""/><ana lex="ให้" pos="verb,transitive" trans="give" translit=""/><ana lex="ให้" pos="verb,transitive" trans="dispense" translit=""/><ana lex="ให้" pos="verb,transitive" trans="bestow" translit=""/><ana lex="ให้" pos="verb" trans="give" translit=""/><ana lex="ให้" pos="verb,transitive" trans="accord" translit=""/><ana lex="ให้" pos="auxiliary verb" trans="to" translit=""/><ana lex="ให้" pos="verb" trans="permit" translit=""/></w><w>ติด<ana lex="ติด" pos="verb,transitive" trans="fix" translit=""/><ana lex="ติด" pos="verb,intransitive" trans="fasten" translit=""/><ana lex="ติด" pos="verb,transitive" trans="adjoin" translit=""/><ana lex="ติด" pos="verb" trans="become a habit" translit=""/><ana lex="ติด" pos="verb" trans="addicted to" translit=""/><ana lex="ติด" pos="verb" trans="contain" translit=""/><ana lex="ติด" pos="verb" trans="accompany" translit=""/><ana lex="ติด" pos="verb" trans="next to" translit=""/><ana lex="ติด" pos="verb" trans="light" translit=""/><ana lex="ติด" pos="verb" trans="bear" translit=""/><ana lex="ติด" pos="verb" trans="owe" translit=""/><ana lex="ติด" pos="verb" trans="stick" translit=""/><ana lex="ติด" pos="verb" trans="hang" translit=""/><ana lex="ติด" pos="verb" trans="catch" translit=""/><ana lex="ติด" pos="verb" trans="get stuck" translit=""/><ana lex="ติด" pos="verb" trans="close" translit=""/><ana lex="ติด" pos="verb" trans="addicted to" translit=""/><ana lex="ติด" pos="verb" trans="be stained" translit=""/><ana lex="ติด" pos="verb,intransitive" trans="jam" translit=""/><ana lex="ติด" pos="PHRV" trans="affix to" translit=""/><ana lex="ติด" pos="verb" trans="start" translit=""/><ana lex="ติด" pos="verb,transitive" trans="fit" translit=""/><ana lex="ติด" pos="PHRV" trans="go aground" translit=""/><ana lex="ติด" pos="verb,intransitive" trans="adhere" translit=""/><ana lex="ติด" pos="noun" trans="Echeneidae" translit=""/></w><w>ค้าง<ana lex="ค้าง" pos="verb" trans="be unfinished" translit=""/><ana lex="ค้าง" pos="verb" trans="remain" translit=""/><ana lex="ค้าง" pos="verb" trans="stay" translit=""/><ana lex="ค้าง" pos="verb" trans="owe" translit=""/><ana lex="ค้าง" pos="verb" trans="hang" translit=""/></w></se><se><w>แต่<ana lex="แต่" pos="adverb" trans="only" translit=""/><ana lex="แต่" pos="conjunction" trans="but" translit=""/><ana lex="แต่" pos="conjunction" trans="but" translit=""/><ana lex="แต่" pos="conjunction" trans="but" translit=""/><ana lex="แต่" pos="preposition" trans="earlier" translit=""/><ana lex="แต่" pos="conjunction" trans="only" translit=""/></w><w>ภาพ<ana lex="ภาพ" pos="noun" trans="tableau" translit=""/><ana lex="ภาพ" pos="noun" trans="sight" translit=""/><ana lex="ภาพ" pos="" trans="[alternate pronunciation of ภาพ ]" translit="phaapF phaH"/><ana lex="ภาพ" pos="noun" trans="picture" translit=""/></w><w>ของ<ana lex="ของ" pos="noun" trans="thing" translit=""/><ana lex="ของ" pos="PRF" trans="a-" translit=""/><ana lex="ของ" pos="noun" trans="item" translit=""/><ana lex="ของ" pos="preposition" trans="of" translit=""/><ana lex="ของ" pos="preposition" trans="of" translit=""/></w><w>พ่อ<ana lex="พ่อ" pos="noun" trans="pop" translit=""/><ana lex="พ่อ" pos="noun" trans="dad" translit=""/><ana lex="พ่อ" pos="SL" trans="pops" translit=""/><ana lex="พ่อ" pos="noun" trans="father" translit=""/><ana lex="พ่อ" pos="noun" trans="daddy" translit=""/><ana lex="พ่อ" pos="noun" trans="pater" translit=""/><ana lex="พ่อ" pos="noun" trans="pa" translit=""/><ana lex="พ่อ" pos="noun" trans="paw" translit=""/></w><w>ก่อ<ana lex="ก่อ" pos="verb" trans="construct" translit=""/><ana lex="ก่อ" pos="verb" trans="light (a fire)" translit=""/><ana lex="ก่อ" pos="verb" trans="construct" translit=""/><ana lex="ก่อ" pos="verb" trans="cause" translit=""/><ana lex="ก่อ" pos="verb" trans="lay (brick)" translit=""/></w><w>แบบอย่าง<ana lex="แบบอย่าง" pos="noun" trans="model" translit=""/><ana lex="แบบอย่าง" pos="noun" trans="model; pattern; example; archetype; ideal; paradigm; standard; prototype; paragon" translit="baaepL yaangL"/><ana lex="แบบอย่าง" pos="noun" trans="lead" translit=""/></w></se><se><w>วิถี<ana lex="วิถี" pos="noun" trans="path" translit=""/><ana lex="วิถี" pos="noun" trans="way; course; path; road; route; direction" translit="wiH theeR"/><ana lex="วิถี" pos="noun" trans="way" translit=""/></w><w>เส้นทาง<ana lex="เส้นทาง" pos="noun" trans="route" translit=""/><ana lex="เส้นทาง" pos="noun" trans="way" translit=""/><ana lex="เส้นทาง" pos="noun" trans="course" translit=""/><ana lex="เส้นทาง" pos="noun" trans="road" translit=""/><ana lex="เส้นทาง" pos="noun" trans="the route; the way or path; the passage; the course" translit="senF thaangM"/></w><w>ลูกผู้ชาย</w></se><se><w>พ่อ<ana lex="พ่อ" pos="noun" trans="pop" translit=""/><ana lex="พ่อ" pos="noun" trans="dad" translit=""/><ana lex="พ่อ" pos="SL" trans="pops" translit=""/><ana lex="พ่อ" pos="noun" trans="father" translit=""/><ana lex="พ่อ" pos="noun" trans="daddy" translit=""/><ana lex="พ่อ" pos="noun" trans="pater" translit=""/><ana lex="พ่อ" pos="noun" trans="pa" translit=""/><ana lex="พ่อ" pos="noun" trans="paw" translit=""/></w><w>ยืน<ana lex="ยืน" pos="verb" trans="stand" translit=""/><ana lex="ยืน" pos="verb,intransitive" trans="stand" translit=""/><ana lex="ยืน" pos="adjective" trans="long-lasting" translit=""/></w><w>ยิ้ม<ana lex="ยิ้ม" pos="verb,intransitive" trans="smile" translit=""/><ana lex="ยิ้ม" pos="verb" trans="smile" translit=""/></w><w>รับ<ana lex="รับ" pos="verb,transitive" trans="receive" translit=""/><ana lex="รับ" pos="verb" trans="withstand" translit=""/><ana lex="รับ" pos="verb" trans="receive" translit=""/><ana lex="รับ" pos="verb,intransitive" trans="receive" translit=""/><ana lex="รับ" pos="verb" trans="rhyme" translit=""/><ana lex="รับ" pos="verb" trans="take up" translit=""/><ana lex="รับ" pos="verb" trans="accept" translit=""/><ana lex="รับ" pos="verb,transitive" trans="accept" translit=""/><ana lex="รับ" pos="verb" trans="confess" translit=""/><ana lex="รับ" pos="verb" trans="match" translit=""/><ana lex="รับ" pos="verb,transitive" trans="intromit" translit=""/><ana lex="รับ" pos="verb,transitive" trans="assume" translit=""/><ana lex="รับ" pos="PHRV" trans="call for" translit=""/></w><w>กับ<ana lex="กับ" pos="preposition" trans="with" translit=""/><ana lex="กับ" pos="preposition" trans="with" translit=""/><ana lex="กับ" pos="noun" trans="trap" translit=""/><ana lex="กับ" pos="preposition" trans="on" translit=""/><ana lex="กับ" pos="conjunction" trans="and" translit=""/><ana lex="กับ" pos="preposition" trans="with" translit=""/></w><w>ปัญหา<ana lex="ปัญหา" pos="noun" trans="wrinkle" translit=""/><ana lex="ปัญหา" pos="noun" trans="problem" translit=""/><ana lex="ปัญหา" pos="noun" trans="trouble" translit=""/><ana lex="ปัญหา" pos="noun" trans="disease" translit=""/><ana lex="ปัญหา" pos="noun" trans="case" translit=""/><ana lex="ปัญหา" pos="noun" trans="riddle" translit=""/><ana lex="ปัญหา" pos="SL" trans="grief" translit=""/><ana lex="ปัญหา" pos="noun" trans="malady" translit=""/><ana lex="ปัญหา" pos="noun" trans="issue" translit=""/></w></se><se><w>ทาย<ana lex="ทาย" pos="verb" trans="guess" translit=""/></w><w>ท้า<ana lex="ท้า" pos="verb" trans="defy" translit=""/><ana lex="ท้า" pos="verb" trans="to (issue a) challenge; to defy; to dare" translit="thaaH"/></w><w>เรื่อง<ana lex="เรื่อง" pos="noun" trans="subject matter" translit=""/><ana lex="เรื่อง" pos="noun" trans="trouble" translit=""/></w><w>ดี<ana lex="ดี" pos="adjective" trans="fine" translit=""/><ana lex="ดี" pos="adjective" trans="braw" translit=""/><ana lex="ดี" pos="SL" trans="hunky-dory" translit=""/><ana lex="ดี" pos="adjective" trans="useful" translit=""/><ana lex="ดี" pos="noun" trans="gallbladder" translit=""/><ana lex="ดี" pos="adjective" trans="nice" translit=""/><ana lex="ดี" pos="adjective" trans="fine" translit=""/><ana lex="ดี" pos="adjective" trans="tidy" translit=""/><ana lex="ดี" pos="SL" trans="kushty" translit=""/><ana lex="ดี" pos="SL" trans="tickety-boo" translit=""/><ana lex="ดี" pos="adjective" trans="well" translit=""/><ana lex="ดี" pos="PRF" trans="eu-" translit=""/><ana lex="ดี" pos="idiom" trans="Well and good" translit=""/><ana lex="ดี" pos="adjective" trans="good" translit=""/><ana lex="ดี" pos="adverb" trans="well" translit=""/><ana lex="ดี" pos="adjective" trans="high" translit=""/><ana lex="ดี" pos="adjective" trans="nice" translit=""/><ana lex="ดี" pos="adjective" trans="nice" translit=""/><ana lex="ดี" pos="adjective" trans="well" translit=""/></w><w>ที่<ana lex="ที่" pos="PRON" trans="that" translit=""/><ana lex="ที่" pos="preposition" trans="at" translit=""/><ana lex="ที่" pos="noun" trans="word for utensil" translit=""/><ana lex="ที่" pos="preposition" trans="at" translit=""/><ana lex="ที่" pos="noun" trans="place" translit=""/><ana lex="ที่" pos="classifier" trans="qualifiers for places" translit=""/><ana lex="ที่" pos="noun" trans="ordinal number" translit=""/><ana lex="ที่" pos="preposition" trans="to" translit=""/><ana lex="ที่" pos="noun" trans="land" translit=""/></w><w>มาก<ana lex="มาก" pos="adverb" trans="deep" translit=""/><ana lex="มาก" pos="adjective" trans="good" translit=""/><ana lex="มาก" pos="PRF" trans="multi-" translit=""/><ana lex="มาก" pos="adjective" trans="deep" translit=""/><ana lex="มาก" pos="adjective" trans="mickle" translit=""/><ana lex="มาก" pos="PRF" trans="mult-" translit=""/><ana lex="มาก" pos="PRF" trans="multi-" translit=""/><ana lex="มาก" pos="adjective" trans="much" translit=""/><ana lex="มาก" pos="adverb" trans="so" translit=""/><ana lex="มาก" pos="adverb" trans="very much" translit=""/><ana lex="มาก" pos="idiom" trans="quite a bit" translit=""/><ana lex="มาก" pos="idiom" trans="quite a lot" translit=""/><ana lex="มาก" pos="idiom" trans="quite a few" translit=""/><ana lex="มาก" pos="adjective" trans="such" translit=""/><ana lex="มาก" pos="idiom" trans="quite a number" translit=""/><ana lex="มาก" pos="SL" trans="boku" translit=""/><ana lex="มาก" pos="PRF" trans="poly-" translit=""/><ana lex="มาก" pos="SL" trans="bokoo" translit=""/><ana lex="มาก" pos="adverb" trans="abundantly" translit=""/></w><w>ร้าย</w></se><se><w>ให้<ana lex="ให้" pos="verb,transitive" trans="afford" translit=""/><ana lex="ให้" pos="verb" trans="give" translit=""/><ana lex="ให้" pos="verb,transitive" trans="give" translit=""/><ana lex="ให้" pos="verb,transitive" trans="dispense" translit=""/><ana lex="ให้" pos="verb,transitive" trans="bestow" translit=""/><ana lex="ให้" pos="verb" trans="give" translit=""/><ana lex="ให้" pos="verb,transitive" trans="accord" translit=""/><ana lex="ให้" pos="auxiliary verb" trans="to" translit=""/><ana lex="ให้" pos="verb" trans="permit" translit=""/></w><w>เกียรติ<ana lex="เกียรติ" pos="noun" trans="fame" translit=""/><ana lex="เกียรติ" pos="" trans="[alternate pronunciation of เกียรติ ]" translit="giiatL dtiL"/><ana lex="เกียรติ" pos="noun" trans="honor" translit=""/></w><w>ฝูง<ana lex="ฝูง" pos="noun" trans="pack" translit=""/><ana lex="ฝูง" pos="noun" trans="group" translit=""/><ana lex="ฝูง" pos="noun" trans="covey" translit=""/><ana lex="ฝูง" pos="classifier" trans="group" translit=""/></w><w>ชน<ana lex="ชน" pos="PHRV" trans="run down1" translit=""/><ana lex="ชน" pos="PHRV" trans="bump into" translit=""/><ana lex="ชน" pos="verb" trans="complete" translit=""/><ana lex="ชน" pos="verb" trans="fight" translit=""/><ana lex="ชน" pos="PHRV" trans="go into" translit=""/><ana lex="ชน" pos="noun" trans="people" translit=""/><ana lex="ชน" pos="verb,transitive" trans="hit" translit=""/><ana lex="ชน" pos="PHRV" trans="dash against" translit=""/><ana lex="ชน" pos="verb,intransitive" trans="bump" translit=""/><ana lex="ชน" pos="verb,intransitive" trans="hit" translit=""/><ana lex="ชน" pos="verb,intransitive" trans="cannon" translit=""/><ana lex="ชน" pos="verb" trans="collide with" translit=""/></w><w>ทั้งคน<ana lex="ทั้งคน" pos="PRON" trans="adverb used to emphasize the word which comes in front" translit=""/></w><w>ควาย<ana lex="ควาย" pos="noun" trans="buffalo" translit=""/><ana lex="ควาย" pos="noun" trans="fool" translit=""/></w></se><se><w>ส้นตีน<ana lex="ส้นตีน" pos="noun" trans="heel" translit=""/></w><w>ติด<ana lex="ติด" pos="verb,transitive" trans="fix" translit=""/><ana lex="ติด" pos="verb,intransitive" trans="fasten" translit=""/><ana lex="ติด" pos="verb,transitive" trans="adjoin" translit=""/><ana lex="ติด" pos="verb" trans="become a habit" translit=""/><ana lex="ติด" pos="verb" trans="addicted to" translit=""/><ana lex="ติด" pos="verb" trans="contain" translit=""/><ana lex="ติด" pos="verb" trans="accompany" translit=""/><ana lex="ติด" pos="verb" trans="next to" translit=""/><ana lex="ติด" pos="verb" trans="light" translit=""/><ana lex="ติด" pos="verb" trans="bear" translit=""/><ana lex="ติด" pos="verb" trans="owe" translit=""/><ana lex="ติด" pos="verb" trans="stick" translit=""/><ana lex="ติด" pos="verb" trans="hang" translit=""/><ana lex="ติด" pos="verb" trans="catch" translit=""/><ana lex="ติด" pos="verb" trans="get stuck" translit=""/><ana lex="ติด" pos="verb" trans="close" translit=""/><ana lex="ติด" pos="verb" trans="addicted to" translit=""/><ana lex="ติด" pos="verb" trans="be stained" translit=""/><ana lex="ติด" pos="verb,intransitive" trans="jam" translit=""/><ana lex="ติด" pos="PHRV" trans="affix to" translit=""/><ana lex="ติด" pos="verb" trans="start" translit=""/><ana lex="ติด" pos="verb,transitive" trans="fit" translit=""/><ana lex="ติด" pos="PHRV" trans="go aground" translit=""/><ana lex="ติด" pos="verb,intransitive" trans="adhere" translit=""/><ana lex="ติด" pos="noun" trans="Echeneidae" translit=""/></w><w>ทราย<ana lex="ทราย" pos="noun" trans="sand" translit=""/><ana lex="ทราย" pos="noun" trans="sand" translit=""/></w><w>กาย<ana lex="กาย" pos="" trans="[alternate pronunciation of กาย ]" translit="gaaiM yaH"/><ana lex="กาย" pos="noun" trans="body" translit=""/></w><w>ติด<ana lex="ติด" pos="verb,transitive" trans="fix" translit=""/><ana lex="ติด" pos="verb,intransitive" trans="fasten" translit=""/><ana lex="ติด" pos="verb,transitive" trans="adjoin" translit=""/><ana lex="ติด" pos="verb" trans="become a habit" translit=""/><ana lex="ติด" pos="verb" trans="addicted to" translit=""/><ana lex="ติด" pos="verb" trans="contain" translit=""/><ana lex="ติด" pos="verb" trans="accompany" translit=""/><ana lex="ติด" pos="verb" trans="next to" translit=""/><ana lex="ติด" pos="verb" trans="light" translit=""/><ana lex="ติด" pos="verb" trans="bear" translit=""/><ana lex="ติด" pos="verb" trans="owe" translit=""/><ana lex="ติด" pos="verb" trans="stick" translit=""/><ana lex="ติด" pos="verb" trans="hang" translit=""/><ana lex="ติด" pos="verb" trans="catch" translit=""/><ana lex="ติด" pos="verb" trans="get stuck" translit=""/><ana lex="ติด" pos="verb" trans="close" translit=""/><ana lex="ติด" pos="verb" trans="addicted to" translit=""/><ana lex="ติด" pos="verb" trans="be stained" translit=""/><ana lex="ติด" pos="verb,intransitive" trans="jam" translit=""/><ana lex="ติด" pos="PHRV" trans="affix to" translit=""/><ana lex="ติด" pos="verb" trans="start" translit=""/><ana lex="ติด" pos="verb,transitive" trans="fit" translit=""/><ana lex="ติด" pos="PHRV" trans="go aground" translit=""/><ana lex="ติด" pos="verb,intransitive" trans="adhere" translit=""/><ana lex="ติด" pos="noun" trans="Echeneidae" translit=""/></w><w>ดิน<ana lex="ดิน" pos="noun" trans="clay" translit=""/><ana lex="ดิน" pos="noun" trans="soil" translit=""/><ana lex="ดิน" pos="noun" trans="clod" translit=""/><ana lex="ดิน" pos="noun" trans="dirt" translit=""/><ana lex="ดิน" pos="noun" trans="earth" translit=""/><ana lex="ดิน" pos="noun" trans="blind snake" translit=""/><ana lex="ดิน" pos="noun" trans="soil" translit=""/></w></se><se><w>วัน<ana lex="วัน" pos="" trans="[alternate pronunciation of วัน ]" translit="wanM naH"/><ana lex="วัน" pos="noun" trans="day" translit=""/><ana lex="วัน" pos="noun" trans="diem" translit=""/><ana lex="วัน" pos="noun" trans="day" translit=""/></w><w>นี้</w><w>ผม<ana lex="ผม" pos="SL" trans="barnet fair" translit=""/><ana lex="ผม" pos="noun" trans="hair" translit=""/><ana lex="ผม" pos="PRON" trans="I" translit=""/><ana lex="ผม" pos="noun" trans="hair" translit=""/></w><w>รู้<ana lex="รู้" pos="verb,transitive" trans="tell" translit=""/><ana lex="รู้" pos="verb,transitive" trans="ken" translit=""/><ana lex="รู้" pos="verb,intransitive" trans="ken" translit=""/><ana lex="รู้" pos="PHRV" trans="hear about" translit=""/><ana lex="รู้" pos="verb,transitive" trans="know" translit=""/><ana lex="รู้" pos="verb" trans="know" translit=""/></w></se><se><w>แล้ว<ana lex="แล้ว" pos="adverb" trans="already" translit=""/><ana lex="แล้ว" pos="adverb" trans="already" translit=""/><ana lex="แล้ว" pos="adverb" trans="by now" translit=""/><ana lex="แล้ว" pos="adverb" trans="already" translit=""/></w><w>ครับ<ana lex="ครับ" pos="END" trans="yes, sir" translit=""/></w><w>พ่อ<ana lex="พ่อ" pos="noun" trans="pop" translit=""/><ana lex="พ่อ" pos="noun" trans="dad" translit=""/><ana lex="พ่อ" pos="SL" trans="pops" translit=""/><ana lex="พ่อ" pos="noun" trans="father" translit=""/><ana lex="พ่อ" pos="noun" trans="daddy" translit=""/><ana lex="พ่อ" pos="noun" trans="pater" translit=""/><ana lex="พ่อ" pos="noun" trans="pa" translit=""/><ana lex="พ่อ" pos="noun" trans="paw" translit=""/></w><w>ครับ<ana lex="ครับ" pos="END" trans="yes, sir" translit=""/></w></se><se><w>ชีวิต<ana lex="ชีวิต" pos="PRF" trans="bio-" translit=""/><ana lex="ชีวิต" pos="noun" trans="life" translit=""/><ana lex="ชีวิต" pos="noun" trans="life" translit=""/></w><w>มัน<ana lex="มัน" pos="pronoun" trans="it" translit=""/><ana lex="มัน" pos="noun" trans="fat" translit=""/><ana lex="มัน" pos="noun" trans="yam" translit=""/><ana lex="มัน" pos="PRON" trans="it" translit=""/></w><w>ปรับ<ana lex="ปรับ" pos="verb,transitive" trans="tune" translit=""/><ana lex="ปรับ" pos="verb" trans="adjust" translit=""/><ana lex="ปรับ" pos="verb" trans="level" translit=""/><ana lex="ปรับ" pos="verb,transitive" trans="key" translit=""/><ana lex="ปรับ" pos="verb" trans="fine" translit=""/><ana lex="ปรับ" pos="verb,transitive" trans="gear" translit=""/></w></se><se><w>กับ<ana lex="กับ" pos="preposition" trans="with" translit=""/><ana lex="กับ" pos="preposition" trans="with" translit=""/><ana lex="กับ" pos="noun" trans="trap" translit=""/><ana lex="กับ" pos="preposition" trans="on" translit=""/><ana lex="กับ" pos="conjunction" trans="and" translit=""/><ana lex="กับ" pos="preposition" trans="with" translit=""/></w><w>ศาสตร์<ana lex="ศาสตร์" pos="noun" trans="science" translit=""/><ana lex="ศาสตร์" pos="noun" trans="science" translit=""/></w><w>และ<ana lex="และ" pos="conjunction" trans="and" translit=""/><ana lex="และ" pos="conjunction" trans="and" translit=""/></w><w>ศิลป์<ana lex="ศิลป์" pos="noun" trans="art" translit=""/><ana lex="ศิลป์" pos="noun" trans="art" translit=""/><ana lex="ศิลป์" pos="noun" trans="art" translit=""/></w></se><se><w>จะ<ana lex="จะ" pos="auxiliary verb" trans="will" translit=""/><ana lex="จะ" pos="auxiliary verb" trans="will" translit=""/><ana lex="จะ" pos="" trans="[alternate spelling of จ้ะ]" translit="jaL"/></w><w>ดาว<ana lex="ดาว" pos="PRF" trans="astro-" translit=""/><ana lex="ดาว" pos="noun" trans="five-pointed star" translit=""/><ana lex="ดาว" pos="noun" trans="star" translit=""/><ana lex="ดาว" pos="noun" trans="sika deer" translit=""/><ana lex="ดาว" pos="noun" trans="leopard" translit=""/></w><w>หรือ<ana lex="หรือ" pos="conjunction" trans="or" translit=""/><ana lex="หรือ" pos="conjunction" trans="or" translit=""/><ana lex="หรือ" pos="END" trans="isn't it" translit=""/></w><w>ทราย<ana lex="ทราย" pos="noun" trans="sand" translit=""/><ana lex="ทราย" pos="noun" trans="sand" translit=""/></w></se><se><w>ความหมาย<ana lex="ความหมาย" pos="noun" trans="importance" translit=""/><ana lex="ความหมาย" pos="noun" trans="meaning" translit=""/><ana lex="ความหมาย" pos="noun" trans="meaning" translit=""/><ana lex="ความหมาย" pos="noun" trans="significance" translit=""/><ana lex="ความหมาย" pos="noun" trans="purport" translit=""/><ana lex="ความหมาย" pos="noun" trans="drift" translit=""/><ana lex="ความหมาย" pos="noun" trans="[ความหมาย] meaning; definition; meaningfulness" translit="khwaamM maaiR"/></w><w>ก็<ana lex="ก็" pos="adverb" trans="also" translit=""/><ana lex="ก็" pos="conjunction" trans="as a result" translit=""/></w><w>ดิน<ana lex="ดิน" pos="noun" trans="clay" translit=""/><ana lex="ดิน" pos="noun" trans="soil" translit=""/><ana lex="ดิน" pos="noun" trans="clod" translit=""/><ana lex="ดิน" pos="noun" trans="dirt" translit=""/><ana lex="ดิน" pos="noun" trans="earth" translit=""/><ana lex="ดิน" pos="noun" trans="blind snake" translit=""/><ana lex="ดิน" pos="noun" trans="soil" translit=""/></w></se><se><w>วิญญาณ<ana lex="วิญญาณ" pos="noun" trans="manes" translit=""/><ana lex="วิญญาณ" pos="noun" trans="specter" translit=""/><ana lex="วิญญาณ" pos="noun" trans="Manes" translit=""/><ana lex="วิญญาณ" pos="noun" trans="spirit" translit=""/><ana lex="วิญญาณ" pos="noun" trans="soul" translit=""/></w><w>ไม่<ana lex="ไม่" pos="adverb" trans="not" translit=""/><ana lex="ไม่" pos="PRF" trans="an-" translit=""/><ana lex="ไม่" pos="PRF" trans="un-" translit=""/><ana lex="ไม่" pos="PRF" trans="un-" translit=""/><ana lex="ไม่" pos="adjective" trans="nary" translit=""/><ana lex="ไม่" pos="NEG" trans="not" translit=""/><ana lex="ไม่" pos="PRF" trans="in-" translit=""/><ana lex="ไม่" pos="adverb" trans="no" translit=""/><ana lex="ไม่" pos="PRF" trans="non-" translit=""/><ana lex="ไม่" pos="PRF" trans="non-" translit=""/><ana lex="ไม่" pos="PRF" trans="in-" translit=""/><ana lex="ไม่" pos="SL" trans="no soup" translit=""/><ana lex="ไม่" pos="SL" trans="no sale" translit=""/><ana lex="ไม่" pos="SL" trans="nope" translit=""/><ana lex="ไม่" pos="SL" trans="No way!" translit=""/><ana lex="ไม่" pos="NEG" trans="not" translit=""/><ana lex="ไม่" pos="SL" trans="Nuts!" translit=""/></w><w>สิ้น<ana lex="สิ้น" pos="verb" trans="be finished" translit=""/></w></se><se><w>ก็<ana lex="ก็" pos="adverb" trans="also" translit=""/><ana lex="ก็" pos="conjunction" trans="as a result" translit=""/></w><w>ดิ้น<ana lex="ดิ้น" pos="verb" trans="be flexible" translit=""/><ana lex="ดิ้น" pos="noun" trans="tinsel; braid" translit="dinF"/><ana lex="ดิ้น" pos="verb" trans="to dance (western style)" translit="dinF"/><ana lex="ดิ้น" pos="verb" trans="wriggle" translit=""/><ana lex="ดิ้น" pos="verb,intransitive" trans="to struggle, wriggle, squirm, toss about, move to and fro, twist" translit="dinF"/><ana lex="ดิ้น" pos="noun" trans="braid" translit=""/></w><w>กัน<ana lex="กัน" pos="verb" trans="keep out" translit=""/><ana lex="กัน" pos="PRON" trans="one another" translit=""/><ana lex="กัน" pos="PHRV" trans="screen off" translit=""/><ana lex="กัน" pos="adverb" trans="together" translit=""/><ana lex="กัน" pos="verb" trans="shave" translit=""/><ana lex="กัน" pos="verb" trans="separate" translit=""/></w><w>ไป<ana lex="ไป" pos="PRF" trans="ad-" translit=""/><ana lex="ไป" pos="verb" trans="go" translit=""/><ana lex="ไป" pos="SL" trans="chip" translit=""/><ana lex="ไป" pos="SL" trans="gone for a Burton" translit=""/><ana lex="ไป" pos="verb,intransitive" trans="go" translit=""/></w></se><se><w>ชีวิต<ana lex="ชีวิต" pos="PRF" trans="bio-" translit=""/><ana lex="ชีวิต" pos="noun" trans="life" translit=""/><ana lex="ชีวิต" pos="noun" trans="life" translit=""/></w><w>เท่า</w><w>นี้</w><w>ก็<ana lex="ก็" pos="adverb" trans="also" translit=""/><ana lex="ก็" pos="conjunction" trans="as a result" translit=""/></w><w>เท่า</w><w>นี้</w></se><se><w>ความ<ana lex="ความ" pos="noun" trans="case" translit=""/><ana lex="ความ" pos="noun" trans="content" translit=""/></w><w>ฝัน<ana lex="ฝัน" pos="verb,transitive" trans="dream" translit=""/><ana lex="ฝัน" pos="verb,intransitive" trans="dream" translit=""/><ana lex="ฝัน" pos="verb" trans="dream" translit=""/></w><w>สิ<ana lex="สิ" pos="particle,colloquial" trans="[a particle placed at the end of a sentence to emphasize or indicate a request]" translit="siL"/><ana lex="สิ" pos="" trans="[alternate spelling of ซี่ ]" translit="siL"/></w><w>มี<ana lex="มี" pos="verb" trans="consist of" translit=""/><ana lex="มี" pos="verb" trans="there is/are" translit=""/><ana lex="มี" pos="verb" trans="have" translit=""/><ana lex="มี" pos="verb,transitive" trans="contain" translit=""/><ana lex="มี" pos="verb,transitive" trans="has" translit=""/><ana lex="มี" pos="verb,transitive" trans="have" translit=""/><ana lex="มี" pos="adjective" trans="rich" translit=""/></w><w>ไว้<ana lex="ไว้" pos="verb" trans="keep" translit=""/></w><w>เติบ<ana lex="เติบ" pos="adverb" trans="excessively" translit=""/></w><w>ใหญ่<ana lex="ใหญ่" pos="adjective" trans="large" translit=""/><ana lex="ใหญ่" pos="PRF" trans="megalo-" translit=""/><ana lex="ใหญ่" pos="PRF" trans="meg-" translit=""/><ana lex="ใหญ่" pos="adjective" trans="fat" translit=""/><ana lex="ใหญ่" pos="PRF" trans="mega-" translit=""/><ana lex="ใหญ่" pos="adjective" trans="big" translit=""/><ana lex="ใหญ่" pos="adjective" trans="ample" translit=""/><ana lex="ใหญ่" pos="adjective" trans="big" translit=""/><ana lex="ใหญ่" pos="adjective" trans="big" translit=""/><ana lex="ใหญ่" pos="adjective" trans="big" translit=""/><ana lex="ใหญ่" pos="verb" trans="be big" translit=""/></w></se><se><w>ฟ้า<ana lex="ฟ้า" pos="noun" trans="blue" translit=""/><ana lex="ฟ้า" pos="noun" trans="heaven" translit=""/><ana lex="ฟ้า" pos="noun" trans="sky" translit=""/></w><w>ไกล<ana lex="ไกล" pos="adverb" trans="far" translit=""/><ana lex="ไกล" pos="PRF" trans="tele-" translit=""/><ana lex="ไกล" pos="adverb" trans="far" translit=""/><ana lex="ไกล" pos="adjective" trans="remote" translit=""/><ana lex="ไกล" pos="adjective" trans="far-off" translit=""/></w></se><se><w>ฟ้า<ana lex="ฟ้า" pos="noun" trans="blue" translit=""/><ana lex="ฟ้า" pos="noun" trans="heaven" translit=""/><ana lex="ฟ้า" pos="noun" trans="sky" translit=""/></w><w>กว้าง<ana lex="กว้าง" pos="verb" trans="be wide" translit=""/><ana lex="กว้าง" pos="adverb" trans="widely" translit=""/><ana lex="กว้าง" pos="noun" trans="width" translit=""/><ana lex="กว้าง" pos="adjective" trans="wide" translit=""/><ana lex="กว้าง" pos="adjective" trans="roomy" translit=""/><ana lex="กว้าง" pos="adverb" trans="wide" translit=""/></w></se><se><w>ช่าง<ana lex="ช่าง" pos="verb" trans="never mind" translit=""/><ana lex="ช่าง" pos="noun" trans="technician" translit=""/><ana lex="ช่าง" pos="auxiliary verb" trans="indeed" translit=""/></w><w>ฟ้า<ana lex="ฟ้า" pos="noun" trans="blue" translit=""/><ana lex="ฟ้า" pos="noun" trans="heaven" translit=""/><ana lex="ฟ้า" pos="noun" trans="sky" translit=""/></w><w>ปะไร<ana lex="ปะไร" pos="interjection" trans="[an interjection]" translit="bpaL raiM"/></w></se><se><w>ตั้งใจ<ana lex="ตั้งใจ" pos="verb,transitive" trans="think" translit=""/><ana lex="ตั้งใจ" pos="verb" trans="intend (to)" translit=""/><ana lex="ตั้งใจ" pos="verb,transitive" trans="aim" translit=""/><ana lex="ตั้งใจ" pos="verb" trans="[ตั้งใจ] to intend (to)" translit="dtangF jaiM"/><ana lex="ตั้งใจ" pos="verb,intransitive" trans="aim" translit=""/><ana lex="ตั้งใจ" pos="verb,intransitive" trans="think" translit=""/><ana lex="ตั้งใจ" pos="verb,intransitive" trans="mean" translit=""/><ana lex="ตั้งใจ" pos="verb,intransitive" trans="intend" translit=""/><ana lex="ตั้งใจ" pos="verb,transitive" trans="intend" translit=""/><ana lex="ตั้งใจ" pos="verb" trans="concentrate one's attention" translit=""/><ana lex="ตั้งใจ" pos="verb,transitive" trans="purpose" translit=""/></w><w>สิ<ana lex="สิ" pos="particle,colloquial" trans="[a particle placed at the end of a sentence to emphasize or indicate a request]" translit="siL"/><ana lex="สิ" pos="" trans="[alternate spelling of ซี่ ]" translit="siL"/></w><w>ใจ<ana lex="ใจ" pos="noun" trans="heart" translit=""/><ana lex="ใจ" pos="noun" trans="mind" translit=""/></w><w>จะ<ana lex="จะ" pos="auxiliary verb" trans="will" translit=""/><ana lex="จะ" pos="auxiliary verb" trans="will" translit=""/><ana lex="จะ" pos="" trans="[alternate spelling of จ้ะ]" translit="jaL"/></w><w>ไม่<ana lex="ไม่" pos="adverb" trans="not" translit=""/><ana lex="ไม่" pos="PRF" trans="an-" translit=""/><ana lex="ไม่" pos="PRF" trans="un-" translit=""/><ana lex="ไม่" pos="PRF" trans="un-" translit=""/><ana lex="ไม่" pos="adjective" trans="nary" translit=""/><ana lex="ไม่" pos="NEG" trans="not" translit=""/><ana lex="ไม่" pos="PRF" trans="in-" translit=""/><ana lex="ไม่" pos="adverb" trans="no" translit=""/><ana lex="ไม่" pos="PRF" trans="non-" translit=""/><ana lex="ไม่" pos="PRF" trans="non-" translit=""/><ana lex="ไม่" pos="PRF" trans="in-" translit=""/><ana lex="ไม่" pos="SL" trans="no soup" translit=""/><ana lex="ไม่" pos="SL" trans="no sale" translit=""/><ana lex="ไม่" pos="SL" trans="nope" translit=""/><ana lex="ไม่" pos="SL" trans="No way!" translit=""/><ana lex="ไม่" pos="NEG" trans="not" translit=""/><ana lex="ไม่" pos="SL" trans="Nuts!" translit=""/></w><w>คว้าง<ana lex="คว้าง" pos="adverb" trans="aimlessly" translit=""/></w></se><se><w>พ่อ<ana lex="พ่อ" pos="noun" trans="pop" translit=""/><ana lex="พ่อ" pos="noun" trans="dad" translit=""/><ana lex="พ่อ" pos="SL" trans="pops" translit=""/><ana lex="พ่อ" pos="noun" trans="father" translit=""/><ana lex="พ่อ" pos="noun" trans="daddy" translit=""/><ana lex="พ่อ" pos="noun" trans="pater" translit=""/><ana lex="พ่อ" pos="noun" trans="pa" translit=""/><ana lex="พ่อ" pos="noun" trans="paw" translit=""/></w><w>ครับ<ana lex="ครับ" pos="END" trans="yes, sir" translit=""/></w></se><se><w>พ่อ<ana lex="พ่อ" pos="noun" trans="pop" translit=""/><ana lex="พ่อ" pos="noun" trans="dad" translit=""/><ana lex="พ่อ" pos="SL" trans="pops" translit=""/><ana lex="พ่อ" pos="noun" trans="father" translit=""/><ana lex="พ่อ" pos="noun" trans="daddy" translit=""/><ana lex="พ่อ" pos="noun" trans="pater" translit=""/><ana lex="พ่อ" pos="noun" trans="pa" translit=""/><ana lex="พ่อ" pos="noun" trans="paw" translit=""/></w><w>รู้<ana lex="รู้" pos="verb,transitive" trans="tell" translit=""/><ana lex="รู้" pos="verb,transitive" trans="ken" translit=""/><ana lex="รู้" pos="verb,intransitive" trans="ken" translit=""/><ana lex="รู้" pos="PHRV" trans="hear about" translit=""/><ana lex="รู้" pos="verb,transitive" trans="know" translit=""/><ana lex="รู้" pos="verb" trans="know" translit=""/></w><w>ไหม<ana lex="ไหม" pos="noun" trans="silk thread" translit=""/><ana lex="ไหม" pos="noun" trans="silk" translit="maiR"/><ana lex="ไหม" pos="noun" trans="silk wool" translit=""/><ana lex="ไหม" pos="noun" trans="silk cloth" translit=""/><ana lex="ไหม" pos="noun" trans="silk worm" translit=""/><ana lex="ไหม" pos="QUES" trans="word ending at the end of the question to be answered 'Yes' or 'No'" translit=""/><ana lex="ไหม" pos="noun" trans="[ตัวไหม] silkworm" translit="maiR"/><ana lex="ไหม" pos="particle" trans="[word added at the end of a statement to indicate a question]" translit="maiR"/><ana lex="ไหม" pos="adverb,particle" trans="[alternative, colloquial pronunciation of ไหม, word added at the end of a statement to indicate a question]" translit="maiH"/><ana lex="ไหม" pos="" trans="[alternate pronunciation of ไหม]" translit="maiH"/><ana lex="ไหม" pos="noun" trans="[ผ้าไหม] silk fabric" translit="maiR"/><ana lex="ไหม" pos="adjective" trans="silken; of silk" translit="maiR"/></w><w>ครับ<ana lex="ครับ" pos="END" trans="yes, sir" translit=""/></w><w>กับ<ana lex="กับ" pos="preposition" trans="with" translit=""/><ana lex="กับ" pos="preposition" trans="with" translit=""/><ana lex="กับ" pos="noun" trans="trap" translit=""/><ana lex="กับ" pos="preposition" trans="on" translit=""/><ana lex="กับ" pos="conjunction" trans="and" translit=""/><ana lex="กับ" pos="preposition" trans="with" translit=""/></w><w>บาง<ana lex="บาง" pos="adjective" trans="subtle" translit=""/><ana lex="บาง" pos="adjective" trans="thin" translit=""/><ana lex="บาง" pos="adjective" trans="fine" translit=""/><ana lex="บาง" pos="noun" trans="settlement" translit=""/><ana lex="บาง" pos="adjective" trans="thin" translit=""/><ana lex="บาง" pos="DET" trans="some" translit=""/><ana lex="บาง" pos="adjective" trans="thin" translit=""/><ana lex="บาง" pos="adjective" trans="thin" translit=""/><ana lex="บาง" pos="noun" trans="village" translit=""/></w><w>อย่าง<ana lex="อย่าง" pos="noun" trans="method" translit=""/><ana lex="อย่าง" pos="adverb" trans="severely" translit=""/><ana lex="อย่าง" pos="noun" trans="type" translit=""/></w></se><se><w>ที่<ana lex="ที่" pos="PRON" trans="that" translit=""/><ana lex="ที่" pos="preposition" trans="at" translit=""/><ana lex="ที่" pos="noun" trans="word for utensil" translit=""/><ana lex="ที่" pos="preposition" trans="at" translit=""/><ana lex="ที่" pos="noun" trans="place" translit=""/><ana lex="ที่" pos="classifier" trans="qualifiers for places" translit=""/><ana lex="ที่" pos="noun" trans="ordinal number" translit=""/><ana lex="ที่" pos="preposition" trans="to" translit=""/><ana lex="ที่" pos="noun" trans="land" translit=""/></w><w>พ่อ<ana lex="พ่อ" pos="noun" trans="pop" translit=""/><ana lex="พ่อ" pos="noun" trans="dad" translit=""/><ana lex="พ่อ" pos="SL" trans="pops" translit=""/><ana lex="พ่อ" pos="noun" trans="father" translit=""/><ana lex="พ่อ" pos="noun" trans="daddy" translit=""/><ana lex="พ่อ" pos="noun" trans="pater" translit=""/><ana lex="พ่อ" pos="noun" trans="pa" translit=""/><ana lex="พ่อ" pos="noun" trans="paw" translit=""/></w><w>ก่อ<ana lex="ก่อ" pos="verb" trans="construct" translit=""/><ana lex="ก่อ" pos="verb" trans="light (a fire)" translit=""/><ana lex="ก่อ" pos="verb" trans="construct" translit=""/><ana lex="ก่อ" pos="verb" trans="cause" translit=""/><ana lex="ก่อ" pos="verb" trans="lay (brick)" translit=""/></w><w>เส้น<ana lex="เส้น" pos="noun" trans="line" translit=""/><ana lex="เส้น" pos="noun" trans="line" translit=""/><ana lex="เส้น" pos="classifier" trans="unit of length equal to 40 metres" translit=""/><ana lex="เส้น" pos="classifier" trans="numerative noun of road, long thing" translit=""/><ana lex="เส้น" pos="noun" trans="nerve" translit=""/></w><w>ขึ้น<ana lex="ขึ้น" pos="adjective" trans="ascending" translit=""/><ana lex="ขึ้น" pos="verb,intransitive" trans="ascend" translit=""/><ana lex="ขึ้น" pos="verb" trans="come into being" translit=""/><ana lex="ขึ้น" pos="verb" trans="be lucky" translit=""/><ana lex="ขึ้น" pos="adverb" trans="increasingly" translit=""/><ana lex="ขึ้น" pos="adverb" trans="be tenable" translit=""/><ana lex="ขึ้น" pos="verb" trans="develop" translit=""/><ana lex="ขึ้น" pos="adjective" trans="ascendant" translit=""/><ana lex="ขึ้น" pos="adverb" trans="more" translit=""/><ana lex="ขึ้น" pos="verb" trans="depend on" translit=""/><ana lex="ขึ้น" pos="verb" trans="be in luck" translit=""/><ana lex="ขึ้น" pos="verb" trans="grow" translit=""/><ana lex="ขึ้น" pos="verb" trans="get on" translit=""/><ana lex="ขึ้น" pos="verb" trans="go up" translit=""/><ana lex="ขึ้น" pos="verb" trans="increase" translit=""/></w><w>เป็น<ana lex="เป็น" pos="auxiliary verb" trans="are" translit=""/><ana lex="เป็น" pos="verb,intransitive" trans="been" translit=""/><ana lex="เป็น" pos="verb,intransitive" trans="come" translit=""/><ana lex="เป็น" pos="verb" trans="be able to" translit=""/><ana lex="เป็น" pos="verb" trans="be" translit=""/><ana lex="เป็น" pos="adjective" trans="alive" translit=""/></w><w>ทาง<ana lex="ทาง" pos="noun" trans="way" translit=""/><ana lex="ทาง" pos="noun" trans="palm leaf" translit=""/><ana lex="ทาง" pos="preposition" trans="from" translit=""/><ana lex="ทาง" pos="noun" trans="way" translit=""/><ana lex="ทาง" pos="classifier" trans="qualifier for palm leaves" translit=""/><ana lex="ทาง" pos="preposition" trans="by" translit=""/><ana lex="ทาง" pos="noun" trans="side" translit=""/><ana lex="ทาง" pos="noun" trans="pathway" translit=""/><ana lex="ทาง" pos="preposition" trans="by" translit=""/></w></se><se><w>ผม<ana lex="ผม" pos="SL" trans="barnet fair" translit=""/><ana lex="ผม" pos="noun" trans="hair" translit=""/><ana lex="ผม" pos="PRON" trans="I" translit=""/><ana lex="ผม" pos="noun" trans="hair" translit=""/></w><w>สร้าง<ana lex="สร้าง" pos="PHRV" trans="put up" translit=""/><ana lex="สร้าง" pos="verb,transitive" trans="ground" translit=""/><ana lex="สร้าง" pos="verb,transitive" trans="build" translit=""/><ana lex="สร้าง" pos="PHRV" trans="fetch out" translit=""/><ana lex="สร้าง" pos="verb,transitive" trans="establish" translit=""/><ana lex="สร้าง" pos="verb,transitive" trans="produce" translit=""/><ana lex="สร้าง" pos="PHRV" trans="get up" translit=""/><ana lex="สร้าง" pos="verb,transitive" trans="raise" translit=""/><ana lex="สร้าง" pos="PHRV" trans="turn off1" translit=""/><ana lex="สร้าง" pos="PHRV" trans="get up" translit=""/><ana lex="สร้าง" pos="verb,transitive" trans="deliver" translit=""/><ana lex="สร้าง" pos="verb,transitive" trans="create" translit=""/><ana lex="สร้าง" pos="noun" trans="platform" translit=""/><ana lex="สร้าง" pos="verb" trans="build" translit=""/><ana lex="สร้าง" pos="PHRV" trans="make up" translit=""/><ana lex="สร้าง" pos="verb" trans="create" translit=""/><ana lex="สร้าง" pos="PHRV" trans="make on" translit=""/><ana lex="สร้าง" pos="PHRV" trans="make for" translit=""/><ana lex="สร้าง" pos="verb,transitive" trans="found" translit=""/><ana lex="สร้าง" pos="PHRV" trans="make up" translit=""/><ana lex="สร้าง" pos="verb,transitive" trans="construct" translit=""/></w><w>ทาง<ana lex="ทาง" pos="noun" trans="way" translit=""/><ana lex="ทาง" pos="noun" trans="palm leaf" translit=""/><ana lex="ทาง" pos="preposition" trans="from" translit=""/><ana lex="ทาง" pos="noun" trans="way" translit=""/><ana lex="ทาง" pos="classifier" trans="qualifier for palm leaves" translit=""/><ana lex="ทาง" pos="preposition" trans="by" translit=""/><ana lex="ทาง" pos="noun" trans="side" translit=""/><ana lex="ทาง" pos="noun" trans="pathway" translit=""/><ana lex="ทาง" pos="preposition" trans="by" translit=""/></w><w>ใหม่<ana lex="ใหม่" pos="adjective" trans="new" translit=""/><ana lex="ใหม่" pos="adverb" trans="newly" translit=""/><ana lex="ใหม่" pos="PRF" trans="neo-" translit=""/><ana lex="ใหม่" pos="adjective" trans="new" translit=""/><ana lex="ใหม่" pos="adjective" trans="new" translit=""/><ana lex="ใหม่" pos="adjective" trans="novel" translit=""/><ana lex="ใหม่" pos="adverb" trans="again" translit=""/><ana lex="ใหม่" pos="adjective" trans="original" translit=""/><ana lex="ใหม่" pos="PRF" trans="neo-" translit=""/></w><w>อยู่<ana lex="อยู่" pos="verb,intransitive" trans="abide" translit=""/><ana lex="อยู่" pos="auxiliary verb" trans="be" translit=""/></w><w>ใน<ana lex="ใน" pos="preposition" trans="in" translit=""/><ana lex="ใน" pos="adjective" trans="in" translit=""/><ana lex="ใน" pos="PRF" trans="em-" translit=""/><ana lex="ใน" pos="PRF" trans="en-" translit=""/><ana lex="ใน" pos="PRF" trans="en-" translit=""/><ana lex="ใน" pos="PRF" trans="il-" translit=""/><ana lex="ใน" pos="preposition" trans="of" translit=""/><ana lex="ใน" pos="PRF" trans="in-" translit=""/><ana lex="ใน" pos="PRF" trans="im-" translit=""/><ana lex="ใน" pos="adverb" trans="in" translit=""/><ana lex="ใน" pos="preposition" trans="in" translit=""/></w><w>นั้น<ana lex="นั้น" pos="pronoun" trans="that" translit=""/><ana lex="นั้น" pos="PRON" trans="that" translit=""/></w></se><se><w>ความ<ana lex="ความ" pos="noun" trans="case" translit=""/><ana lex="ความ" pos="noun" trans="content" translit=""/></w><w>ฝัน<ana lex="ฝัน" pos="verb,transitive" trans="dream" translit=""/><ana lex="ฝัน" pos="verb,intransitive" trans="dream" translit=""/><ana lex="ฝัน" pos="verb" trans="dream" translit=""/></w><w>วัน<ana lex="วัน" pos="" trans="[alternate pronunciation of วัน ]" translit="wanM naH"/><ana lex="วัน" pos="noun" trans="day" translit=""/><ana lex="วัน" pos="noun" trans="diem" translit=""/><ana lex="วัน" pos="noun" trans="day" translit=""/></w><w>นี้</w><w>จะ<ana lex="จะ" pos="auxiliary verb" trans="will" translit=""/><ana lex="จะ" pos="auxiliary verb" trans="will" translit=""/><ana lex="จะ" pos="" trans="[alternate spelling of จ้ะ]" translit="jaL"/></w><w>มี<ana lex="มี" pos="verb" trans="consist of" translit=""/><ana lex="มี" pos="verb" trans="there is/are" translit=""/><ana lex="มี" pos="verb" trans="have" translit=""/><ana lex="มี" pos="verb,transitive" trans="contain" translit=""/><ana lex="มี" pos="verb,transitive" trans="has" translit=""/><ana lex="มี" pos="verb,transitive" trans="have" translit=""/><ana lex="มี" pos="adjective" trans="rich" translit=""/></w><w>เส้น<ana lex="เส้น" pos="noun" trans="line" translit=""/><ana lex="เส้น" pos="noun" trans="line" translit=""/><ana lex="เส้น" pos="classifier" trans="unit of length equal to 40 metres" translit=""/><ana lex="เส้น" pos="classifier" trans="numerative noun of road, long thing" translit=""/><ana lex="เส้น" pos="noun" trans="nerve" translit=""/></w></se><se><w>ขีด<ana lex="ขีด" pos="classifier" trans="100 grams" translit=""/><ana lex="ขีด" pos="verb" trans="scratch" translit=""/><ana lex="ขีด" pos="verb" trans="mark" translit=""/><ana lex="ขีด" pos="verb" trans="mark" translit=""/></w><w>เร้น<ana lex="เร้น" pos="verb" trans="to hide; conceal; evade" translit="renH"/><ana lex="เร้น" pos="verb" trans="hide" translit=""/></w><w>เป็น<ana lex="เป็น" pos="auxiliary verb" trans="are" translit=""/><ana lex="เป็น" pos="verb,intransitive" trans="been" translit=""/><ana lex="เป็น" pos="verb,intransitive" trans="come" translit=""/><ana lex="เป็น" pos="verb" trans="be able to" translit=""/><ana lex="เป็น" pos="verb" trans="be" translit=""/><ana lex="เป็น" pos="adjective" trans="alive" translit=""/></w><w>ทาง<ana lex="ทาง" pos="noun" trans="way" translit=""/><ana lex="ทาง" pos="noun" trans="palm leaf" translit=""/><ana lex="ทาง" pos="preposition" trans="from" translit=""/><ana lex="ทาง" pos="noun" trans="way" translit=""/><ana lex="ทาง" pos="classifier" trans="qualifier for palm leaves" translit=""/><ana lex="ทาง" pos="preposition" trans="by" translit=""/><ana lex="ทาง" pos="noun" trans="side" translit=""/><ana lex="ทาง" pos="noun" trans="pathway" translit=""/><ana lex="ทาง" pos="preposition" trans="by" translit=""/></w><w>ที่<ana lex="ที่" pos="PRON" trans="that" translit=""/><ana lex="ที่" pos="preposition" trans="at" translit=""/><ana lex="ที่" pos="noun" trans="word for utensil" translit=""/><ana lex="ที่" pos="preposition" trans="at" translit=""/><ana lex="ที่" pos="noun" trans="place" translit=""/><ana lex="ที่" pos="classifier" trans="qualifiers for places" translit=""/><ana lex="ที่" pos="noun" trans="ordinal number" translit=""/><ana lex="ที่" pos="preposition" trans="to" translit=""/><ana lex="ที่" pos="noun" trans="land" translit=""/></w><w>พร่าง<ana lex="พร่าง" pos="adjective,poetic" trans="[is[ brilliant; bright; illuminating; glittering; sparkling" translit="phraangF"/></w><w>ฝัน<ana lex="ฝัน" pos="verb,transitive" trans="dream" translit=""/><ana lex="ฝัน" pos="verb,intransitive" trans="dream" translit=""/><ana lex="ฝัน" pos="verb" trans="dream" translit=""/></w></se><se><w>พ่อ<ana lex="พ่อ" pos="noun" trans="pop" translit=""/><ana lex="พ่อ" pos="noun" trans="dad" translit=""/><ana lex="พ่อ" pos="SL" trans="pops" translit=""/><ana lex="พ่อ" pos="noun" trans="father" translit=""/><ana lex="พ่อ" pos="noun" trans="daddy" translit=""/><ana lex="พ่อ" pos="noun" trans="pater" translit=""/><ana lex="พ่อ" pos="noun" trans="pa" translit=""/><ana lex="พ่อ" pos="noun" trans="paw" translit=""/></w><w>จะ<ana lex="จะ" pos="auxiliary verb" trans="will" translit=""/><ana lex="จะ" pos="auxiliary verb" trans="will" translit=""/><ana lex="จะ" pos="" trans="[alternate spelling of จ้ะ]" translit="jaL"/></w><w>เป็น<ana lex="เป็น" pos="auxiliary verb" trans="are" translit=""/><ana lex="เป็น" pos="verb,intransitive" trans="been" translit=""/><ana lex="เป็น" pos="verb,intransitive" trans="come" translit=""/><ana lex="เป็น" pos="verb" trans="be able to" translit=""/><ana lex="เป็น" pos="verb" trans="be" translit=""/><ana lex="เป็น" pos="adjective" trans="alive" translit=""/></w></se><se><w>Hero<ana lex="" pos="" trans="" translit=""/></w></se><se><w>ชั่ว<ana lex="ชั่ว" pos="adverb" trans="badly" translit=""/><ana lex="ชั่ว" pos="preposition" trans="throughout" translit=""/><ana lex="ชั่ว" pos="adjective" trans="bad" translit=""/></w><w>นิรันดร์<ana lex="นิรันดร์" pos="" trans="[alternate spelling of นิรันดร]" translit="niH ranM"/></w></se><se><w>สัก<ana lex="สัก" pos="noun" trans="teak" translit=""/><ana lex="สัก" pos="verb" trans="tattoo" translit=""/><ana lex="สัก" pos="verb" trans="stretch" translit=""/><ana lex="สัก" pos="adverb" trans="just" translit=""/></w><w>วัน<ana lex="วัน" pos="" trans="[alternate pronunciation of วัน ]" translit="wanM naH"/><ana lex="วัน" pos="noun" trans="day" translit=""/><ana lex="วัน" pos="noun" trans="diem" translit=""/><ana lex="วัน" pos="noun" trans="day" translit=""/></w></se><se><w>.<ana lex="" pos="" trans="" translit=""/></w></se><se><w>ครึ่ง<ana lex="ครึ่ง" pos="PRF" trans="demi-" translit=""/><ana lex="ครึ่ง" pos="PRF" trans="hemi-" translit=""/><ana lex="ครึ่ง" pos="PRF" trans="semi-" translit=""/></w><w>พ่อ<ana lex="พ่อ" pos="noun" trans="pop" translit=""/><ana lex="พ่อ" pos="noun" trans="dad" translit=""/><ana lex="พ่อ" pos="SL" trans="pops" translit=""/><ana lex="พ่อ" pos="noun" trans="father" translit=""/><ana lex="พ่อ" pos="noun" trans="daddy" translit=""/><ana lex="พ่อ" pos="noun" trans="pater" translit=""/><ana lex="พ่อ" pos="noun" trans="pa" translit=""/><ana lex="พ่อ" pos="noun" trans="paw" translit=""/></w></se><se><w>ก็<ana lex="ก็" pos="adverb" trans="also" translit=""/><ana lex="ก็" pos="conjunction" trans="as a result" translit=""/></w><w>พอใจ<ana lex="พอใจ" pos="verb,intransitive" trans="gratify" translit=""/><ana lex="พอใจ" pos="idiom" trans="make the grade" translit=""/><ana lex="พอใจ" pos="adjective" trans="satisfied" translit=""/><ana lex="พอใจ" pos="verb" trans="satisfy" translit=""/><ana lex="พอใจ" pos="verb,intransitive" trans="delight" translit=""/><ana lex="พอใจ" pos="adjective" trans="pleased" translit=""/></w></se></body>