<body><meta><link>http://www.thaipoem.com/poem/123723</link><title>** จันทร์..ส่องใจ **</title><genre>poem</genre></meta><se><w>**<ana lex="" pos="" trans="" translit=""/></w></se><se><w>เฝ้า<ana lex="เฝ้า" pos="verb" trans="have an audience with/of" translit=""/><ana lex="เฝ้า" pos="verb" trans="keep an eye on" translit=""/></w><w>มอง<ana lex="มอง" pos="SL" trans="varda" translit=""/><ana lex="มอง" pos="verb" trans="look" translit=""/></w><w>สิ<ana lex="สิ" pos="particle,colloquial" trans="[a particle placed at the end of a sentence to emphasize or indicate a request]" translit="siL"/><ana lex="สิ" pos="" trans="[alternate spelling of ซี่ ]" translit="siL"/></w><w>จันทร์<ana lex="จันทร์" pos="noun" trans="moon" translit=""/><ana lex="จันทร์" pos="noun" trans="Monday" translit=""/></w><w>ฉาย<ana lex="ฉาย" pos="verb" trans="shine" translit=""/><ana lex="ฉาย" pos="verb" trans="project" translit=""/></w></se><se><w>.<ana lex="" pos="" trans="" translit=""/></w></se><se><w>ธ<ana lex="ธ" pos="pronoun,archaic" trans="[archaic] [2nd or 3rd person pronoun] you; he; she" translit="thaH"/><ana lex="ธ" pos="pronoun" trans="[3rd person pronoun used for referencing royalty] He" translit="thaH"/></w></se><se><w>.<ana lex="" pos="" trans="" translit=""/></w></se><se><w>ประกาย<ana lex="ประกาย" pos="noun" trans="spark" translit=""/><ana lex="ประกาย" pos="noun,formal" trans="flash; spark; sparkle; rays of radiating light; radiant; flashing" translit="bpraL gaaiM"/></w><w>อร่าม<ana lex="อร่าม" pos="adjective" trans="glittering" translit=""/></w><w>ตา<ana lex="ตา" pos="noun" trans="mesh" translit=""/><ana lex="ตา" pos="SL" trans="mince pies" translit=""/><ana lex="ตา" pos="verb" trans="time" translit=""/><ana lex="ตา" pos="noun" trans="maternal grandfather" translit=""/><ana lex="ตา" pos="noun" trans="eye" translit=""/><ana lex="ตา" pos="noun" trans="maternal grandfather" translit=""/><ana lex="ตา" pos="noun" trans="knot" translit=""/><ana lex="ตา" pos="noun" trans="knot" translit=""/><ana lex="ตา" pos="verb" trans="turn" translit=""/><ana lex="ตา" pos="noun" trans="eye" translit=""/><ana lex="ตา" pos="noun" trans="mesh" translit=""/></w></se><se><w>ดั่ง<ana lex="ดั่ง" pos="preposition" trans="like" translit=""/></w><w>เช่น<ana lex="เช่น" pos="preposition" trans="like" translit=""/><ana lex="เช่น" pos="conjunction" trans="such as" translit=""/><ana lex="เช่น" pos="preposition" trans="like" translit=""/></w><w>รต</w><w>นา<ana lex="นา" pos="noun" trans="field" translit=""/><ana lex="นา" pos="" trans="[alternate spelling of นะ ]" translit="naaM"/></w></se><se><w>.<ana lex="" pos="" trans="" translit=""/></w></se><se><w>ศิวะ<ana lex="ศิวะ" pos="noun,proper noun,person,formal" trans="[พระศิวะ] [Hinduism] Siva or Shiva, “the Destroyer,” the third member of the ตรีมูรติ (Trimurti), along with พระพรหม  (Brahma the Creator) and พระวิษณุ (Vishnu the Preserver)" translit="siL waH"/></w><w>เรือง<ana lex="เรือง" pos="adjective" trans="shining" translit=""/><ana lex="เรือง" pos="verb" trans="study deeply" translit=""/></w><w>ละ<ana lex="ละ" pos="verb" trans="etc." translit=""/><ana lex="ละ" pos="verb" trans="etc." translit=""/><ana lex="ละ" pos="verb" trans="vacate" translit=""/><ana lex="ละ" pos="DET" trans="each" translit=""/><ana lex="ละ" pos="verb" trans="vacate" translit=""/><ana lex="ละ" pos="END" trans="particle used at the end of a simple statement" translit=""/></w><w>เลื่อมพราย<ana lex="เลื่อมพราย" pos="adjective" trans="[is] shiny; lustrous; glossy; brilliant" translit="leuuamF phraaiM"/><ana lex="เลื่อมพราย" pos="adjective" trans="shiny" translit=""/></w></se><se><w>ขอบ<ana lex="ขอบ" pos="noun" trans="limb" translit=""/><ana lex="ขอบ" pos="noun" trans="edge" translit=""/><ana lex="ขอบ" pos="noun" trans="lip" translit=""/><ana lex="ขอบ" pos="noun" trans="margin" translit=""/><ana lex="ขอบ" pos="noun" trans="edge" translit=""/><ana lex="ขอบ" pos="adjective" trans="brim" translit=""/><ana lex="ขอบ" pos="noun" trans="rand" translit=""/><ana lex="ขอบ" pos="noun" trans="rim" translit=""/><ana lex="ขอบ" pos="noun" trans="compass" translit=""/></w><w>ฟ้า<ana lex="ฟ้า" pos="noun" trans="blue" translit=""/><ana lex="ฟ้า" pos="noun" trans="heaven" translit=""/><ana lex="ฟ้า" pos="noun" trans="sky" translit=""/></w></se><se><w>.<ana lex="" pos="" trans="" translit=""/></w></se><se><w>ณ<ana lex="ณ" pos="preposition" trans="in; at; on; by; from" translit="naH"/><ana lex="ณ" pos="preposition" trans="at" translit=""/><ana lex="ณ" pos="preposition" trans="at" translit=""/></w></se><se><w>.<ana lex="" pos="" trans="" translit=""/></w></se><se><w>แดน<ana lex="แดน" pos="noun" trans="land" translit=""/></w><w>ดิน<ana lex="ดิน" pos="noun" trans="clay" translit=""/><ana lex="ดิน" pos="noun" trans="soil" translit=""/><ana lex="ดิน" pos="noun" trans="clod" translit=""/><ana lex="ดิน" pos="noun" trans="dirt" translit=""/><ana lex="ดิน" pos="noun" trans="earth" translit=""/><ana lex="ดิน" pos="noun" trans="blind snake" translit=""/><ana lex="ดิน" pos="noun" trans="soil" translit=""/></w></se><se><w>.<ana lex="" pos="" trans="" translit=""/></w></se><se><w>พล<ana lex="พล" pos="" trans="[alternate pronunciation of พล ]" translit="phohnM laH"/><ana lex="พล" pos="noun" trans="forces" translit=""/><ana lex="พล" pos="" trans="[alternate pronunciation of พล ]" translit="phaH laH"/></w><w>สิ้น<ana lex="สิ้น" pos="verb" trans="be finished" translit=""/></w><w>มิ<ana lex="มิ" pos="NEG" trans="not" translit=""/><ana lex="มิ" pos="" trans="[alternate spelling of ไม่ ]" translit="miH"/><ana lex="มิ" pos="NEG" trans="not" translit=""/></w><w>วางวาย<ana lex="วางวาย" pos="verb" trans="die" translit=""/></w></se><se><w>ชม<ana lex="ชม" pos="verb" trans="see" translit=""/><ana lex="ชม" pos="verb" trans="praise" translit=""/></w><w>ชื่น<ana lex="ชื่น" pos="verb" trans="be joyful" translit=""/><ana lex="ชื่น" pos="adverb" trans="joyfully" translit=""/></w><w>บ่<ana lex="บ่" pos="formal,colloquial,poetic,ancient" trans="[Isaan dialect, ancient, poetic] no; not; nay; nah" translit="baawL"/></w><w>ห่าง<ana lex="ห่าง" pos="verb" trans="separate oneself from" translit=""/><ana lex="ห่าง" pos="adverb" trans="far" translit=""/><ana lex="ห่าง" pos="verb" trans="be different" translit=""/></w><w>หาย<ana lex="หาย" pos="verb" trans="be lost" translit=""/><ana lex="หาย" pos="verb" trans="recover" translit=""/></w></se><se><w>.<ana lex="" pos="" trans="" translit=""/></w></se><se><w>ดุจ<ana lex="ดุจ" pos="preposition" trans="similar to, as if, as though" translit="dootL"/></w><w>คลาย<ana lex="คลาย" pos="verb" trans="loosen" translit=""/><ana lex="คลาย" pos="verb" trans="relieve" translit=""/><ana lex="คลาย" pos="verb,intransitive" trans="loosen" translit=""/><ana lex="คลาย" pos="verb,intransitive" trans="unlay" translit=""/></w><w>ก็<ana lex="ก็" pos="adverb" trans="also" translit=""/><ana lex="ก็" pos="conjunction" trans="as a result" translit=""/></w><w>สุข<ana lex="สุข" pos="noun" trans="happiness" translit=""/><ana lex="สุข" pos="verb" trans="be happy" translit=""/><ana lex="สุข" pos="" trans="[alternate pronunciation of สุข ]" translit="sookL khaL"/></w><w>ใจ<ana lex="ใจ" pos="noun" trans="heart" translit=""/><ana lex="ใจ" pos="noun" trans="mind" translit=""/></w></se><se><w>ครา<ana lex="ครา" pos="classifier" trans="time" translit=""/><ana lex="ครา" pos="noun" trans="time; occasion; event" translit="khraaM"/><ana lex="ครา" pos="noun" trans="time" translit=""/></w><w>ใด<ana lex="ใด" pos="DET" trans="any" translit=""/><ana lex="ใด" pos="DET" trans="which" translit=""/></w><w>สิ<ana lex="สิ" pos="particle,colloquial" trans="[a particle placed at the end of a sentence to emphasize or indicate a request]" translit="siL"/><ana lex="สิ" pos="" trans="[alternate spelling of ซี่ ]" translit="siL"/></w><w>หม่น<ana lex="หม่น" pos="adjective" trans="blackish" translit=""/><ana lex="หม่น" pos="adjective" trans="blue" translit=""/><ana lex="หม่น" pos="verb" trans="be melancholy" translit=""/></w><w>หมอง<ana lex="หมอง" pos="verb" trans="become dull" translit=""/><ana lex="หมอง" pos="adjective" trans="[is] dull; tarnished; darkened; sad" translit="maawngR"/><ana lex="หมอง" pos="verb" trans="look sad" translit=""/></w></se><se><w>.<ana lex="" pos="" trans="" translit=""/></w></se><se><w>บ่<ana lex="บ่" pos="formal,colloquial,poetic,ancient" trans="[Isaan dialect, ancient, poetic] no; not; nay; nah" translit="baawL"/></w><w>มิค<ana lex="มิค" pos="proper noun,person" trans="Mick, Mik [an English given name]" translit="mikH"/><ana lex="มิค" pos="noun" trans="deer" translit=""/><ana lex="มิค" pos="noun" trans="deer" translit=""/></w><w>รอง<ana lex="รอง" pos="verb" trans="prop up" translit=""/><ana lex="รอง" pos="verb" trans="receive the water from the rain" translit=""/><ana lex="รอง" pos="PRF" trans="vice-" translit=""/><ana lex="รอง" pos="verb" trans="be inferior" translit=""/><ana lex="รอง" pos="PRF" trans="vice-" translit=""/><ana lex="รอง" pos="verb" trans="carry" translit=""/><ana lex="รอง" pos="noun" trans="deputy" translit=""/></w><w>จะ<ana lex="จะ" pos="auxiliary verb" trans="will" translit=""/><ana lex="จะ" pos="auxiliary verb" trans="will" translit=""/><ana lex="จะ" pos="" trans="[alternate spelling of จ้ะ]" translit="jaL"/></w><w>สดใส<ana lex="สดใส" pos="adjective" trans="bright" translit=""/><ana lex="สดใส" pos="verb" trans="be cheerful" translit=""/><ana lex="สดใส" pos="verb" trans="be bright" translit=""/></w></se><se><w>ร้อนรุ่ม<ana lex="ร้อนรุ่ม" pos="verb" trans="be restless" translit=""/><ana lex="ร้อนรุ่ม" pos="adjective" trans="[is] impatient; enthusiastic; vehement" translit="raawnH roomF"/></w><w>หฤทัย<ana lex="หฤทัย" pos="noun" trans="heart" translit=""/></w></se><se><w>.<ana lex="" pos="" trans="" translit=""/></w></se><se><w>มน<ana lex="มน" pos="adjective" trans="[is] rounded" translit="mohnM"/><ana lex="มน" pos="adjective,loanword,Pali" trans="stationary; not moving; fixed in place" translit="mohnM"/><ana lex="มน" pos="noun,loanword,Pali" trans="mind; heart" translit="mohnM"/></w><w>ใน<ana lex="ใน" pos="preposition" trans="in" translit=""/><ana lex="ใน" pos="adjective" trans="in" translit=""/><ana lex="ใน" pos="PRF" trans="em-" translit=""/><ana lex="ใน" pos="PRF" trans="en-" translit=""/><ana lex="ใน" pos="PRF" trans="en-" translit=""/><ana lex="ใน" pos="PRF" trans="il-" translit=""/><ana lex="ใน" pos="preposition" trans="of" translit=""/><ana lex="ใน" pos="PRF" trans="in-" translit=""/><ana lex="ใน" pos="PRF" trans="im-" translit=""/><ana lex="ใน" pos="adverb" trans="in" translit=""/><ana lex="ใน" pos="preposition" trans="in" translit=""/></w><w>ผิ<ana lex="ผิ" pos="conjunction" trans="if; provided that; lest [usually used in the conjunction ผิว่า]" translit="phiL"/></w><w>มืดมน<ana lex="มืดมน" pos="adjective" trans="[is] dark; gloomy" translit="meuutF mohnM"/><ana lex="มืดมน" pos="verb" trans="dark" translit=""/><ana lex="มืดมน" pos="verb" trans="become gloomy" translit=""/><ana lex="มืดมน" pos="adjective" trans="somber" translit=""/><ana lex="มืดมน" pos="idiom" trans="in the dark (about)" translit=""/></w></se><se><w>ธรรมชาติ<ana lex="ธรรมชาติ" pos="noun" trans="nature" translit=""/><ana lex="ธรรมชาติ" pos="PRF" trans="physio-" translit=""/><ana lex="ธรรมชาติ" pos="PRF" trans="physi-" translit=""/><ana lex="ธรรมชาติ" pos="noun" trans="being" translit=""/><ana lex="ธรรมชาติ" pos="noun" trans="nature; creation; mother nature" translit="thamM maH chaatF"/><ana lex="ธรรมชาติ" pos="noun" trans="nature" translit=""/></w><w>สิ<ana lex="สิ" pos="particle,colloquial" trans="[a particle placed at the end of a sentence to emphasize or indicate a request]" translit="siL"/><ana lex="สิ" pos="" trans="[alternate spelling of ซี่ ]" translit="siL"/></w><w>สั่งสอน<ana lex="สั่งสอน" pos="verb" trans="teach someone a lesson" translit=""/><ana lex="สั่งสอน" pos="verb" trans="teach someone a lesson" translit=""/><ana lex="สั่งสอน" pos="verb,transitive" trans="lesson" translit=""/><ana lex="สั่งสอน" pos="verb,transitive" trans="teach" translit=""/><ana lex="สั่งสอน" pos="verb" trans="teach" translit=""/><ana lex="สั่งสอน" pos="verb,transitive" trans="instruct" translit=""/><ana lex="สั่งสอน" pos="verb,intransitive" trans="instruct" translit=""/><ana lex="สั่งสอน" pos="verb" trans="teach" translit=""/></w></se><se><w>.<ana lex="" pos="" trans="" translit=""/></w></se><se><w>ศศิธร<ana lex="ศศิธร" pos="noun" trans="moon" translit=""/></w></se><se><w>ณ<ana lex="ณ" pos="preposition" trans="in; at; on; by; from" translit="naH"/><ana lex="ณ" pos="preposition" trans="at" translit=""/><ana lex="ณ" pos="preposition" trans="at" translit=""/></w></se><se><w>.<ana lex="" pos="" trans="" translit=""/></w></se><se><w>เบื้องบน<ana lex="เบื้องบน" pos="adjective,adverb" trans="[เบื้องบน] above" translit="beuuangF bohnM"/><ana lex="เบื้องบน" pos="noun" trans="upper part" translit=""/><ana lex="เบื้องบน" pos="noun" trans="[เบื้องบน] higher authority" translit="beuuangF bohnM"/><ana lex="เบื้องบน" pos="noun" trans="upper part" translit=""/><ana lex="เบื้องบน" pos="noun" trans="high authorities" translit=""/><ana lex="เบื้องบน" pos="noun" trans="upper part" translit=""/></w></se><se><w>ท่องเที่ยว<ana lex="ท่องเที่ยว" pos="verb,intransitive" trans="travel" translit=""/><ana lex="ท่องเที่ยว" pos="verb" trans="tour" translit=""/></w><w>นภา<ana lex="นภา" pos="noun,adjective,poetic,loanword,Pali" trans="sky; air; atmosphere; firmament; wind" translit="naH phaaM"/><ana lex="นภา" pos="noun" trans="sky" translit=""/></w><w>ดล<ana lex="ดล" pos="verb,loanword,Pali,Sanskrit" trans="floor; ground" translit="dohnM"/><ana lex="ดล" pos="verb" trans="[ดลใจ] to inspire; effect supernaturally" translit="dohnM"/><ana lex="ดล" pos="verb" trans="to influence; to motivate; to inspire; to cause" translit="dohnM"/><ana lex="ดล" pos="noun" trans="floor" translit=""/><ana lex="ดล" pos="verb,loanword,Cambodian" trans="to reach; to attain" translit="dohnM"/></w></se><se><w>.<ana lex="" pos="" trans="" translit=""/></w></se><se><w>ผิว</w><w>ตน<ana lex="ตน" pos="noun" trans="oneself" translit=""/><ana lex="ตน" pos="classifier" trans="numerical designation for giants" translit=""/></w><w>จะ<ana lex="จะ" pos="auxiliary verb" trans="will" translit=""/><ana lex="จะ" pos="auxiliary verb" trans="will" translit=""/><ana lex="จะ" pos="" trans="[alternate spelling of จ้ะ]" translit="jaL"/></w><w>พอใจ<ana lex="พอใจ" pos="verb,intransitive" trans="gratify" translit=""/><ana lex="พอใจ" pos="idiom" trans="make the grade" translit=""/><ana lex="พอใจ" pos="adjective" trans="satisfied" translit=""/><ana lex="พอใจ" pos="verb" trans="satisfy" translit=""/><ana lex="พอใจ" pos="verb,intransitive" trans="delight" translit=""/><ana lex="พอใจ" pos="adjective" trans="pleased" translit=""/></w></se><se><w>จง<ana lex="จง" pos="auxiliary verb" trans="must" translit=""/></w><w>เป็น<ana lex="เป็น" pos="auxiliary verb" trans="are" translit=""/><ana lex="เป็น" pos="verb,intransitive" trans="been" translit=""/><ana lex="เป็น" pos="verb,intransitive" trans="come" translit=""/><ana lex="เป็น" pos="verb" trans="be able to" translit=""/><ana lex="เป็น" pos="verb" trans="be" translit=""/><ana lex="เป็น" pos="adjective" trans="alive" translit=""/></w><w>ศศิ<ana lex="ศศิ" pos="noun" trans="moon" translit=""/></w><w>จ้า<ana lex="จ้า" pos="adjective" trans="bright" translit=""/><ana lex="จ้า" pos="adjective" trans="[of light] [is] intense; strong" translit="jaaF"/><ana lex="จ้า" pos="verb" trans="be bright" translit=""/><ana lex="จ้า" pos="" trans="[alternate spelling of จ้ะ]" translit="jaaF"/></w></se><se><w>.<ana lex="" pos="" trans="" translit=""/></w></se><se><w>จรัส<ana lex="จรัส" pos="adverb" trans="brightly" translit=""/></w><w>ฟ้า<ana lex="ฟ้า" pos="noun" trans="blue" translit=""/><ana lex="ฟ้า" pos="noun" trans="heaven" translit=""/><ana lex="ฟ้า" pos="noun" trans="sky" translit=""/></w><w>ณ<ana lex="ณ" pos="preposition" trans="in; at; on; by; from" translit="naH"/><ana lex="ณ" pos="preposition" trans="at" translit=""/><ana lex="ณ" pos="preposition" trans="at" translit=""/></w></se><se><w>.<ana lex="" pos="" trans="" translit=""/></w></se><se><w>แดน<ana lex="แดน" pos="noun" trans="land" translit=""/></w><w>ไกล<ana lex="ไกล" pos="adverb" trans="far" translit=""/><ana lex="ไกล" pos="PRF" trans="tele-" translit=""/><ana lex="ไกล" pos="adverb" trans="far" translit=""/><ana lex="ไกล" pos="adjective" trans="remote" translit=""/><ana lex="ไกล" pos="adjective" trans="far-off" translit=""/></w></se><se><w>เปล่ง<ana lex="เปล่ง" pos="verb" trans="shine" translit=""/><ana lex="เปล่ง" pos="verb" trans="utter" translit=""/></w><w>แสง<ana lex="แสง" pos="noun" trans="light" translit=""/><ana lex="แสง" pos="noun" trans="light" translit=""/></w><w>รวิ<ana lex="รวิ" pos="noun" trans="sun" translit=""/><ana lex="รวิ" pos="noun,loanword,Pali" trans="the sun" translit="raH wiH"/></w><w>ไป<ana lex="ไป" pos="PRF" trans="ad-" translit=""/><ana lex="ไป" pos="verb" trans="go" translit=""/><ana lex="ไป" pos="SL" trans="chip" translit=""/><ana lex="ไป" pos="SL" trans="gone for a Burton" translit=""/><ana lex="ไป" pos="verb,intransitive" trans="go" translit=""/></w></se><se><w>.<ana lex="" pos="" trans="" translit=""/></w></se><se><w>ธ<ana lex="ธ" pos="pronoun,archaic" trans="[archaic] [2nd or 3rd person pronoun] you; he; she" translit="thaH"/><ana lex="ธ" pos="pronoun" trans="[3rd person pronoun used for referencing royalty] He" translit="thaH"/></w></se><se><w>.<ana lex="" pos="" trans="" translit=""/></w></se><se><w>ประไพ<ana lex="ประไพ" pos="adjective" trans="beautiful" translit=""/></w><w>ม</w><w>เลือง</w><w>รอง<ana lex="รอง" pos="verb" trans="prop up" translit=""/><ana lex="รอง" pos="verb" trans="receive the water from the rain" translit=""/><ana lex="รอง" pos="PRF" trans="vice-" translit=""/><ana lex="รอง" pos="verb" trans="be inferior" translit=""/><ana lex="รอง" pos="PRF" trans="vice-" translit=""/><ana lex="รอง" pos="verb" trans="carry" translit=""/><ana lex="รอง" pos="noun" trans="deputy" translit=""/></w></se><se><w>**<ana lex="" pos="" trans="" translit=""/></w></se><se><w>พร้อม<ana lex="พร้อม" pos="PHRV" trans="watch out" translit=""/><ana lex="พร้อม" pos="adjective" trans="due" translit=""/><ana lex="พร้อม" pos="adjective" trans="trim" translit=""/><ana lex="พร้อม" pos="adverb" trans="at the same time" translit=""/><ana lex="พร้อม" pos="verb" trans="be ready" translit=""/></w><w>กาย<ana lex="กาย" pos="" trans="[alternate pronunciation of กาย ]" translit="gaaiM yaH"/><ana lex="กาย" pos="noun" trans="body" translit=""/></w><w>วจี<ana lex="วจี" pos="noun,formal,loanword,Pali" trans="speech; word" translit="waH jeeM"/><ana lex="วจี" pos="noun" trans="words" translit=""/></w><w>จิต<ana lex="จิต" pos="" trans="[alternate pronunciation of จิต ]" translit="jitL dtaL"/><ana lex="จิต" pos="noun" trans="mind" translit=""/></w></se><se><w>.<ana lex="" pos="" trans="" translit=""/></w></se><se><w>สุจริต<ana lex="สุจริต" pos="adjective" trans="[is] honest; decent; scrupulous; [of behavior] innocent" translit="sootL jaL ritL"/><ana lex="สุจริต" pos="adjective" trans="[สุจริตใจ] [is] honest; truthful; trustworthy" translit="sootL jaL ritL"/><ana lex="สุจริต" pos="adjective" trans="honest" translit=""/><ana lex="สุจริต" pos="" trans="[ความสุจริต] honesty; integrity" translit="sootL jaL ritL"/><ana lex="สุจริต" pos="adverb" trans="[โดยสุจริต] honestly; legally; in good faith" translit="sootL jaL ritL"/></w><w>พินิจ<ana lex="พินิจ" pos="adverb" trans="attentively" translit=""/><ana lex="พินิจ" pos="verb,transitive,intransitive,formal" trans="to examine; investigate; consider attentively; judge carefully; analyze" translit="phiH nitH"/><ana lex="พินิจ" pos="verb" trans="examine" translit=""/><ana lex="พินิจ" pos="noun" trans="[การพินิจ] analysis; investigation" translit="phiH nitH"/><ana lex="พินิจ" pos="proper noun" trans="Phinit [a Thai given name]" translit="phiH nitH"/></w><w>ตรอง</w></se><se><w>ธรรมะ<ana lex="ธรรมะ" pos="noun" trans="dharma" translit=""/><ana lex="ธรรมะ" pos="" trans="[alternate spelling of ธรรม ]" translit="thamM maH"/></w><w>จะ<ana lex="จะ" pos="auxiliary verb" trans="will" translit=""/><ana lex="จะ" pos="auxiliary verb" trans="will" translit=""/><ana lex="จะ" pos="" trans="[alternate spelling of จ้ะ]" translit="jaL"/></w><w>คุ้มครอง<ana lex="คุ้มครอง" pos="PHRV" trans="screen from" translit=""/><ana lex="คุ้มครอง" pos="verb" trans="protect" translit=""/><ana lex="คุ้มครอง" pos="PHRV" trans="preserve from" translit=""/></w></se><se><w>.<ana lex="" pos="" trans="" translit=""/></w></se><se><w>สติ<ana lex="สติ" pos="noun" trans="consciousness" translit=""/><ana lex="สติ" pos="noun" trans="reason" translit=""/></w><w>ยึด<ana lex="ยึด" pos="idiom" trans="lay hold of" translit=""/><ana lex="ยึด" pos="verb,transitive" trans="take" translit=""/><ana lex="ยึด" pos="verb" trans="confiscate" translit=""/><ana lex="ยึด" pos="PHRV" trans="hold by" translit=""/><ana lex="ยึด" pos="verb,transitive" trans="grip" translit=""/><ana lex="ยึด" pos="idiom" trans="relax one's grip / hold on" translit=""/><ana lex="ยึด" pos="idiom" trans="lay hold on" translit=""/><ana lex="ยึด" pos="PHRV" trans="catch of" translit=""/><ana lex="ยึด" pos="verb" trans="fix" translit=""/></w><w>ประพฤติ<ana lex="ประพฤติ" pos="PHRV" trans="go on1" translit=""/><ana lex="ประพฤติ" pos="verb,transitive" trans="conduct" translit=""/><ana lex="ประพฤติ" pos="verb,transitive" trans="comport" translit=""/><ana lex="ประพฤติ" pos="verb,transitive" trans="carry" translit=""/><ana lex="ประพฤติ" pos="verb" trans="conduct" translit=""/></w><w>ตน<ana lex="ตน" pos="noun" trans="oneself" translit=""/><ana lex="ตน" pos="classifier" trans="numerical designation for giants" translit=""/></w></se><se><w>.<ana lex="" pos="" trans="" translit=""/></w></se><se><w>ฯ</w></se></body>