<body><meta><link>http://www.thaipoem.com/%E0%B8%81%E0%B8%A5%E0%B8%AD%E0%B8%99/%E0%B8%81%E0%B8%A5%E0%B8%AD%E0%B8%99%E0%B8%AD%E0%B8%81%E0%B8%AB%E0%B8%B1%E0%B8%81-%E0%B8%A3%E0%B8%B1%E0%B8%81%E0%B8%AB%E0%B8%A7%E0%B8%B2%E0%B8%99%E0%B8%8B%E0%B8%B6%E0%B9%89%E0%B8%87/73420</link><title>*.. เกินหักใจ ..*</title><genre>poem</genre></meta><se><w>*.<ana lex="" pos="" trans="" translit=""/></w></se><se><w>เกิน<ana lex="เกิน" pos="adverb" trans="far" translit=""/><ana lex="เกิน" pos="PRF" trans="ultra-" translit=""/><ana lex="เกิน" pos="adjective" trans="surplus" translit=""/><ana lex="เกิน" pos="PRF" trans="hyper-" translit=""/></w><w>หัก</w><w>ใจ<ana lex="ใจ" pos="noun" trans="heart" translit=""/><ana lex="ใจ" pos="noun" trans="mind" translit=""/></w></se><se><w>.*<ana lex="" pos="" trans="" translit=""/></w></se><se><w>อยาก<ana lex="อยาก" pos="PHRV" trans="care for" translit=""/><ana lex="อยาก" pos="PHRV" trans="feel like" translit=""/></w><w>จะ<ana lex="จะ" pos="auxiliary verb" trans="will" translit=""/><ana lex="จะ" pos="auxiliary verb" trans="will" translit=""/><ana lex="จะ" pos="" trans="[alternate spelling of จ้ะ]" translit="jaL"/></w><w>หักห้าม<ana lex="หักห้าม" pos="verb" trans="restrain" translit=""/><ana lex="หักห้าม" pos="verb" trans="restrain" translit=""/><ana lex="หักห้าม" pos="verb,phrase" trans="to restrain" translit="hakL haamF"/><ana lex="หักห้าม" pos="verb,phrase" trans="to restrain" translit="hakL haamF"/></w><w>ใจ<ana lex="ใจ" pos="noun" trans="heart" translit=""/><ana lex="ใจ" pos="noun" trans="mind" translit=""/></w><w>ไม่<ana lex="ไม่" pos="adverb" trans="not" translit=""/><ana lex="ไม่" pos="PRF" trans="an-" translit=""/><ana lex="ไม่" pos="PRF" trans="un-" translit=""/><ana lex="ไม่" pos="PRF" trans="un-" translit=""/><ana lex="ไม่" pos="adjective" trans="nary" translit=""/><ana lex="ไม่" pos="NEG" trans="not" translit=""/><ana lex="ไม่" pos="PRF" trans="in-" translit=""/><ana lex="ไม่" pos="adverb" trans="no" translit=""/><ana lex="ไม่" pos="PRF" trans="non-" translit=""/><ana lex="ไม่" pos="PRF" trans="non-" translit=""/><ana lex="ไม่" pos="PRF" trans="in-" translit=""/><ana lex="ไม่" pos="SL" trans="no soup" translit=""/><ana lex="ไม่" pos="SL" trans="no sale" translit=""/><ana lex="ไม่" pos="SL" trans="nope" translit=""/><ana lex="ไม่" pos="SL" trans="No way!" translit=""/><ana lex="ไม่" pos="NEG" trans="not" translit=""/><ana lex="ไม่" pos="SL" trans="Nuts!" translit=""/></w><w>ให้<ana lex="ให้" pos="verb,transitive" trans="afford" translit=""/><ana lex="ให้" pos="verb" trans="give" translit=""/><ana lex="ให้" pos="verb,transitive" trans="give" translit=""/><ana lex="ให้" pos="verb,transitive" trans="dispense" translit=""/><ana lex="ให้" pos="verb,transitive" trans="bestow" translit=""/><ana lex="ให้" pos="verb" trans="give" translit=""/><ana lex="ให้" pos="verb,transitive" trans="accord" translit=""/><ana lex="ให้" pos="auxiliary verb" trans="to" translit=""/><ana lex="ให้" pos="verb" trans="permit" translit=""/></w><w>คิด<ana lex="คิด" pos="verb,transitive" trans="reckon" translit=""/><ana lex="คิด" pos="verb,intransitive" trans="cerebrate" translit=""/><ana lex="คิด" pos="verb,transitive" trans="conceive" translit=""/><ana lex="คิด" pos="verb,transitive" trans="conceit" translit=""/><ana lex="คิด" pos="PHRV" trans="go over2" translit=""/><ana lex="คิด" pos="verb" trans="create" translit=""/><ana lex="คิด" pos="verb" trans="estimate" translit=""/><ana lex="คิด" pos="verb" trans="want" translit=""/><ana lex="คิด" pos="verb" trans="think" translit=""/><ana lex="คิด" pos="verb" trans="consider" translit=""/><ana lex="คิด" pos="verb" trans="calculate" translit=""/><ana lex="คิด" pos="verb,transitive" trans="think" translit=""/><ana lex="คิด" pos="verb,intransitive" trans="think" translit=""/></w></se><se><w>แต่<ana lex="แต่" pos="adverb" trans="only" translit=""/><ana lex="แต่" pos="conjunction" trans="but" translit=""/><ana lex="แต่" pos="conjunction" trans="but" translit=""/><ana lex="แต่" pos="conjunction" trans="but" translit=""/><ana lex="แต่" pos="preposition" trans="earlier" translit=""/><ana lex="แต่" pos="conjunction" trans="only" translit=""/></w><w>ก็<ana lex="ก็" pos="adverb" trans="also" translit=""/><ana lex="ก็" pos="conjunction" trans="as a result" translit=""/></w><w>ติด<ana lex="ติด" pos="verb,transitive" trans="fix" translit=""/><ana lex="ติด" pos="verb,intransitive" trans="fasten" translit=""/><ana lex="ติด" pos="verb,transitive" trans="adjoin" translit=""/><ana lex="ติด" pos="verb" trans="become a habit" translit=""/><ana lex="ติด" pos="verb" trans="addicted to" translit=""/><ana lex="ติด" pos="verb" trans="contain" translit=""/><ana lex="ติด" pos="verb" trans="accompany" translit=""/><ana lex="ติด" pos="verb" trans="next to" translit=""/><ana lex="ติด" pos="verb" trans="light" translit=""/><ana lex="ติด" pos="verb" trans="bear" translit=""/><ana lex="ติด" pos="verb" trans="owe" translit=""/><ana lex="ติด" pos="verb" trans="stick" translit=""/><ana lex="ติด" pos="verb" trans="hang" translit=""/><ana lex="ติด" pos="verb" trans="catch" translit=""/><ana lex="ติด" pos="verb" trans="get stuck" translit=""/><ana lex="ติด" pos="verb" trans="close" translit=""/><ana lex="ติด" pos="verb" trans="addicted to" translit=""/><ana lex="ติด" pos="verb" trans="be stained" translit=""/><ana lex="ติด" pos="verb,intransitive" trans="jam" translit=""/><ana lex="ติด" pos="PHRV" trans="affix to" translit=""/><ana lex="ติด" pos="verb" trans="start" translit=""/><ana lex="ติด" pos="verb,transitive" trans="fit" translit=""/><ana lex="ติด" pos="PHRV" trans="go aground" translit=""/><ana lex="ติด" pos="verb,intransitive" trans="adhere" translit=""/><ana lex="ติด" pos="noun" trans="Echeneidae" translit=""/></w><w>ตรง<ana lex="ตรง" pos="adverb" trans="straightly" translit=""/><ana lex="ตรง" pos="preposition" trans="at" translit=""/><ana lex="ตรง" pos="adjective" trans="straight" translit=""/><ana lex="ตรง" pos="verb" trans="be straight" translit=""/><ana lex="ตรง" pos="adjective" trans="dead" translit=""/><ana lex="ตรง" pos="PRF" trans="orth-" translit=""/><ana lex="ตรง" pos="verb,intransitive" trans="unbend" translit=""/><ana lex="ตรง" pos="PRF" trans="ortho-" translit=""/><ana lex="ตรง" pos="adverb" trans="straightforwardly" translit=""/><ana lex="ตรง" pos="verb" trans="be precise at" translit=""/><ana lex="ตรง" pos="adjective" trans="straight" translit=""/><ana lex="ตรง" pos="verb" trans="be in accordance with" translit=""/><ana lex="ตรง" pos="adverb" trans="rush" translit=""/><ana lex="ตรง" pos="adverb" trans="punctually" translit=""/></w><w>ที่<ana lex="ที่" pos="PRON" trans="that" translit=""/><ana lex="ที่" pos="preposition" trans="at" translit=""/><ana lex="ที่" pos="noun" trans="word for utensil" translit=""/><ana lex="ที่" pos="preposition" trans="at" translit=""/><ana lex="ที่" pos="noun" trans="place" translit=""/><ana lex="ที่" pos="classifier" trans="qualifiers for places" translit=""/><ana lex="ที่" pos="noun" trans="ordinal number" translit=""/><ana lex="ที่" pos="preposition" trans="to" translit=""/><ana lex="ที่" pos="noun" trans="land" translit=""/></w><w>ใจ<ana lex="ใจ" pos="noun" trans="heart" translit=""/><ana lex="ใจ" pos="noun" trans="mind" translit=""/></w><w>ไป<ana lex="ไป" pos="PRF" trans="ad-" translit=""/><ana lex="ไป" pos="verb" trans="go" translit=""/><ana lex="ไป" pos="SL" trans="chip" translit=""/><ana lex="ไป" pos="SL" trans="gone for a Burton" translit=""/><ana lex="ไป" pos="verb,intransitive" trans="go" translit=""/></w><w>พลั้งเผลอ<ana lex="พลั้งเผลอ" pos="verb" trans="be careless" translit=""/><ana lex="พลั้งเผลอ" pos="verb,intransitive" trans="to be careless; to err; to slip-up" translit="phlangH phluuhrR"/></w></se><se><w>อยาก<ana lex="อยาก" pos="PHRV" trans="care for" translit=""/><ana lex="อยาก" pos="PHRV" trans="feel like" translit=""/></w><w>จะ<ana lex="จะ" pos="auxiliary verb" trans="will" translit=""/><ana lex="จะ" pos="auxiliary verb" trans="will" translit=""/><ana lex="จะ" pos="" trans="[alternate spelling of จ้ะ]" translit="jaL"/></w><w>ลบ<ana lex="ลบ" pos="preposition" trans="minus" translit=""/><ana lex="ลบ" pos="verb" trans="subtract" translit=""/><ana lex="ลบ" pos="verb" trans="obliterate" translit=""/><ana lex="ลบ" pos="noun" trans="minus" translit=""/><ana lex="ลบ" pos="verb,transitive" trans="erase" translit=""/><ana lex="ลบ" pos="adjective" trans="negative" translit=""/></w><w>ภาพ<ana lex="ภาพ" pos="noun" trans="tableau" translit=""/><ana lex="ภาพ" pos="noun" trans="sight" translit=""/><ana lex="ภาพ" pos="" trans="[alternate pronunciation of ภาพ ]" translit="phaapF phaH"/><ana lex="ภาพ" pos="noun" trans="picture" translit=""/></w><w>ใน<ana lex="ใน" pos="preposition" trans="in" translit=""/><ana lex="ใน" pos="adjective" trans="in" translit=""/><ana lex="ใน" pos="PRF" trans="em-" translit=""/><ana lex="ใน" pos="PRF" trans="en-" translit=""/><ana lex="ใน" pos="PRF" trans="en-" translit=""/><ana lex="ใน" pos="PRF" trans="il-" translit=""/><ana lex="ใน" pos="preposition" trans="of" translit=""/><ana lex="ใน" pos="PRF" trans="in-" translit=""/><ana lex="ใน" pos="PRF" trans="im-" translit=""/><ana lex="ใน" pos="adverb" trans="in" translit=""/><ana lex="ใน" pos="preposition" trans="in" translit=""/></w><w>ใจ<ana lex="ใจ" pos="noun" trans="heart" translit=""/><ana lex="ใจ" pos="noun" trans="mind" translit=""/></w><w>ที่<ana lex="ที่" pos="PRON" trans="that" translit=""/><ana lex="ที่" pos="preposition" trans="at" translit=""/><ana lex="ที่" pos="noun" trans="word for utensil" translit=""/><ana lex="ที่" pos="preposition" trans="at" translit=""/><ana lex="ที่" pos="noun" trans="place" translit=""/><ana lex="ที่" pos="classifier" trans="qualifiers for places" translit=""/><ana lex="ที่" pos="noun" trans="ordinal number" translit=""/><ana lex="ที่" pos="preposition" trans="to" translit=""/><ana lex="ที่" pos="noun" trans="land" translit=""/></w><w>มี<ana lex="มี" pos="verb" trans="consist of" translit=""/><ana lex="มี" pos="verb" trans="there is/are" translit=""/><ana lex="มี" pos="verb" trans="have" translit=""/><ana lex="มี" pos="verb,transitive" trans="contain" translit=""/><ana lex="มี" pos="verb,transitive" trans="has" translit=""/><ana lex="มี" pos="verb,transitive" trans="have" translit=""/><ana lex="มี" pos="adjective" trans="rich" translit=""/></w><w>เธอ<ana lex="เธอ" pos="PRON" trans="you" translit=""/><ana lex="เธอ" pos="pronoun" trans="she" translit=""/><ana lex="เธอ" pos="pronoun" trans="her" translit=""/><ana lex="เธอ" pos="PRON" trans="she" translit=""/></w></se><se><w>แต่<ana lex="แต่" pos="adverb" trans="only" translit=""/><ana lex="แต่" pos="conjunction" trans="but" translit=""/><ana lex="แต่" pos="conjunction" trans="but" translit=""/><ana lex="แต่" pos="conjunction" trans="but" translit=""/><ana lex="แต่" pos="preposition" trans="earlier" translit=""/><ana lex="แต่" pos="conjunction" trans="only" translit=""/></w><w>กลับ<ana lex="กลับ" pos="PRF" trans="un-" translit=""/><ana lex="กลับ" pos="verb" trans="become to" translit=""/><ana lex="กลับ" pos="verb" trans="reverse" translit=""/><ana lex="กลับ" pos="PHRV" trans="be back" translit=""/><ana lex="กลับ" pos="verb" trans="return" translit=""/></w><w>กลาย<ana lex="กลาย" pos="verb" trans="change to" translit=""/><ana lex="กลาย" pos="adjective" trans="last" translit=""/><ana lex="กลาย" pos="verb" trans="change" translit=""/></w><w>เป็น<ana lex="เป็น" pos="auxiliary verb" trans="are" translit=""/><ana lex="เป็น" pos="verb,intransitive" trans="been" translit=""/><ana lex="เป็น" pos="verb,intransitive" trans="come" translit=""/><ana lex="เป็น" pos="verb" trans="be able to" translit=""/><ana lex="เป็น" pos="verb" trans="be" translit=""/><ana lex="เป็น" pos="adjective" trans="alive" translit=""/></w><w>ยิ่ง<ana lex="ยิ่ง" pos="adverb" trans="more" translit=""/><ana lex="ยิ่ง" pos="adverb" trans="extremely" translit=""/><ana lex="ยิ่ง" pos="auxiliary verb" trans="much" translit=""/><ana lex="ยิ่ง" pos="adverb" trans="the more" translit=""/></w><w>เจอ<ana lex="เจอ" pos="PHRV" trans="run into" translit=""/><ana lex="เจอ" pos="PHRV" trans="drop on" translit=""/><ana lex="เจอ" pos="verb" trans="meet" translit=""/></w></se><se><w>จน<ana lex="จน" pos="conjunction" trans="until" translit=""/><ana lex="จน" pos="adjective" trans="bad-off" translit=""/><ana lex="จน" pos="verb" trans="be poor" translit=""/><ana lex="จน" pos="adjective" trans="badly-off" translit=""/></w><w>เต็ม<ana lex="เต็ม" pos="verb" trans="be full" translit=""/><ana lex="เต็ม" pos="PHRV" trans="crowd out" translit=""/><ana lex="เต็ม" pos="verb" trans="full" translit=""/><ana lex="เต็ม" pos="adjective" trans="full" translit=""/><ana lex="เต็ม" pos="verb" trans="be filled with" translit=""/><ana lex="เต็ม" pos="verb" trans="be full" translit=""/><ana lex="เต็ม" pos="adjective" trans="full up" translit=""/></w><w>ใจ<ana lex="ใจ" pos="noun" trans="heart" translit=""/><ana lex="ใจ" pos="noun" trans="mind" translit=""/></w></se><se><w>ใคร<ana lex="ใคร" pos="PRON" trans="who" translit=""/><ana lex="ใคร" pos="pronoun" trans="who" translit=""/></w><w>ต่อ<ana lex="ต่อ" pos="verb" trans="renew" translit=""/><ana lex="ต่อ" pos="preposition" trans="to" translit=""/><ana lex="ต่อ" pos="verb" trans="concede" translit=""/><ana lex="ต่อ" pos="adverb" trans="continue" translit=""/><ana lex="ต่อ" pos="verb" trans="join" translit=""/><ana lex="ต่อ" pos="verb" trans="renew" translit=""/><ana lex="ต่อ" pos="verb" trans="bargain" translit=""/><ana lex="ต่อ" pos="adverb" trans="next" translit=""/><ana lex="ต่อ" pos="verb" trans="transfer" translit=""/><ana lex="ต่อ" pos="verb" trans="teach" translit=""/><ana lex="ต่อ" pos="preposition" trans="against" translit=""/><ana lex="ต่อ" pos="verb" trans="decoy" translit=""/><ana lex="ต่อ" pos="preposition" trans="per" translit=""/><ana lex="ต่อ" pos="preposition" trans="with" translit=""/><ana lex="ต่อ" pos="noun" trans="wasp" translit=""/><ana lex="ต่อ" pos="verb" trans="build" translit=""/></w><w>ใคร<ana lex="ใคร" pos="PRON" trans="who" translit=""/><ana lex="ใคร" pos="pronoun" trans="who" translit=""/></w><w>หลาย<ana lex="หลาย" pos="adjective" trans="several" translit=""/><ana lex="หลาย" pos="adverb" trans="much" translit=""/></w><w>คน<ana lex="คน" pos="noun" trans="bloke" translit=""/><ana lex="คน" pos="verb,transitive" trans="mill" translit=""/><ana lex="คน" pos="PRF" trans="anthropo-" translit=""/><ana lex="คน" pos="noun" trans="human" translit=""/><ana lex="คน" pos="noun" trans="people" translit=""/><ana lex="คน" pos="noun" trans="being" translit=""/><ana lex="คน" pos="PHRV" trans="stir about" translit=""/><ana lex="คน" pos="PHRV" trans="stir around" translit=""/><ana lex="คน" pos="SL" trans="bod" translit=""/><ana lex="คน" pos="classifier" trans="person" translit=""/><ana lex="คน" pos="verb" trans="stir" translit=""/></w><w>ต่าง<ana lex="ต่าง" pos="adverb" trans="in place of" translit=""/><ana lex="ต่าง" pos="noun" trans="pack-saddle" translit=""/><ana lex="ต่าง" pos="verb" trans="differ" translit=""/><ana lex="ต่าง" pos="verb" trans="carry" translit=""/><ana lex="ต่าง" pos="adverb" trans="take as" translit=""/><ana lex="ต่าง" pos="DET" trans="each" translit=""/><ana lex="ต่าง" pos="adverb" trans="each" translit=""/><ana lex="ต่าง" pos="adjective" trans="foreign" translit=""/><ana lex="ต่าง" pos="DET" trans="each" translit=""/><ana lex="ต่าง" pos="adverb" trans="differ (farther or mother)" translit=""/></w><w>เคย<ana lex="เคย" pos="verb" trans="be accustomed to" translit=""/><ana lex="เคย" pos="noun" trans="planktonic shrimp" translit=""/><ana lex="เคย" pos="noun" trans="small sized shrimp" translit=""/><ana lex="เคย" pos="adverb" trans="ever" translit=""/><ana lex="เคย" pos="verb,intransitive" trans="be accustomed to" translit=""/><ana lex="เคย" pos="adverb" trans="once" translit=""/></w><w>บอก<ana lex="บอก" pos="verb" trans="describe" translit=""/><ana lex="บอก" pos="verb" trans="advise" translit=""/><ana lex="บอก" pos="verb" trans="indicate" translit=""/><ana lex="บอก" pos="PHRV" trans="appeal to" translit=""/><ana lex="บอก" pos="verb,transitive" trans="announce" translit=""/><ana lex="บอก" pos="verb,intransitive" trans="tell" translit=""/><ana lex="บอก" pos="verb,transitive" trans="tell" translit=""/><ana lex="บอก" pos="idiom" trans="fill one in" translit=""/></w></se><se><w>หาก<ana lex="หาก" pos="conjunction" trans="if" translit=""/></w><w>ปล่อยใจ<ana lex="ปล่อยใจ" pos="verb" trans="think aimlessly" translit=""/></w></se><se><w>อาจ<ana lex="อาจ" pos="adjective" trans="brave" translit=""/><ana lex="อาจ" pos="adverb" trans="can" translit=""/><ana lex="อาจ" pos="auxiliary verb" trans="could" translit=""/></w><w>ช้ำชอก<ana lex="ช้ำชอก" pos="verb" trans="bruise" translit=""/></w></se><se><w>เข้า<ana lex="เข้า" pos="verb" trans="get along with" translit=""/><ana lex="เข้า" pos="verb,transitive" trans="access" translit=""/><ana lex="เข้า" pos="verb" trans="put in" translit=""/><ana lex="เข้า" pos="verb,transitive" trans="enter" translit=""/><ana lex="เข้า" pos="verb,intransitive" trans="enter" translit=""/><ana lex="เข้า" pos="verb" trans="enter" translit=""/><ana lex="เข้า" pos="verb" trans="reach" translit=""/></w><w>จน<ana lex="จน" pos="conjunction" trans="until" translit=""/><ana lex="จน" pos="adjective" trans="bad-off" translit=""/><ana lex="จน" pos="verb" trans="be poor" translit=""/><ana lex="จน" pos="adjective" trans="badly-off" translit=""/></w><w>ได้<ana lex="ได้" pos="PHRV" trans="get out of" translit=""/><ana lex="ได้" pos="auxiliary verb" trans="be able to" translit=""/><ana lex="ได้" pos="verb" trans="get" translit=""/><ana lex="ได้" pos="" trans="[alternate pronunciation of ได้ ]" translit="daaiF"/><ana lex="ได้" pos="auxiliary verb" trans="used as an auxiliary verb before a principal verb to indicate the past tense" translit=""/><ana lex="ได้" pos="verb,transitive" trans="get" translit=""/><ana lex="ได้" pos="adverb" trans="can" translit=""/></w></se><se><w>ใคร<ana lex="ใคร" pos="PRON" trans="who" translit=""/><ana lex="ใคร" pos="pronoun" trans="who" translit=""/></w><w>จะ<ana lex="จะ" pos="auxiliary verb" trans="will" translit=""/><ana lex="จะ" pos="auxiliary verb" trans="will" translit=""/><ana lex="จะ" pos="" trans="[alternate spelling of จ้ะ]" translit="jaL"/></w><w>รู้<ana lex="รู้" pos="verb,transitive" trans="tell" translit=""/><ana lex="รู้" pos="verb,transitive" trans="ken" translit=""/><ana lex="รู้" pos="verb,intransitive" trans="ken" translit=""/><ana lex="รู้" pos="PHRV" trans="hear about" translit=""/><ana lex="รู้" pos="verb,transitive" trans="know" translit=""/><ana lex="รู้" pos="verb" trans="know" translit=""/></w></se><se><w>ว่า</w><w>จะ<ana lex="จะ" pos="auxiliary verb" trans="will" translit=""/><ana lex="จะ" pos="auxiliary verb" trans="will" translit=""/><ana lex="จะ" pos="" trans="[alternate spelling of จ้ะ]" translit="jaL"/></w><w>เจอ<ana lex="เจอ" pos="PHRV" trans="run into" translit=""/><ana lex="เจอ" pos="PHRV" trans="drop on" translit=""/><ana lex="เจอ" pos="verb" trans="meet" translit=""/></w></se><se><w>เพราะ<ana lex="เพราะ" pos="conjunction" trans="because" translit=""/><ana lex="เพราะ" pos="adjective" trans="melodious" translit=""/></w><w>เผลอ<ana lex="เผลอ" pos="verb" trans="forget" translit=""/><ana lex="เผลอ" pos="verb" trans="be careless" translit=""/></w><w>ใจ<ana lex="ใจ" pos="noun" trans="heart" translit=""/><ana lex="ใจ" pos="noun" trans="mind" translit=""/></w></se><se><w>เผลอ<ana lex="เผลอ" pos="verb" trans="forget" translit=""/><ana lex="เผลอ" pos="verb" trans="be careless" translit=""/></w><w>หัวใจ<ana lex="หัวใจ" pos="SL" trans="tick-tock" translit=""/></w></se><se><w>หลง<ana lex="หลง" pos="verb" trans="be misled" translit=""/><ana lex="หลง" pos="verb" trans="lose one's way" translit=""/><ana lex="หลง" pos="verb" trans="remain" translit=""/><ana lex="หลง" pos="verb,intransitive" trans="drift" translit=""/><ana lex="หลง" pos="verb" trans="be infatuated" translit=""/></w><w>ไป<ana lex="ไป" pos="PRF" trans="ad-" translit=""/><ana lex="ไป" pos="verb" trans="go" translit=""/><ana lex="ไป" pos="SL" trans="chip" translit=""/><ana lex="ไป" pos="SL" trans="gone for a Burton" translit=""/><ana lex="ไป" pos="verb,intransitive" trans="go" translit=""/></w></se><se><w>รัก<ana lex="รัก" pos="verb,transitive" trans="treasure" translit=""/><ana lex="รัก" pos="verb,transitive" trans="adore" translit=""/><ana lex="รัก" pos="PRF" trans="phil-" translit=""/><ana lex="รัก" pos="PRF" trans="philo-" translit=""/><ana lex="รัก" pos="PHRV" trans="be attached to" translit=""/></w><w>คน<ana lex="คน" pos="noun" trans="bloke" translit=""/><ana lex="คน" pos="verb,transitive" trans="mill" translit=""/><ana lex="คน" pos="PRF" trans="anthropo-" translit=""/><ana lex="คน" pos="noun" trans="human" translit=""/><ana lex="คน" pos="noun" trans="people" translit=""/><ana lex="คน" pos="noun" trans="being" translit=""/><ana lex="คน" pos="PHRV" trans="stir about" translit=""/><ana lex="คน" pos="PHRV" trans="stir around" translit=""/><ana lex="คน" pos="SL" trans="bod" translit=""/><ana lex="คน" pos="classifier" trans="person" translit=""/><ana lex="คน" pos="verb" trans="stir" translit=""/></w><w>ลวง</w></se><se><w>เพียง</w><w>เพราะ<ana lex="เพราะ" pos="conjunction" trans="because" translit=""/><ana lex="เพราะ" pos="adjective" trans="melodious" translit=""/></w><w>โดน<ana lex="โดน" pos="verb" trans="used in the same manner as the verb to be form the passive voice" translit=""/><ana lex="โดน" pos="verb" trans="bump against" translit=""/><ana lex="โดน" pos="verb,transitive" trans="hit by" translit=""/></w><w>ภาพ<ana lex="ภาพ" pos="noun" trans="tableau" translit=""/><ana lex="ภาพ" pos="noun" trans="sight" translit=""/><ana lex="ภาพ" pos="" trans="[alternate pronunciation of ภาพ ]" translit="phaapF phaH"/><ana lex="ภาพ" pos="noun" trans="picture" translit=""/></w><w>ความ<ana lex="ความ" pos="noun" trans="case" translit=""/><ana lex="ความ" pos="noun" trans="content" translit=""/></w><w>รัก<ana lex="รัก" pos="verb,transitive" trans="treasure" translit=""/><ana lex="รัก" pos="verb,transitive" trans="adore" translit=""/><ana lex="รัก" pos="PRF" trans="phil-" translit=""/><ana lex="รัก" pos="PRF" trans="philo-" translit=""/><ana lex="รัก" pos="PHRV" trans="be attached to" translit=""/></w></se><se><w>เข้า<ana lex="เข้า" pos="verb" trans="get along with" translit=""/><ana lex="เข้า" pos="verb,transitive" trans="access" translit=""/><ana lex="เข้า" pos="verb" trans="put in" translit=""/><ana lex="เข้า" pos="verb,transitive" trans="enter" translit=""/><ana lex="เข้า" pos="verb,intransitive" trans="enter" translit=""/><ana lex="เข้า" pos="verb" trans="enter" translit=""/><ana lex="เข้า" pos="verb" trans="reach" translit=""/></w><w>บัง<ana lex="บัง" pos="verb" trans="shade" translit=""/><ana lex="บัง" pos="verb,transitive" trans="mask" translit=""/><ana lex="บัง" pos="verb,transitive" trans="bury" translit=""/><ana lex="บัง" pos="verb" trans="conceal" translit=""/></w><w>ตา<ana lex="ตา" pos="noun" trans="mesh" translit=""/><ana lex="ตา" pos="SL" trans="mince pies" translit=""/><ana lex="ตา" pos="verb" trans="time" translit=""/><ana lex="ตา" pos="noun" trans="maternal grandfather" translit=""/><ana lex="ตา" pos="noun" trans="eye" translit=""/><ana lex="ตา" pos="noun" trans="maternal grandfather" translit=""/><ana lex="ตา" pos="noun" trans="knot" translit=""/><ana lex="ตา" pos="noun" trans="knot" translit=""/><ana lex="ตา" pos="verb" trans="turn" translit=""/><ana lex="ตา" pos="noun" trans="eye" translit=""/><ana lex="ตา" pos="noun" trans="mesh" translit=""/></w></se><se><w>บัง<ana lex="บัง" pos="verb" trans="shade" translit=""/><ana lex="บัง" pos="verb,transitive" trans="mask" translit=""/><ana lex="บัง" pos="verb,transitive" trans="bury" translit=""/><ana lex="บัง" pos="verb" trans="conceal" translit=""/></w><w>ความ<ana lex="ความ" pos="noun" trans="case" translit=""/><ana lex="ความ" pos="noun" trans="content" translit=""/></w><w>จริง<ana lex="จริง" pos="adverb" trans="really" translit=""/><ana lex="จริง" pos="adjective" trans="veritable" translit=""/><ana lex="จริง" pos="adjective" trans="real" translit=""/></w></se><se><w>ตรง<ana lex="ตรง" pos="adverb" trans="straightly" translit=""/><ana lex="ตรง" pos="preposition" trans="at" translit=""/><ana lex="ตรง" pos="adjective" trans="straight" translit=""/><ana lex="ตรง" pos="verb" trans="be straight" translit=""/><ana lex="ตรง" pos="adjective" trans="dead" translit=""/><ana lex="ตรง" pos="PRF" trans="orth-" translit=""/><ana lex="ตรง" pos="verb,intransitive" trans="unbend" translit=""/><ana lex="ตรง" pos="PRF" trans="ortho-" translit=""/><ana lex="ตรง" pos="adverb" trans="straightforwardly" translit=""/><ana lex="ตรง" pos="verb" trans="be precise at" translit=""/><ana lex="ตรง" pos="adjective" trans="straight" translit=""/><ana lex="ตรง" pos="verb" trans="be in accordance with" translit=""/><ana lex="ตรง" pos="adverb" trans="rush" translit=""/><ana lex="ตรง" pos="adverb" trans="punctually" translit=""/></w><w>หน้า<ana lex="หน้า" pos="adjective" trans="next" translit=""/><ana lex="หน้า" pos="noun" trans="surface" translit=""/><ana lex="หน้า" pos="adjective" trans="front" translit=""/><ana lex="หน้า" pos="adjective" trans="top" translit=""/><ana lex="หน้า" pos="noun" trans="topping" translit=""/><ana lex="หน้า" pos="adjective" trans="front" translit=""/><ana lex="หน้า" pos="classifier" trans="page" translit=""/><ana lex="หน้า" pos="noun" trans="reputation" translit=""/><ana lex="หน้า" pos="SL" trans="kipper" translit=""/><ana lex="หน้า" pos="SL" trans="kip" translit=""/><ana lex="หน้า" pos="SL" trans="coupon" translit=""/><ana lex="หน้า" pos="SL" trans="mug" translit=""/><ana lex="หน้า" pos="noun" trans="face" translit=""/><ana lex="หน้า" pos="noun" trans="season" translit=""/><ana lex="หน้า" pos="SL" trans="mush" translit=""/><ana lex="หน้า" pos="noun" trans="face" translit=""/><ana lex="หน้า" pos="PRON" trans="anyone" translit=""/><ana lex="หน้า" pos="noun" trans="width" translit=""/><ana lex="หน้า" pos="preposition" trans="in front of" translit=""/></w></se><se><w>จน<ana lex="จน" pos="conjunction" trans="until" translit=""/><ana lex="จน" pos="adjective" trans="bad-off" translit=""/><ana lex="จน" pos="verb" trans="be poor" translit=""/><ana lex="จน" pos="adjective" trans="badly-off" translit=""/></w><w>ไม่<ana lex="ไม่" pos="adverb" trans="not" translit=""/><ana lex="ไม่" pos="PRF" trans="an-" translit=""/><ana lex="ไม่" pos="PRF" trans="un-" translit=""/><ana lex="ไม่" pos="PRF" trans="un-" translit=""/><ana lex="ไม่" pos="adjective" trans="nary" translit=""/><ana lex="ไม่" pos="NEG" trans="not" translit=""/><ana lex="ไม่" pos="PRF" trans="in-" translit=""/><ana lex="ไม่" pos="adverb" trans="no" translit=""/><ana lex="ไม่" pos="PRF" trans="non-" translit=""/><ana lex="ไม่" pos="PRF" trans="non-" translit=""/><ana lex="ไม่" pos="PRF" trans="in-" translit=""/><ana lex="ไม่" pos="SL" trans="no soup" translit=""/><ana lex="ไม่" pos="SL" trans="no sale" translit=""/><ana lex="ไม่" pos="SL" trans="nope" translit=""/><ana lex="ไม่" pos="SL" trans="No way!" translit=""/><ana lex="ไม่" pos="NEG" trans="not" translit=""/><ana lex="ไม่" pos="SL" trans="Nuts!" translit=""/></w><w>ห่วง<ana lex="ห่วง" pos="noun" trans="hoop" translit=""/><ana lex="ห่วง" pos="verb" trans="be concerned with/about" translit=""/><ana lex="ห่วง" pos="noun" trans="ring" translit=""/><ana lex="ห่วง" pos="noun" trans="ring" translit=""/><ana lex="ห่วง" pos="noun" trans="loop" translit=""/></w></se><se><w>ปล่อย<ana lex="ปล่อย" pos="verb,transitive" trans="relinquish" translit=""/><ana lex="ปล่อย" pos="idiom" trans="let go of" translit=""/><ana lex="ปล่อย" pos="PHRV" trans="leave go of" translit=""/><ana lex="ปล่อย" pos="verb,transitive" trans="deliver" translit=""/><ana lex="ปล่อย" pos="verb" trans="allow" translit=""/><ana lex="ปล่อย" pos="PHRV" trans="let out" translit=""/><ana lex="ปล่อย" pos="verb,transitive" trans="unleash" translit=""/><ana lex="ปล่อย" pos="verb" trans="to release" translit=""/><ana lex="ปล่อย" pos="verb,intransitive" trans="loose" translit=""/><ana lex="ปล่อย" pos="verb,transitive" trans="turn" translit=""/></w><w>หัวใจ<ana lex="หัวใจ" pos="SL" trans="tick-tock" translit=""/></w></se><se><w>หลง<ana lex="หลง" pos="verb" trans="be misled" translit=""/><ana lex="หลง" pos="verb" trans="lose one's way" translit=""/><ana lex="หลง" pos="verb" trans="remain" translit=""/><ana lex="หลง" pos="verb,intransitive" trans="drift" translit=""/><ana lex="หลง" pos="verb" trans="be infatuated" translit=""/></w><w>ไป<ana lex="ไป" pos="PRF" trans="ad-" translit=""/><ana lex="ไป" pos="verb" trans="go" translit=""/><ana lex="ไป" pos="SL" trans="chip" translit=""/><ana lex="ไป" pos="SL" trans="gone for a Burton" translit=""/><ana lex="ไป" pos="verb,intransitive" trans="go" translit=""/></w></se><se><w>ตาม<ana lex="ตาม" pos="verb,intransitive" trans="trail" translit=""/><ana lex="ตาม" pos="verb" trans="invite" translit=""/><ana lex="ตาม" pos="verb" trans="pursue" translit=""/><ana lex="ตาม" pos="preposition" trans="along" translit=""/><ana lex="ตาม" pos="verb" trans="follow" translit=""/><ana lex="ตาม" pos="verb,transitive" trans="follow" translit=""/><ana lex="ตาม" pos="preposition" trans="in accordance with" translit=""/><ana lex="ตาม" pos="adverb" trans="fatefully" translit=""/><ana lex="ตาม" pos="adverb" trans="follow" translit=""/></w><w>คำ<ana lex="คำ" pos="noun" trans="word" translit=""/><ana lex="คำ" pos="noun" trans="vocable" translit=""/><ana lex="คำ" pos="noun" trans="word" translit=""/></w><w>ลวง</w></se><se><w>จึง<ana lex="จึง" pos="adverb" trans="then" translit=""/></w><w>ต้อง<ana lex="ต้อง" pos="auxiliary verb" trans="must" translit=""/><ana lex="ต้อง" pos="" trans="[alternate pronunciation of ต้อง ]" translit="dtaawngF"/><ana lex="ต้อง" pos="verb" trans="fall into" translit=""/><ana lex="ต้อง" pos="verb" trans="touch" translit=""/><ana lex="ต้อง" pos="auxiliary verb" trans="must" translit=""/></w><w>เจ็บ<ana lex="เจ็บ" pos="verb" trans="be sick" translit=""/><ana lex="เจ็บ" pos="verb" trans="be pained" translit=""/><ana lex="เจ็บ" pos="verb" trans="hurt" translit=""/></w><w>อยู่<ana lex="อยู่" pos="verb,intransitive" trans="abide" translit=""/><ana lex="อยู่" pos="auxiliary verb" trans="be" translit=""/></w><w>ใน<ana lex="ใน" pos="preposition" trans="in" translit=""/><ana lex="ใน" pos="adjective" trans="in" translit=""/><ana lex="ใน" pos="PRF" trans="em-" translit=""/><ana lex="ใน" pos="PRF" trans="en-" translit=""/><ana lex="ใน" pos="PRF" trans="en-" translit=""/><ana lex="ใน" pos="PRF" trans="il-" translit=""/><ana lex="ใน" pos="preposition" trans="of" translit=""/><ana lex="ใน" pos="PRF" trans="in-" translit=""/><ana lex="ใน" pos="PRF" trans="im-" translit=""/><ana lex="ใน" pos="adverb" trans="in" translit=""/><ana lex="ใน" pos="preposition" trans="in" translit=""/></w><w>ทรวง<ana lex="ทรวง" pos="noun" trans="[body] chest, bosom" translit="suaangM"/><ana lex="ทรวง" pos="noun" trans="chest" translit=""/></w></se><se><w>เพียง</w><w>ลำพัง<ana lex="ลำพัง" pos="adverb" trans="alone" translit=""/></w></se><se><w>อยาก<ana lex="อยาก" pos="PHRV" trans="care for" translit=""/><ana lex="อยาก" pos="PHRV" trans="feel like" translit=""/></w><w>จะ<ana lex="จะ" pos="auxiliary verb" trans="will" translit=""/><ana lex="จะ" pos="auxiliary verb" trans="will" translit=""/><ana lex="จะ" pos="" trans="[alternate spelling of จ้ะ]" translit="jaL"/></w><w>หักห้าม<ana lex="หักห้าม" pos="verb" trans="restrain" translit=""/><ana lex="หักห้าม" pos="verb" trans="restrain" translit=""/><ana lex="หักห้าม" pos="verb,phrase" trans="to restrain" translit="hakL haamF"/><ana lex="หักห้าม" pos="verb,phrase" trans="to restrain" translit="hakL haamF"/></w><w>ใจ<ana lex="ใจ" pos="noun" trans="heart" translit=""/><ana lex="ใจ" pos="noun" trans="mind" translit=""/></w></se><se><w>ให้<ana lex="ให้" pos="verb,transitive" trans="afford" translit=""/><ana lex="ให้" pos="verb" trans="give" translit=""/><ana lex="ให้" pos="verb,transitive" trans="give" translit=""/><ana lex="ให้" pos="verb,transitive" trans="dispense" translit=""/><ana lex="ให้" pos="verb,transitive" trans="bestow" translit=""/><ana lex="ให้" pos="verb" trans="give" translit=""/><ana lex="ให้" pos="verb,transitive" trans="accord" translit=""/><ana lex="ให้" pos="auxiliary verb" trans="to" translit=""/><ana lex="ให้" pos="verb" trans="permit" translit=""/></w><w>เลิก<ana lex="เลิก" pos="verb,transitive" trans="drop" translit=""/><ana lex="เลิก" pos="verb,transitive" trans="dismiss" translit=""/><ana lex="เลิก" pos="idiom" trans="put an end / a stop to" translit=""/><ana lex="เลิก" pos="verb,transitive" trans="surcease" translit=""/><ana lex="เลิก" pos="verb" trans="stop" translit=""/><ana lex="เลิก" pos="verb,intransitive" trans="surcease" translit=""/><ana lex="เลิก" pos="verb" trans="open" translit=""/><ana lex="เลิก" pos="verb" trans="separate" translit=""/><ana lex="เลิก" pos="PHRV" trans="phase out" translit=""/><ana lex="เลิก" pos="verb,intransitive" trans="go" translit=""/><ana lex="เลิก" pos="PHRV" trans="be off1" translit=""/><ana lex="เลิก" pos="idiom" trans="be at a halt / standstill" translit=""/></w><w>เพ้อ<ana lex="เพ้อ" pos="verb,transitive,intransitive" trans="to be delirious; to rave in delirium; to be in a delirium; to be raving; to have hallucination" translit="phuuhrH"/><ana lex="เพ้อ" pos="verb" trans="rave" translit=""/><ana lex="เพ้อ" pos="verb" trans="speak incoherently" translit=""/><ana lex="เพ้อ" pos="verb" trans="[เพ้อเจ้อ] to speak nonsense; to drivel; blather; babble; prate" translit="phuuhrH"/><ana lex="เพ้อ" pos="verb,transitive,intransitive,colloquial" trans="to ramble; to babble, to witter on about; to talk or write in a desultory or long-winded wandering fashion" translit="phuuhrH"/><ana lex="เพ้อ" pos="noun" trans="[ความเพ้อเจ้อ] nonsense; foolishness; drivel" translit="phuuhrH"/></w></se><se><w>เลิก<ana lex="เลิก" pos="verb,transitive" trans="drop" translit=""/><ana lex="เลิก" pos="verb,transitive" trans="dismiss" translit=""/><ana lex="เลิก" pos="idiom" trans="put an end / a stop to" translit=""/><ana lex="เลิก" pos="verb,transitive" trans="surcease" translit=""/><ana lex="เลิก" pos="verb" trans="stop" translit=""/><ana lex="เลิก" pos="verb,intransitive" trans="surcease" translit=""/><ana lex="เลิก" pos="verb" trans="open" translit=""/><ana lex="เลิก" pos="verb" trans="separate" translit=""/><ana lex="เลิก" pos="PHRV" trans="phase out" translit=""/><ana lex="เลิก" pos="verb,intransitive" trans="go" translit=""/><ana lex="เลิก" pos="PHRV" trans="be off1" translit=""/><ana lex="เลิก" pos="idiom" trans="be at a halt / standstill" translit=""/></w><w>ละเมอ<ana lex="ละเมอ" pos="verb" trans="daydream" translit=""/><ana lex="ละเมอ" pos="verb" trans="talk in one's sleep" translit=""/></w></se><se><w>เพ้อ<ana lex="เพ้อ" pos="verb,transitive,intransitive" trans="to be delirious; to rave in delirium; to be in a delirium; to be raving; to have hallucination" translit="phuuhrH"/><ana lex="เพ้อ" pos="verb" trans="rave" translit=""/><ana lex="เพ้อ" pos="verb" trans="speak incoherently" translit=""/><ana lex="เพ้อ" pos="verb" trans="[เพ้อเจ้อ] to speak nonsense; to drivel; blather; babble; prate" translit="phuuhrH"/><ana lex="เพ้อ" pos="verb,transitive,intransitive,colloquial" trans="to ramble; to babble, to witter on about; to talk or write in a desultory or long-winded wandering fashion" translit="phuuhrH"/><ana lex="เพ้อ" pos="noun" trans="[ความเพ้อเจ้อ] nonsense; foolishness; drivel" translit="phuuhrH"/></w><w>หา<ana lex="หา" pos="verb" trans="grope" translit=""/><ana lex="หา" pos="verb" trans="accuse" translit=""/><ana lex="หา" pos="verb" trans="see" translit=""/><ana lex="หา" pos="verb,transitive" trans="find" translit=""/><ana lex="หา" pos="verb" trans="search for" translit=""/></w></se><se><w>แต่<ana lex="แต่" pos="adverb" trans="only" translit=""/><ana lex="แต่" pos="conjunction" trans="but" translit=""/><ana lex="แต่" pos="conjunction" trans="but" translit=""/><ana lex="แต่" pos="conjunction" trans="but" translit=""/><ana lex="แต่" pos="preposition" trans="earlier" translit=""/><ana lex="แต่" pos="conjunction" trans="only" translit=""/></w><w>ความหลัง<ana lex="ความหลัง" pos="noun" trans="past" translit=""/><ana lex="ความหลัง" pos="noun" trans="[ความหลัง] past; history; experience" translit="khwaamM langR"/></w></se><se><w>แต่<ana lex="แต่" pos="adverb" trans="only" translit=""/><ana lex="แต่" pos="conjunction" trans="but" translit=""/><ana lex="แต่" pos="conjunction" trans="but" translit=""/><ana lex="แต่" pos="conjunction" trans="but" translit=""/><ana lex="แต่" pos="preposition" trans="earlier" translit=""/><ana lex="แต่" pos="conjunction" trans="only" translit=""/></w><w>ห้าม<ana lex="ห้าม" pos="verb,transitive" trans="taboo" translit=""/><ana lex="ห้าม" pos="verb,transitive" trans="veto" translit=""/><ana lex="ห้าม" pos="PHRV" trans="cool out" translit=""/><ana lex="ห้าม" pos="verb" trans="forbid" translit=""/><ana lex="ห้าม" pos="verb,transitive" trans="ban" translit=""/><ana lex="ห้าม" pos="verb,transitive" trans="prohibit" translit=""/><ana lex="ห้าม" pos="verb,transitive" trans="forbid" translit=""/><ana lex="ห้าม" pos="verb,transitive" trans="warn" translit=""/><ana lex="ห้าม" pos="PHRV" trans="bar from" translit=""/></w><w>ใจ<ana lex="ใจ" pos="noun" trans="heart" translit=""/><ana lex="ใจ" pos="noun" trans="mind" translit=""/></w></se><se><w>เท่าไร<ana lex="เท่าไร" pos="adverb" trans="how" translit=""/><ana lex="เท่าไร" pos="adverb" trans="how much" translit=""/><ana lex="เท่าไร" pos="adverb" trans="how many" translit=""/><ana lex="เท่าไร" pos="adverb" trans="[เท่าไร] ...how much? ... how many?; to that extent" translit="thaoF raiM"/><ana lex="เท่าไร" pos="adverb" trans="how much" translit=""/><ana lex="เท่าไร" pos="adjective" trans="[เท่าไร] at all (in a negative expression)" translit="thaoF raiM"/></w></se><se><w>ไม่<ana lex="ไม่" pos="adverb" trans="not" translit=""/><ana lex="ไม่" pos="PRF" trans="an-" translit=""/><ana lex="ไม่" pos="PRF" trans="un-" translit=""/><ana lex="ไม่" pos="PRF" trans="un-" translit=""/><ana lex="ไม่" pos="adjective" trans="nary" translit=""/><ana lex="ไม่" pos="NEG" trans="not" translit=""/><ana lex="ไม่" pos="PRF" trans="in-" translit=""/><ana lex="ไม่" pos="adverb" trans="no" translit=""/><ana lex="ไม่" pos="PRF" trans="non-" translit=""/><ana lex="ไม่" pos="PRF" trans="non-" translit=""/><ana lex="ไม่" pos="PRF" trans="in-" translit=""/><ana lex="ไม่" pos="SL" trans="no soup" translit=""/><ana lex="ไม่" pos="SL" trans="no sale" translit=""/><ana lex="ไม่" pos="SL" trans="nope" translit=""/><ana lex="ไม่" pos="SL" trans="No way!" translit=""/><ana lex="ไม่" pos="NEG" trans="not" translit=""/><ana lex="ไม่" pos="SL" trans="Nuts!" translit=""/></w><w>ยอม<ana lex="ยอม" pos="verb,transitive" trans="resign" translit=""/><ana lex="ยอม" pos="verb,transitive" trans="deliver" translit=""/><ana lex="ยอม" pos="verb,intransitive" trans="submit" translit=""/><ana lex="ยอม" pos="verb,intransitive" trans="buckle" translit=""/><ana lex="ยอม" pos="verb" trans="give in" translit=""/><ana lex="ยอม" pos="verb,transitive" trans="yield" translit=""/><ana lex="ยอม" pos="verb" trans="agree" translit=""/><ana lex="ยอม" pos="verb" trans="allow" translit=""/><ana lex="ยอม" pos="PHRV" trans="give in" translit=""/><ana lex="ยอม" pos="verb,intransitive" trans="deliver" translit=""/></w><w>ฟัง<ana lex="ฟัง" pos="idiom" trans="lend an ear to" translit=""/><ana lex="ฟัง" pos="verb" trans="listen" translit=""/><ana lex="ฟัง" pos="PHRV" trans="listen to" translit=""/><ana lex="ฟัง" pos="verb" trans="obey" translit=""/><ana lex="ฟัง" pos="verb,intransitive" trans="hark" translit=""/><ana lex="ฟัง" pos="verb,transitive" trans="hearken" translit=""/><ana lex="ฟัง" pos="verb,intransitive" trans="listen" translit=""/><ana lex="ฟัง" pos="verb,transitive" trans="hear" translit=""/></w></se><se><w>ยัง<ana lex="ยัง" pos="preposition" trans="to" translit=""/><ana lex="ยัง" pos="adverb" trans="also" translit=""/><ana lex="ยัง" pos="adverb" trans="yet" translit=""/><ana lex="ยัง" pos="adverb" trans="still" translit=""/></w><w>แอบ<ana lex="แอบ" pos="verb" trans="hide" translit=""/><ana lex="แอบ" pos="verb" trans="tuck away" translit=""/></w><w>หนี<ana lex="หนี" pos="PHRV" trans="run away" translit=""/><ana lex="หนี" pos="verb" trans="avoid" translit=""/><ana lex="หนี" pos="PHRV" trans="run away" translit=""/><ana lex="หนี" pos="PHRV" trans="welsh on" translit=""/><ana lex="หนี" pos="SL" trans="to do a bunk" translit=""/><ana lex="หนี" pos="verb,intransitive" trans="flee" translit=""/><ana lex="หนี" pos="SL" trans="bunk" translit=""/><ana lex="หนี" pos="verb" trans="escape" translit=""/><ana lex="หนี" pos="PHRV" trans="welch on" translit=""/></w></se><se><w>แอบ<ana lex="แอบ" pos="verb" trans="hide" translit=""/><ana lex="แอบ" pos="verb" trans="tuck away" translit=""/></w><w>หวัง<ana lex="หวัง" pos="verb,transitive" trans="hope" translit=""/><ana lex="หวัง" pos="verb,intransitive" trans="hope" translit=""/></w></se><se><w>อยู่<ana lex="อยู่" pos="verb,intransitive" trans="abide" translit=""/><ana lex="อยู่" pos="auxiliary verb" trans="be" translit=""/></w><w>ร่ำไป<ana lex="ร่ำไป" pos="adverb" trans="often" translit=""/><ana lex="ร่ำไป" pos="adverb" trans="often" translit=""/><ana lex="ร่ำไป" pos="adverb" trans="often" translit=""/></w></se><se><w>ทั้ง<ana lex="ทั้ง" pos="DET" trans="both" translit=""/><ana lex="ทั้ง" pos="PRON" trans="whole" translit=""/></w><w>ที่<ana lex="ที่" pos="PRON" trans="that" translit=""/><ana lex="ที่" pos="preposition" trans="at" translit=""/><ana lex="ที่" pos="noun" trans="word for utensil" translit=""/><ana lex="ที่" pos="preposition" trans="at" translit=""/><ana lex="ที่" pos="noun" trans="place" translit=""/><ana lex="ที่" pos="classifier" trans="qualifiers for places" translit=""/><ana lex="ที่" pos="noun" trans="ordinal number" translit=""/><ana lex="ที่" pos="preposition" trans="to" translit=""/><ana lex="ที่" pos="noun" trans="land" translit=""/></w><w>รู้<ana lex="รู้" pos="verb,transitive" trans="tell" translit=""/><ana lex="รู้" pos="verb,transitive" trans="ken" translit=""/><ana lex="รู้" pos="verb,intransitive" trans="ken" translit=""/><ana lex="รู้" pos="PHRV" trans="hear about" translit=""/><ana lex="รู้" pos="verb,transitive" trans="know" translit=""/><ana lex="รู้" pos="verb" trans="know" translit=""/></w><w>ว่า</w><w>หวัง<ana lex="หวัง" pos="verb,transitive" trans="hope" translit=""/><ana lex="หวัง" pos="verb,intransitive" trans="hope" translit=""/></w><w>ไป<ana lex="ไป" pos="PRF" trans="ad-" translit=""/><ana lex="ไป" pos="verb" trans="go" translit=""/><ana lex="ไป" pos="SL" trans="chip" translit=""/><ana lex="ไป" pos="SL" trans="gone for a Burton" translit=""/><ana lex="ไป" pos="verb,intransitive" trans="go" translit=""/></w></se><se><w>ใจ<ana lex="ใจ" pos="noun" trans="heart" translit=""/><ana lex="ใจ" pos="noun" trans="mind" translit=""/></w><w>ต้อง<ana lex="ต้อง" pos="auxiliary verb" trans="must" translit=""/><ana lex="ต้อง" pos="" trans="[alternate pronunciation of ต้อง ]" translit="dtaawngF"/><ana lex="ต้อง" pos="verb" trans="fall into" translit=""/><ana lex="ต้อง" pos="verb" trans="touch" translit=""/><ana lex="ต้อง" pos="auxiliary verb" trans="must" translit=""/></w><w>เจ็บ<ana lex="เจ็บ" pos="verb" trans="be sick" translit=""/><ana lex="เจ็บ" pos="verb" trans="be pained" translit=""/><ana lex="เจ็บ" pos="verb" trans="hurt" translit=""/></w></se><se><w>แต่<ana lex="แต่" pos="adverb" trans="only" translit=""/><ana lex="แต่" pos="conjunction" trans="but" translit=""/><ana lex="แต่" pos="conjunction" trans="but" translit=""/><ana lex="แต่" pos="conjunction" trans="but" translit=""/><ana lex="แต่" pos="preposition" trans="earlier" translit=""/><ana lex="แต่" pos="conjunction" trans="only" translit=""/></w><w>ก็<ana lex="ก็" pos="adverb" trans="also" translit=""/><ana lex="ก็" pos="conjunction" trans="as a result" translit=""/></w><w>ยัง<ana lex="ยัง" pos="preposition" trans="to" translit=""/><ana lex="ยัง" pos="adverb" trans="also" translit=""/><ana lex="ยัง" pos="adverb" trans="yet" translit=""/><ana lex="ยัง" pos="adverb" trans="still" translit=""/></w></se><se><w>แอบ<ana lex="แอบ" pos="verb" trans="hide" translit=""/><ana lex="แอบ" pos="verb" trans="tuck away" translit=""/></w><w>เก็บ<ana lex="เก็บ" pos="verb" trans="preserve" translit=""/><ana lex="เก็บ" pos="PHRV" trans="get in1" translit=""/><ana lex="เก็บ" pos="verb" trans="pick" translit=""/><ana lex="เก็บ" pos="PHRV" trans="squirrel away" translit=""/><ana lex="เก็บ" pos="verb" trans="collect" translit=""/><ana lex="เก็บ" pos="verb" trans="keep" translit=""/><ana lex="เก็บ" pos="verb,transitive" trans="keep" translit=""/></w></se><se><w>ความ<ana lex="ความ" pos="noun" trans="case" translit=""/><ana lex="ความ" pos="noun" trans="content" translit=""/></w><w>หวัง<ana lex="หวัง" pos="verb,transitive" trans="hope" translit=""/><ana lex="หวัง" pos="verb,intransitive" trans="hope" translit=""/></w><w>ไว้<ana lex="ไว้" pos="verb" trans="keep" translit=""/></w></se><se><w>เมื่อไหร่<ana lex="เมื่อไหร่" pos="QUES" trans="when" translit=""/></w><w>นะ<ana lex="นะ" pos="END" trans="particle used at the end of a clause" translit=""/></w></se><se><w>จะ<ana lex="จะ" pos="auxiliary verb" trans="will" translit=""/><ana lex="จะ" pos="auxiliary verb" trans="will" translit=""/><ana lex="จะ" pos="" trans="[alternate spelling of จ้ะ]" translit="jaL"/></w><w>ตัด<ana lex="ตัด" pos="verb,transitive" trans="trim" translit=""/><ana lex="ตัด" pos="verb,transitive" trans="hack" translit=""/><ana lex="ตัด" pos="PHRV" trans="prune down" translit=""/><ana lex="ตัด" pos="PHRV" trans="prune away" translit=""/><ana lex="ตัด" pos="verb,intransitive" trans="shear" translit=""/><ana lex="ตัด" pos="verb,transitive" trans="carve" translit=""/><ana lex="ตัด" pos="verb" trans="cut out" translit=""/><ana lex="ตัด" pos="verb" trans="cut off" translit=""/><ana lex="ตัด" pos="verb" trans="reduce" translit=""/><ana lex="ตัด" pos="verb,transitive" trans="cut" translit=""/><ana lex="ตัด" pos="verb" trans="cut" translit=""/><ana lex="ตัด" pos="verb" trans="contrast with" translit=""/><ana lex="ตัด" pos="verb,intransitive" trans="cut" translit=""/><ana lex="ตัด" pos="verb,transitive" trans="shear" translit=""/><ana lex="ตัด" pos="PHRV" trans="cut at" translit=""/></w><w>เธอ<ana lex="เธอ" pos="PRON" trans="you" translit=""/><ana lex="เธอ" pos="pronoun" trans="she" translit=""/><ana lex="เธอ" pos="pronoun" trans="her" translit=""/><ana lex="เธอ" pos="PRON" trans="she" translit=""/></w><w>ได้<ana lex="ได้" pos="PHRV" trans="get out of" translit=""/><ana lex="ได้" pos="auxiliary verb" trans="be able to" translit=""/><ana lex="ได้" pos="verb" trans="get" translit=""/><ana lex="ได้" pos="" trans="[alternate pronunciation of ได้ ]" translit="daaiF"/><ana lex="ได้" pos="auxiliary verb" trans="used as an auxiliary verb before a principal verb to indicate the past tense" translit=""/><ana lex="ได้" pos="verb,transitive" trans="get" translit=""/><ana lex="ได้" pos="adverb" trans="can" translit=""/></w><w>หมด<ana lex="หมด" pos="PHRV" trans="run out" translit=""/><ana lex="หมด" pos="adverb" trans="low" translit=""/><ana lex="หมด" pos="verb,intransitive" trans="run out" translit=""/><ana lex="หมด" pos="verb" trans="be finished" translit=""/><ana lex="หมด" pos="verb,intransitive" trans="go" translit=""/><ana lex="หมด" pos="PHRV" trans="be out" translit=""/><ana lex="หมด" pos="idiom" trans="be at an end" translit=""/><ana lex="หมด" pos="verb,intransitive" trans="drain" translit=""/><ana lex="หมด" pos="PHRV" trans="be out of" translit=""/></w><w>ใจ<ana lex="ใจ" pos="noun" trans="heart" translit=""/><ana lex="ใจ" pos="noun" trans="mind" translit=""/></w></se><se><w>อีก<ana lex="อีก" pos="adverb" trans="afresh" translit=""/><ana lex="อีก" pos="adjective" trans="second" translit=""/><ana lex="อีก" pos="adjective" trans="another" translit=""/><ana lex="อีก" pos="adverb" trans="again" translit=""/></w><w>เมื่อไหร่<ana lex="เมื่อไหร่" pos="QUES" trans="when" translit=""/></w></se><se><w>ที่<ana lex="ที่" pos="PRON" trans="that" translit=""/><ana lex="ที่" pos="preposition" trans="at" translit=""/><ana lex="ที่" pos="noun" trans="word for utensil" translit=""/><ana lex="ที่" pos="preposition" trans="at" translit=""/><ana lex="ที่" pos="noun" trans="place" translit=""/><ana lex="ที่" pos="classifier" trans="qualifiers for places" translit=""/><ana lex="ที่" pos="noun" trans="ordinal number" translit=""/><ana lex="ที่" pos="preposition" trans="to" translit=""/><ana lex="ที่" pos="noun" trans="land" translit=""/></w><w>หัวใจ<ana lex="หัวใจ" pos="SL" trans="tick-tock" translit=""/></w></se><se><w>จะ<ana lex="จะ" pos="auxiliary verb" trans="will" translit=""/><ana lex="จะ" pos="auxiliary verb" trans="will" translit=""/><ana lex="จะ" pos="" trans="[alternate spelling of จ้ะ]" translit="jaL"/></w><w>ลืม<ana lex="ลืม" pos="verb,transitive" trans="forget" translit=""/><ana lex="ลืม" pos="PHRV" trans="get off2" translit=""/><ana lex="ลืม" pos="verb,intransitive" trans="forget" translit=""/><ana lex="ลืม" pos="verb" trans="forget" translit=""/><ana lex="ลืม" pos="verb,intransitive" trans="unlearn" translit=""/><ana lex="ลืม" pos="idiom" trans="go out of someone's mind" translit=""/></w><w>เธอ<ana lex="เธอ" pos="PRON" trans="you" translit=""/><ana lex="เธอ" pos="pronoun" trans="she" translit=""/><ana lex="เธอ" pos="pronoun" trans="her" translit=""/><ana lex="เธอ" pos="PRON" trans="she" translit=""/></w></se><se><w>*.*.*.*.*.*.*.*<ana lex="" pos="" trans="" translit=""/></w></se></body>