<body><meta><link>http://www.thaipoem.com/poem/71237</link><title>คำตอบ..มาปลอบใจ</title><genre>poem</genre></meta><se><w>.**<ana lex="" pos="" trans="" translit=""/></w></se><se><w>ฤกษ์<ana lex="ฤกษ์" pos="noun" trans="auspicious time" translit=""/></w></se><se><w>**.<ana lex="" pos="" trans="" translit=""/></w></se><se><w>เพียง</w><w>คน<ana lex="คน" pos="noun" trans="bloke" translit=""/><ana lex="คน" pos="verb,transitive" trans="mill" translit=""/><ana lex="คน" pos="PRF" trans="anthropo-" translit=""/><ana lex="คน" pos="noun" trans="human" translit=""/><ana lex="คน" pos="noun" trans="people" translit=""/><ana lex="คน" pos="noun" trans="being" translit=""/><ana lex="คน" pos="PHRV" trans="stir about" translit=""/><ana lex="คน" pos="PHRV" trans="stir around" translit=""/><ana lex="คน" pos="SL" trans="bod" translit=""/><ana lex="คน" pos="classifier" trans="person" translit=""/><ana lex="คน" pos="verb" trans="stir" translit=""/></w><w>เดียว<ana lex="เดียว" pos="adjective" trans="only" translit=""/></w></se><se><w>ใน<ana lex="ใน" pos="preposition" trans="in" translit=""/><ana lex="ใน" pos="adjective" trans="in" translit=""/><ana lex="ใน" pos="PRF" trans="em-" translit=""/><ana lex="ใน" pos="PRF" trans="en-" translit=""/><ana lex="ใน" pos="PRF" trans="en-" translit=""/><ana lex="ใน" pos="PRF" trans="il-" translit=""/><ana lex="ใน" pos="preposition" trans="of" translit=""/><ana lex="ใน" pos="PRF" trans="in-" translit=""/><ana lex="ใน" pos="PRF" trans="im-" translit=""/><ana lex="ใน" pos="adverb" trans="in" translit=""/><ana lex="ใน" pos="preposition" trans="in" translit=""/></w><w>หทัย<ana lex="หทัย" pos="proper noun,person,formal,loanword,Pali" trans="Hathai [a Thai female given name] (heart)" translit="haL thaiM"/><ana lex="หทัย" pos="noun" trans="heart" translit=""/><ana lex="หทัย" pos="noun,formal,poetic,loanword,Pali" trans="heart; mind" translit="haL thaiM"/></w></se><se><w>ที่<ana lex="ที่" pos="PRON" trans="that" translit=""/><ana lex="ที่" pos="preposition" trans="at" translit=""/><ana lex="ที่" pos="noun" trans="word for utensil" translit=""/><ana lex="ที่" pos="preposition" trans="at" translit=""/><ana lex="ที่" pos="noun" trans="place" translit=""/><ana lex="ที่" pos="classifier" trans="qualifiers for places" translit=""/><ana lex="ที่" pos="noun" trans="ordinal number" translit=""/><ana lex="ที่" pos="preposition" trans="to" translit=""/><ana lex="ที่" pos="noun" trans="land" translit=""/></w><w>ใฝ่<ana lex="ใฝ่" pos="verb" trans="aim" translit=""/></w><w>รัก<ana lex="รัก" pos="verb,transitive" trans="treasure" translit=""/><ana lex="รัก" pos="verb,transitive" trans="adore" translit=""/><ana lex="รัก" pos="PRF" trans="phil-" translit=""/><ana lex="รัก" pos="PRF" trans="philo-" translit=""/><ana lex="รัก" pos="PHRV" trans="be attached to" translit=""/></w></se><se><w>ซึ้ง<ana lex="ซึ้ง" pos="adjective" trans="[is] deep; profound; abstruse" translit="seungH"/><ana lex="ซึ้ง" pos="adjective" trans="[is] remote; distant" translit="seungH"/><ana lex="ซึ้ง" pos="adjective" trans="[is] impressive" translit="seungH"/><ana lex="ซึ้ง" pos="adverb" trans="profoundly" translit=""/><ana lex="ซึ้ง" pos="adjective" trans="[ซึ้งใจ] [is] impressed; touched" translit="seungH"/><ana lex="ซึ้ง" pos="verb,intransitive" trans="to appreciate; to be deeply impressed" translit="seungH"/><ana lex="ซึ้ง" pos="verb" trans="impress" translit=""/></w><w>ประจักษ์<ana lex="ประจักษ์" pos="verb" trans="be evident" translit=""/><ana lex="ประจักษ์" pos="adjective" trans="[is] evident; certain; convinced; obvious" translit="bpraL jakL"/></w></se><se><w>ผูกพัน<ana lex="ผูกพัน" pos="adjective" trans="binding; encumbering" translit="phuukL phanM"/><ana lex="ผูกพัน" pos="adjective" trans="bound" translit=""/></w></se><se><w>มั่น</w><w>เสมอ<ana lex="เสมอ" pos="adverb" trans="always" translit=""/><ana lex="เสมอ" pos="verb" trans="be equal" translit=""/><ana lex="เสมอ" pos="adverb" trans="semper" translit=""/><ana lex="เสมอ" pos="adverb" trans="always" translit=""/></w></se><se><w>กามเทพ<ana lex="กามเทพ" pos="noun" trans="Cupid" translit=""/><ana lex="กามเทพ" pos="noun" trans="Cupid" translit=""/><ana lex="กามเทพ" pos="noun" trans="god of love" translit=""/></w></se><se><w>แผลง<ana lex="แผลง" pos="verb" trans="change" translit=""/><ana lex="แผลง" pos="adjective" trans="(of a person's behavior) unconventional; as a beatnik" translit="phlaaengR"/><ana lex="แผลง" pos="verb" trans="to modify; to adapt; to bend; (of a statement) to distort; (of a message) to pervert" translit="phlaaengR"/><ana lex="แผลง" pos="adverb" trans="peculiarly" translit=""/><ana lex="แผลง" pos="verb" trans="shoot" translit=""/></w><w>ศร<ana lex="ศร" pos="noun" trans="bow" translit=""/><ana lex="ศร" pos="noun" trans="arrow" translit=""/></w><w>รัก<ana lex="รัก" pos="verb,transitive" trans="treasure" translit=""/><ana lex="รัก" pos="verb,transitive" trans="adore" translit=""/><ana lex="รัก" pos="PRF" trans="phil-" translit=""/><ana lex="รัก" pos="PRF" trans="philo-" translit=""/><ana lex="รัก" pos="PHRV" trans="be attached to" translit=""/></w></se><se><w>ปักใจ<ana lex="ปักใจ" pos="adjective" trans="[ปักใจ] [is] firmly convinced and confident; set and firm in belief" translit="bpakL jaiM"/><ana lex="ปักใจ" pos="verb" trans="determine" translit=""/></w><w>เธอ<ana lex="เธอ" pos="PRON" trans="you" translit=""/><ana lex="เธอ" pos="pronoun" trans="she" translit=""/><ana lex="เธอ" pos="pronoun" trans="her" translit=""/><ana lex="เธอ" pos="PRON" trans="she" translit=""/></w></se><se><w>ฝัน<ana lex="ฝัน" pos="verb,transitive" trans="dream" translit=""/><ana lex="ฝัน" pos="verb,intransitive" trans="dream" translit=""/><ana lex="ฝัน" pos="verb" trans="dream" translit=""/></w><w>ละเมอ<ana lex="ละเมอ" pos="verb" trans="daydream" translit=""/><ana lex="ละเมอ" pos="verb" trans="talk in one's sleep" translit=""/></w></se><se><w>ฝาก<ana lex="ฝาก" pos="verb" trans="deposit" translit=""/><ana lex="ฝาก" pos="verb,transitive" trans="check" translit=""/></w><w>ใจ<ana lex="ใจ" pos="noun" trans="heart" translit=""/><ana lex="ใจ" pos="noun" trans="mind" translit=""/></w></se><se><w>ให้<ana lex="ให้" pos="verb,transitive" trans="afford" translit=""/><ana lex="ให้" pos="verb" trans="give" translit=""/><ana lex="ให้" pos="verb,transitive" trans="give" translit=""/><ana lex="ให้" pos="verb,transitive" trans="dispense" translit=""/><ana lex="ให้" pos="verb,transitive" trans="bestow" translit=""/><ana lex="ให้" pos="verb" trans="give" translit=""/><ana lex="ให้" pos="verb,transitive" trans="accord" translit=""/><ana lex="ให้" pos="auxiliary verb" trans="to" translit=""/><ana lex="ให้" pos="verb" trans="permit" translit=""/></w><w>คน<ana lex="คน" pos="noun" trans="bloke" translit=""/><ana lex="คน" pos="verb,transitive" trans="mill" translit=""/><ana lex="คน" pos="PRF" trans="anthropo-" translit=""/><ana lex="คน" pos="noun" trans="human" translit=""/><ana lex="คน" pos="noun" trans="people" translit=""/><ana lex="คน" pos="noun" trans="being" translit=""/><ana lex="คน" pos="PHRV" trans="stir about" translit=""/><ana lex="คน" pos="PHRV" trans="stir around" translit=""/><ana lex="คน" pos="SL" trans="bod" translit=""/><ana lex="คน" pos="classifier" trans="person" translit=""/><ana lex="คน" pos="verb" trans="stir" translit=""/></w><w>ดี<ana lex="ดี" pos="adjective" trans="fine" translit=""/><ana lex="ดี" pos="adjective" trans="braw" translit=""/><ana lex="ดี" pos="SL" trans="hunky-dory" translit=""/><ana lex="ดี" pos="adjective" trans="useful" translit=""/><ana lex="ดี" pos="noun" trans="gallbladder" translit=""/><ana lex="ดี" pos="adjective" trans="nice" translit=""/><ana lex="ดี" pos="adjective" trans="fine" translit=""/><ana lex="ดี" pos="adjective" trans="tidy" translit=""/><ana lex="ดี" pos="SL" trans="kushty" translit=""/><ana lex="ดี" pos="SL" trans="tickety-boo" translit=""/><ana lex="ดี" pos="adjective" trans="well" translit=""/><ana lex="ดี" pos="PRF" trans="eu-" translit=""/><ana lex="ดี" pos="idiom" trans="Well and good" translit=""/><ana lex="ดี" pos="adjective" trans="good" translit=""/><ana lex="ดี" pos="adverb" trans="well" translit=""/><ana lex="ดี" pos="adjective" trans="high" translit=""/><ana lex="ดี" pos="adjective" trans="nice" translit=""/><ana lex="ดี" pos="adjective" trans="nice" translit=""/><ana lex="ดี" pos="adjective" trans="well" translit=""/></w></se><se><w>ขอบ<ana lex="ขอบ" pos="noun" trans="limb" translit=""/><ana lex="ขอบ" pos="noun" trans="edge" translit=""/><ana lex="ขอบ" pos="noun" trans="lip" translit=""/><ana lex="ขอบ" pos="noun" trans="margin" translit=""/><ana lex="ขอบ" pos="noun" trans="edge" translit=""/><ana lex="ขอบ" pos="adjective" trans="brim" translit=""/><ana lex="ขอบ" pos="noun" trans="rand" translit=""/><ana lex="ขอบ" pos="noun" trans="rim" translit=""/><ana lex="ขอบ" pos="noun" trans="compass" translit=""/></w><w>ฟ้า<ana lex="ฟ้า" pos="noun" trans="blue" translit=""/><ana lex="ฟ้า" pos="noun" trans="heaven" translit=""/><ana lex="ฟ้า" pos="noun" trans="sky" translit=""/></w><w>ไกล<ana lex="ไกล" pos="adverb" trans="far" translit=""/><ana lex="ไกล" pos="PRF" trans="tele-" translit=""/><ana lex="ไกล" pos="adverb" trans="far" translit=""/><ana lex="ไกล" pos="adjective" trans="remote" translit=""/><ana lex="ไกล" pos="adjective" trans="far-off" translit=""/></w></se><se><w>ใช่<ana lex="ใช่" pos="adverb" trans="yes" translit=""/></w><w>ขวาง<ana lex="ขวาง" pos="adjective" trans="transversal" translit=""/><ana lex="ขวาง" pos="idiom" trans="be in the way" translit=""/></w></se><se><w>เส้นทาง<ana lex="เส้นทาง" pos="noun" trans="route" translit=""/><ana lex="เส้นทาง" pos="noun" trans="way" translit=""/><ana lex="เส้นทาง" pos="noun" trans="course" translit=""/><ana lex="เส้นทาง" pos="noun" trans="road" translit=""/><ana lex="เส้นทาง" pos="noun" trans="the route; the way or path; the passage; the course" translit="senF thaangM"/></w><w>ฝัน<ana lex="ฝัน" pos="verb,transitive" trans="dream" translit=""/><ana lex="ฝัน" pos="verb,intransitive" trans="dream" translit=""/><ana lex="ฝัน" pos="verb" trans="dream" translit=""/></w></se><se><w>ความ<ana lex="ความ" pos="noun" trans="case" translit=""/><ana lex="ความ" pos="noun" trans="content" translit=""/></w><w>สัมพันธ์<ana lex="สัมพันธ์" pos="noun" trans="relatedness" translit=""/><ana lex="สัมพันธ์" pos="noun" trans="relations" translit=""/><ana lex="สัมพันธ์" pos="verb" trans="be related" translit=""/></w></se><se><w>ยัง<ana lex="ยัง" pos="preposition" trans="to" translit=""/><ana lex="ยัง" pos="adverb" trans="also" translit=""/><ana lex="ยัง" pos="adverb" trans="yet" translit=""/><ana lex="ยัง" pos="adverb" trans="still" translit=""/></w><w>คอย<ana lex="คอย" pos="PHRV" trans="wait behind" translit=""/><ana lex="คอย" pos="PHRV" trans="stick around" translit=""/><ana lex="คอย" pos="PHRV" trans="stick about" translit=""/><ana lex="คอย" pos="verb,transitive" trans="tarry" translit=""/><ana lex="คอย" pos="verb" trans="wait" translit=""/><ana lex="คอย" pos="verb,transitive" trans="bide" translit=""/></w></se><se><w>อยู่<ana lex="อยู่" pos="verb,intransitive" trans="abide" translit=""/><ana lex="อยู่" pos="auxiliary verb" trans="be" translit=""/></w><w>ตรง<ana lex="ตรง" pos="adverb" trans="straightly" translit=""/><ana lex="ตรง" pos="preposition" trans="at" translit=""/><ana lex="ตรง" pos="adjective" trans="straight" translit=""/><ana lex="ตรง" pos="verb" trans="be straight" translit=""/><ana lex="ตรง" pos="adjective" trans="dead" translit=""/><ana lex="ตรง" pos="PRF" trans="orth-" translit=""/><ana lex="ตรง" pos="verb,intransitive" trans="unbend" translit=""/><ana lex="ตรง" pos="PRF" trans="ortho-" translit=""/><ana lex="ตรง" pos="adverb" trans="straightforwardly" translit=""/><ana lex="ตรง" pos="verb" trans="be precise at" translit=""/><ana lex="ตรง" pos="adjective" trans="straight" translit=""/><ana lex="ตรง" pos="verb" trans="be in accordance with" translit=""/><ana lex="ตรง" pos="adverb" trans="rush" translit=""/><ana lex="ตรง" pos="adverb" trans="punctually" translit=""/></w><w>นี้</w></se><se><w>รอ<ana lex="รอ" pos="verb" trans="wait for" translit=""/><ana lex="รอ" pos="verb" trans="await (for something to happen)" translit=""/><ana lex="รอ" pos="noun" trans="embankment" translit=""/></w><w>ไอ<ana lex="ไอ" pos="verb,intransitive" trans="cough" translit=""/><ana lex="ไอ" pos="verb" trans="cough" translit=""/><ana lex="ไอ" pos="noun" trans="vapour" translit=""/><ana lex="ไอ" pos="verb,intransitive" trans="hack" translit=""/></w><w>อุ่น<ana lex="อุ่น" pos="verb" trans="heat up" translit=""/><ana lex="อุ่น" pos="verb" trans="be warm" translit=""/><ana lex="อุ่น" pos="adjective" trans="warm" translit=""/><ana lex="อุ่น" pos="adjective" trans="warm" translit=""/></w></se><se><w>แสน<ana lex="แสน" pos="adjective" trans="hundred thousand" translit=""/><ana lex="แสน" pos="adverb" trans="very" translit=""/><ana lex="แสน" pos="noun" trans="hundred thousand" translit=""/><ana lex="แสน" pos="noun" trans="hundred thousand" translit=""/></w><w>เกษม<ana lex="เกษม" pos="proper noun" trans="Kasem [a Thai given name]" translit="gaL saehmM"/><ana lex="เกษม" pos="verb" trans="to revel in (happiness)" translit="gaL saehmM"/><ana lex="เกษม" pos="noun" trans="happiness; contentment" translit="gaL saehmM"/></w></se><se><w>สุข<ana lex="สุข" pos="noun" trans="happiness" translit=""/><ana lex="สุข" pos="verb" trans="be happy" translit=""/><ana lex="สุข" pos="" trans="[alternate pronunciation of สุข ]" translit="sookL khaL"/></w><w>เปรมปรีดิ์<ana lex="เปรมปรีดิ์" pos="adjective" trans="[is] happy; overjoyed" translit="bpraehmM bpreetL"/></w></se><se><w>เพียง</w><w>เธอ<ana lex="เธอ" pos="PRON" trans="you" translit=""/><ana lex="เธอ" pos="pronoun" trans="she" translit=""/><ana lex="เธอ" pos="pronoun" trans="her" translit=""/><ana lex="เธอ" pos="PRON" trans="she" translit=""/></w><w>มี<ana lex="มี" pos="verb" trans="consist of" translit=""/><ana lex="มี" pos="verb" trans="there is/are" translit=""/><ana lex="มี" pos="verb" trans="have" translit=""/><ana lex="มี" pos="verb,transitive" trans="contain" translit=""/><ana lex="มี" pos="verb,transitive" trans="has" translit=""/><ana lex="มี" pos="verb,transitive" trans="have" translit=""/><ana lex="มี" pos="adjective" trans="rich" translit=""/></w></se><se><w>คำ<ana lex="คำ" pos="noun" trans="word" translit=""/><ana lex="คำ" pos="noun" trans="vocable" translit=""/><ana lex="คำ" pos="noun" trans="word" translit=""/></w><w>ตอบ<ana lex="ตอบ" pos="adjective" trans="sunken" translit=""/><ana lex="ตอบ" pos="verb" trans="answer" translit=""/><ana lex="ตอบ" pos="verb,transitive" trans="answer" translit=""/><ana lex="ตอบ" pos="verb,intransitive" trans="answer" translit=""/><ana lex="ตอบ" pos="PHRV" trans="reply for" translit=""/><ana lex="ตอบ" pos="verb,transitive" trans="respond" translit=""/><ana lex="ตอบ" pos="verb,transitive" trans="return" translit=""/><ana lex="ตอบ" pos="verb,intransitive" trans="respond" translit=""/><ana lex="ตอบ" pos="verb,transitive" trans="reply" translit=""/><ana lex="ตอบ" pos="verb,intransitive" trans="reply" translit=""/></w></se><se><w>มา<ana lex="มา" pos="PHRV" trans="get in1" translit=""/><ana lex="มา" pos="adverb" trans="coming (toward the present; or toward the focal time)" translit=""/><ana lex="มา" pos="verb,intransitive" trans="come" translit=""/><ana lex="มา" pos="verb" trans="arrive" translit=""/></w><w>ปลอบ<ana lex="ปลอบ" pos="verb" trans="soothe" translit=""/></w><w>ใจ<ana lex="ใจ" pos="noun" trans="heart" translit=""/><ana lex="ใจ" pos="noun" trans="mind" translit=""/></w></se><se><w>. .**<ana lex="" pos="" trans="" translit=""/></w></se><se><w>รา<ana lex="รา" pos="noun" trans="mould" translit=""/><ana lex="รา" pos="verb" trans="cease" translit=""/><ana lex="รา" pos="noun" trans="fungus" translit=""/><ana lex="รา" pos="noun" trans="mold" translit=""/></w><w>ชิ<ana lex="ชิ" pos="interjection" trans="exclamation of anger" translit=""/><ana lex="ชิ" pos="interjection" trans="[an exclamation of disgust or contempt] sheez!" translit="chiH"/></w><w>กา<ana lex="กา" pos="noun" trans="crow" translit=""/><ana lex="กา" pos="noun" trans="kettle" translit=""/><ana lex="กา" pos="verb" trans="mark" translit=""/></w></se><se><w>**.<ana lex="" pos="" trans="" translit=""/></w></se><se><w>คือ<ana lex="คือ" pos="verb" trans="be" translit=""/><ana lex="คือ" pos="adverb" trans="namely" translit=""/></w><w>คน<ana lex="คน" pos="noun" trans="bloke" translit=""/><ana lex="คน" pos="verb,transitive" trans="mill" translit=""/><ana lex="คน" pos="PRF" trans="anthropo-" translit=""/><ana lex="คน" pos="noun" trans="human" translit=""/><ana lex="คน" pos="noun" trans="people" translit=""/><ana lex="คน" pos="noun" trans="being" translit=""/><ana lex="คน" pos="PHRV" trans="stir about" translit=""/><ana lex="คน" pos="PHRV" trans="stir around" translit=""/><ana lex="คน" pos="SL" trans="bod" translit=""/><ana lex="คน" pos="classifier" trans="person" translit=""/><ana lex="คน" pos="verb" trans="stir" translit=""/></w><w>เดียว<ana lex="เดียว" pos="adjective" trans="only" translit=""/></w></se><se><w>หทัย<ana lex="หทัย" pos="proper noun,person,formal,loanword,Pali" trans="Hathai [a Thai female given name] (heart)" translit="haL thaiM"/><ana lex="หทัย" pos="noun" trans="heart" translit=""/><ana lex="หทัย" pos="noun,formal,poetic,loanword,Pali" trans="heart; mind" translit="haL thaiM"/></w></se><se><w>ที่<ana lex="ที่" pos="PRON" trans="that" translit=""/><ana lex="ที่" pos="preposition" trans="at" translit=""/><ana lex="ที่" pos="noun" trans="word for utensil" translit=""/><ana lex="ที่" pos="preposition" trans="at" translit=""/><ana lex="ที่" pos="noun" trans="place" translit=""/><ana lex="ที่" pos="classifier" trans="qualifiers for places" translit=""/><ana lex="ที่" pos="noun" trans="ordinal number" translit=""/><ana lex="ที่" pos="preposition" trans="to" translit=""/><ana lex="ที่" pos="noun" trans="land" translit=""/></w><w>ใฝ่ฝัน<ana lex="ใฝ่ฝัน" pos="verb" trans="to dream; have an ambition; aspire" translit="faiL fanR"/></w></se><se><w>สื่อ<ana lex="สื่อ" pos="noun" trans="medium" translit=""/><ana lex="สื่อ" pos="verb" trans="convey" translit=""/><ana lex="สื่อ" pos="noun" trans="medium" translit=""/></w><w>ถึง<ana lex="ถึง" pos="verb" trans="be skillful" translit=""/><ana lex="ถึง" pos="verb,transitive" trans="attain" translit=""/><ana lex="ถึง" pos="conjunction" trans="even though" translit=""/><ana lex="ถึง" pos="preposition" trans="to" translit=""/><ana lex="ถึง" pos="verb" trans="reach" translit=""/><ana lex="ถึง" pos="verb" trans="be ...enough" translit=""/><ana lex="ถึง" pos="preposition" trans="to" translit=""/><ana lex="ถึง" pos="conjunction" trans="then" translit=""/></w><w>กัน<ana lex="กัน" pos="verb" trans="keep out" translit=""/><ana lex="กัน" pos="PRON" trans="one another" translit=""/><ana lex="กัน" pos="PHRV" trans="screen off" translit=""/><ana lex="กัน" pos="adverb" trans="together" translit=""/><ana lex="กัน" pos="verb" trans="shave" translit=""/><ana lex="กัน" pos="verb" trans="separate" translit=""/></w></se><se><w>เพียง</w><w>เธอ<ana lex="เธอ" pos="PRON" trans="you" translit=""/><ana lex="เธอ" pos="pronoun" trans="she" translit=""/><ana lex="เธอ" pos="pronoun" trans="her" translit=""/><ana lex="เธอ" pos="PRON" trans="she" translit=""/></w></se><se><w>เพ้อ<ana lex="เพ้อ" pos="verb,transitive,intransitive" trans="to be delirious; to rave in delirium; to be in a delirium; to be raving; to have hallucination" translit="phuuhrH"/><ana lex="เพ้อ" pos="verb" trans="rave" translit=""/><ana lex="เพ้อ" pos="verb" trans="speak incoherently" translit=""/><ana lex="เพ้อ" pos="verb" trans="[เพ้อเจ้อ] to speak nonsense; to drivel; blather; babble; prate" translit="phuuhrH"/><ana lex="เพ้อ" pos="verb,transitive,intransitive,colloquial" trans="to ramble; to babble, to witter on about; to talk or write in a desultory or long-winded wandering fashion" translit="phuuhrH"/><ana lex="เพ้อ" pos="noun" trans="[ความเพ้อเจ้อ] nonsense; foolishness; drivel" translit="phuuhrH"/></w><w>พร่ำ<ana lex="พร่ำ" pos="adjective" trans="continuously; constantly; always (doing something)" translit="phramF"/><ana lex="พร่ำ" pos="adjective" trans="[is] excessive; without limit" translit="phramF"/><ana lex="พร่ำ" pos="adjective" trans="[is] untiring; tireless; indefatigable; disregarding one’s own weariness" translit="phramF"/><ana lex="พร่ำ" pos="verb" trans="repeated" translit=""/><ana lex="พร่ำ" pos="verb" trans="chatter; be garrulous" translit="phramF"/><ana lex="พร่ำ" pos="PHRV" trans="prattle about" translit=""/></w><w>หา<ana lex="หา" pos="verb" trans="grope" translit=""/><ana lex="หา" pos="verb" trans="accuse" translit=""/><ana lex="หา" pos="verb" trans="see" translit=""/><ana lex="หา" pos="verb,transitive" trans="find" translit=""/><ana lex="หา" pos="verb" trans="search for" translit=""/></w></se><se><w>จะ<ana lex="จะ" pos="auxiliary verb" trans="will" translit=""/><ana lex="จะ" pos="auxiliary verb" trans="will" translit=""/><ana lex="จะ" pos="" trans="[alternate spelling of จ้ะ]" translit="jaL"/></w><w>มั่นคง<ana lex="มั่นคง" pos="verb,intransitive" trans="stabilize" translit=""/><ana lex="มั่นคง" pos="adjective" trans="stabile" translit=""/><ana lex="มั่นคง" pos="adjective" trans="foursquare" translit=""/><ana lex="มั่นคง" pos="adjective" trans="sure" translit=""/><ana lex="มั่นคง" pos="adverb" trans="foursquare" translit=""/><ana lex="มั่นคง" pos="adjective" trans="stable" translit=""/><ana lex="มั่นคง" pos="adjective" trans="firm" translit=""/><ana lex="มั่นคง" pos="verb" trans="be secure" translit=""/><ana lex="มั่นคง" pos="verb" trans="be secure" translit=""/><ana lex="มั่นคง" pos="adjective" trans="stedfast" translit=""/><ana lex="มั่นคง" pos="adjective" trans="steady" translit=""/></w></se><se><w>เพียง</w><w>ใด<ana lex="ใด" pos="DET" trans="any" translit=""/><ana lex="ใด" pos="DET" trans="which" translit=""/></w></se><se><w>เมื่อ<ana lex="เมื่อ" pos="adverb" trans="when" translit=""/><ana lex="เมื่อ" pos="adverb" trans="when" translit=""/><ana lex="เมื่อ" pos="conjunction" trans="directly" translit=""/><ana lex="เมื่อ" pos="adverb" trans="in the days of" translit=""/><ana lex="เมื่อ" pos="conjunction" trans="when" translit=""/></w><w>ไกล<ana lex="ไกล" pos="adverb" trans="far" translit=""/><ana lex="ไกล" pos="PRF" trans="tele-" translit=""/><ana lex="ไกล" pos="adverb" trans="far" translit=""/><ana lex="ไกล" pos="adjective" trans="remote" translit=""/><ana lex="ไกล" pos="adjective" trans="far-off" translit=""/></w><w>ตา<ana lex="ตา" pos="noun" trans="mesh" translit=""/><ana lex="ตา" pos="SL" trans="mince pies" translit=""/><ana lex="ตา" pos="verb" trans="time" translit=""/><ana lex="ตา" pos="noun" trans="maternal grandfather" translit=""/><ana lex="ตา" pos="noun" trans="eye" translit=""/><ana lex="ตา" pos="noun" trans="maternal grandfather" translit=""/><ana lex="ตา" pos="noun" trans="knot" translit=""/><ana lex="ตา" pos="noun" trans="knot" translit=""/><ana lex="ตา" pos="verb" trans="turn" translit=""/><ana lex="ตา" pos="noun" trans="eye" translit=""/><ana lex="ตา" pos="noun" trans="mesh" translit=""/></w></se><se><w>ขอ<ana lex="ขอ" pos="PHRV" trans="appeal for" translit=""/><ana lex="ขอ" pos="verb" trans="beg" translit=""/><ana lex="ขอ" pos="SL" trans="scrounge" translit=""/><ana lex="ขอ" pos="PHRV" trans="pony up for" translit=""/><ana lex="ขอ" pos="noun" trans="hook" translit=""/><ana lex="ขอ" pos="verb,transitive" trans="cadge" translit=""/><ana lex="ขอ" pos="verb,intransitive" trans="cadge" translit=""/><ana lex="ขอ" pos="PHRV" trans="ask for" translit=""/><ana lex="ขอ" pos="PHRV" trans="tap for" translit=""/></w><w>สัญญา<ana lex="สัญญา" pos="verb,intransitive" trans="promise" translit=""/><ana lex="สัญญา" pos="verb,transitive" trans="undertake" translit=""/><ana lex="สัญญา" pos="verb,transitive" trans="promise" translit=""/><ana lex="สัญญา" pos="verb" trans="promise" translit=""/><ana lex="สัญญา" pos="noun" trans="contract" translit=""/><ana lex="สัญญา" pos="verb,intransitive" trans="undertake" translit=""/></w></se><se><w>จาก<ana lex="จาก" pos="preposition" trans="von" translit=""/><ana lex="จาก" pos="PRF" trans="dis-" translit=""/><ana lex="จาก" pos="verb" trans="depart" translit=""/><ana lex="จาก" pos="preposition" trans="at" translit=""/><ana lex="จาก" pos="PRF" trans="a-" translit=""/><ana lex="จาก" pos="preposition" trans="from" translit=""/><ana lex="จาก" pos="preposition" trans="from" translit=""/><ana lex="จาก" pos="PRF" trans="ab-" translit=""/><ana lex="จาก" pos="noun" trans="a kind of Thai dessert" translit=""/><ana lex="จาก" pos="noun" trans="nipa palm" translit=""/></w><w>ใจ<ana lex="ใจ" pos="noun" trans="heart" translit=""/><ana lex="ใจ" pos="noun" trans="mind" translit=""/></w><w>จริง<ana lex="จริง" pos="adverb" trans="really" translit=""/><ana lex="จริง" pos="adjective" trans="veritable" translit=""/><ana lex="จริง" pos="adjective" trans="real" translit=""/></w></se><se><w>ยิ่ง<ana lex="ยิ่ง" pos="adverb" trans="more" translit=""/><ana lex="ยิ่ง" pos="adverb" trans="extremely" translit=""/><ana lex="ยิ่ง" pos="auxiliary verb" trans="much" translit=""/><ana lex="ยิ่ง" pos="adverb" trans="the more" translit=""/></w><w>สิ่ง<ana lex="สิ่ง" pos="noun" trans="thing" translit=""/><ana lex="สิ่ง" pos="noun" trans="thing" translit=""/></w><w>ใด<ana lex="ใด" pos="DET" trans="any" translit=""/><ana lex="ใด" pos="DET" trans="which" translit=""/></w></se><se><w>ใช่<ana lex="ใช่" pos="adverb" trans="yes" translit=""/></w><w>จะ<ana lex="จะ" pos="auxiliary verb" trans="will" translit=""/><ana lex="จะ" pos="auxiliary verb" trans="will" translit=""/><ana lex="จะ" pos="" trans="[alternate spelling of จ้ะ]" translit="jaL"/></w><w>หวัง<ana lex="หวัง" pos="verb,transitive" trans="hope" translit=""/><ana lex="หวัง" pos="verb,intransitive" trans="hope" translit=""/></w></se><se><w>เพียง</w><w>คารม<ana lex="คารม" pos="noun" trans="rhetoric" translit=""/><ana lex="คารม" pos="noun" trans="eloquent speech; oratory" translit="khaaM rohmM"/></w></se><se><w>ชม<ana lex="ชม" pos="verb" trans="see" translit=""/><ana lex="ชม" pos="verb" trans="praise" translit=""/></w><w>ชื่น<ana lex="ชื่น" pos="verb" trans="be joyful" translit=""/><ana lex="ชื่น" pos="adverb" trans="joyfully" translit=""/></w><w>นัก<ana lex="นัก" pos="adverb" trans="extremely" translit=""/></w></se><se><w>ใช่<ana lex="ใช่" pos="adverb" trans="yes" translit=""/></w><w>จะ<ana lex="จะ" pos="auxiliary verb" trans="will" translit=""/><ana lex="จะ" pos="auxiliary verb" trans="will" translit=""/><ana lex="จะ" pos="" trans="[alternate spelling of จ้ะ]" translit="jaL"/></w><w>ภักดิ์</w></se><se><w>เพียง</w><w>วาจา<ana lex="วาจา" pos="noun" trans="speech" translit=""/></w></se><se><w>ข้า<ana lex="ข้า" pos="PRON" trans="I" translit=""/><ana lex="ข้า" pos="noun" trans="slave" translit=""/></w><w>หวั่นไหว<ana lex="หวั่นไหว" pos="verb" trans="be shaken" translit=""/></w></se><se><w>ใช่<ana lex="ใช่" pos="adverb" trans="yes" translit=""/></w><w>จะ<ana lex="จะ" pos="auxiliary verb" trans="will" translit=""/><ana lex="จะ" pos="auxiliary verb" trans="will" translit=""/><ana lex="จะ" pos="" trans="[alternate spelling of จ้ะ]" translit="jaL"/></w><w>ลอง<ana lex="ลอง" pos="verb" trans="taste" translit=""/></w></se><se><w>คำ<ana lex="คำ" pos="noun" trans="word" translit=""/><ana lex="คำ" pos="noun" trans="vocable" translit=""/><ana lex="คำ" pos="noun" trans="word" translit=""/></w><w>หวาน<ana lex="หวาน" pos="verb" trans="keep turning" translit=""/><ana lex="หวาน" pos="adjective" trans="sweet-sounding" translit=""/><ana lex="หวาน" pos="adverb" trans="as easy as pie" translit=""/><ana lex="หวาน" pos="adjective" trans="sweet" translit=""/></w></se><se><w>ซาบซ่าน<ana lex="ซาบซ่าน" pos="verb" trans="to refresh; restore; freshen; diffuse" translit="saapF saanF"/><ana lex="ซาบซ่าน" pos="verb" trans="refresh" translit=""/></w><w>ใจ<ana lex="ใจ" pos="noun" trans="heart" translit=""/><ana lex="ใจ" pos="noun" trans="mind" translit=""/></w></se><se><w>ใช่<ana lex="ใช่" pos="adverb" trans="yes" translit=""/></w><w>หว่าน<ana lex="หว่าน" pos="verb" trans="sow" translit=""/></w><w>ไป<ana lex="ไป" pos="PRF" trans="ad-" translit=""/><ana lex="ไป" pos="verb" trans="go" translit=""/><ana lex="ไป" pos="SL" trans="chip" translit=""/><ana lex="ไป" pos="SL" trans="gone for a Burton" translit=""/><ana lex="ไป" pos="verb,intransitive" trans="go" translit=""/></w></se><se><w>ลอย<ana lex="ลอย" pos="verb,intransitive" trans="drift" translit=""/><ana lex="ลอย" pos="adjective" trans="afloat" translit=""/><ana lex="ลอย" pos="PHRV" trans="float into" translit=""/><ana lex="ลอย" pos="verb,transitive" trans="whiff" translit=""/><ana lex="ลอย" pos="verb" trans="soar" translit=""/><ana lex="ลอย" pos="PHRV" trans="float through" translit=""/><ana lex="ลอย" pos="verb,intransitive" trans="ride" translit=""/><ana lex="ลอย" pos="adverb" trans="[ลอย ๆ] thoughtlessly; heedlessly; irresponsibly; without thinking; off the cuff" translit="laawyM"/><ana lex="ลอย" pos="adverb" trans="[ลอย ๆ] absently; vacantly; without provocation" translit="laawyM"/><ana lex="ลอย" pos="adverb" trans="[ลอย ๆ] indistinctly; vaguely; unclearly; in a circuitous or rambling fashion" translit="laawyM"/><ana lex="ลอย" pos="verb" trans="drift (from job to job)" translit=""/><ana lex="ลอย" pos="verb,intransitive" trans="whiff" translit=""/><ana lex="ลอย" pos="verb" trans="drift (from job to job)" translit=""/><ana lex="ลอย" pos="verb,intransitive" trans="swim" translit=""/><ana lex="ลอย" pos="adverb" trans="afloat" translit=""/><ana lex="ลอย" pos="verb,intransitive" trans="levitate" translit=""/></w><w>ลับ<ana lex="ลับ" pos="verb,transitive" trans="grind" translit=""/><ana lex="ลับ" pos="verb" trans="fade" translit=""/><ana lex="ลับ" pos="adjective" trans="underground" translit=""/><ana lex="ลับ" pos="adjective" trans="secret" translit=""/><ana lex="ลับ" pos="verb" trans="sharpen" translit=""/></w></se><se><w>กับ<ana lex="กับ" pos="preposition" trans="with" translit=""/><ana lex="กับ" pos="preposition" trans="with" translit=""/><ana lex="กับ" pos="noun" trans="trap" translit=""/><ana lex="กับ" pos="preposition" trans="on" translit=""/><ana lex="กับ" pos="conjunction" trans="and" translit=""/><ana lex="กับ" pos="preposition" trans="with" translit=""/></w><w>เวลา<ana lex="เวลา" pos="PRF" trans="chrono-" translit=""/><ana lex="เวลา" pos="conjunction" trans="when" translit=""/><ana lex="เวลา" pos="noun" trans="chance" translit=""/><ana lex="เวลา" pos="noun" trans="time" translit=""/><ana lex="เวลา" pos="noun" trans="time" translit=""/><ana lex="เวลา" pos="noun" trans="duration" translit=""/></w></se><se><w>อยาก<ana lex="อยาก" pos="PHRV" trans="care for" translit=""/><ana lex="อยาก" pos="PHRV" trans="feel like" translit=""/></w><w>จะ<ana lex="จะ" pos="auxiliary verb" trans="will" translit=""/><ana lex="จะ" pos="auxiliary verb" trans="will" translit=""/><ana lex="จะ" pos="" trans="[alternate spelling of จ้ะ]" translit="jaL"/></w><w>ให้<ana lex="ให้" pos="verb,transitive" trans="afford" translit=""/><ana lex="ให้" pos="verb" trans="give" translit=""/><ana lex="ให้" pos="verb,transitive" trans="give" translit=""/><ana lex="ให้" pos="verb,transitive" trans="dispense" translit=""/><ana lex="ให้" pos="verb,transitive" trans="bestow" translit=""/><ana lex="ให้" pos="verb" trans="give" translit=""/><ana lex="ให้" pos="verb,transitive" trans="accord" translit=""/><ana lex="ให้" pos="auxiliary verb" trans="to" translit=""/><ana lex="ให้" pos="verb" trans="permit" translit=""/></w></se><se><w>คำ<ana lex="คำ" pos="noun" trans="word" translit=""/><ana lex="คำ" pos="noun" trans="vocable" translit=""/><ana lex="คำ" pos="noun" trans="word" translit=""/></w><w>ตอบ<ana lex="ตอบ" pos="adjective" trans="sunken" translit=""/><ana lex="ตอบ" pos="verb" trans="answer" translit=""/><ana lex="ตอบ" pos="verb,transitive" trans="answer" translit=""/><ana lex="ตอบ" pos="verb,intransitive" trans="answer" translit=""/><ana lex="ตอบ" pos="PHRV" trans="reply for" translit=""/><ana lex="ตอบ" pos="verb,transitive" trans="respond" translit=""/><ana lex="ตอบ" pos="verb,transitive" trans="return" translit=""/><ana lex="ตอบ" pos="verb,intransitive" trans="respond" translit=""/><ana lex="ตอบ" pos="verb,transitive" trans="reply" translit=""/><ana lex="ตอบ" pos="verb,intransitive" trans="reply" translit=""/></w></se><se><w>ปลอบ<ana lex="ปลอบ" pos="verb" trans="soothe" translit=""/></w><w>ใจ<ana lex="ใจ" pos="noun" trans="heart" translit=""/><ana lex="ใจ" pos="noun" trans="mind" translit=""/></w><w>บ้าง<ana lex="บ้าง" pos="adjective" trans="certain" translit=""/><ana lex="บ้าง" pos="adjective" trans="any" translit=""/><ana lex="บ้าง" pos="adverb" trans="any" translit=""/><ana lex="บ้าง" pos="PRON" trans="else" translit=""/></w></se><se><w>กลัว<ana lex="กลัว" pos="verb" trans="fear" translit=""/><ana lex="กลัว" pos="adjective" trans="afraid" translit=""/><ana lex="กลัว" pos="verb,intransitive" trans="fear" translit=""/><ana lex="กลัว" pos="PHRV" trans="take fright at" translit=""/><ana lex="กลัว" pos="idiom" trans="have one's tail between one's legs" translit=""/><ana lex="กลัว" pos="verb,intransitive" trans="shrink" translit=""/><ana lex="กลัว" pos="PHRV" trans="chicken out" translit=""/></w><w>อ้างว้าง<ana lex="อ้างว้าง" pos="verb" trans="isolate" translit=""/><ana lex="อ้างว้าง" pos="adjective" trans="desolate" translit=""/></w></se><se><w>เดียวดาย<ana lex="เดียวดาย" pos="adjective" trans="[is] alone; lonely; solitary" translit="diaaoM daaiM"/><ana lex="เดียวดาย" pos="verb" trans="be lonesome" translit=""/><ana lex="เดียวดาย" pos="adverb" trans="in a solitary way; independently" translit="diaaoM daaiM"/><ana lex="เดียวดาย" pos="adverb" trans="solitarily" translit=""/></w></se><se><w>คลาย<ana lex="คลาย" pos="verb" trans="loosen" translit=""/><ana lex="คลาย" pos="verb" trans="relieve" translit=""/><ana lex="คลาย" pos="verb,intransitive" trans="loosen" translit=""/><ana lex="คลาย" pos="verb,intransitive" trans="unlay" translit=""/></w><w>หรรษา<ana lex="หรรษา" pos="noun" trans="[ความหรรษา] happiness; delight" translit="hanR saaR"/><ana lex="หรรษา" pos="adjective" trans="[is] very pleased; delighted" translit="hanR saaR"/><ana lex="หรรษา" pos="verb" trans="be very pleased" translit=""/><ana lex="หรรษา" pos="adjective" trans="[is] very pleased; delighted" translit="hanR saaR"/><ana lex="หรรษา" pos="noun" trans="[ความหรรษา] happiness; delight" translit="hanR saaR"/></w></se><se><w>หาก<ana lex="หาก" pos="conjunction" trans="if" translit=""/></w><w>มั่นคง<ana lex="มั่นคง" pos="verb,intransitive" trans="stabilize" translit=""/><ana lex="มั่นคง" pos="adjective" trans="stabile" translit=""/><ana lex="มั่นคง" pos="adjective" trans="foursquare" translit=""/><ana lex="มั่นคง" pos="adjective" trans="sure" translit=""/><ana lex="มั่นคง" pos="adverb" trans="foursquare" translit=""/><ana lex="มั่นคง" pos="adjective" trans="stable" translit=""/><ana lex="มั่นคง" pos="adjective" trans="firm" translit=""/><ana lex="มั่นคง" pos="verb" trans="be secure" translit=""/><ana lex="มั่นคง" pos="verb" trans="be secure" translit=""/><ana lex="มั่นคง" pos="adjective" trans="stedfast" translit=""/><ana lex="มั่นคง" pos="adjective" trans="steady" translit=""/></w></se><se><w>สัตย์<ana lex="สัตย์" pos="noun,loanword,Pali" trans="truth; honesty" translit="satL"/><ana lex="สัตย์" pos="noun" trans="promise" translit="satL"/><ana lex="สัตย์" pos="" trans="[ความสัตย์] honesty; truth" translit="satL"/><ana lex="สัตย์" pos="noun" trans="honest" translit=""/><ana lex="สัตย์" pos="noun" trans="promise" translit=""/><ana lex="สัตย์" pos="adjective" trans="honest" translit=""/></w><w>ซื่อ<ana lex="ซื่อ" pos="adverb" trans="honestly" translit=""/><ana lex="ซื่อ" pos="adjective" trans="honest" translit=""/></w></se><se><w>ถือ<ana lex="ถือ" pos="verb" trans="forbid" translit=""/><ana lex="ถือ" pos="verb" trans="hire" translit=""/><ana lex="ถือ" pos="verb" trans="rely on" translit=""/><ana lex="ถือ" pos="verb,transitive" trans="handle" translit=""/><ana lex="ถือ" pos="verb,transitive" trans="bear" translit=""/><ana lex="ถือ" pos="verb" trans="hold" translit=""/><ana lex="ถือ" pos="verb,transitive" trans="take" translit=""/><ana lex="ถือ" pos="verb" trans="believe in" translit=""/></w><w>สัญญา<ana lex="สัญญา" pos="verb,intransitive" trans="promise" translit=""/><ana lex="สัญญา" pos="verb,transitive" trans="undertake" translit=""/><ana lex="สัญญา" pos="verb,transitive" trans="promise" translit=""/><ana lex="สัญญา" pos="verb" trans="promise" translit=""/><ana lex="สัญญา" pos="noun" trans="contract" translit=""/><ana lex="สัญญา" pos="verb,intransitive" trans="undertake" translit=""/></w></se><se><w>ค่อย<ana lex="ค่อย" pos="auxiliary verb" trans="gradually" translit=""/><ana lex="ค่อย" pos="adverb" trans="quietly" translit=""/><ana lex="ค่อย" pos="auxiliary verb" trans="slowly" translit=""/><ana lex="ค่อย" pos="conjunction" trans="then" translit=""/></w><w>กลับ<ana lex="กลับ" pos="PRF" trans="un-" translit=""/><ana lex="กลับ" pos="verb" trans="become to" translit=""/><ana lex="กลับ" pos="verb" trans="reverse" translit=""/><ana lex="กลับ" pos="PHRV" trans="be back" translit=""/><ana lex="กลับ" pos="verb" trans="return" translit=""/></w><w>มา<ana lex="มา" pos="PHRV" trans="get in1" translit=""/><ana lex="มา" pos="adverb" trans="coming (toward the present; or toward the focal time)" translit=""/><ana lex="มา" pos="verb,intransitive" trans="come" translit=""/><ana lex="มา" pos="verb" trans="arrive" translit=""/></w></se><se><w>รับ<ana lex="รับ" pos="verb,transitive" trans="receive" translit=""/><ana lex="รับ" pos="verb" trans="withstand" translit=""/><ana lex="รับ" pos="verb" trans="receive" translit=""/><ana lex="รับ" pos="verb,intransitive" trans="receive" translit=""/><ana lex="รับ" pos="verb" trans="rhyme" translit=""/><ana lex="รับ" pos="verb" trans="take up" translit=""/><ana lex="รับ" pos="verb" trans="accept" translit=""/><ana lex="รับ" pos="verb,transitive" trans="accept" translit=""/><ana lex="รับ" pos="verb" trans="confess" translit=""/><ana lex="รับ" pos="verb" trans="match" translit=""/><ana lex="รับ" pos="verb,transitive" trans="intromit" translit=""/><ana lex="รับ" pos="verb,transitive" trans="assume" translit=""/><ana lex="รับ" pos="PHRV" trans="call for" translit=""/></w><w>คำ<ana lex="คำ" pos="noun" trans="word" translit=""/><ana lex="คำ" pos="noun" trans="vocable" translit=""/><ana lex="คำ" pos="noun" trans="word" translit=""/></w><w>ตอบ<ana lex="ตอบ" pos="adjective" trans="sunken" translit=""/><ana lex="ตอบ" pos="verb" trans="answer" translit=""/><ana lex="ตอบ" pos="verb,transitive" trans="answer" translit=""/><ana lex="ตอบ" pos="verb,intransitive" trans="answer" translit=""/><ana lex="ตอบ" pos="PHRV" trans="reply for" translit=""/><ana lex="ตอบ" pos="verb,transitive" trans="respond" translit=""/><ana lex="ตอบ" pos="verb,transitive" trans="return" translit=""/><ana lex="ตอบ" pos="verb,intransitive" trans="respond" translit=""/><ana lex="ตอบ" pos="verb,transitive" trans="reply" translit=""/><ana lex="ตอบ" pos="verb,intransitive" trans="reply" translit=""/></w></se><se><w>ที่<ana lex="ที่" pos="PRON" trans="that" translit=""/><ana lex="ที่" pos="preposition" trans="at" translit=""/><ana lex="ที่" pos="noun" trans="word for utensil" translit=""/><ana lex="ที่" pos="preposition" trans="at" translit=""/><ana lex="ที่" pos="noun" trans="place" translit=""/><ana lex="ที่" pos="classifier" trans="qualifiers for places" translit=""/><ana lex="ที่" pos="noun" trans="ordinal number" translit=""/><ana lex="ที่" pos="preposition" trans="to" translit=""/><ana lex="ที่" pos="noun" trans="land" translit=""/></w><w>ปลอบ<ana lex="ปลอบ" pos="verb" trans="soothe" translit=""/></w><w>ใจ<ana lex="ใจ" pos="noun" trans="heart" translit=""/><ana lex="ใจ" pos="noun" trans="mind" translit=""/></w></se><se><w>.<ana lex="" pos="" trans="" translit=""/></w></se><se><w>ฯ</w></se></body>