<body><meta><link>http://www.thaipoem.com/%E0%B8%81%E0%B8%A5%E0%B8%AD%E0%B8%99/%E0%B8%81%E0%B8%A5%E0%B8%AD%E0%B8%99%E0%B8%81%E0%B8%B3%E0%B8%A5%E0%B8%B1%E0%B8%87%E0%B9%83%E0%B8%88/33863</link><title>...รักเพียงเธอ...</title><genre>poem</genre></meta><se><w>ค่ำ<ana lex="ค่ำ" pos="noun" trans="dark" translit=""/><ana lex="ค่ำ" pos="verb" trans="become dark" translit=""/></w><w>คืน<ana lex="คืน" pos="PHRV" trans="give back" translit=""/><ana lex="คืน" pos="classifier" trans="night" translit=""/><ana lex="คืน" pos="PHRV" trans="carry back" translit=""/><ana lex="คืน" pos="verb" trans="return" translit=""/><ana lex="คืน" pos="PHRV" trans="give in to" translit=""/><ana lex="คืน" pos="noun" trans="night" translit=""/><ana lex="คืน" pos="adverb" trans="back" translit=""/></w><w>นี้</w></se><se><w>มี<ana lex="มี" pos="verb" trans="consist of" translit=""/><ana lex="มี" pos="verb" trans="there is/are" translit=""/><ana lex="มี" pos="verb" trans="have" translit=""/><ana lex="มี" pos="verb,transitive" trans="contain" translit=""/><ana lex="มี" pos="verb,transitive" trans="has" translit=""/><ana lex="มี" pos="verb,transitive" trans="have" translit=""/><ana lex="มี" pos="adjective" trans="rich" translit=""/></w><w>เดือน<ana lex="เดือน" pos="noun" trans="moon" translit=""/><ana lex="เดือน" pos="noun" trans="month" translit=""/><ana lex="เดือน" pos="noun" trans="month" translit=""/></w><w>เพ็ญ</w></se><se><w>ให้<ana lex="ให้" pos="verb,transitive" trans="afford" translit=""/><ana lex="ให้" pos="verb" trans="give" translit=""/><ana lex="ให้" pos="verb,transitive" trans="give" translit=""/><ana lex="ให้" pos="verb,transitive" trans="dispense" translit=""/><ana lex="ให้" pos="verb,transitive" trans="bestow" translit=""/><ana lex="ให้" pos="verb" trans="give" translit=""/><ana lex="ให้" pos="verb,transitive" trans="accord" translit=""/><ana lex="ให้" pos="auxiliary verb" trans="to" translit=""/><ana lex="ให้" pos="verb" trans="permit" translit=""/></w><w>เย็น<ana lex="เย็น" pos="verb" trans="be cold" translit=""/><ana lex="เย็น" pos="adjective" trans="cool" translit=""/><ana lex="เย็น" pos="adjective" trans="cold" translit=""/><ana lex="เย็น" pos="noun" trans="evening" translit=""/><ana lex="เย็น" pos="verb" trans="cool" translit=""/></w><w>จิต<ana lex="จิต" pos="" trans="[alternate pronunciation of จิต ]" translit="jitL dtaL"/><ana lex="จิต" pos="noun" trans="mind" translit=""/></w></se><se><w>เฝ้า<ana lex="เฝ้า" pos="verb" trans="have an audience with/of" translit=""/><ana lex="เฝ้า" pos="verb" trans="keep an eye on" translit=""/></w><w>ครวญ<ana lex="ครวญ" pos="" trans="to complain; lament; cry; bemoan" translit="khruaanM"/><ana lex="ครวญ" pos="verb" trans="groan" translit=""/><ana lex="ครวญ" pos="verb" trans="sing for" translit=""/></w><w>คิด<ana lex="คิด" pos="verb,transitive" trans="reckon" translit=""/><ana lex="คิด" pos="verb,intransitive" trans="cerebrate" translit=""/><ana lex="คิด" pos="verb,transitive" trans="conceive" translit=""/><ana lex="คิด" pos="verb,transitive" trans="conceit" translit=""/><ana lex="คิด" pos="PHRV" trans="go over2" translit=""/><ana lex="คิด" pos="verb" trans="create" translit=""/><ana lex="คิด" pos="verb" trans="estimate" translit=""/><ana lex="คิด" pos="verb" trans="want" translit=""/><ana lex="คิด" pos="verb" trans="think" translit=""/><ana lex="คิด" pos="verb" trans="consider" translit=""/><ana lex="คิด" pos="verb" trans="calculate" translit=""/><ana lex="คิด" pos="verb,transitive" trans="think" translit=""/><ana lex="คิด" pos="verb,intransitive" trans="think" translit=""/></w></se><se><w>ถึง<ana lex="ถึง" pos="verb" trans="be skillful" translit=""/><ana lex="ถึง" pos="verb,transitive" trans="attain" translit=""/><ana lex="ถึง" pos="conjunction" trans="even though" translit=""/><ana lex="ถึง" pos="preposition" trans="to" translit=""/><ana lex="ถึง" pos="verb" trans="reach" translit=""/><ana lex="ถึง" pos="verb" trans="be ...enough" translit=""/><ana lex="ถึง" pos="preposition" trans="to" translit=""/><ana lex="ถึง" pos="conjunction" trans="then" translit=""/></w><w>คน<ana lex="คน" pos="noun" trans="bloke" translit=""/><ana lex="คน" pos="verb,transitive" trans="mill" translit=""/><ana lex="คน" pos="PRF" trans="anthropo-" translit=""/><ana lex="คน" pos="noun" trans="human" translit=""/><ana lex="คน" pos="noun" trans="people" translit=""/><ana lex="คน" pos="noun" trans="being" translit=""/><ana lex="คน" pos="PHRV" trans="stir about" translit=""/><ana lex="คน" pos="PHRV" trans="stir around" translit=""/><ana lex="คน" pos="SL" trans="bod" translit=""/><ana lex="คน" pos="classifier" trans="person" translit=""/><ana lex="คน" pos="verb" trans="stir" translit=""/></w><w>ดี<ana lex="ดี" pos="adjective" trans="fine" translit=""/><ana lex="ดี" pos="adjective" trans="braw" translit=""/><ana lex="ดี" pos="SL" trans="hunky-dory" translit=""/><ana lex="ดี" pos="adjective" trans="useful" translit=""/><ana lex="ดี" pos="noun" trans="gallbladder" translit=""/><ana lex="ดี" pos="adjective" trans="nice" translit=""/><ana lex="ดี" pos="adjective" trans="fine" translit=""/><ana lex="ดี" pos="adjective" trans="tidy" translit=""/><ana lex="ดี" pos="SL" trans="kushty" translit=""/><ana lex="ดี" pos="SL" trans="tickety-boo" translit=""/><ana lex="ดี" pos="adjective" trans="well" translit=""/><ana lex="ดี" pos="PRF" trans="eu-" translit=""/><ana lex="ดี" pos="idiom" trans="Well and good" translit=""/><ana lex="ดี" pos="adjective" trans="good" translit=""/><ana lex="ดี" pos="adverb" trans="well" translit=""/><ana lex="ดี" pos="adjective" trans="high" translit=""/><ana lex="ดี" pos="adjective" trans="nice" translit=""/><ana lex="ดี" pos="adjective" trans="nice" translit=""/><ana lex="ดี" pos="adjective" trans="well" translit=""/></w></se><se><w>ที่<ana lex="ที่" pos="PRON" trans="that" translit=""/><ana lex="ที่" pos="preposition" trans="at" translit=""/><ana lex="ที่" pos="noun" trans="word for utensil" translit=""/><ana lex="ที่" pos="preposition" trans="at" translit=""/><ana lex="ที่" pos="noun" trans="place" translit=""/><ana lex="ที่" pos="classifier" trans="qualifiers for places" translit=""/><ana lex="ที่" pos="noun" trans="ordinal number" translit=""/><ana lex="ที่" pos="preposition" trans="to" translit=""/><ana lex="ที่" pos="noun" trans="land" translit=""/></w><w>ห่วง<ana lex="ห่วง" pos="noun" trans="hoop" translit=""/><ana lex="ห่วง" pos="verb" trans="be concerned with/about" translit=""/><ana lex="ห่วง" pos="noun" trans="ring" translit=""/><ana lex="ห่วง" pos="noun" trans="ring" translit=""/><ana lex="ห่วง" pos="noun" trans="loop" translit=""/></w><w>หา<ana lex="หา" pos="verb" trans="grope" translit=""/><ana lex="หา" pos="verb" trans="accuse" translit=""/><ana lex="หา" pos="verb" trans="see" translit=""/><ana lex="หา" pos="verb,transitive" trans="find" translit=""/><ana lex="หา" pos="verb" trans="search for" translit=""/></w></se><se><w>ภาพ<ana lex="ภาพ" pos="noun" trans="tableau" translit=""/><ana lex="ภาพ" pos="noun" trans="sight" translit=""/><ana lex="ภาพ" pos="" trans="[alternate pronunciation of ภาพ ]" translit="phaapF phaH"/><ana lex="ภาพ" pos="noun" trans="picture" translit=""/></w><w>ความ<ana lex="ความ" pos="noun" trans="case" translit=""/><ana lex="ความ" pos="noun" trans="content" translit=""/></w><w>รัก<ana lex="รัก" pos="verb,transitive" trans="treasure" translit=""/><ana lex="รัก" pos="verb,transitive" trans="adore" translit=""/><ana lex="รัก" pos="PRF" trans="phil-" translit=""/><ana lex="รัก" pos="PRF" trans="philo-" translit=""/><ana lex="รัก" pos="PHRV" trans="be attached to" translit=""/></w></se><se><w>แห่ง<ana lex="แห่ง" pos="noun" trans="place" translit=""/><ana lex="แห่ง" pos="preposition" trans="of" translit=""/><ana lex="แห่ง" pos="noun" trans="place" translit=""/></w><w>สอง<ana lex="สอง" pos="PRF" trans="bis-" translit=""/><ana lex="สอง" pos="adjective" trans="twain" translit=""/><ana lex="สอง" pos="PRF" trans="bi-" translit=""/><ana lex="สอง" pos="pronoun" trans="two" translit=""/><ana lex="สอง" pos="adjective" trans="two" translit=""/></w><w>เรา<ana lex="เรา" pos="pronoun" trans="us" translit=""/><ana lex="เรา" pos="PRON" trans="I" translit=""/><ana lex="เรา" pos="pronoun" trans="we" translit=""/><ana lex="เรา" pos="PRON" trans="you" translit=""/><ana lex="เรา" pos="PRON" trans="we" translit=""/></w></se><se><w>ยัง<ana lex="ยัง" pos="preposition" trans="to" translit=""/><ana lex="ยัง" pos="adverb" trans="also" translit=""/><ana lex="ยัง" pos="adverb" trans="yet" translit=""/><ana lex="ยัง" pos="adverb" trans="still" translit=""/></w><w>ตรึงตรา<ana lex="ตรึงตรา" pos="verb" trans="fascinate" translit=""/><ana lex="ตรึงตรา" pos="verb" trans="tighten; make tight; make taut; fasten down" translit="dtreungM dtraaM"/></w></se><se><w>สุข<ana lex="สุข" pos="noun" trans="happiness" translit=""/><ana lex="สุข" pos="verb" trans="be happy" translit=""/><ana lex="สุข" pos="" trans="[alternate pronunciation of สุข ]" translit="sookL khaL"/></w><w>อุรา<ana lex="อุรา" pos="noun" trans="ewe" translit="ooL raaM"/><ana lex="อุรา" pos="noun" trans="chest; breast" translit="ooL raaM"/><ana lex="อุรา" pos="noun" trans="chest" translit=""/><ana lex="อุรา" pos="noun" trans="ewe" translit=""/></w></se><se><w>รัก<ana lex="รัก" pos="verb,transitive" trans="treasure" translit=""/><ana lex="รัก" pos="verb,transitive" trans="adore" translit=""/><ana lex="รัก" pos="PRF" trans="phil-" translit=""/><ana lex="รัก" pos="PRF" trans="philo-" translit=""/><ana lex="รัก" pos="PHRV" trans="be attached to" translit=""/></w><w>หวาน<ana lex="หวาน" pos="verb" trans="keep turning" translit=""/><ana lex="หวาน" pos="adjective" trans="sweet-sounding" translit=""/><ana lex="หวาน" pos="adverb" trans="as easy as pie" translit=""/><ana lex="หวาน" pos="adjective" trans="sweet" translit=""/></w><w>ซึ้ง<ana lex="ซึ้ง" pos="adjective" trans="[is] deep; profound; abstruse" translit="seungH"/><ana lex="ซึ้ง" pos="adjective" trans="[is] remote; distant" translit="seungH"/><ana lex="ซึ้ง" pos="adjective" trans="[is] impressive" translit="seungH"/><ana lex="ซึ้ง" pos="adverb" trans="profoundly" translit=""/><ana lex="ซึ้ง" pos="adjective" trans="[ซึ้งใจ] [is] impressed; touched" translit="seungH"/><ana lex="ซึ้ง" pos="verb,intransitive" trans="to appreciate; to be deeply impressed" translit="seungH"/><ana lex="ซึ้ง" pos="verb" trans="impress" translit=""/></w></se><se><w>ติด<ana lex="ติด" pos="verb,transitive" trans="fix" translit=""/><ana lex="ติด" pos="verb,intransitive" trans="fasten" translit=""/><ana lex="ติด" pos="verb,transitive" trans="adjoin" translit=""/><ana lex="ติด" pos="verb" trans="become a habit" translit=""/><ana lex="ติด" pos="verb" trans="addicted to" translit=""/><ana lex="ติด" pos="verb" trans="contain" translit=""/><ana lex="ติด" pos="verb" trans="accompany" translit=""/><ana lex="ติด" pos="verb" trans="next to" translit=""/><ana lex="ติด" pos="verb" trans="light" translit=""/><ana lex="ติด" pos="verb" trans="bear" translit=""/><ana lex="ติด" pos="verb" trans="owe" translit=""/><ana lex="ติด" pos="verb" trans="stick" translit=""/><ana lex="ติด" pos="verb" trans="hang" translit=""/><ana lex="ติด" pos="verb" trans="catch" translit=""/><ana lex="ติด" pos="verb" trans="get stuck" translit=""/><ana lex="ติด" pos="verb" trans="close" translit=""/><ana lex="ติด" pos="verb" trans="addicted to" translit=""/><ana lex="ติด" pos="verb" trans="be stained" translit=""/><ana lex="ติด" pos="verb,intransitive" trans="jam" translit=""/><ana lex="ติด" pos="PHRV" trans="affix to" translit=""/><ana lex="ติด" pos="verb" trans="start" translit=""/><ana lex="ติด" pos="verb,transitive" trans="fit" translit=""/><ana lex="ติด" pos="PHRV" trans="go aground" translit=""/><ana lex="ติด" pos="verb,intransitive" trans="adhere" translit=""/><ana lex="ติด" pos="noun" trans="Echeneidae" translit=""/></w><w>ตรึง<ana lex="ตรึง" pos="verb" trans="bind" translit=""/><ana lex="ตรึง" pos="verb" trans="transfix" translit=""/></w><w>ใจ<ana lex="ใจ" pos="noun" trans="heart" translit=""/><ana lex="ใจ" pos="noun" trans="mind" translit=""/></w></se><se><w>สาย<ana lex="สาย" pos="PHRV" trans="be behind1" translit=""/><ana lex="สาย" pos="adjective" trans="tardy" translit=""/><ana lex="สาย" pos="PHRV" trans="be behindhand" translit=""/><ana lex="สาย" pos="noun" trans="strop" translit=""/><ana lex="สาย" pos="adjective" trans="late" translit=""/></w><w>ลม<ana lex="ลม" pos="noun" trans="fall" translit=""/><ana lex="ลม" pos="noun" trans="swift land crab" translit=""/><ana lex="ลม" pos="noun" trans="breath" translit=""/><ana lex="ลม" pos="noun" trans="wind" translit=""/><ana lex="ลม" pos="noun" trans="wind" translit=""/><ana lex="ลม" pos="noun" trans="Panus polychrous (Lev.) Sing." translit=""/><ana lex="ลม" pos="noun" trans="air" translit=""/></w><w>พัด<ana lex="พัด" pos="verb" trans="blow" translit=""/><ana lex="พัด" pos="verb,transitive" trans="waff" translit=""/><ana lex="พัด" pos="noun" trans="fan" translit=""/><ana lex="พัด" pos="verb,transitive" trans="fan" translit=""/><ana lex="พัด" pos="verb,intransitive" trans="waff" translit=""/><ana lex="พัด" pos="verb,transitive" trans="blow" translit=""/></w></se><se><w>พรม<ana lex="พรม" pos="noun" trans="rug" translit=""/><ana lex="พรม" pos="noun" trans="tapis" translit=""/><ana lex="พรม" pos="verb,transitive" trans="perfuse" translit=""/><ana lex="พรม" pos="noun" trans="carpet" translit=""/><ana lex="พรม" pos="verb" trans="sprinkle" translit=""/><ana lex="พรม" pos="verb,transitive" trans="sparge" translit=""/><ana lex="พรม" pos="verb,intransitive" trans="sparge" translit=""/><ana lex="พรม" pos="noun" trans="carpet" translit=""/></w><w>แผ่ว<ana lex="แผ่ว" pos="adverb" trans="softly" translit=""/><ana lex="แผ่ว" pos="adverb" trans="softly" translit=""/></w><w>พริ้ว<ana lex="พริ้ว" pos="" trans="[alternate spelling of พลิ้ว]" translit="phriuH"/></w></se><se><w>ปลิว<ana lex="ปลิว" pos="verb" trans="be blown away" translit=""/></w><w>ลอย<ana lex="ลอย" pos="verb,intransitive" trans="drift" translit=""/><ana lex="ลอย" pos="adjective" trans="afloat" translit=""/><ana lex="ลอย" pos="PHRV" trans="float into" translit=""/><ana lex="ลอย" pos="verb,transitive" trans="whiff" translit=""/><ana lex="ลอย" pos="verb" trans="soar" translit=""/><ana lex="ลอย" pos="PHRV" trans="float through" translit=""/><ana lex="ลอย" pos="verb,intransitive" trans="ride" translit=""/><ana lex="ลอย" pos="adverb" trans="[ลอย ๆ] thoughtlessly; heedlessly; irresponsibly; without thinking; off the cuff" translit="laawyM"/><ana lex="ลอย" pos="adverb" trans="[ลอย ๆ] absently; vacantly; without provocation" translit="laawyM"/><ana lex="ลอย" pos="adverb" trans="[ลอย ๆ] indistinctly; vaguely; unclearly; in a circuitous or rambling fashion" translit="laawyM"/><ana lex="ลอย" pos="verb" trans="drift (from job to job)" translit=""/><ana lex="ลอย" pos="verb,intransitive" trans="whiff" translit=""/><ana lex="ลอย" pos="verb" trans="drift (from job to job)" translit=""/><ana lex="ลอย" pos="verb,intransitive" trans="swim" translit=""/><ana lex="ลอย" pos="adverb" trans="afloat" translit=""/><ana lex="ลอย" pos="verb,intransitive" trans="levitate" translit=""/></w><w>ล่อง<ana lex="ล่อง" pos="noun" trans="space or hole (between floor board)" translit=""/><ana lex="ล่อง" pos="verb" trans="float" translit=""/><ana lex="ล่อง" pos="adjective" trans="down (train)" translit=""/><ana lex="ล่อง" pos="verb" trans="travel through forests" translit=""/><ana lex="ล่อง" pos="verb" trans="float" translit=""/></w></se><se><w>เคียง<ana lex="เคียง" pos="adverb" trans="closely" translit=""/></w><w>ประคอง<ana lex="ประคอง" pos="verb" trans="support" translit=""/><ana lex="ประคอง" pos="verb" trans="to support carefully; to handle gently" translit="bpraL khaawngM"/></w></se><se><w>ตระกอง<ana lex="ตระกอง" pos="verb" trans="embrace" translit=""/><ana lex="ตระกอง" pos="verb" trans="to embrace; hug; cuddle; encircle" translit="dtraL gaawngM"/></w><w>ขวัญ</w></se><se><w>ฝัน<ana lex="ฝัน" pos="verb,transitive" trans="dream" translit=""/><ana lex="ฝัน" pos="verb,intransitive" trans="dream" translit=""/><ana lex="ฝัน" pos="verb" trans="dream" translit=""/></w><w>สดใส<ana lex="สดใส" pos="adjective" trans="bright" translit=""/><ana lex="สดใส" pos="verb" trans="be cheerful" translit=""/><ana lex="สดใส" pos="verb" trans="be bright" translit=""/></w></se><se><w>อุ่น<ana lex="อุ่น" pos="verb" trans="heat up" translit=""/><ana lex="อุ่น" pos="verb" trans="be warm" translit=""/><ana lex="อุ่น" pos="adjective" trans="warm" translit=""/><ana lex="อุ่น" pos="adjective" trans="warm" translit=""/></w><w>อก<ana lex="อก" pos="noun" trans="breast" translit=""/><ana lex="อก" pos="noun" trans="soul" translit=""/><ana lex="อก" pos="noun" trans="Ministry of Industry" translit=""/></w><w>พี่<ana lex="พี่" pos="noun" trans="elder sister or brother" translit=""/></w></se><se><w>ด้วย<ana lex="ด้วย" pos="PRF" trans="com-" translit=""/><ana lex="ด้วย" pos="adverb" trans="along" translit=""/><ana lex="ด้วย" pos="conjunction" trans="plus" translit=""/><ana lex="ด้วย" pos="preposition" trans="with" translit=""/><ana lex="ด้วย" pos="adverb" trans="also" translit=""/><ana lex="ด้วย" pos="conjunction" trans="because" translit=""/><ana lex="ด้วย" pos="preposition" trans="by" translit=""/><ana lex="ด้วย" pos="adverb" trans="so" translit=""/></w><w>ไอ<ana lex="ไอ" pos="verb,intransitive" trans="cough" translit=""/><ana lex="ไอ" pos="verb" trans="cough" translit=""/><ana lex="ไอ" pos="noun" trans="vapour" translit=""/><ana lex="ไอ" pos="verb,intransitive" trans="hack" translit=""/></w><w>รัก<ana lex="รัก" pos="verb,transitive" trans="treasure" translit=""/><ana lex="รัก" pos="verb,transitive" trans="adore" translit=""/><ana lex="รัก" pos="PRF" trans="phil-" translit=""/><ana lex="รัก" pos="PRF" trans="philo-" translit=""/><ana lex="รัก" pos="PHRV" trans="be attached to" translit=""/></w></se><se><w>ประจักษ์<ana lex="ประจักษ์" pos="verb" trans="be evident" translit=""/><ana lex="ประจักษ์" pos="adjective" trans="[is] evident; certain; convinced; obvious" translit="bpraL jakL"/></w><w>ใจ<ana lex="ใจ" pos="noun" trans="heart" translit=""/><ana lex="ใจ" pos="noun" trans="mind" translit=""/></w></se><se><w>สอง<ana lex="สอง" pos="PRF" trans="bis-" translit=""/><ana lex="สอง" pos="adjective" trans="twain" translit=""/><ana lex="สอง" pos="PRF" trans="bi-" translit=""/><ana lex="สอง" pos="pronoun" trans="two" translit=""/><ana lex="สอง" pos="adjective" trans="two" translit=""/></w><w>หทัย<ana lex="หทัย" pos="proper noun,person,formal,loanword,Pali" trans="Hathai [a Thai female given name] (heart)" translit="haL thaiM"/><ana lex="หทัย" pos="noun" trans="heart" translit=""/><ana lex="หทัย" pos="noun,formal,poetic,loanword,Pali" trans="heart; mind" translit="haL thaiM"/></w></se><se><w>หวาน<ana lex="หวาน" pos="verb" trans="keep turning" translit=""/><ana lex="หวาน" pos="adjective" trans="sweet-sounding" translit=""/><ana lex="หวาน" pos="adverb" trans="as easy as pie" translit=""/><ana lex="หวาน" pos="adjective" trans="sweet" translit=""/></w><w>รัก<ana lex="รัก" pos="verb,transitive" trans="treasure" translit=""/><ana lex="รัก" pos="verb,transitive" trans="adore" translit=""/><ana lex="รัก" pos="PRF" trans="phil-" translit=""/><ana lex="รัก" pos="PRF" trans="philo-" translit=""/><ana lex="รัก" pos="PHRV" trans="be attached to" translit=""/></w><w>เหลือ<ana lex="เหลือ" pos="verb,transitive" trans="leave" translit=""/><ana lex="เหลือ" pos="adjective" trans="surplus" translit=""/><ana lex="เหลือ" pos="verb" trans="remain" translit=""/></w></se><se><w>เอื้อ<ana lex="เอื้อ" pos="verb" trans="be charitable to" translit=""/><ana lex="เอื้อ" pos="verb" trans="be charitable to" translit=""/></w><w>อาทร<ana lex="อาทร" pos="noun" trans="care" translit=""/><ana lex="อาทร" pos="verb" trans="care" translit=""/></w></se><se><w>มอง<ana lex="มอง" pos="SL" trans="varda" translit=""/><ana lex="มอง" pos="verb" trans="look" translit=""/></w><w>ดวง<ana lex="ดวง" pos="classifier" trans="numerative noun for things" translit=""/><ana lex="ดวง" pos="noun" trans="disk/disc" translit=""/></w><w>ดาว<ana lex="ดาว" pos="PRF" trans="astro-" translit=""/><ana lex="ดาว" pos="noun" trans="five-pointed star" translit=""/><ana lex="ดาว" pos="noun" trans="star" translit=""/><ana lex="ดาว" pos="noun" trans="sika deer" translit=""/><ana lex="ดาว" pos="noun" trans="leopard" translit=""/></w></se><se><w>พราว<ana lex="พราว" pos="adjective" trans="full of; bristling with" translit="phraaoM"/><ana lex="พราว" pos="adverb" trans="dazzling" translit=""/><ana lex="พราว" pos="adjective" trans="dazzling" translit=""/><ana lex="พราว" pos="adjective" trans="[is] sparkling; glittering" translit="phraaoM"/><ana lex="พราว" pos="verb" trans="dazzle" translit=""/></w><w>ฟาก<ana lex="ฟาก" pos="noun" trans="strips of split bamboo" translit=""/><ana lex="ฟาก" pos="noun" trans="bank" translit=""/></w><w>ฟ้า<ana lex="ฟ้า" pos="noun" trans="blue" translit=""/><ana lex="ฟ้า" pos="noun" trans="heaven" translit=""/><ana lex="ฟ้า" pos="noun" trans="sky" translit=""/></w></se><se><w>เวลา<ana lex="เวลา" pos="PRF" trans="chrono-" translit=""/><ana lex="เวลา" pos="conjunction" trans="when" translit=""/><ana lex="เวลา" pos="noun" trans="chance" translit=""/><ana lex="เวลา" pos="noun" trans="time" translit=""/><ana lex="เวลา" pos="noun" trans="time" translit=""/><ana lex="เวลา" pos="noun" trans="duration" translit=""/></w><w>นี้</w></se><se><w>สอง<ana lex="สอง" pos="PRF" trans="bis-" translit=""/><ana lex="สอง" pos="adjective" trans="twain" translit=""/><ana lex="สอง" pos="PRF" trans="bi-" translit=""/><ana lex="สอง" pos="pronoun" trans="two" translit=""/><ana lex="สอง" pos="adjective" trans="two" translit=""/></w><w>ชีวี</w></se><se><w>รัก<ana lex="รัก" pos="verb,transitive" trans="treasure" translit=""/><ana lex="รัก" pos="verb,transitive" trans="adore" translit=""/><ana lex="รัก" pos="PRF" trans="phil-" translit=""/><ana lex="รัก" pos="PRF" trans="philo-" translit=""/><ana lex="รัก" pos="PHRV" trans="be attached to" translit=""/></w><w>ร้อย<ana lex="ร้อย" pos="noun" trans="hundred" translit=""/><ana lex="ร้อย" pos="verb" trans="thread" translit=""/><ana lex="ร้อย" pos="noun" trans="lieutenant" translit=""/><ana lex="ร้อย" pos="PRF" trans="centi-" translit=""/></w><w>ใจ<ana lex="ใจ" pos="noun" trans="heart" translit=""/><ana lex="ใจ" pos="noun" trans="mind" translit=""/></w></se><se><w>ใน<ana lex="ใน" pos="preposition" trans="in" translit=""/><ana lex="ใน" pos="adjective" trans="in" translit=""/><ana lex="ใน" pos="PRF" trans="em-" translit=""/><ana lex="ใน" pos="PRF" trans="en-" translit=""/><ana lex="ใน" pos="PRF" trans="en-" translit=""/><ana lex="ใน" pos="PRF" trans="il-" translit=""/><ana lex="ใน" pos="preposition" trans="of" translit=""/><ana lex="ใน" pos="PRF" trans="in-" translit=""/><ana lex="ใน" pos="PRF" trans="im-" translit=""/><ana lex="ใน" pos="adverb" trans="in" translit=""/><ana lex="ใน" pos="preposition" trans="in" translit=""/></w><w>อักษร<ana lex="อักษร" pos="noun" trans="character" translit=""/><ana lex="อักษร" pos="noun" trans="character" translit=""/><ana lex="อักษร" pos="noun" trans="orthography rule" translit=""/></w></se><se><w>เฝ้า<ana lex="เฝ้า" pos="verb" trans="have an audience with/of" translit=""/><ana lex="เฝ้า" pos="verb" trans="keep an eye on" translit=""/></w><w>คิด<ana lex="คิด" pos="verb,transitive" trans="reckon" translit=""/><ana lex="คิด" pos="verb,intransitive" trans="cerebrate" translit=""/><ana lex="คิด" pos="verb,transitive" trans="conceive" translit=""/><ana lex="คิด" pos="verb,transitive" trans="conceit" translit=""/><ana lex="คิด" pos="PHRV" trans="go over2" translit=""/><ana lex="คิด" pos="verb" trans="create" translit=""/><ana lex="คิด" pos="verb" trans="estimate" translit=""/><ana lex="คิด" pos="verb" trans="want" translit=""/><ana lex="คิด" pos="verb" trans="think" translit=""/><ana lex="คิด" pos="verb" trans="consider" translit=""/><ana lex="คิด" pos="verb" trans="calculate" translit=""/><ana lex="คิด" pos="verb,transitive" trans="think" translit=""/><ana lex="คิด" pos="verb,intransitive" trans="think" translit=""/></w><w>ถึง<ana lex="ถึง" pos="verb" trans="be skillful" translit=""/><ana lex="ถึง" pos="verb,transitive" trans="attain" translit=""/><ana lex="ถึง" pos="conjunction" trans="even though" translit=""/><ana lex="ถึง" pos="preposition" trans="to" translit=""/><ana lex="ถึง" pos="verb" trans="reach" translit=""/><ana lex="ถึง" pos="verb" trans="be ...enough" translit=""/><ana lex="ถึง" pos="preposition" trans="to" translit=""/><ana lex="ถึง" pos="conjunction" trans="then" translit=""/></w></se><se><w>ค<ana lex="ค" pos="noun" trans="[indicating the third item in a listing] Mr. C" translit=""/></w><w>นึง</w><w>หา<ana lex="หา" pos="verb" trans="grope" translit=""/><ana lex="หา" pos="verb" trans="accuse" translit=""/><ana lex="หา" pos="verb" trans="see" translit=""/><ana lex="หา" pos="verb,transitive" trans="find" translit=""/><ana lex="หา" pos="verb" trans="search for" translit=""/></w></se><se><w>ให้<ana lex="ให้" pos="verb,transitive" trans="afford" translit=""/><ana lex="ให้" pos="verb" trans="give" translit=""/><ana lex="ให้" pos="verb,transitive" trans="give" translit=""/><ana lex="ให้" pos="verb,transitive" trans="dispense" translit=""/><ana lex="ให้" pos="verb,transitive" trans="bestow" translit=""/><ana lex="ให้" pos="verb" trans="give" translit=""/><ana lex="ให้" pos="verb,transitive" trans="accord" translit=""/><ana lex="ให้" pos="auxiliary verb" trans="to" translit=""/><ana lex="ให้" pos="verb" trans="permit" translit=""/></w><w>อาวรณ์<ana lex="อาวรณ์" pos="noun" trans="protection; fence; shelter" translit="aaM waawnM"/><ana lex="อาวรณ์" pos="verb" trans="to miss; to care about (a loss); to grieve; to bemoan" translit="aaM waawnM"/><ana lex="อาวรณ์" pos="verb" trans="cling" translit=""/><ana lex="อาวรณ์" pos="noun" trans="shelter" translit=""/></w></se><se><w>มิค<ana lex="มิค" pos="proper noun,person" trans="Mick, Mik [an English given name]" translit="mikH"/><ana lex="มิค" pos="noun" trans="deer" translit=""/><ana lex="มิค" pos="noun" trans="deer" translit=""/></w><w>ลาย<ana lex="ลาย" pos="noun" trans="trait" translit=""/><ana lex="ลาย" pos="noun" trans="design" translit=""/><ana lex="ลาย" pos="noun" trans="design" translit=""/><ana lex="ลาย" pos="adjective" trans="striped" translit=""/><ana lex="ลาย" pos="noun" trans="trait" translit=""/><ana lex="ลาย" pos="noun" trans="scratch" translit=""/></w><w>คลอน<ana lex="คลอน" pos="verb" trans="shake" translit=""/><ana lex="คลอน" pos="adjective" trans="loose" translit=""/><ana lex="คลอน" pos="verb" trans="[as a person or animal] to tremble, shake, stagger, sway, twitch" translit="khlaawnM"/><ana lex="คลอน" pos="verb" trans="shake from side to side" translit=""/></w></se><se><w>วอน<ana lex="วอน" pos="verb" trans="beg" translit=""/><ana lex="วอน" pos="verb" trans="ask for" translit=""/></w><w>รัก<ana lex="รัก" pos="verb,transitive" trans="treasure" translit=""/><ana lex="รัก" pos="verb,transitive" trans="adore" translit=""/><ana lex="รัก" pos="PRF" trans="phil-" translit=""/><ana lex="รัก" pos="PRF" trans="philo-" translit=""/><ana lex="รัก" pos="PHRV" trans="be attached to" translit=""/></w><w>คู่<ana lex="คู่" pos="PRF" trans="di-" translit=""/><ana lex="คู่" pos="adjective" trans="even" translit=""/><ana lex="คู่" pos="noun" trans="pair" translit=""/><ana lex="คู่" pos="noun" trans="pair" translit=""/><ana lex="คู่" pos="noun" trans="dyad" translit=""/><ana lex="คู่" pos="verb" trans="match" translit=""/><ana lex="คู่" pos="classifier" trans="pair" translit=""/><ana lex="คู่" pos="noun" trans="couple" translit=""/></w></se><se><w>สู่<ana lex="สู่" pos="verb" trans="to get to; to arrive at; to reach" translit="suuL"/><ana lex="สู่" pos="adverb" trans="together" translit="suuL"/><ana lex="สู่" pos="preposition" trans="by; to; toward; for; towards" translit="suuL"/><ana lex="สู่" pos="PRF" trans="ana-" translit=""/><ana lex="สู่" pos="verb" trans="share" translit=""/><ana lex="สู่" pos="preposition" trans="to" translit=""/><ana lex="สู่" pos="preposition" trans="unto" translit=""/><ana lex="สู่" pos="verb" trans="visit" translit=""/></w><w>สอง<ana lex="สอง" pos="PRF" trans="bis-" translit=""/><ana lex="สอง" pos="adjective" trans="twain" translit=""/><ana lex="สอง" pos="PRF" trans="bi-" translit=""/><ana lex="สอง" pos="pronoun" trans="two" translit=""/><ana lex="สอง" pos="adjective" trans="two" translit=""/></w><w>ใจ<ana lex="ใจ" pos="noun" trans="heart" translit=""/><ana lex="ใจ" pos="noun" trans="mind" translit=""/></w></se><se><w>ค่ำ<ana lex="ค่ำ" pos="noun" trans="dark" translit=""/><ana lex="ค่ำ" pos="verb" trans="become dark" translit=""/></w><w>คืน<ana lex="คืน" pos="PHRV" trans="give back" translit=""/><ana lex="คืน" pos="classifier" trans="night" translit=""/><ana lex="คืน" pos="PHRV" trans="carry back" translit=""/><ana lex="คืน" pos="verb" trans="return" translit=""/><ana lex="คืน" pos="PHRV" trans="give in to" translit=""/><ana lex="คืน" pos="noun" trans="night" translit=""/><ana lex="คืน" pos="adverb" trans="back" translit=""/></w><w>นี้</w></se><se><w>มี<ana lex="มี" pos="verb" trans="consist of" translit=""/><ana lex="มี" pos="verb" trans="there is/are" translit=""/><ana lex="มี" pos="verb" trans="have" translit=""/><ana lex="มี" pos="verb,transitive" trans="contain" translit=""/><ana lex="มี" pos="verb,transitive" trans="has" translit=""/><ana lex="มี" pos="verb,transitive" trans="have" translit=""/><ana lex="มี" pos="adjective" trans="rich" translit=""/></w><w>เดือน<ana lex="เดือน" pos="noun" trans="moon" translit=""/><ana lex="เดือน" pos="noun" trans="month" translit=""/><ana lex="เดือน" pos="noun" trans="month" translit=""/></w><w>เพ็ญ</w></se><se><w>เช่น<ana lex="เช่น" pos="preposition" trans="like" translit=""/><ana lex="เช่น" pos="conjunction" trans="such as" translit=""/><ana lex="เช่น" pos="preposition" trans="like" translit=""/></w><w>วัน<ana lex="วัน" pos="" trans="[alternate pronunciation of วัน ]" translit="wanM naH"/><ana lex="วัน" pos="noun" trans="day" translit=""/><ana lex="วัน" pos="noun" trans="diem" translit=""/><ana lex="วัน" pos="noun" trans="day" translit=""/></w><w>นั้น<ana lex="นั้น" pos="pronoun" trans="that" translit=""/><ana lex="นั้น" pos="PRON" trans="that" translit=""/></w></se><se><w>รอ<ana lex="รอ" pos="verb" trans="wait for" translit=""/><ana lex="รอ" pos="verb" trans="await (for something to happen)" translit=""/><ana lex="รอ" pos="noun" trans="embankment" translit=""/></w><w>เพียง</w><w>วัน<ana lex="วัน" pos="" trans="[alternate pronunciation of วัน ]" translit="wanM naH"/><ana lex="วัน" pos="noun" trans="day" translit=""/><ana lex="วัน" pos="noun" trans="diem" translit=""/><ana lex="วัน" pos="noun" trans="day" translit=""/></w></se><se><w>ฝัน<ana lex="ฝัน" pos="verb,transitive" trans="dream" translit=""/><ana lex="ฝัน" pos="verb,intransitive" trans="dream" translit=""/><ana lex="ฝัน" pos="verb" trans="dream" translit=""/></w><w>เคียง<ana lex="เคียง" pos="adverb" trans="closely" translit=""/></w><w>ครอง<ana lex="ครอง" pos="verb" trans="occupy" translit=""/><ana lex="ครอง" pos="verb" trans="put on" translit=""/><ana lex="ครอง" pos="verb" trans="rule" translit=""/></w></se><se><w>ผุดผ่อง<ana lex="ผุดผ่อง" pos="adjective" trans="[is] unblemished" translit="phootL phaawngL"/></w><w>ใส<ana lex="ใส" pos="verb" trans="be transparent" translit=""/><ana lex="ใส" pos="adjective" trans="liquid" translit=""/><ana lex="ใส" pos="adjective" trans="transparent" translit=""/><ana lex="ใส" pos="adjective" trans="limpid" translit=""/><ana lex="ใส" pos="adjective" trans="clear" translit=""/></w></se><se><w>สอง<ana lex="สอง" pos="PRF" trans="bis-" translit=""/><ana lex="สอง" pos="adjective" trans="twain" translit=""/><ana lex="สอง" pos="PRF" trans="bi-" translit=""/><ana lex="สอง" pos="pronoun" trans="two" translit=""/><ana lex="สอง" pos="adjective" trans="two" translit=""/></w><w>กาย<ana lex="กาย" pos="" trans="[alternate pronunciation of กาย ]" translit="gaaiM yaH"/><ana lex="กาย" pos="noun" trans="body" translit=""/></w><w>ชิด<ana lex="ชิด" pos="verb,transitive" trans="abut" translit=""/><ana lex="ชิด" pos="verb" trans="be close" translit=""/><ana lex="ชิด" pos="verb,intransitive" trans="abut" translit=""/><ana lex="ชิด" pos="adverb" trans="close" translit=""/><ana lex="ชิด" pos="noun" trans="nipa palm" translit=""/></w></se><se><w>สนิท<ana lex="สนิท" pos="verb" trans="be close to" translit=""/><ana lex="สนิท" pos="adverb" trans="tight" translit=""/><ana lex="สนิท" pos="adjective" trans="close" translit=""/><ana lex="สนิท" pos="verb" trans="intimate" translit=""/></w><w>แนบ<ana lex="แนบ" pos="verb" trans="enclose" translit=""/><ana lex="แนบ" pos="verb" trans="cling" translit=""/></w></se><se><w>แอบ<ana lex="แอบ" pos="verb" trans="hide" translit=""/><ana lex="แอบ" pos="verb" trans="tuck away" translit=""/></w><w>ทรวง<ana lex="ทรวง" pos="noun" trans="[body] chest, bosom" translit="suaangM"/><ana lex="ทรวง" pos="noun" trans="chest" translit=""/></w><w>ใน<ana lex="ใน" pos="preposition" trans="in" translit=""/><ana lex="ใน" pos="adjective" trans="in" translit=""/><ana lex="ใน" pos="PRF" trans="em-" translit=""/><ana lex="ใน" pos="PRF" trans="en-" translit=""/><ana lex="ใน" pos="PRF" trans="en-" translit=""/><ana lex="ใน" pos="PRF" trans="il-" translit=""/><ana lex="ใน" pos="preposition" trans="of" translit=""/><ana lex="ใน" pos="PRF" trans="in-" translit=""/><ana lex="ใน" pos="PRF" trans="im-" translit=""/><ana lex="ใน" pos="adverb" trans="in" translit=""/><ana lex="ใน" pos="preposition" trans="in" translit=""/></w></se><se><w>รัก<ana lex="รัก" pos="verb,transitive" trans="treasure" translit=""/><ana lex="รัก" pos="verb,transitive" trans="adore" translit=""/><ana lex="รัก" pos="PRF" trans="phil-" translit=""/><ana lex="รัก" pos="PRF" trans="philo-" translit=""/><ana lex="รัก" pos="PHRV" trans="be attached to" translit=""/></w><w>ล้น<ana lex="ล้น" pos="verb" trans="overflow" translit=""/><ana lex="ล้น" pos="PHRV" trans="spill over" translit=""/><ana lex="ล้น" pos="verb" trans="be excessive" translit=""/><ana lex="ล้น" pos="PHRV" trans="brim over" translit=""/><ana lex="ล้น" pos="PHRV" trans="bubble over" translit=""/></w><w>ใจ<ana lex="ใจ" pos="noun" trans="heart" translit=""/><ana lex="ใจ" pos="noun" trans="mind" translit=""/></w></se><se><w>หมาย<ana lex="หมาย" pos="noun" trans="warrant" translit=""/><ana lex="หมาย" pos="verb" trans="aim" translit=""/></w><w>เพียง</w><w>เธอ<ana lex="เธอ" pos="PRON" trans="you" translit=""/><ana lex="เธอ" pos="pronoun" trans="she" translit=""/><ana lex="เธอ" pos="pronoun" trans="her" translit=""/><ana lex="เธอ" pos="PRON" trans="she" translit=""/></w></se><se><w>เพ้อ<ana lex="เพ้อ" pos="verb,transitive,intransitive" trans="to be delirious; to rave in delirium; to be in a delirium; to be raving; to have hallucination" translit="phuuhrH"/><ana lex="เพ้อ" pos="verb" trans="rave" translit=""/><ana lex="เพ้อ" pos="verb" trans="speak incoherently" translit=""/><ana lex="เพ้อ" pos="verb" trans="[เพ้อเจ้อ] to speak nonsense; to drivel; blather; babble; prate" translit="phuuhrH"/><ana lex="เพ้อ" pos="verb,transitive,intransitive,colloquial" trans="to ramble; to babble, to witter on about; to talk or write in a desultory or long-winded wandering fashion" translit="phuuhrH"/><ana lex="เพ้อ" pos="noun" trans="[ความเพ้อเจ้อ] nonsense; foolishness; drivel" translit="phuuhrH"/></w><w>รำพัน<ana lex="รำพัน" pos="verb" trans="to complain; grumble" translit="ramM phanM"/></w></se><se><w>.<ana lex="" pos="" trans="" translit=""/></w></se><se><w>ฯ</w></se><se><w>^*^ ^*^ ^*^.<ana lex="" pos="" trans="" translit=""/></w></se><se><w>ว้าว<ana lex="ว้าว" pos="interjection" trans="wow!" translit=""/><ana lex="ว้าว" pos="SL" trans="Cool bananas!" translit=""/><ana lex="ว้าว" pos="SL" trans="Cool beans!" translit=""/><ana lex="ว้าว" pos="SL" trans="Zowie!" translit=""/><ana lex="ว้าว" pos="SL" trans="Zap!" translit=""/><ana lex="ว้าว" pos="SL" trans="Wow!" translit=""/></w><w>ว</w></se><se><w>มด<ana lex="มด" pos="noun" trans="ant" translit=""/><ana lex="มด" pos="noun" trans="ant" translit=""/></w><w>ค่ะ<ana lex="ค่ะ" pos="END" trans="yes" translit=""/></w><w>มด<ana lex="มด" pos="noun" trans="ant" translit=""/><ana lex="มด" pos="noun" trans="ant" translit=""/></w><w>มาน<ana lex="มาน" pos="noun" trans="heart" translit=""/><ana lex="มาน" pos="noun" trans="dropsy" translit=""/><ana lex="มาน" pos="noun" trans="pride" translit=""/><ana lex="มาน" pos="noun" trans="pride" translit=""/><ana lex="มาน" pos="noun" trans="measurement" translit=""/><ana lex="มาน" pos="noun" trans="measurement" translit=""/><ana lex="มาน" pos="noun" trans="heart" translit=""/><ana lex="มาน" pos="noun" trans="dropsy" translit=""/></w><w>กัด<ana lex="กัด" pos="" trans="[alternate spelling of กรรตุ]" translit="gatL"/><ana lex="กัด" pos="verb,transitive" trans="bite" translit=""/><ana lex="กัด" pos="PHRV" trans="eat into" translit=""/><ana lex="กัด" pos="PHRV" trans="bite into" translit=""/><ana lex="กัด" pos="PHRV" trans="gnaw away" translit=""/><ana lex="กัด" pos="verb" trans="corrode" translit=""/><ana lex="กัด" pos="PHRV" trans="bite on" translit=""/><ana lex="กัด" pos="verb" trans="bite" translit=""/><ana lex="กัด" pos="verb" trans="quarrel" translit=""/></w></se><se><w>.^*^<ana lex="" pos="" trans="" translit=""/></w></se><se><w>หวาน<ana lex="หวาน" pos="verb" trans="keep turning" translit=""/><ana lex="หวาน" pos="adjective" trans="sweet-sounding" translit=""/><ana lex="หวาน" pos="adverb" trans="as easy as pie" translit=""/><ana lex="หวาน" pos="adjective" trans="sweet" translit=""/></w><w>ซา<ana lex="ซา" pos="verb" trans="moderate" translit=""/></w><w>หนิดเลยจ้าา</w></se><se><w>อิอิ<ana lex="อิอิ" pos="interjection" trans="[sound of laughter; cuter than หุหุ]" translit="iL iL"/></w></se><se><w>^*^.^____^.^*^<ana lex="" pos="" trans="" translit=""/></w></se><se><w>รา<ana lex="รา" pos="noun" trans="mould" translit=""/><ana lex="รา" pos="verb" trans="cease" translit=""/><ana lex="รา" pos="noun" trans="fungus" translit=""/><ana lex="รา" pos="noun" trans="mold" translit=""/></w><w>ชิ<ana lex="ชิ" pos="interjection" trans="exclamation of anger" translit=""/><ana lex="ชิ" pos="interjection" trans="[an exclamation of disgust or contempt] sheez!" translit="chiH"/></w><w>กา<ana lex="กา" pos="noun" trans="crow" translit=""/><ana lex="กา" pos="noun" trans="kettle" translit=""/><ana lex="กา" pos="verb" trans="mark" translit=""/></w></se><se><w>อื้อ<ana lex="อื้อ" pos="adverb" trans="abundant" translit=""/></w><w>ตรวจ<ana lex="ตรวจ" pos="verb" trans="check" translit=""/><ana lex="ตรวจ" pos="verb" trans="patrol" translit=""/><ana lex="ตรวจ" pos="verb" trans="survey" translit=""/><ana lex="ตรวจ" pos="verb" trans="diagnose" translit=""/></w><w>เบาหวาน<ana lex="เบาหวาน" pos="noun" trans="diabetes" translit="baoM waanR"/><ana lex="เบาหวาน" pos="noun" trans="diabetes" translit=""/></w><w>หรือ<ana lex="หรือ" pos="conjunction" trans="or" translit=""/><ana lex="หรือ" pos="conjunction" trans="or" translit=""/><ana lex="หรือ" pos="END" trans="isn't it" translit=""/></w><w>ยัง<ana lex="ยัง" pos="preposition" trans="to" translit=""/><ana lex="ยัง" pos="adverb" trans="also" translit=""/><ana lex="ยัง" pos="adverb" trans="yet" translit=""/><ana lex="ยัง" pos="adverb" trans="still" translit=""/></w><w>จ้ะ<ana lex="จ้ะ" pos="particle" trans="[spoken to a person of lower status, or to an intimate acquaintance] yes" translit="jaF"/><ana lex="จ้ะ" pos="particle" trans="[polite particle, alternative to คะ ]" translit="jaF"/></w></se><se><w>อย่า<ana lex="อย่า" pos="auxiliary verb" trans="do not" translit=""/></w><w>ทาน<ana lex="ทาน" pos="verb" trans="eat" translit=""/><ana lex="ทาน" pos="verb" trans="check up" translit=""/><ana lex="ทาน" pos="verb,transitive" trans="take" translit=""/><ana lex="ทาน" pos="verb" trans="resist" translit=""/><ana lex="ทาน" pos="noun" trans="alms" translit=""/></w><w>หวาน<ana lex="หวาน" pos="verb" trans="keep turning" translit=""/><ana lex="หวาน" pos="adjective" trans="sweet-sounding" translit=""/><ana lex="หวาน" pos="adverb" trans="as easy as pie" translit=""/><ana lex="หวาน" pos="adjective" trans="sweet" translit=""/></w><w>มาก<ana lex="มาก" pos="adverb" trans="deep" translit=""/><ana lex="มาก" pos="adjective" trans="good" translit=""/><ana lex="มาก" pos="PRF" trans="multi-" translit=""/><ana lex="มาก" pos="adjective" trans="deep" translit=""/><ana lex="มาก" pos="adjective" trans="mickle" translit=""/><ana lex="มาก" pos="PRF" trans="mult-" translit=""/><ana lex="มาก" pos="PRF" trans="multi-" translit=""/><ana lex="มาก" pos="adjective" trans="much" translit=""/><ana lex="มาก" pos="adverb" trans="so" translit=""/><ana lex="มาก" pos="adverb" trans="very much" translit=""/><ana lex="มาก" pos="idiom" trans="quite a bit" translit=""/><ana lex="มาก" pos="idiom" trans="quite a lot" translit=""/><ana lex="มาก" pos="idiom" trans="quite a few" translit=""/><ana lex="มาก" pos="adjective" trans="such" translit=""/><ana lex="มาก" pos="idiom" trans="quite a number" translit=""/><ana lex="มาก" pos="SL" trans="boku" translit=""/><ana lex="มาก" pos="PRF" trans="poly-" translit=""/><ana lex="มาก" pos="SL" trans="bokoo" translit=""/><ana lex="มาก" pos="adverb" trans="abundantly" translit=""/></w><w>นะ<ana lex="นะ" pos="END" trans="particle used at the end of a clause" translit=""/></w><w>เดี๋ยว<ana lex="เดี๋ยว" pos="adverb" trans="awhile" translit=""/><ana lex="เดี๋ยว" pos="adverb" trans="otherwise" translit=""/></w><w>อ้วน<ana lex="อ้วน" pos="adjective" trans="fat" translit=""/><ana lex="อ้วน" pos="adjective" trans="pyknic" translit=""/><ana lex="อ้วน" pos="verb,intransitive" trans="fatten" translit=""/><ana lex="อ้วน" pos="adjective" trans="porky" translit=""/><ana lex="อ้วน" pos="verb" trans="be fat" translit=""/><ana lex="อ้วน" pos="adjective" trans="fleshy" translit=""/><ana lex="อ้วน" pos="adjective" trans="fat" translit=""/></w></se><se><w>อิอิ<ana lex="อิอิ" pos="interjection" trans="[sound of laughter; cuter than หุหุ]" translit="iL iL"/></w></se><se><w>ทาย<ana lex="ทาย" pos="verb" trans="guess" translit=""/></w><w>ผัก<ana lex="ผัก" pos="noun" trans="vegetable" translit=""/><ana lex="ผัก" pos="noun" trans="veggie" translit=""/><ana lex="ผัก" pos="noun" trans="vegetable" translit=""/></w><w>ดี<ana lex="ดี" pos="adjective" trans="fine" translit=""/><ana lex="ดี" pos="adjective" trans="braw" translit=""/><ana lex="ดี" pos="SL" trans="hunky-dory" translit=""/><ana lex="ดี" pos="adjective" trans="useful" translit=""/><ana lex="ดี" pos="noun" trans="gallbladder" translit=""/><ana lex="ดี" pos="adjective" trans="nice" translit=""/><ana lex="ดี" pos="adjective" trans="fine" translit=""/><ana lex="ดี" pos="adjective" trans="tidy" translit=""/><ana lex="ดี" pos="SL" trans="kushty" translit=""/><ana lex="ดี" pos="SL" trans="tickety-boo" translit=""/><ana lex="ดี" pos="adjective" trans="well" translit=""/><ana lex="ดี" pos="PRF" trans="eu-" translit=""/><ana lex="ดี" pos="idiom" trans="Well and good" translit=""/><ana lex="ดี" pos="adjective" trans="good" translit=""/><ana lex="ดี" pos="adverb" trans="well" translit=""/><ana lex="ดี" pos="adjective" trans="high" translit=""/><ana lex="ดี" pos="adjective" trans="nice" translit=""/><ana lex="ดี" pos="adjective" trans="nice" translit=""/><ana lex="ดี" pos="adjective" trans="well" translit=""/></w><w>กว่า<ana lex="กว่า" pos="adverb" trans="more" translit=""/><ana lex="กว่า" pos="DET" trans="over" translit=""/><ana lex="กว่า" pos="preposition" trans="till" translit=""/></w></se><se><w>มี<ana lex="มี" pos="verb" trans="consist of" translit=""/><ana lex="มี" pos="verb" trans="there is/are" translit=""/><ana lex="มี" pos="verb" trans="have" translit=""/><ana lex="มี" pos="verb,transitive" trans="contain" translit=""/><ana lex="มี" pos="verb,transitive" trans="has" translit=""/><ana lex="มี" pos="verb,transitive" trans="have" translit=""/><ana lex="มี" pos="adjective" trans="rich" translit=""/></w><w>ขม<ana lex="ขม" pos="noun" trans="spinach" translit=""/><ana lex="ขม" pos="adjective" trans="bitter" translit=""/><ana lex="ขม" pos="noun" trans="freshwater snail" translit=""/><ana lex="ขม" pos="adjective" trans="bitter" translit=""/></w><w>มี<ana lex="มี" pos="verb" trans="consist of" translit=""/><ana lex="มี" pos="verb" trans="there is/are" translit=""/><ana lex="มี" pos="verb" trans="have" translit=""/><ana lex="มี" pos="verb,transitive" trans="contain" translit=""/><ana lex="มี" pos="verb,transitive" trans="has" translit=""/><ana lex="มี" pos="verb,transitive" trans="have" translit=""/><ana lex="มี" pos="adjective" trans="rich" translit=""/></w><w>หวาน<ana lex="หวาน" pos="verb" trans="keep turning" translit=""/><ana lex="หวาน" pos="adjective" trans="sweet-sounding" translit=""/><ana lex="หวาน" pos="adverb" trans="as easy as pie" translit=""/><ana lex="หวาน" pos="adjective" trans="sweet" translit=""/></w><w>ผสม<ana lex="ผสม" pos="verb,transitive" trans="intermix" translit=""/><ana lex="ผสม" pos="verb,intransitive" trans="shuffle" translit=""/><ana lex="ผสม" pos="verb,intransitive" trans="compound" translit=""/><ana lex="ผสม" pos="verb,transitive" trans="compound" translit=""/><ana lex="ผสม" pos="verb,intransitive" trans="mingle" translit=""/><ana lex="ผสม" pos="verb,intransitive" trans="mix" translit=""/><ana lex="ผสม" pos="PHRV" trans="mix up" translit=""/><ana lex="ผสม" pos="verb,intransitive" trans="intermix" translit=""/><ana lex="ผสม" pos="verb" trans="mix" translit=""/><ana lex="ผสม" pos="verb,transitive" trans="blend" translit=""/><ana lex="ผสม" pos="verb,transitive" trans="mingle" translit=""/><ana lex="ผสม" pos="verb,transitive" trans="shuffle" translit=""/><ana lex="ผสม" pos="verb,transitive" trans="commix" translit=""/><ana lex="ผสม" pos="verb,transitive" trans="mix" translit=""/></w><w>กัน<ana lex="กัน" pos="verb" trans="keep out" translit=""/><ana lex="กัน" pos="PRON" trans="one another" translit=""/><ana lex="กัน" pos="PHRV" trans="screen off" translit=""/><ana lex="กัน" pos="adverb" trans="together" translit=""/><ana lex="กัน" pos="verb" trans="shave" translit=""/><ana lex="กัน" pos="verb" trans="separate" translit=""/></w></se><se><w>ทาย<ana lex="ทาย" pos="verb" trans="guess" translit=""/></w><w>แล้ว<ana lex="แล้ว" pos="adverb" trans="already" translit=""/><ana lex="แล้ว" pos="adverb" trans="already" translit=""/><ana lex="แล้ว" pos="adverb" trans="by now" translit=""/><ana lex="แล้ว" pos="adverb" trans="already" translit=""/></w><w>แข็งแรง<ana lex="แข็งแรง" pos="adjective" trans="powerful" translit=""/><ana lex="แข็งแรง" pos="adjective" trans="tough" translit=""/><ana lex="แข็งแรง" pos="adjective" trans="staunch" translit=""/><ana lex="แข็งแรง" pos="idiom" trans="in shape" translit=""/><ana lex="แข็งแรง" pos="adjective" trans="stout" translit=""/><ana lex="แข็งแรง" pos="adjective" trans="red-blooded" translit=""/><ana lex="แข็งแรง" pos="adjective" trans="strong" translit=""/><ana lex="แข็งแรง" pos="adjective" trans="hearty" translit=""/><ana lex="แข็งแรง" pos="adjective" trans="robust" translit=""/><ana lex="แข็งแรง" pos="adjective" trans="substantial" translit=""/><ana lex="แข็งแรง" pos="verb" trans="be healthy" translit=""/><ana lex="แข็งแรง" pos="adjective" trans="hefty" translit=""/><ana lex="แข็งแรง" pos="adjective" trans="lusty" translit=""/><ana lex="แข็งแรง" pos="adjective" trans="husky" translit=""/><ana lex="แข็งแรง" pos="adjective" trans="sound" translit=""/><ana lex="แข็งแรง" pos="adjective" trans="vigorous" translit=""/><ana lex="แข็งแรง" pos="adjective" trans="able-bodied" translit=""/><ana lex="แข็งแรง" pos="idiom" trans="feel fit" translit=""/></w><w>ได้<ana lex="ได้" pos="PHRV" trans="get out of" translit=""/><ana lex="ได้" pos="auxiliary verb" trans="be able to" translit=""/><ana lex="ได้" pos="verb" trans="get" translit=""/><ana lex="ได้" pos="" trans="[alternate pronunciation of ได้ ]" translit="daaiF"/><ana lex="ได้" pos="auxiliary verb" trans="used as an auxiliary verb before a principal verb to indicate the past tense" translit=""/><ana lex="ได้" pos="verb,transitive" trans="get" translit=""/><ana lex="ได้" pos="adverb" trans="can" translit=""/></w><w>วิน<ana lex="วิน" pos="noun" trans="taxi or motocycle stand" translit="winM"/></w><w>ตามิน</w></se><se><w>อิจฉา<ana lex="อิจฉา" pos="adjective" trans="jealous" translit=""/><ana lex="อิจฉา" pos="verb" trans="envy" translit=""/><ana lex="อิจฉา" pos="verb,transitive" trans="grudge" translit=""/></w><w>จัง<ana lex="จัง" pos="adverb" trans="greatly" translit=""/></w></se><se><w>.<ana lex="" pos="" trans="" translit=""/></w></se><se><w>คน<ana lex="คน" pos="noun" trans="bloke" translit=""/><ana lex="คน" pos="verb,transitive" trans="mill" translit=""/><ana lex="คน" pos="PRF" trans="anthropo-" translit=""/><ana lex="คน" pos="noun" trans="human" translit=""/><ana lex="คน" pos="noun" trans="people" translit=""/><ana lex="คน" pos="noun" trans="being" translit=""/><ana lex="คน" pos="PHRV" trans="stir about" translit=""/><ana lex="คน" pos="PHRV" trans="stir around" translit=""/><ana lex="คน" pos="SL" trans="bod" translit=""/><ana lex="คน" pos="classifier" trans="person" translit=""/><ana lex="คน" pos="verb" trans="stir" translit=""/></w><w>ที่<ana lex="ที่" pos="PRON" trans="that" translit=""/><ana lex="ที่" pos="preposition" trans="at" translit=""/><ana lex="ที่" pos="noun" trans="word for utensil" translit=""/><ana lex="ที่" pos="preposition" trans="at" translit=""/><ana lex="ที่" pos="noun" trans="place" translit=""/><ana lex="ที่" pos="classifier" trans="qualifiers for places" translit=""/><ana lex="ที่" pos="noun" trans="ordinal number" translit=""/><ana lex="ที่" pos="preposition" trans="to" translit=""/><ana lex="ที่" pos="noun" trans="land" translit=""/></w><w>คิด<ana lex="คิด" pos="verb,transitive" trans="reckon" translit=""/><ana lex="คิด" pos="verb,intransitive" trans="cerebrate" translit=""/><ana lex="คิด" pos="verb,transitive" trans="conceive" translit=""/><ana lex="คิด" pos="verb,transitive" trans="conceit" translit=""/><ana lex="คิด" pos="PHRV" trans="go over2" translit=""/><ana lex="คิด" pos="verb" trans="create" translit=""/><ana lex="คิด" pos="verb" trans="estimate" translit=""/><ana lex="คิด" pos="verb" trans="want" translit=""/><ana lex="คิด" pos="verb" trans="think" translit=""/><ana lex="คิด" pos="verb" trans="consider" translit=""/><ana lex="คิด" pos="verb" trans="calculate" translit=""/><ana lex="คิด" pos="verb,transitive" trans="think" translit=""/><ana lex="คิด" pos="verb,intransitive" trans="think" translit=""/></w><w>ถึง<ana lex="ถึง" pos="verb" trans="be skillful" translit=""/><ana lex="ถึง" pos="verb,transitive" trans="attain" translit=""/><ana lex="ถึง" pos="conjunction" trans="even though" translit=""/><ana lex="ถึง" pos="preposition" trans="to" translit=""/><ana lex="ถึง" pos="verb" trans="reach" translit=""/><ana lex="ถึง" pos="verb" trans="be ...enough" translit=""/><ana lex="ถึง" pos="preposition" trans="to" translit=""/><ana lex="ถึง" pos="conjunction" trans="then" translit=""/></w><w>นะ<ana lex="นะ" pos="END" trans="particle used at the end of a clause" translit=""/></w></se></body>