<body><meta><link>http://www.thaipoem.com/%E0%B8%81%E0%B8%A5%E0%B8%AD%E0%B8%99/%E0%B8%81%E0%B8%A5%E0%B8%AD%E0%B8%99%E0%B8%AD%E0%B8%81%E0%B8%AB%E0%B8%B1%E0%B8%81-%E0%B8%A3%E0%B8%B1%E0%B8%81%E0%B8%AB%E0%B8%A7%E0%B8%B2%E0%B8%99%E0%B8%8B%E0%B8%B6%E0%B9%89%E0%B8%87/65353</link><title>*_* ONLY YOU *_*</title><genre>poem</genre></meta><se><w>อยาก<ana lex="อยาก" pos="PHRV" trans="care for" translit=""/><ana lex="อยาก" pos="PHRV" trans="feel like" translit=""/></w><w>ให้<ana lex="ให้" pos="verb,transitive" trans="afford" translit=""/><ana lex="ให้" pos="verb" trans="give" translit=""/><ana lex="ให้" pos="verb,transitive" trans="give" translit=""/><ana lex="ให้" pos="verb,transitive" trans="dispense" translit=""/><ana lex="ให้" pos="verb,transitive" trans="bestow" translit=""/><ana lex="ให้" pos="verb" trans="give" translit=""/><ana lex="ให้" pos="verb,transitive" trans="accord" translit=""/><ana lex="ให้" pos="auxiliary verb" trans="to" translit=""/><ana lex="ให้" pos="verb" trans="permit" translit=""/></w><w>คุณ<ana lex="คุณ" pos="" trans="[alternate pronunciation of คุณ ]" translit="khoonM naH"/><ana lex="คุณ" pos="noun" trans="Miss" translit=""/><ana lex="คุณ" pos="PRON" trans="you" translit=""/><ana lex="คุณ" pos="noun" trans="thou" translit=""/><ana lex="คุณ" pos="noun" trans="Khun" translit=""/><ana lex="คุณ" pos="noun" trans="black magic" translit=""/><ana lex="คุณ" pos="noun" trans="kindness" translit=""/><ana lex="คุณ" pos="noun" trans="advantage" translit=""/></w><w>รัก<ana lex="รัก" pos="verb,transitive" trans="treasure" translit=""/><ana lex="รัก" pos="verb,transitive" trans="adore" translit=""/><ana lex="รัก" pos="PRF" trans="phil-" translit=""/><ana lex="รัก" pos="PRF" trans="philo-" translit=""/><ana lex="รัก" pos="PHRV" trans="be attached to" translit=""/></w><w>ใน<ana lex="ใน" pos="preposition" trans="in" translit=""/><ana lex="ใน" pos="adjective" trans="in" translit=""/><ana lex="ใน" pos="PRF" trans="em-" translit=""/><ana lex="ใน" pos="PRF" trans="en-" translit=""/><ana lex="ใน" pos="PRF" trans="en-" translit=""/><ana lex="ใน" pos="PRF" trans="il-" translit=""/><ana lex="ใน" pos="preposition" trans="of" translit=""/><ana lex="ใน" pos="PRF" trans="in-" translit=""/><ana lex="ใน" pos="PRF" trans="im-" translit=""/><ana lex="ใน" pos="adverb" trans="in" translit=""/><ana lex="ใน" pos="preposition" trans="in" translit=""/></w><w>สัก<ana lex="สัก" pos="noun" trans="teak" translit=""/><ana lex="สัก" pos="verb" trans="tattoo" translit=""/><ana lex="สัก" pos="verb" trans="stretch" translit=""/><ana lex="สัก" pos="adverb" trans="just" translit=""/></w><w>วัน<ana lex="วัน" pos="" trans="[alternate pronunciation of วัน ]" translit="wanM naH"/><ana lex="วัน" pos="noun" trans="day" translit=""/><ana lex="วัน" pos="noun" trans="diem" translit=""/><ana lex="วัน" pos="noun" trans="day" translit=""/></w></se><se><w>ทั้ง<ana lex="ทั้ง" pos="DET" trans="both" translit=""/><ana lex="ทั้ง" pos="PRON" trans="whole" translit=""/></w><w>รู้<ana lex="รู้" pos="verb,transitive" trans="tell" translit=""/><ana lex="รู้" pos="verb,transitive" trans="ken" translit=""/><ana lex="รู้" pos="verb,intransitive" trans="ken" translit=""/><ana lex="รู้" pos="PHRV" trans="hear about" translit=""/><ana lex="รู้" pos="verb,transitive" trans="know" translit=""/><ana lex="รู้" pos="verb" trans="know" translit=""/></w><w>ว่า</w><w>เป็น<ana lex="เป็น" pos="auxiliary verb" trans="are" translit=""/><ana lex="เป็น" pos="verb,intransitive" trans="been" translit=""/><ana lex="เป็น" pos="verb,intransitive" trans="come" translit=""/><ana lex="เป็น" pos="verb" trans="be able to" translit=""/><ana lex="เป็น" pos="verb" trans="be" translit=""/><ana lex="เป็น" pos="adjective" trans="alive" translit=""/></w><w>เรื่อง<ana lex="เรื่อง" pos="noun" trans="subject matter" translit=""/><ana lex="เรื่อง" pos="noun" trans="trouble" translit=""/></w><w>ฝัน<ana lex="ฝัน" pos="verb,transitive" trans="dream" translit=""/><ana lex="ฝัน" pos="verb,intransitive" trans="dream" translit=""/><ana lex="ฝัน" pos="verb" trans="dream" translit=""/></w><w>ถ้า<ana lex="ถ้า" pos="conjunction" trans="if" translit=""/><ana lex="ถ้า" pos="conjunction" trans="if" translit=""/><ana lex="ถ้า" pos="conjunction" trans="when" translit=""/></w><w>คุณ<ana lex="คุณ" pos="" trans="[alternate pronunciation of คุณ ]" translit="khoonM naH"/><ana lex="คุณ" pos="noun" trans="Miss" translit=""/><ana lex="คุณ" pos="PRON" trans="you" translit=""/><ana lex="คุณ" pos="noun" trans="thou" translit=""/><ana lex="คุณ" pos="noun" trans="Khun" translit=""/><ana lex="คุณ" pos="noun" trans="black magic" translit=""/><ana lex="คุณ" pos="noun" trans="kindness" translit=""/><ana lex="คุณ" pos="noun" trans="advantage" translit=""/></w><w>จะ<ana lex="จะ" pos="auxiliary verb" trans="will" translit=""/><ana lex="จะ" pos="auxiliary verb" trans="will" translit=""/><ana lex="จะ" pos="" trans="[alternate spelling of จ้ะ]" translit="jaL"/></w><w>ทำให้<ana lex="ทำให้" pos="auxiliary verb" trans="[ทำให้] [prefix which creates a verb from an adjective, corresponding to the English suffix (adj.)-en] to cause to be...; to make...; to effect...; to render as..." translit="thamM haiF"/><ana lex="ทำให้" pos="verb" trans="cause" translit=""/></w></se><se><w>อยาก<ana lex="อยาก" pos="PHRV" trans="care for" translit=""/><ana lex="อยาก" pos="PHRV" trans="feel like" translit=""/></w><w>ให้<ana lex="ให้" pos="verb,transitive" trans="afford" translit=""/><ana lex="ให้" pos="verb" trans="give" translit=""/><ana lex="ให้" pos="verb,transitive" trans="give" translit=""/><ana lex="ให้" pos="verb,transitive" trans="dispense" translit=""/><ana lex="ให้" pos="verb,transitive" trans="bestow" translit=""/><ana lex="ให้" pos="verb" trans="give" translit=""/><ana lex="ให้" pos="verb,transitive" trans="accord" translit=""/><ana lex="ให้" pos="auxiliary verb" trans="to" translit=""/><ana lex="ให้" pos="verb" trans="permit" translit=""/></w><w>คุณ<ana lex="คุณ" pos="" trans="[alternate pronunciation of คุณ ]" translit="khoonM naH"/><ana lex="คุณ" pos="noun" trans="Miss" translit=""/><ana lex="คุณ" pos="PRON" trans="you" translit=""/><ana lex="คุณ" pos="noun" trans="thou" translit=""/><ana lex="คุณ" pos="noun" trans="Khun" translit=""/><ana lex="คุณ" pos="noun" trans="black magic" translit=""/><ana lex="คุณ" pos="noun" trans="kindness" translit=""/><ana lex="คุณ" pos="noun" trans="advantage" translit=""/></w></se><se><w>.<ana lex="" pos="" trans="" translit=""/></w></se><se><w>หึง<ana lex="หึง" pos="verb" trans="be jealous" translit=""/></w></se><se><w>.<ana lex="" pos="" trans="" translit=""/></w></se><se><w>หวง<ana lex="หวง" pos="adjective" trans="[is] jealous (of); possessive; clinging; clingy; overly attached" translit="huaangR"/><ana lex="หวง" pos="noun" trans="[ความหวง] jealousy" translit="huaangR"/><ana lex="หวง" pos="verb" trans="to dearly retain; to cling to; to possess closely" translit="huaangR"/><ana lex="หวง" pos="adjective" trans="[is] jealous (of); possessive; clinging; clingy; overly attached" translit="huaangR"/><ana lex="หวง" pos="noun" trans="[ความหวง] jealousy" translit="huaangR"/><ana lex="หวง" pos="verb" trans="be grudge" translit=""/><ana lex="หวง" pos="verb" trans="to dearly retain; to cling to; to possess closely" translit="huaangR"/></w></se><se><w>.<ana lex="" pos="" trans="" translit=""/></w></se><se><w>ห่วงใย<ana lex="ห่วงใย" pos="verb" trans="worry" translit=""/><ana lex="ห่วงใย" pos="PHRV" trans="devour with" translit=""/><ana lex="ห่วงใย" pos="verb" trans="to worry (about)" translit="huaangL yaiM"/><ana lex="ห่วงใย" pos="verb,transitive" trans="care" translit=""/><ana lex="ห่วงใย" pos="verb,intransitive" trans="care" translit=""/></w></se><se><w>มอง<ana lex="มอง" pos="SL" trans="varda" translit=""/><ana lex="มอง" pos="verb" trans="look" translit=""/></w><w>ฉัน<ana lex="ฉัน" pos="" trans="[alternate pronunciation of ฉัน ]" translit="chanH"/><ana lex="ฉัน" pos="pronoun" trans="me" translit=""/></w><w>เป็น<ana lex="เป็น" pos="auxiliary verb" trans="are" translit=""/><ana lex="เป็น" pos="verb,intransitive" trans="been" translit=""/><ana lex="เป็น" pos="verb,intransitive" trans="come" translit=""/><ana lex="เป็น" pos="verb" trans="be able to" translit=""/><ana lex="เป็น" pos="verb" trans="be" translit=""/><ana lex="เป็น" pos="adjective" trans="alive" translit=""/></w><w>คน<ana lex="คน" pos="noun" trans="bloke" translit=""/><ana lex="คน" pos="verb,transitive" trans="mill" translit=""/><ana lex="คน" pos="PRF" trans="anthropo-" translit=""/><ana lex="คน" pos="noun" trans="human" translit=""/><ana lex="คน" pos="noun" trans="people" translit=""/><ana lex="คน" pos="noun" trans="being" translit=""/><ana lex="คน" pos="PHRV" trans="stir about" translit=""/><ana lex="คน" pos="PHRV" trans="stir around" translit=""/><ana lex="คน" pos="SL" trans="bod" translit=""/><ana lex="คน" pos="classifier" trans="person" translit=""/><ana lex="คน" pos="verb" trans="stir" translit=""/></w><w>พิเศษ<ana lex="พิเศษ" pos="noun,formal,loanword,Pali" trans="Emeritus" translit="phiH saehtL"/><ana lex="พิเศษ" pos="adjective" trans="special; particular; unique; extraordinary; extra" translit="phiH saehtL"/><ana lex="พิเศษ" pos="noun" trans="distinction; uniqueness; peculiarity; oddity" translit="phiH saehtL"/><ana lex="พิเศษ" pos="adverb" trans="specially" translit=""/><ana lex="พิเศษ" pos="adjective" trans="special" translit=""/></w><w>กว่า<ana lex="กว่า" pos="adverb" trans="more" translit=""/><ana lex="กว่า" pos="DET" trans="over" translit=""/><ana lex="กว่า" pos="preposition" trans="till" translit=""/></w><w>ใคร<ana lex="ใคร" pos="PRON" trans="who" translit=""/><ana lex="ใคร" pos="pronoun" trans="who" translit=""/></w></se><se><w>ๆ<ana lex="ๆ" pos="" trans="[repetition character]" translit=""/></w></se><se><w>ที่<ana lex="ที่" pos="PRON" trans="that" translit=""/><ana lex="ที่" pos="preposition" trans="at" translit=""/><ana lex="ที่" pos="noun" trans="word for utensil" translit=""/><ana lex="ที่" pos="preposition" trans="at" translit=""/><ana lex="ที่" pos="noun" trans="place" translit=""/><ana lex="ที่" pos="classifier" trans="qualifiers for places" translit=""/><ana lex="ที่" pos="noun" trans="ordinal number" translit=""/><ana lex="ที่" pos="preposition" trans="to" translit=""/><ana lex="ที่" pos="noun" trans="land" translit=""/></w><w>ผ่าน<ana lex="ผ่าน" pos="PHRV" trans="get by1" translit=""/><ana lex="ผ่าน" pos="verb" trans="ask a high price" translit=""/><ana lex="ผ่าน" pos="verb" trans="pass" translit=""/><ana lex="ผ่าน" pos="verb" trans="change" translit=""/><ana lex="ผ่าน" pos="PHRV" trans="enter by" translit=""/><ana lex="ผ่าน" pos="verb" trans="overcome" translit=""/><ana lex="ผ่าน" pos="verb,transitive" trans="passage" translit=""/><ana lex="ผ่าน" pos="verb,intransitive" trans="passage" translit=""/><ana lex="ผ่าน" pos="adverb" trans="thru" translit=""/><ana lex="ผ่าน" pos="preposition" trans="thru" translit=""/><ana lex="ผ่าน" pos="PRF" trans="dia-" translit=""/><ana lex="ผ่าน" pos="verb" trans="carry" translit=""/><ana lex="ผ่าน" pos="PRF" trans="per-" translit=""/><ana lex="ผ่าน" pos="PHRV" trans="get through2" translit=""/><ana lex="ผ่าน" pos="PHRV" trans="go past" translit=""/><ana lex="ผ่าน" pos="verb" trans="be used to" translit=""/><ana lex="ผ่าน" pos="adjective" trans="thru" translit=""/><ana lex="ผ่าน" pos="PHRV" trans="be past" translit=""/><ana lex="ผ่าน" pos="preposition" trans="by" translit=""/></w><w>มา<ana lex="มา" pos="PHRV" trans="get in1" translit=""/><ana lex="มา" pos="adverb" trans="coming (toward the present; or toward the focal time)" translit=""/><ana lex="มา" pos="verb,intransitive" trans="come" translit=""/><ana lex="มา" pos="verb" trans="arrive" translit=""/></w></se><se><w>ใช่<ana lex="ใช่" pos="adverb" trans="yes" translit=""/></w></se><se><w>!<ana lex="" pos="" trans="" translit=""/></w></se><se><w>ฉัน<ana lex="ฉัน" pos="" trans="[alternate pronunciation of ฉัน ]" translit="chanH"/><ana lex="ฉัน" pos="pronoun" trans="me" translit=""/></w><w>อาจ<ana lex="อาจ" pos="adjective" trans="brave" translit=""/><ana lex="อาจ" pos="adverb" trans="can" translit=""/><ana lex="อาจ" pos="auxiliary verb" trans="could" translit=""/></w><w>เป็น<ana lex="เป็น" pos="auxiliary verb" trans="are" translit=""/><ana lex="เป็น" pos="verb,intransitive" trans="been" translit=""/><ana lex="เป็น" pos="verb,intransitive" trans="come" translit=""/><ana lex="เป็น" pos="verb" trans="be able to" translit=""/><ana lex="เป็น" pos="verb" trans="be" translit=""/><ana lex="เป็น" pos="adjective" trans="alive" translit=""/></w><w>แค่<ana lex="แค่" pos="adverb" trans="only" translit=""/></w></se><se><w>.<ana lex="" pos="" trans="" translit=""/></w></se><se><w>คน<ana lex="คน" pos="noun" trans="bloke" translit=""/><ana lex="คน" pos="verb,transitive" trans="mill" translit=""/><ana lex="คน" pos="PRF" trans="anthropo-" translit=""/><ana lex="คน" pos="noun" trans="human" translit=""/><ana lex="คน" pos="noun" trans="people" translit=""/><ana lex="คน" pos="noun" trans="being" translit=""/><ana lex="คน" pos="PHRV" trans="stir about" translit=""/><ana lex="คน" pos="PHRV" trans="stir around" translit=""/><ana lex="คน" pos="SL" trans="bod" translit=""/><ana lex="คน" pos="classifier" trans="person" translit=""/><ana lex="คน" pos="verb" trans="stir" translit=""/></w></se><se><w>ๆ<ana lex="ๆ" pos="" trans="[repetition character]" translit=""/></w></se><se><w>หนึ่ง<ana lex="หนึ่ง" pos="adjective" trans="ae" translit=""/><ana lex="หนึ่ง" pos="PRF" trans="uni-" translit=""/></w></se><se><w>ไม่<ana lex="ไม่" pos="adverb" trans="not" translit=""/><ana lex="ไม่" pos="PRF" trans="an-" translit=""/><ana lex="ไม่" pos="PRF" trans="un-" translit=""/><ana lex="ไม่" pos="PRF" trans="un-" translit=""/><ana lex="ไม่" pos="adjective" trans="nary" translit=""/><ana lex="ไม่" pos="NEG" trans="not" translit=""/><ana lex="ไม่" pos="PRF" trans="in-" translit=""/><ana lex="ไม่" pos="adverb" trans="no" translit=""/><ana lex="ไม่" pos="PRF" trans="non-" translit=""/><ana lex="ไม่" pos="PRF" trans="non-" translit=""/><ana lex="ไม่" pos="PRF" trans="in-" translit=""/><ana lex="ไม่" pos="SL" trans="no soup" translit=""/><ana lex="ไม่" pos="SL" trans="no sale" translit=""/><ana lex="ไม่" pos="SL" trans="nope" translit=""/><ana lex="ไม่" pos="SL" trans="No way!" translit=""/><ana lex="ไม่" pos="NEG" trans="not" translit=""/><ana lex="ไม่" pos="SL" trans="Nuts!" translit=""/></w><w>น่า<ana lex="น่า" pos="auxiliary verb" trans="should" translit=""/><ana lex="น่า" pos="" trans="[alternate spelling of นะ ]" translit="naaF"/></w><w>ลึกซึ้ง<ana lex="ลึกซึ้ง" pos="adjective" trans="in-depth" translit=""/><ana lex="ลึกซึ้ง" pos="adjective" trans="profound" translit=""/><ana lex="ลึกซึ้ง" pos="adjective" trans="passionate" translit=""/><ana lex="ลึกซึ้ง" pos="adverb" trans="profoundly" translit=""/><ana lex="ลึกซึ้ง" pos="adjective" trans="[is] profound; deep; subtle; abstruse; mysterious; deeply-felt" translit="leukH seungH"/></w><w>ไม่<ana lex="ไม่" pos="adverb" trans="not" translit=""/><ana lex="ไม่" pos="PRF" trans="an-" translit=""/><ana lex="ไม่" pos="PRF" trans="un-" translit=""/><ana lex="ไม่" pos="PRF" trans="un-" translit=""/><ana lex="ไม่" pos="adjective" trans="nary" translit=""/><ana lex="ไม่" pos="NEG" trans="not" translit=""/><ana lex="ไม่" pos="PRF" trans="in-" translit=""/><ana lex="ไม่" pos="adverb" trans="no" translit=""/><ana lex="ไม่" pos="PRF" trans="non-" translit=""/><ana lex="ไม่" pos="PRF" trans="non-" translit=""/><ana lex="ไม่" pos="PRF" trans="in-" translit=""/><ana lex="ไม่" pos="SL" trans="no soup" translit=""/><ana lex="ไม่" pos="SL" trans="no sale" translit=""/><ana lex="ไม่" pos="SL" trans="nope" translit=""/><ana lex="ไม่" pos="SL" trans="No way!" translit=""/><ana lex="ไม่" pos="NEG" trans="not" translit=""/><ana lex="ไม่" pos="SL" trans="Nuts!" translit=""/></w><w>น่า<ana lex="น่า" pos="auxiliary verb" trans="should" translit=""/><ana lex="น่า" pos="" trans="[alternate spelling of นะ ]" translit="naaF"/></w><w>คบหา<ana lex="คบหา" pos="verb" trans="associate with" translit=""/><ana lex="คบหา" pos="verb,intransitive" trans="see" translit=""/></w></se><se><w>แต่<ana lex="แต่" pos="adverb" trans="only" translit=""/><ana lex="แต่" pos="conjunction" trans="but" translit=""/><ana lex="แต่" pos="conjunction" trans="but" translit=""/><ana lex="แต่" pos="conjunction" trans="but" translit=""/><ana lex="แต่" pos="preposition" trans="earlier" translit=""/><ana lex="แต่" pos="conjunction" trans="only" translit=""/></w><w>ใจ<ana lex="ใจ" pos="noun" trans="heart" translit=""/><ana lex="ใจ" pos="noun" trans="mind" translit=""/></w><w>ที่<ana lex="ที่" pos="PRON" trans="that" translit=""/><ana lex="ที่" pos="preposition" trans="at" translit=""/><ana lex="ที่" pos="noun" trans="word for utensil" translit=""/><ana lex="ที่" pos="preposition" trans="at" translit=""/><ana lex="ที่" pos="noun" trans="place" translit=""/><ana lex="ที่" pos="classifier" trans="qualifiers for places" translit=""/><ana lex="ที่" pos="noun" trans="ordinal number" translit=""/><ana lex="ที่" pos="preposition" trans="to" translit=""/><ana lex="ที่" pos="noun" trans="land" translit=""/></w><w>มา<ana lex="มา" pos="PHRV" trans="get in1" translit=""/><ana lex="มา" pos="adverb" trans="coming (toward the present; or toward the focal time)" translit=""/><ana lex="มา" pos="verb,intransitive" trans="come" translit=""/><ana lex="มา" pos="verb" trans="arrive" translit=""/></w><w>พร้อม<ana lex="พร้อม" pos="PHRV" trans="watch out" translit=""/><ana lex="พร้อม" pos="adjective" trans="due" translit=""/><ana lex="พร้อม" pos="adjective" trans="trim" translit=""/><ana lex="พร้อม" pos="adverb" trans="at the same time" translit=""/><ana lex="พร้อม" pos="verb" trans="be ready" translit=""/></w><w>กับ<ana lex="กับ" pos="preposition" trans="with" translit=""/><ana lex="กับ" pos="preposition" trans="with" translit=""/><ana lex="กับ" pos="noun" trans="trap" translit=""/><ana lex="กับ" pos="preposition" trans="on" translit=""/><ana lex="กับ" pos="conjunction" trans="and" translit=""/><ana lex="กับ" pos="preposition" trans="with" translit=""/></w><w>คน<ana lex="คน" pos="noun" trans="bloke" translit=""/><ana lex="คน" pos="verb,transitive" trans="mill" translit=""/><ana lex="คน" pos="PRF" trans="anthropo-" translit=""/><ana lex="คน" pos="noun" trans="human" translit=""/><ana lex="คน" pos="noun" trans="people" translit=""/><ana lex="คน" pos="noun" trans="being" translit=""/><ana lex="คน" pos="PHRV" trans="stir about" translit=""/><ana lex="คน" pos="PHRV" trans="stir around" translit=""/><ana lex="คน" pos="SL" trans="bod" translit=""/><ana lex="คน" pos="classifier" trans="person" translit=""/><ana lex="คน" pos="verb" trans="stir" translit=""/></w><w>ธรรมดา<ana lex="ธรรมดา" pos="adjective" trans="trivial" translit=""/><ana lex="ธรรมดา" pos="adjective" trans="lowly" translit=""/><ana lex="ธรรมดา" pos="adjective" trans="mediocre" translit=""/><ana lex="ธรรมดา" pos="adjective" trans="hackneyed" translit=""/><ana lex="ธรรมดา" pos="adjective" trans="natural" translit=""/><ana lex="ธรรมดา" pos="adjective" trans="prototypical" translit=""/><ana lex="ธรรมดา" pos="adjective" trans="stereotyped" translit=""/><ana lex="ธรรมดา" pos="idiom" trans="run of the mill" translit=""/><ana lex="ธรรมดา" pos="adjective" trans="ordinary" translit=""/><ana lex="ธรรมดา" pos="adverb" trans="normally" translit=""/><ana lex="ธรรมดา" pos="adjective" trans="basic" translit=""/><ana lex="ธรรมดา" pos="adjective" trans="conventional" translit=""/><ana lex="ธรรมดา" pos="adjective" trans="quotidian" translit=""/><ana lex="ธรรมดา" pos="adjective" trans="plain" translit=""/><ana lex="ธรรมดา" pos="noun,loanword,Pali" trans="natural state; natural law; nature; custom; habit" translit="thamM maH daaM"/><ana lex="ธรรมดา" pos="adjective,loanword,Pali" trans="[is] usual; ordinary; normal; average; plain; regular; natural; common" translit="thamM maH daaM"/></w></se><se><w>ก็<ana lex="ก็" pos="adverb" trans="also" translit=""/><ana lex="ก็" pos="conjunction" trans="as a result" translit=""/></w><w>มอบ<ana lex="มอบ" pos="verb,transitive" trans="deliver" translit=""/><ana lex="มอบ" pos="noun" trans="muzzle" translit=""/><ana lex="มอบ" pos="verb" trans="give" translit=""/><ana lex="มอบ" pos="verb" trans="fasten" translit=""/><ana lex="มอบ" pos="verb,transitive" trans="charge" translit=""/></w><w>มัน<ana lex="มัน" pos="pronoun" trans="it" translit=""/><ana lex="มัน" pos="noun" trans="fat" translit=""/><ana lex="มัน" pos="noun" trans="yam" translit=""/><ana lex="มัน" pos="PRON" trans="it" translit=""/></w><w>มา<ana lex="มา" pos="PHRV" trans="get in1" translit=""/><ana lex="มา" pos="adverb" trans="coming (toward the present; or toward the focal time)" translit=""/><ana lex="มา" pos="verb,intransitive" trans="come" translit=""/><ana lex="มา" pos="verb" trans="arrive" translit=""/></w></se><se><w>มี<ana lex="มี" pos="verb" trans="consist of" translit=""/><ana lex="มี" pos="verb" trans="there is/are" translit=""/><ana lex="มี" pos="verb" trans="have" translit=""/><ana lex="มี" pos="verb,transitive" trans="contain" translit=""/><ana lex="มี" pos="verb,transitive" trans="has" translit=""/><ana lex="มี" pos="verb,transitive" trans="have" translit=""/><ana lex="มี" pos="adjective" trans="rich" translit=""/></w><w>ค่า<ana lex="ค่า" pos="noun" trans="fee" translit=""/><ana lex="ค่า" pos="noun" trans="price" translit=""/><ana lex="ค่า" pos="noun" trans="value" translit=""/></w></se><se><w>ให้<ana lex="ให้" pos="verb,transitive" trans="afford" translit=""/><ana lex="ให้" pos="verb" trans="give" translit=""/><ana lex="ให้" pos="verb,transitive" trans="give" translit=""/><ana lex="ให้" pos="verb,transitive" trans="dispense" translit=""/><ana lex="ให้" pos="verb,transitive" trans="bestow" translit=""/><ana lex="ให้" pos="verb" trans="give" translit=""/><ana lex="ให้" pos="verb,transitive" trans="accord" translit=""/><ana lex="ให้" pos="auxiliary verb" trans="to" translit=""/><ana lex="ให้" pos="verb" trans="permit" translit=""/></w><w>คุณ<ana lex="คุณ" pos="" trans="[alternate pronunciation of คุณ ]" translit="khoonM naH"/><ana lex="คุณ" pos="noun" trans="Miss" translit=""/><ana lex="คุณ" pos="PRON" trans="you" translit=""/><ana lex="คุณ" pos="noun" trans="thou" translit=""/><ana lex="คุณ" pos="noun" trans="Khun" translit=""/><ana lex="คุณ" pos="noun" trans="black magic" translit=""/><ana lex="คุณ" pos="noun" trans="kindness" translit=""/><ana lex="คุณ" pos="noun" trans="advantage" translit=""/></w></se><se><w>อยาก<ana lex="อยาก" pos="PHRV" trans="care for" translit=""/><ana lex="อยาก" pos="PHRV" trans="feel like" translit=""/></w><w>เป็น<ana lex="เป็น" pos="auxiliary verb" trans="are" translit=""/><ana lex="เป็น" pos="verb,intransitive" trans="been" translit=""/><ana lex="เป็น" pos="verb,intransitive" trans="come" translit=""/><ana lex="เป็น" pos="verb" trans="be able to" translit=""/><ana lex="เป็น" pos="verb" trans="be" translit=""/><ana lex="เป็น" pos="adjective" trans="alive" translit=""/></w><w>ที่สุด<ana lex="ที่สุด" pos="adjective" trans="ultra" translit=""/><ana lex="ที่สุด" pos="adjective" trans="ultimate" translit=""/><ana lex="ที่สุด" pos="adjective" trans="supreme" translit=""/><ana lex="ที่สุด" pos="adverb" trans="most" translit=""/><ana lex="ที่สุด" pos="adjective" trans="extreme" translit=""/><ana lex="ที่สุด" pos="adverb" trans="most" translit=""/><ana lex="ที่สุด" pos="adjective" trans="most" translit=""/></w><w>ของ<ana lex="ของ" pos="noun" trans="thing" translit=""/><ana lex="ของ" pos="PRF" trans="a-" translit=""/><ana lex="ของ" pos="noun" trans="item" translit=""/><ana lex="ของ" pos="preposition" trans="of" translit=""/><ana lex="ของ" pos="preposition" trans="of" translit=""/></w><w>ใจ<ana lex="ใจ" pos="noun" trans="heart" translit=""/><ana lex="ใจ" pos="noun" trans="mind" translit=""/></w></se><se><w>ไม่<ana lex="ไม่" pos="adverb" trans="not" translit=""/><ana lex="ไม่" pos="PRF" trans="an-" translit=""/><ana lex="ไม่" pos="PRF" trans="un-" translit=""/><ana lex="ไม่" pos="PRF" trans="un-" translit=""/><ana lex="ไม่" pos="adjective" trans="nary" translit=""/><ana lex="ไม่" pos="NEG" trans="not" translit=""/><ana lex="ไม่" pos="PRF" trans="in-" translit=""/><ana lex="ไม่" pos="adverb" trans="no" translit=""/><ana lex="ไม่" pos="PRF" trans="non-" translit=""/><ana lex="ไม่" pos="PRF" trans="non-" translit=""/><ana lex="ไม่" pos="PRF" trans="in-" translit=""/><ana lex="ไม่" pos="SL" trans="no soup" translit=""/><ana lex="ไม่" pos="SL" trans="no sale" translit=""/><ana lex="ไม่" pos="SL" trans="nope" translit=""/><ana lex="ไม่" pos="SL" trans="No way!" translit=""/><ana lex="ไม่" pos="NEG" trans="not" translit=""/><ana lex="ไม่" pos="SL" trans="Nuts!" translit=""/></w><w>อยาก<ana lex="อยาก" pos="PHRV" trans="care for" translit=""/><ana lex="อยาก" pos="PHRV" trans="feel like" translit=""/></w><w>ได้<ana lex="ได้" pos="PHRV" trans="get out of" translit=""/><ana lex="ได้" pos="auxiliary verb" trans="be able to" translit=""/><ana lex="ได้" pos="verb" trans="get" translit=""/><ana lex="ได้" pos="" trans="[alternate pronunciation of ได้ ]" translit="daaiF"/><ana lex="ได้" pos="auxiliary verb" trans="used as an auxiliary verb before a principal verb to indicate the past tense" translit=""/><ana lex="ได้" pos="verb,transitive" trans="get" translit=""/><ana lex="ได้" pos="adverb" trans="can" translit=""/></w><w>แค่<ana lex="แค่" pos="adverb" trans="only" translit=""/></w><w>ฐานะ<ana lex="ฐานะ" pos="noun" trans="status" translit=""/></w><w>คน<ana lex="คน" pos="noun" trans="bloke" translit=""/><ana lex="คน" pos="verb,transitive" trans="mill" translit=""/><ana lex="คน" pos="PRF" trans="anthropo-" translit=""/><ana lex="คน" pos="noun" trans="human" translit=""/><ana lex="คน" pos="noun" trans="people" translit=""/><ana lex="คน" pos="noun" trans="being" translit=""/><ana lex="คน" pos="PHRV" trans="stir about" translit=""/><ana lex="คน" pos="PHRV" trans="stir around" translit=""/><ana lex="คน" pos="SL" trans="bod" translit=""/><ana lex="คน" pos="classifier" trans="person" translit=""/><ana lex="คน" pos="verb" trans="stir" translit=""/></w><w>เคย<ana lex="เคย" pos="verb" trans="be accustomed to" translit=""/><ana lex="เคย" pos="noun" trans="planktonic shrimp" translit=""/><ana lex="เคย" pos="noun" trans="small sized shrimp" translit=""/><ana lex="เคย" pos="adverb" trans="ever" translit=""/><ana lex="เคย" pos="verb,intransitive" trans="be accustomed to" translit=""/><ana lex="เคย" pos="adverb" trans="once" translit=""/></w><w>คุ้น<ana lex="คุ้น" pos="verb" trans="be familiar" translit=""/><ana lex="คุ้น" pos="" trans="[คุ้นตา] be familiar; appear familiar; look familiar" translit="khoonH"/><ana lex="คุ้น" pos="adjective" trans="[is] conversant in; familiar with; used to; intimate with" translit="khoonH"/></w></se><se><w>ยาม<ana lex="ยาม" pos="noun" trans="picket" translit=""/><ana lex="ยาม" pos="noun" trans="watchman" translit=""/><ana lex="ยาม" pos="noun" trans="sentry" translit=""/><ana lex="ยาม" pos="noun" trans="time" translit=""/><ana lex="ยาม" pos="noun" trans="guard" translit=""/><ana lex="ยาม" pos="noun" trans="one of three periods into which the day was traditionally divided" translit=""/><ana lex="ยาม" pos="noun" trans="security guard" translit=""/></w><w>ท้อ<ana lex="ท้อ" pos="noun" trans="peach" translit=""/><ana lex="ท้อ" pos="verb" trans="discourage" translit=""/></w><w>อยาก<ana lex="อยาก" pos="PHRV" trans="care for" translit=""/><ana lex="อยาก" pos="PHRV" trans="feel like" translit=""/></w><w>ให้<ana lex="ให้" pos="verb,transitive" trans="afford" translit=""/><ana lex="ให้" pos="verb" trans="give" translit=""/><ana lex="ให้" pos="verb,transitive" trans="give" translit=""/><ana lex="ให้" pos="verb,transitive" trans="dispense" translit=""/><ana lex="ให้" pos="verb,transitive" trans="bestow" translit=""/><ana lex="ให้" pos="verb" trans="give" translit=""/><ana lex="ให้" pos="verb,transitive" trans="accord" translit=""/><ana lex="ให้" pos="auxiliary verb" trans="to" translit=""/><ana lex="ให้" pos="verb" trans="permit" translit=""/></w><w>เธอ<ana lex="เธอ" pos="PRON" trans="you" translit=""/><ana lex="เธอ" pos="pronoun" trans="she" translit=""/><ana lex="เธอ" pos="pronoun" trans="her" translit=""/><ana lex="เธอ" pos="PRON" trans="she" translit=""/></w><w>ช่วย<ana lex="ช่วย" pos="verb" trans="help" translit=""/><ana lex="ช่วย" pos="verb,transitive" trans="assist" translit=""/><ana lex="ช่วย" pos="PHRV" trans="oblige by" translit=""/><ana lex="ช่วย" pos="verb,transitive" trans="help" translit=""/><ana lex="ช่วย" pos="verb,intransitive" trans="assist" translit=""/><ana lex="ช่วย" pos="verb,intransitive" trans="help" translit=""/></w><w>ค้ำ<ana lex="ค้ำ" pos="verb,transitive" trans="support" translit=""/><ana lex="ค้ำ" pos="verb" trans="prop up" translit=""/><ana lex="ค้ำ" pos="adverb" trans="underprop" translit=""/><ana lex="ค้ำ" pos="verb,transitive" trans="prop" translit=""/><ana lex="ค้ำ" pos="verb" trans="support" translit=""/><ana lex="ค้ำ" pos="PHRV" trans="prop up" translit=""/></w><w>จุน</w></se><se><w>ให้<ana lex="ให้" pos="verb,transitive" trans="afford" translit=""/><ana lex="ให้" pos="verb" trans="give" translit=""/><ana lex="ให้" pos="verb,transitive" trans="give" translit=""/><ana lex="ให้" pos="verb,transitive" trans="dispense" translit=""/><ana lex="ให้" pos="verb,transitive" trans="bestow" translit=""/><ana lex="ให้" pos="verb" trans="give" translit=""/><ana lex="ให้" pos="verb,transitive" trans="accord" translit=""/><ana lex="ให้" pos="auxiliary verb" trans="to" translit=""/><ana lex="ให้" pos="verb" trans="permit" translit=""/></w><w>ความ<ana lex="ความ" pos="noun" trans="case" translit=""/><ana lex="ความ" pos="noun" trans="content" translit=""/></w><w>อบอุ่น<ana lex="อบอุ่น" pos="verb" trans="be pleasantly warm" translit=""/><ana lex="อบอุ่น" pos="adjective" trans="warm" translit=""/></w></se><se><w>.<ana lex="" pos="" trans="" translit=""/></w></se><se><w>ยาม<ana lex="ยาม" pos="noun" trans="picket" translit=""/><ana lex="ยาม" pos="noun" trans="watchman" translit=""/><ana lex="ยาม" pos="noun" trans="sentry" translit=""/><ana lex="ยาม" pos="noun" trans="time" translit=""/><ana lex="ยาม" pos="noun" trans="guard" translit=""/><ana lex="ยาม" pos="noun" trans="one of three periods into which the day was traditionally divided" translit=""/><ana lex="ยาม" pos="noun" trans="security guard" translit=""/></w><w>เห<ana lex="เห" pos="" trans="to veer; to swerve; to deflect; to deviate" translit="haehR"/><ana lex="เห" pos="verb" trans="turn" translit=""/></w><w>นี่</w><w>อย</w><w>ใจ<ana lex="ใจ" pos="noun" trans="heart" translit=""/><ana lex="ใจ" pos="noun" trans="mind" translit=""/></w></se><se><w>ที่<ana lex="ที่" pos="PRON" trans="that" translit=""/><ana lex="ที่" pos="preposition" trans="at" translit=""/><ana lex="ที่" pos="noun" trans="word for utensil" translit=""/><ana lex="ที่" pos="preposition" trans="at" translit=""/><ana lex="ที่" pos="noun" trans="place" translit=""/><ana lex="ที่" pos="classifier" trans="qualifiers for places" translit=""/><ana lex="ที่" pos="noun" trans="ordinal number" translit=""/><ana lex="ที่" pos="preposition" trans="to" translit=""/><ana lex="ที่" pos="noun" trans="land" translit=""/></w><w>พูด<ana lex="พูด" pos="verb,transitive" trans="utter" translit=""/><ana lex="พูด" pos="verb,transitive" trans="pass" translit=""/><ana lex="พูด" pos="PHRV" trans="call over" translit=""/><ana lex="พูด" pos="verb,transitive" trans="say" translit=""/><ana lex="พูด" pos="verb,transitive" trans="word" translit=""/><ana lex="พูด" pos="verb" trans="say" translit=""/><ana lex="พูด" pos="verb,intransitive" trans="say" translit=""/><ana lex="พูด" pos="verb" trans="mention" translit=""/><ana lex="พูด" pos="verb" trans="talk" translit=""/><ana lex="พูด" pos="verb,intransitive" trans="mouth" translit=""/><ana lex="พูด" pos="SL" trans="cant" translit=""/></w><w>มา<ana lex="มา" pos="PHRV" trans="get in1" translit=""/><ana lex="มา" pos="adverb" trans="coming (toward the present; or toward the focal time)" translit=""/><ana lex="มา" pos="verb,intransitive" trans="come" translit=""/><ana lex="มา" pos="verb" trans="arrive" translit=""/></w><w>ทั้งหมด<ana lex="ทั้งหมด" pos="SL" trans="full monty" translit=""/><ana lex="ทั้งหมด" pos="adjective" trans="utter" translit=""/><ana lex="ทั้งหมด" pos="adjective" trans="every" translit=""/><ana lex="ทั้งหมด" pos="idiom" trans="through and through" translit=""/><ana lex="ทั้งหมด" pos="adverb" trans="altogether" translit=""/><ana lex="ทั้งหมด" pos="adverb" trans="en bloc" translit=""/><ana lex="ทั้งหมด" pos="adjective" trans="entire" translit=""/><ana lex="ทั้งหมด" pos="adverb" trans="wholly" translit=""/><ana lex="ทั้งหมด" pos="idiom" trans="root and branch" translit=""/><ana lex="ทั้งหมด" pos="adjective" trans="overall" translit=""/><ana lex="ทั้งหมด" pos="adjective" trans="whole" translit=""/><ana lex="ทั้งหมด" pos="PRF" trans="omni-" translit=""/><ana lex="ทั้งหมด" pos="adverb" trans="overall" translit=""/><ana lex="ทั้งหมด" pos="SL" trans="all the way" translit=""/><ana lex="ทั้งหมด" pos="adjective" trans="all" translit=""/><ana lex="ทั้งหมด" pos="SL" trans="full sesh" translit=""/><ana lex="ทั้งหมด" pos="idiom" trans="at all" translit=""/><ana lex="ทั้งหมด" pos="adjective" trans="gross" translit=""/><ana lex="ทั้งหมด" pos="adjective" trans="complete" translit=""/><ana lex="ทั้งหมด" pos="adverb" trans="quite" translit=""/><ana lex="ทั้งหมด" pos="adverb" trans="tutti" translit=""/><ana lex="ทั้งหมด" pos="PRF" trans="panto-" translit=""/><ana lex="ทั้งหมด" pos="PRF" trans="pan-" translit=""/><ana lex="ทั้งหมด" pos="idiom" trans="whole (bang) shoot" translit=""/><ana lex="ทั้งหมด" pos="adjective" trans="all-out" translit=""/><ana lex="ทั้งหมด" pos="adjective" trans="total" translit=""/><ana lex="ทั้งหมด" pos="PRON" trans="absolutely" translit=""/></w><w>นั้น<ana lex="นั้น" pos="pronoun" trans="that" translit=""/><ana lex="นั้น" pos="PRON" trans="that" translit=""/></w></se><se><w>เธอ<ana lex="เธอ" pos="PRON" trans="you" translit=""/><ana lex="เธอ" pos="pronoun" trans="she" translit=""/><ana lex="เธอ" pos="pronoun" trans="her" translit=""/><ana lex="เธอ" pos="PRON" trans="she" translit=""/></w><w>อาจ<ana lex="อาจ" pos="adjective" trans="brave" translit=""/><ana lex="อาจ" pos="adverb" trans="can" translit=""/><ana lex="อาจ" pos="auxiliary verb" trans="could" translit=""/></w><w>จะ<ana lex="จะ" pos="auxiliary verb" trans="will" translit=""/><ana lex="จะ" pos="auxiliary verb" trans="will" translit=""/><ana lex="จะ" pos="" trans="[alternate spelling of จ้ะ]" translit="jaL"/></w><w>คิด<ana lex="คิด" pos="verb,transitive" trans="reckon" translit=""/><ana lex="คิด" pos="verb,intransitive" trans="cerebrate" translit=""/><ana lex="คิด" pos="verb,transitive" trans="conceive" translit=""/><ana lex="คิด" pos="verb,transitive" trans="conceit" translit=""/><ana lex="คิด" pos="PHRV" trans="go over2" translit=""/><ana lex="คิด" pos="verb" trans="create" translit=""/><ana lex="คิด" pos="verb" trans="estimate" translit=""/><ana lex="คิด" pos="verb" trans="want" translit=""/><ana lex="คิด" pos="verb" trans="think" translit=""/><ana lex="คิด" pos="verb" trans="consider" translit=""/><ana lex="คิด" pos="verb" trans="calculate" translit=""/><ana lex="คิด" pos="verb,transitive" trans="think" translit=""/><ana lex="คิด" pos="verb,intransitive" trans="think" translit=""/></w><w>ว่า</w><w>มัน<ana lex="มัน" pos="pronoun" trans="it" translit=""/><ana lex="มัน" pos="noun" trans="fat" translit=""/><ana lex="มัน" pos="noun" trans="yam" translit=""/><ana lex="มัน" pos="PRON" trans="it" translit=""/></w><w>ไร้<ana lex="ไร้" pos="verb" trans="lack" translit=""/></w><w>สาระ<ana lex="สาระ" pos="noun,formal,loanword,Pali" trans="essence; substance; usefulness; meaningfulness; meaning" translit="saaR raH"/><ana lex="สาระ" pos="noun" trans="[สาระสำคัญ] important element; main point" translit="saaR raH"/></w><w>ก็<ana lex="ก็" pos="adverb" trans="also" translit=""/><ana lex="ก็" pos="conjunction" trans="as a result" translit=""/></w><w>ได้<ana lex="ได้" pos="PHRV" trans="get out of" translit=""/><ana lex="ได้" pos="auxiliary verb" trans="be able to" translit=""/><ana lex="ได้" pos="verb" trans="get" translit=""/><ana lex="ได้" pos="" trans="[alternate pronunciation of ได้ ]" translit="daaiF"/><ana lex="ได้" pos="auxiliary verb" trans="used as an auxiliary verb before a principal verb to indicate the past tense" translit=""/><ana lex="ได้" pos="verb,transitive" trans="get" translit=""/><ana lex="ได้" pos="adverb" trans="can" translit=""/></w></se><se><w>ฉัน<ana lex="ฉัน" pos="" trans="[alternate pronunciation of ฉัน ]" translit="chanH"/><ana lex="ฉัน" pos="pronoun" trans="me" translit=""/></w><w>ก็<ana lex="ก็" pos="adverb" trans="also" translit=""/><ana lex="ก็" pos="conjunction" trans="as a result" translit=""/></w><w>แค่<ana lex="แค่" pos="adverb" trans="only" translit=""/></w><w>คน<ana lex="คน" pos="noun" trans="bloke" translit=""/><ana lex="คน" pos="verb,transitive" trans="mill" translit=""/><ana lex="คน" pos="PRF" trans="anthropo-" translit=""/><ana lex="คน" pos="noun" trans="human" translit=""/><ana lex="คน" pos="noun" trans="people" translit=""/><ana lex="คน" pos="noun" trans="being" translit=""/><ana lex="คน" pos="PHRV" trans="stir about" translit=""/><ana lex="คน" pos="PHRV" trans="stir around" translit=""/><ana lex="คน" pos="SL" trans="bod" translit=""/><ana lex="คน" pos="classifier" trans="person" translit=""/><ana lex="คน" pos="verb" trans="stir" translit=""/></w></se><se><w>ๆ<ana lex="ๆ" pos="" trans="[repetition character]" translit=""/></w></se><se><w>หนึ่ง<ana lex="หนึ่ง" pos="adjective" trans="ae" translit=""/><ana lex="หนึ่ง" pos="PRF" trans="uni-" translit=""/></w><w>ต้องการ<ana lex="ต้องการ" pos="verb,transitive" trans="demand" translit=""/><ana lex="ต้องการ" pos="idiom" trans="could do with" translit=""/><ana lex="ต้องการ" pos="verb,transitive" trans="need" translit=""/><ana lex="ต้องการ" pos="PHRV" trans="be after" translit=""/><ana lex="ต้องการ" pos="verb,intransitive" trans="will" translit=""/><ana lex="ต้องการ" pos="PHRV" trans="want for" translit=""/><ana lex="ต้องการ" pos="verb,transitive" trans="want" translit=""/><ana lex="ต้องการ" pos="verb,transitive" trans="exact" translit=""/><ana lex="ต้องการ" pos="PHRV" trans="lack for" translit=""/><ana lex="ต้องการ" pos="verb" trans="require" translit=""/><ana lex="ต้องการ" pos="verb,intransitive" trans="lack" translit=""/><ana lex="ต้องการ" pos="verb,transitive" trans="ask" translit=""/><ana lex="ต้องการ" pos="verb" trans="[auxiliary verb] to need..." translit="dtawngF gaanM"/><ana lex="ต้องการ" pos="verb,transitive" trans="take" translit=""/><ana lex="ต้องการ" pos="verb,intransitive" trans="like" translit=""/><ana lex="ต้องการ" pos="verb,transitive" trans="require" translit=""/><ana lex="ต้องการ" pos="verb,transitive" trans="will" translit=""/></w><w>ความ<ana lex="ความ" pos="noun" trans="case" translit=""/><ana lex="ความ" pos="noun" trans="content" translit=""/></w><w>รัก<ana lex="รัก" pos="verb,transitive" trans="treasure" translit=""/><ana lex="รัก" pos="verb,transitive" trans="adore" translit=""/><ana lex="รัก" pos="PRF" trans="phil-" translit=""/><ana lex="รัก" pos="PRF" trans="philo-" translit=""/><ana lex="รัก" pos="PHRV" trans="be attached to" translit=""/></w><w>เหมือน<ana lex="เหมือน" pos="PRF" trans="homo-" translit=""/><ana lex="เหมือน" pos="verb,transitive" trans="mirror" translit=""/><ana lex="เหมือน" pos="PHRV" trans="take after" translit=""/><ana lex="เหมือน" pos="conjunction" trans="like" translit=""/><ana lex="เหมือน" pos="SUF" trans="-like" translit=""/><ana lex="เหมือน" pos="SUF" trans="-ly" translit=""/></w><w>ใคร<ana lex="ใคร" pos="PRON" trans="who" translit=""/><ana lex="ใคร" pos="pronoun" trans="who" translit=""/></w></se><se><w>ๆ<ana lex="ๆ" pos="" trans="[repetition character]" translit=""/></w></se><se><w>แต่<ana lex="แต่" pos="adverb" trans="only" translit=""/><ana lex="แต่" pos="conjunction" trans="but" translit=""/><ana lex="แต่" pos="conjunction" trans="but" translit=""/><ana lex="แต่" pos="conjunction" trans="but" translit=""/><ana lex="แต่" pos="preposition" trans="earlier" translit=""/><ana lex="แต่" pos="conjunction" trans="only" translit=""/></w><w>ความ<ana lex="ความ" pos="noun" trans="case" translit=""/><ana lex="ความ" pos="noun" trans="content" translit=""/></w><w>รัก<ana lex="รัก" pos="verb,transitive" trans="treasure" translit=""/><ana lex="รัก" pos="verb,transitive" trans="adore" translit=""/><ana lex="รัก" pos="PRF" trans="phil-" translit=""/><ana lex="รัก" pos="PRF" trans="philo-" translit=""/><ana lex="รัก" pos="PHRV" trans="be attached to" translit=""/></w><w>ที่<ana lex="ที่" pos="PRON" trans="that" translit=""/><ana lex="ที่" pos="preposition" trans="at" translit=""/><ana lex="ที่" pos="noun" trans="word for utensil" translit=""/><ana lex="ที่" pos="preposition" trans="at" translit=""/><ana lex="ที่" pos="noun" trans="place" translit=""/><ana lex="ที่" pos="classifier" trans="qualifiers for places" translit=""/><ana lex="ที่" pos="noun" trans="ordinal number" translit=""/><ana lex="ที่" pos="preposition" trans="to" translit=""/><ana lex="ที่" pos="noun" trans="land" translit=""/></w><w>อยาก<ana lex="อยาก" pos="PHRV" trans="care for" translit=""/><ana lex="อยาก" pos="PHRV" trans="feel like" translit=""/></w><w>ได้<ana lex="ได้" pos="PHRV" trans="get out of" translit=""/><ana lex="ได้" pos="auxiliary verb" trans="be able to" translit=""/><ana lex="ได้" pos="verb" trans="get" translit=""/><ana lex="ได้" pos="" trans="[alternate pronunciation of ได้ ]" translit="daaiF"/><ana lex="ได้" pos="auxiliary verb" trans="used as an auxiliary verb before a principal verb to indicate the past tense" translit=""/><ana lex="ได้" pos="verb,transitive" trans="get" translit=""/><ana lex="ได้" pos="adverb" trans="can" translit=""/></w></se><se><w>ไม่<ana lex="ไม่" pos="adverb" trans="not" translit=""/><ana lex="ไม่" pos="PRF" trans="an-" translit=""/><ana lex="ไม่" pos="PRF" trans="un-" translit=""/><ana lex="ไม่" pos="PRF" trans="un-" translit=""/><ana lex="ไม่" pos="adjective" trans="nary" translit=""/><ana lex="ไม่" pos="NEG" trans="not" translit=""/><ana lex="ไม่" pos="PRF" trans="in-" translit=""/><ana lex="ไม่" pos="adverb" trans="no" translit=""/><ana lex="ไม่" pos="PRF" trans="non-" translit=""/><ana lex="ไม่" pos="PRF" trans="non-" translit=""/><ana lex="ไม่" pos="PRF" trans="in-" translit=""/><ana lex="ไม่" pos="SL" trans="no soup" translit=""/><ana lex="ไม่" pos="SL" trans="no sale" translit=""/><ana lex="ไม่" pos="SL" trans="nope" translit=""/><ana lex="ไม่" pos="SL" trans="No way!" translit=""/><ana lex="ไม่" pos="NEG" trans="not" translit=""/><ana lex="ไม่" pos="SL" trans="Nuts!" translit=""/></w><w>ใช่<ana lex="ใช่" pos="adverb" trans="yes" translit=""/></w><w>จาก<ana lex="จาก" pos="preposition" trans="von" translit=""/><ana lex="จาก" pos="PRF" trans="dis-" translit=""/><ana lex="จาก" pos="verb" trans="depart" translit=""/><ana lex="จาก" pos="preposition" trans="at" translit=""/><ana lex="จาก" pos="PRF" trans="a-" translit=""/><ana lex="จาก" pos="preposition" trans="from" translit=""/><ana lex="จาก" pos="preposition" trans="from" translit=""/><ana lex="จาก" pos="PRF" trans="ab-" translit=""/><ana lex="จาก" pos="noun" trans="a kind of Thai dessert" translit=""/><ana lex="จาก" pos="noun" trans="nipa palm" translit=""/></w><w>ใคร<ana lex="ใคร" pos="PRON" trans="who" translit=""/><ana lex="ใคร" pos="pronoun" trans="who" translit=""/></w></se><se><w>แค่<ana lex="แค่" pos="adverb" trans="only" translit=""/></w><w>คุณ<ana lex="คุณ" pos="" trans="[alternate pronunciation of คุณ ]" translit="khoonM naH"/><ana lex="คุณ" pos="noun" trans="Miss" translit=""/><ana lex="คุณ" pos="PRON" trans="you" translit=""/><ana lex="คุณ" pos="noun" trans="thou" translit=""/><ana lex="คุณ" pos="noun" trans="Khun" translit=""/><ana lex="คุณ" pos="noun" trans="black magic" translit=""/><ana lex="คุณ" pos="noun" trans="kindness" translit=""/><ana lex="คุณ" pos="noun" trans="advantage" translit=""/></w><w>คน<ana lex="คน" pos="noun" trans="bloke" translit=""/><ana lex="คน" pos="verb,transitive" trans="mill" translit=""/><ana lex="คน" pos="PRF" trans="anthropo-" translit=""/><ana lex="คน" pos="noun" trans="human" translit=""/><ana lex="คน" pos="noun" trans="people" translit=""/><ana lex="คน" pos="noun" trans="being" translit=""/><ana lex="คน" pos="PHRV" trans="stir about" translit=""/><ana lex="คน" pos="PHRV" trans="stir around" translit=""/><ana lex="คน" pos="SL" trans="bod" translit=""/><ana lex="คน" pos="classifier" trans="person" translit=""/><ana lex="คน" pos="verb" trans="stir" translit=""/></w><w>เดียว<ana lex="เดียว" pos="adjective" trans="only" translit=""/></w></se><se><w>สวัดี</w><w>ครับ<ana lex="ครับ" pos="END" trans="yes, sir" translit=""/></w></se><se><w>.<ana lex="" pos="" trans="" translit=""/></w></se><se><w>มา<ana lex="มา" pos="PHRV" trans="get in1" translit=""/><ana lex="มา" pos="adverb" trans="coming (toward the present; or toward the focal time)" translit=""/><ana lex="มา" pos="verb,intransitive" trans="come" translit=""/><ana lex="มา" pos="verb" trans="arrive" translit=""/></w><w>เป็น<ana lex="เป็น" pos="auxiliary verb" trans="are" translit=""/><ana lex="เป็น" pos="verb,intransitive" trans="been" translit=""/><ana lex="เป็น" pos="verb,intransitive" trans="come" translit=""/><ana lex="เป็น" pos="verb" trans="be able to" translit=""/><ana lex="เป็น" pos="verb" trans="be" translit=""/><ana lex="เป็น" pos="adjective" trans="alive" translit=""/></w><w>กำลังใจ<ana lex="กำลังใจ" pos="noun" trans="morale" translit=""/><ana lex="กำลังใจ" pos="noun" trans="spirit" translit=""/><ana lex="กำลังใจ" pos="noun" trans="morale, spirit, encouragement, moral or spiritual support" translit="gamM langM jaiM"/><ana lex="กำลังใจ" pos="noun" trans="will power" translit=""/></w><w>ให้<ana lex="ให้" pos="verb,transitive" trans="afford" translit=""/><ana lex="ให้" pos="verb" trans="give" translit=""/><ana lex="ให้" pos="verb,transitive" trans="give" translit=""/><ana lex="ให้" pos="verb,transitive" trans="dispense" translit=""/><ana lex="ให้" pos="verb,transitive" trans="bestow" translit=""/><ana lex="ให้" pos="verb" trans="give" translit=""/><ana lex="ให้" pos="verb,transitive" trans="accord" translit=""/><ana lex="ให้" pos="auxiliary verb" trans="to" translit=""/><ana lex="ให้" pos="verb" trans="permit" translit=""/></w><w>คน<ana lex="คน" pos="noun" trans="bloke" translit=""/><ana lex="คน" pos="verb,transitive" trans="mill" translit=""/><ana lex="คน" pos="PRF" trans="anthropo-" translit=""/><ana lex="คน" pos="noun" trans="human" translit=""/><ana lex="คน" pos="noun" trans="people" translit=""/><ana lex="คน" pos="noun" trans="being" translit=""/><ana lex="คน" pos="PHRV" trans="stir about" translit=""/><ana lex="คน" pos="PHRV" trans="stir around" translit=""/><ana lex="คน" pos="SL" trans="bod" translit=""/><ana lex="คน" pos="classifier" trans="person" translit=""/><ana lex="คน" pos="verb" trans="stir" translit=""/></w><w>ที่<ana lex="ที่" pos="PRON" trans="that" translit=""/><ana lex="ที่" pos="preposition" trans="at" translit=""/><ana lex="ที่" pos="noun" trans="word for utensil" translit=""/><ana lex="ที่" pos="preposition" trans="at" translit=""/><ana lex="ที่" pos="noun" trans="place" translit=""/><ana lex="ที่" pos="classifier" trans="qualifiers for places" translit=""/><ana lex="ที่" pos="noun" trans="ordinal number" translit=""/><ana lex="ที่" pos="preposition" trans="to" translit=""/><ana lex="ที่" pos="noun" trans="land" translit=""/></w><w>แสน<ana lex="แสน" pos="adjective" trans="hundred thousand" translit=""/><ana lex="แสน" pos="adverb" trans="very" translit=""/><ana lex="แสน" pos="noun" trans="hundred thousand" translit=""/><ana lex="แสน" pos="noun" trans="hundred thousand" translit=""/></w><w>ดี<ana lex="ดี" pos="adjective" trans="fine" translit=""/><ana lex="ดี" pos="adjective" trans="braw" translit=""/><ana lex="ดี" pos="SL" trans="hunky-dory" translit=""/><ana lex="ดี" pos="adjective" trans="useful" translit=""/><ana lex="ดี" pos="noun" trans="gallbladder" translit=""/><ana lex="ดี" pos="adjective" trans="nice" translit=""/><ana lex="ดี" pos="adjective" trans="fine" translit=""/><ana lex="ดี" pos="adjective" trans="tidy" translit=""/><ana lex="ดี" pos="SL" trans="kushty" translit=""/><ana lex="ดี" pos="SL" trans="tickety-boo" translit=""/><ana lex="ดี" pos="adjective" trans="well" translit=""/><ana lex="ดี" pos="PRF" trans="eu-" translit=""/><ana lex="ดี" pos="idiom" trans="Well and good" translit=""/><ana lex="ดี" pos="adjective" trans="good" translit=""/><ana lex="ดี" pos="adverb" trans="well" translit=""/><ana lex="ดี" pos="adjective" trans="high" translit=""/><ana lex="ดี" pos="adjective" trans="nice" translit=""/><ana lex="ดี" pos="adjective" trans="nice" translit=""/><ana lex="ดี" pos="adjective" trans="well" translit=""/></w></se><se><w>คน<ana lex="คน" pos="noun" trans="bloke" translit=""/><ana lex="คน" pos="verb,transitive" trans="mill" translit=""/><ana lex="คน" pos="PRF" trans="anthropo-" translit=""/><ana lex="คน" pos="noun" trans="human" translit=""/><ana lex="คน" pos="noun" trans="people" translit=""/><ana lex="คน" pos="noun" trans="being" translit=""/><ana lex="คน" pos="PHRV" trans="stir about" translit=""/><ana lex="คน" pos="PHRV" trans="stir around" translit=""/><ana lex="คน" pos="SL" trans="bod" translit=""/><ana lex="คน" pos="classifier" trans="person" translit=""/><ana lex="คน" pos="verb" trans="stir" translit=""/></w><w>เรียง<ana lex="เรียง" pos="PHRV" trans="line up" translit=""/><ana lex="เรียง" pos="verb,transitive" trans="to arrange; place in order; line up" translit="riiangM"/><ana lex="เรียง" pos="verb" trans="arrange" translit=""/><ana lex="เรียง" pos="noun" trans="[ความเรียง] essay; article; composition" translit="riiangM"/><ana lex="เรียง" pos="verb" trans="to compose" translit="riiangM"/><ana lex="เรียง" pos="noun" trans="[การเรียง] arrangement" translit="riiangM"/></w><w>ถ้อย<ana lex="ถ้อย" pos="noun" trans="speech" translit=""/><ana lex="ถ้อย" pos="noun" trans="words; wording; speech; utterance; diction; verbal expression; statement; terms" translit="thaawyF"/></w><w>ร้อย<ana lex="ร้อย" pos="noun" trans="hundred" translit=""/><ana lex="ร้อย" pos="verb" trans="thread" translit=""/><ana lex="ร้อย" pos="noun" trans="lieutenant" translit=""/><ana lex="ร้อย" pos="PRF" trans="centi-" translit=""/></w><w>ลำ<ana lex="ลำ" pos="classifier" trans="numerative noun for long slender tapering objects" translit=""/><ana lex="ลำ" pos="noun" trans="trunk" translit=""/></w><w>เป็น<ana lex="เป็น" pos="auxiliary verb" trans="are" translit=""/><ana lex="เป็น" pos="verb,intransitive" trans="been" translit=""/><ana lex="เป็น" pos="verb,intransitive" trans="come" translit=""/><ana lex="เป็น" pos="verb" trans="be able to" translit=""/><ana lex="เป็น" pos="verb" trans="be" translit=""/><ana lex="เป็น" pos="adjective" trans="alive" translit=""/></w><w>คำ<ana lex="คำ" pos="noun" trans="word" translit=""/><ana lex="คำ" pos="noun" trans="vocable" translit=""/><ana lex="คำ" pos="noun" trans="word" translit=""/></w><w>สอน<ana lex="สอน" pos="verb,transitive" trans="enlighten" translit=""/><ana lex="สอน" pos="verb" trans="teach" translit=""/></w></se><se><w>คิด<ana lex="คิด" pos="verb,transitive" trans="reckon" translit=""/><ana lex="คิด" pos="verb,intransitive" trans="cerebrate" translit=""/><ana lex="คิด" pos="verb,transitive" trans="conceive" translit=""/><ana lex="คิด" pos="verb,transitive" trans="conceit" translit=""/><ana lex="คิด" pos="PHRV" trans="go over2" translit=""/><ana lex="คิด" pos="verb" trans="create" translit=""/><ana lex="คิด" pos="verb" trans="estimate" translit=""/><ana lex="คิด" pos="verb" trans="want" translit=""/><ana lex="คิด" pos="verb" trans="think" translit=""/><ana lex="คิด" pos="verb" trans="consider" translit=""/><ana lex="คิด" pos="verb" trans="calculate" translit=""/><ana lex="คิด" pos="verb,transitive" trans="think" translit=""/><ana lex="คิด" pos="verb,intransitive" trans="think" translit=""/></w><w>ยอกย้อน<ana lex="ยอกย้อน" pos="verb" trans="retort" translit=""/><ana lex="ยอกย้อน" pos="verb" trans="be complicated" translit=""/></w><w>แตก<ana lex="แตก" pos="verb" trans="segregate" translit=""/><ana lex="แตก" pos="verb,transitive" trans="break" translit=""/><ana lex="แตก" pos="adverb" trans="fluently" translit=""/><ana lex="แตก" pos="adjective" trans="broken" translit=""/><ana lex="แตก" pos="verb,intransitive" trans="check" translit=""/><ana lex="แตก" pos="verb" trans="sprout" translit=""/><ana lex="แตก" pos="verb,intransitive" trans="chip" translit=""/><ana lex="แตก" pos="verb,intransitive" trans="chap" translit=""/><ana lex="แตก" pos="verb" trans="break" translit=""/><ana lex="แตก" pos="verb,intransitive" trans="break" translit=""/><ana lex="แตก" pos="verb,intransitive" trans="fracture" translit=""/><ana lex="แตก" pos="verb" trans="sweat" translit=""/><ana lex="แตก" pos="verb" trans="split" translit=""/></w><w>ต่าง<ana lex="ต่าง" pos="adverb" trans="in place of" translit=""/><ana lex="ต่าง" pos="noun" trans="pack-saddle" translit=""/><ana lex="ต่าง" pos="verb" trans="differ" translit=""/><ana lex="ต่าง" pos="verb" trans="carry" translit=""/><ana lex="ต่าง" pos="adverb" trans="take as" translit=""/><ana lex="ต่าง" pos="DET" trans="each" translit=""/><ana lex="ต่าง" pos="adverb" trans="each" translit=""/><ana lex="ต่าง" pos="adjective" trans="foreign" translit=""/><ana lex="ต่าง" pos="DET" trans="each" translit=""/><ana lex="ต่าง" pos="adverb" trans="differ (farther or mother)" translit=""/></w><w>ล้วน<ana lex="ล้วน" pos="adverb" trans="all" translit=""/></w><w>สร้างสรรค์<ana lex="สร้างสรรค์" pos="verb,transitive" trans="create" translit=""/><ana lex="สร้างสรรค์" pos="adjective" trans="[is] creative" translit="saangF sanR"/><ana lex="สร้างสรรค์" pos="verb" trans="create" translit=""/><ana lex="สร้างสรรค์" pos="verb" trans="to create; invent; make; originate; devise; formulate" translit="saangF sanR"/><ana lex="สร้างสรรค์" pos="verb" trans="create" translit=""/><ana lex="สร้างสรรค์" pos="verb,transitive" trans="invent" translit=""/></w></se><se><w>บ้าง<ana lex="บ้าง" pos="adjective" trans="certain" translit=""/><ana lex="บ้าง" pos="adjective" trans="any" translit=""/><ana lex="บ้าง" pos="adverb" trans="any" translit=""/><ana lex="บ้าง" pos="PRON" trans="else" translit=""/></w><w>ลำนำ<ana lex="ลำนำ" pos="noun" trans="song" translit=""/></w><w>คำ<ana lex="คำ" pos="noun" trans="word" translit=""/><ana lex="คำ" pos="noun" trans="vocable" translit=""/><ana lex="คำ" pos="noun" trans="word" translit=""/></w><w>ฝาก<ana lex="ฝาก" pos="verb" trans="deposit" translit=""/><ana lex="ฝาก" pos="verb,transitive" trans="check" translit=""/></w><w>จาก<ana lex="จาก" pos="preposition" trans="von" translit=""/><ana lex="จาก" pos="PRF" trans="dis-" translit=""/><ana lex="จาก" pos="verb" trans="depart" translit=""/><ana lex="จาก" pos="preposition" trans="at" translit=""/><ana lex="จาก" pos="PRF" trans="a-" translit=""/><ana lex="จาก" pos="preposition" trans="from" translit=""/><ana lex="จาก" pos="preposition" trans="from" translit=""/><ana lex="จาก" pos="PRF" trans="ab-" translit=""/><ana lex="จาก" pos="noun" trans="a kind of Thai dessert" translit=""/><ana lex="จาก" pos="noun" trans="nipa palm" translit=""/></w><w>ร้อย<ana lex="ร้อย" pos="noun" trans="hundred" translit=""/><ana lex="ร้อย" pos="verb" trans="thread" translit=""/><ana lex="ร้อย" pos="noun" trans="lieutenant" translit=""/><ana lex="ร้อย" pos="PRF" trans="centi-" translit=""/></w><w>พัน<ana lex="พัน" pos="verb" trans="involve" translit=""/><ana lex="พัน" pos="verb,transitive" trans="swaddle" translit=""/><ana lex="พัน" pos="verb,intransitive" trans="wind" translit=""/><ana lex="พัน" pos="PRF" trans="kilo-" translit=""/><ana lex="พัน" pos="verb" trans="bind" translit=""/><ana lex="พัน" pos="verb,transitive" trans="wind" translit=""/><ana lex="พัน" pos="PRF" trans="milli-" translit=""/><ana lex="พัน" pos="verb,transitive" trans="intwine" translit=""/><ana lex="พัน" pos="noun" trans="thousand" translit=""/><ana lex="พัน" pos="verb,intransitive" trans="intwine" translit=""/></w></se><se><w>จุด<ana lex="จุด" pos="noun" trans="period" translit=""/><ana lex="จุด" pos="noun" trans="fleck" translit=""/><ana lex="จุด" pos="verb" trans="light" translit=""/><ana lex="จุด" pos="noun" trans="dot" translit=""/><ana lex="จุด" pos="noun" trans="point" translit=""/><ana lex="จุด" pos="verb" trans="point" translit=""/><ana lex="จุด" pos="noun" trans="spot" translit=""/><ana lex="จุด" pos="noun" trans="point" translit=""/><ana lex="จุด" pos="noun" trans="spot" translit=""/></w><w>เดียวกัน<ana lex="เดียวกัน" pos="adjective" trans="same" translit=""/></w><w>กวี<ana lex="กวี" pos="noun" trans="bard" translit=""/><ana lex="กวี" pos="noun" trans="poet" translit=""/><ana lex="กวี" pos="noun" trans="poet" translit=""/></w><w>ไทย<ana lex="ไทย" pos="noun" trans="Thailand" translit=""/><ana lex="ไทย" pos="noun" trans="Thailand" translit=""/><ana lex="ไทย" pos="noun" trans="freedom" translit=""/></w><w>ให้<ana lex="ให้" pos="verb,transitive" trans="afford" translit=""/><ana lex="ให้" pos="verb" trans="give" translit=""/><ana lex="ให้" pos="verb,transitive" trans="give" translit=""/><ana lex="ให้" pos="verb,transitive" trans="dispense" translit=""/><ana lex="ให้" pos="verb,transitive" trans="bestow" translit=""/><ana lex="ให้" pos="verb" trans="give" translit=""/><ana lex="ให้" pos="verb,transitive" trans="accord" translit=""/><ana lex="ให้" pos="auxiliary verb" trans="to" translit=""/><ana lex="ให้" pos="verb" trans="permit" translit=""/></w><w>คำนึง<ana lex="คำนึง" pos="verb" trans="consider" translit=""/><ana lex="คำนึง" pos="verb,transitive,intransitive,formal" trans="to think; consider; take into consideration" translit="khamM neungM"/></w></se><se><w>แวะ<ana lex="แวะ" pos="PHRV" trans="stop by" translit=""/><ana lex="แวะ" pos="PHRV" trans="run round1" translit=""/><ana lex="แวะ" pos="verb" trans="stop" translit=""/></w><w>มา<ana lex="มา" pos="PHRV" trans="get in1" translit=""/><ana lex="มา" pos="adverb" trans="coming (toward the present; or toward the focal time)" translit=""/><ana lex="มา" pos="verb,intransitive" trans="come" translit=""/><ana lex="มา" pos="verb" trans="arrive" translit=""/></w><w>เป็น<ana lex="เป็น" pos="auxiliary verb" trans="are" translit=""/><ana lex="เป็น" pos="verb,intransitive" trans="been" translit=""/><ana lex="เป็น" pos="verb,intransitive" trans="come" translit=""/><ana lex="เป็น" pos="verb" trans="be able to" translit=""/><ana lex="เป็น" pos="verb" trans="be" translit=""/><ana lex="เป็น" pos="adjective" trans="alive" translit=""/></w><w>กำลังใจ<ana lex="กำลังใจ" pos="noun" trans="morale" translit=""/><ana lex="กำลังใจ" pos="noun" trans="spirit" translit=""/><ana lex="กำลังใจ" pos="noun" trans="morale, spirit, encouragement, moral or spiritual support" translit="gamM langM jaiM"/><ana lex="กำลังใจ" pos="noun" trans="will power" translit=""/></w><w>ให้<ana lex="ให้" pos="verb,transitive" trans="afford" translit=""/><ana lex="ให้" pos="verb" trans="give" translit=""/><ana lex="ให้" pos="verb,transitive" trans="give" translit=""/><ana lex="ให้" pos="verb,transitive" trans="dispense" translit=""/><ana lex="ให้" pos="verb,transitive" trans="bestow" translit=""/><ana lex="ให้" pos="verb" trans="give" translit=""/><ana lex="ให้" pos="verb,transitive" trans="accord" translit=""/><ana lex="ให้" pos="auxiliary verb" trans="to" translit=""/><ana lex="ให้" pos="verb" trans="permit" translit=""/></w><w>กัน<ana lex="กัน" pos="verb" trans="keep out" translit=""/><ana lex="กัน" pos="PRON" trans="one another" translit=""/><ana lex="กัน" pos="PHRV" trans="screen off" translit=""/><ana lex="กัน" pos="adverb" trans="together" translit=""/><ana lex="กัน" pos="verb" trans="shave" translit=""/><ana lex="กัน" pos="verb" trans="separate" translit=""/></w><w>และ<ana lex="และ" pos="conjunction" trans="and" translit=""/><ana lex="และ" pos="conjunction" trans="and" translit=""/></w><w>กัน<ana lex="กัน" pos="verb" trans="keep out" translit=""/><ana lex="กัน" pos="PRON" trans="one another" translit=""/><ana lex="กัน" pos="PHRV" trans="screen off" translit=""/><ana lex="กัน" pos="adverb" trans="together" translit=""/><ana lex="กัน" pos="verb" trans="shave" translit=""/><ana lex="กัน" pos="verb" trans="separate" translit=""/></w></se><se><w>กำลังใจ<ana lex="กำลังใจ" pos="noun" trans="morale" translit=""/><ana lex="กำลังใจ" pos="noun" trans="spirit" translit=""/><ana lex="กำลังใจ" pos="noun" trans="morale, spirit, encouragement, moral or spiritual support" translit="gamM langM jaiM"/><ana lex="กำลังใจ" pos="noun" trans="will power" translit=""/></w><w>จาก<ana lex="จาก" pos="preposition" trans="von" translit=""/><ana lex="จาก" pos="PRF" trans="dis-" translit=""/><ana lex="จาก" pos="verb" trans="depart" translit=""/><ana lex="จาก" pos="preposition" trans="at" translit=""/><ana lex="จาก" pos="PRF" trans="a-" translit=""/><ana lex="จาก" pos="preposition" trans="from" translit=""/><ana lex="จาก" pos="preposition" trans="from" translit=""/><ana lex="จาก" pos="PRF" trans="ab-" translit=""/><ana lex="จาก" pos="noun" trans="a kind of Thai dessert" translit=""/><ana lex="จาก" pos="noun" trans="nipa palm" translit=""/></w><w>ข้าง<ana lex="ข้าง" pos="PRF" trans="par-" translit=""/><ana lex="ข้าง" pos="PRF" trans="para-" translit=""/><ana lex="ข้าง" pos="PRF" trans="para-" translit=""/><ana lex="ข้าง" pos="noun" trans="side" translit=""/><ana lex="ข้าง" pos="preposition" trans="next to" translit=""/><ana lex="ข้าง" pos="noun" trans="side" translit=""/><ana lex="ข้าง" pos="noun" trans="side" translit=""/><ana lex="ข้าง" pos="PRF" trans="par-" translit=""/><ana lex="ข้าง" pos="noun" trans="side" translit=""/></w><w>ใน<ana lex="ใน" pos="preposition" trans="in" translit=""/><ana lex="ใน" pos="adjective" trans="in" translit=""/><ana lex="ใน" pos="PRF" trans="em-" translit=""/><ana lex="ใน" pos="PRF" trans="en-" translit=""/><ana lex="ใน" pos="PRF" trans="en-" translit=""/><ana lex="ใน" pos="PRF" trans="il-" translit=""/><ana lex="ใน" pos="preposition" trans="of" translit=""/><ana lex="ใน" pos="PRF" trans="in-" translit=""/><ana lex="ใน" pos="PRF" trans="im-" translit=""/><ana lex="ใน" pos="adverb" trans="in" translit=""/><ana lex="ใน" pos="preposition" trans="in" translit=""/></w><w>ส่วน<ana lex="ส่วน" pos="conjunction" trans="as for" translit=""/><ana lex="ส่วน" pos="noun" trans="part" translit=""/><ana lex="ส่วน" pos="noun" trans="part" translit=""/><ana lex="ส่วน" pos="noun" trans="piece" translit=""/><ana lex="ส่วน" pos="noun" trans="share" translit=""/><ana lex="ส่วน" pos="noun" trans="fraction" translit=""/><ana lex="ส่วน" pos="noun" trans="equivalence" translit=""/><ana lex="ส่วน" pos="noun" trans="part" translit=""/><ana lex="ส่วน" pos="noun" trans="part" translit=""/></w><w>ลึก<ana lex="ลึก" pos="adjective" trans="profound" translit=""/><ana lex="ลึก" pos="verb" trans="be deep" translit=""/><ana lex="ลึก" pos="adjective" trans="deep" translit=""/><ana lex="ลึก" pos="adverb" trans="deeply" translit=""/></w></se><se><w>ไม่<ana lex="ไม่" pos="adverb" trans="not" translit=""/><ana lex="ไม่" pos="PRF" trans="an-" translit=""/><ana lex="ไม่" pos="PRF" trans="un-" translit=""/><ana lex="ไม่" pos="PRF" trans="un-" translit=""/><ana lex="ไม่" pos="adjective" trans="nary" translit=""/><ana lex="ไม่" pos="NEG" trans="not" translit=""/><ana lex="ไม่" pos="PRF" trans="in-" translit=""/><ana lex="ไม่" pos="adverb" trans="no" translit=""/><ana lex="ไม่" pos="PRF" trans="non-" translit=""/><ana lex="ไม่" pos="PRF" trans="non-" translit=""/><ana lex="ไม่" pos="PRF" trans="in-" translit=""/><ana lex="ไม่" pos="SL" trans="no soup" translit=""/><ana lex="ไม่" pos="SL" trans="no sale" translit=""/><ana lex="ไม่" pos="SL" trans="nope" translit=""/><ana lex="ไม่" pos="SL" trans="No way!" translit=""/><ana lex="ไม่" pos="NEG" trans="not" translit=""/><ana lex="ไม่" pos="SL" trans="Nuts!" translit=""/></w><w>ต้อง<ana lex="ต้อง" pos="auxiliary verb" trans="must" translit=""/><ana lex="ต้อง" pos="" trans="[alternate pronunciation of ต้อง ]" translit="dtaawngF"/><ana lex="ต้อง" pos="verb" trans="fall into" translit=""/><ana lex="ต้อง" pos="verb" trans="touch" translit=""/><ana lex="ต้อง" pos="auxiliary verb" trans="must" translit=""/></w><w>ฝึก<ana lex="ฝึก" pos="verb" trans="practise" translit=""/></w><w>ต้องหา<ana lex="ต้องหา" pos="verb" trans="[ต้องหา] must find" translit="dtawngF haaR"/></w><w>มา<ana lex="มา" pos="PHRV" trans="get in1" translit=""/><ana lex="มา" pos="adverb" trans="coming (toward the present; or toward the focal time)" translit=""/><ana lex="มา" pos="verb,intransitive" trans="come" translit=""/><ana lex="มา" pos="verb" trans="arrive" translit=""/></w><w>ให้<ana lex="ให้" pos="verb,transitive" trans="afford" translit=""/><ana lex="ให้" pos="verb" trans="give" translit=""/><ana lex="ให้" pos="verb,transitive" trans="give" translit=""/><ana lex="ให้" pos="verb,transitive" trans="dispense" translit=""/><ana lex="ให้" pos="verb,transitive" trans="bestow" translit=""/><ana lex="ให้" pos="verb" trans="give" translit=""/><ana lex="ให้" pos="verb,transitive" trans="accord" translit=""/><ana lex="ให้" pos="auxiliary verb" trans="to" translit=""/><ana lex="ให้" pos="verb" trans="permit" translit=""/></w><w>เห็น<ana lex="เห็น" pos="PHRV" trans="clap on2" translit=""/><ana lex="เห็น" pos="SL" trans="clock" translit=""/><ana lex="เห็น" pos="verb,transitive" trans="behold" translit=""/><ana lex="เห็น" pos="verb,intransitive" trans="see" translit=""/><ana lex="เห็น" pos="verb,transitive" trans="see" translit=""/><ana lex="เห็น" pos="verb,transitive" trans="sight" translit=""/><ana lex="เห็น" pos="verb,transitive" trans="twig" translit=""/><ana lex="เห็น" pos="verb,transitive" trans="vide" translit=""/></w></se><se><w>จะ<ana lex="จะ" pos="auxiliary verb" trans="will" translit=""/><ana lex="จะ" pos="auxiliary verb" trans="will" translit=""/><ana lex="จะ" pos="" trans="[alternate spelling of จ้ะ]" translit="jaL"/></w><w>แดด<ana lex="แดด" pos="noun" trans="sunlight" translit=""/></w><w>ร้อน<ana lex="ร้อน" pos="adjective" trans="hot" translit=""/><ana lex="ร้อน" pos="verb" trans="be hot" translit=""/><ana lex="ร้อน" pos="adjective" trans="tropical" translit=""/><ana lex="ร้อน" pos="PRF" trans="thermo-" translit=""/><ana lex="ร้อน" pos="PRF" trans="therme-" translit=""/></w><w>ตอน<ana lex="ตอน" pos="noun" trans="episode" translit=""/><ana lex="ตอน" pos="classifier" trans="section" translit=""/><ana lex="ตอน" pos="conjunction" trans="when" translit=""/><ana lex="ตอน" pos="preposition" trans="period" translit=""/><ana lex="ตอน" pos="verb" trans="castrate" translit=""/><ana lex="ตอน" pos="noun" trans="part" translit=""/><ana lex="ตอน" pos="verb" trans="castrate" translit=""/><ana lex="ตอน" pos="noun" trans="passage" translit=""/><ana lex="ตอน" pos="verb,transitive" trans="unman" translit=""/><ana lex="ตอน" pos="verb,transitive" trans="caponize" translit=""/></w><w>สาย<ana lex="สาย" pos="PHRV" trans="be behind1" translit=""/><ana lex="สาย" pos="adjective" trans="tardy" translit=""/><ana lex="สาย" pos="PHRV" trans="be behindhand" translit=""/><ana lex="สาย" pos="noun" trans="strop" translit=""/><ana lex="สาย" pos="adjective" trans="late" translit=""/></w><w>จน<ana lex="จน" pos="conjunction" trans="until" translit=""/><ana lex="จน" pos="adjective" trans="bad-off" translit=""/><ana lex="จน" pos="verb" trans="be poor" translit=""/><ana lex="จน" pos="adjective" trans="badly-off" translit=""/></w><w>บ่าย<ana lex="บ่าย" pos="verb" trans="turn" translit=""/><ana lex="บ่าย" pos="noun" trans="afternoon" translit=""/></w><w>เย็น<ana lex="เย็น" pos="verb" trans="be cold" translit=""/><ana lex="เย็น" pos="adjective" trans="cool" translit=""/><ana lex="เย็น" pos="adjective" trans="cold" translit=""/><ana lex="เย็น" pos="noun" trans="evening" translit=""/><ana lex="เย็น" pos="verb" trans="cool" translit=""/></w></se><se><w>จะ<ana lex="จะ" pos="auxiliary verb" trans="will" translit=""/><ana lex="จะ" pos="auxiliary verb" trans="will" translit=""/><ana lex="จะ" pos="" trans="[alternate spelling of จ้ะ]" translit="jaL"/></w><w>คอย<ana lex="คอย" pos="PHRV" trans="wait behind" translit=""/><ana lex="คอย" pos="PHRV" trans="stick around" translit=""/><ana lex="คอย" pos="PHRV" trans="stick about" translit=""/><ana lex="คอย" pos="verb,transitive" trans="tarry" translit=""/><ana lex="คอย" pos="verb" trans="wait" translit=""/><ana lex="คอย" pos="verb,transitive" trans="bide" translit=""/></w><w>เป็น<ana lex="เป็น" pos="auxiliary verb" trans="are" translit=""/><ana lex="เป็น" pos="verb,intransitive" trans="been" translit=""/><ana lex="เป็น" pos="verb,intransitive" trans="come" translit=""/><ana lex="เป็น" pos="verb" trans="be able to" translit=""/><ana lex="เป็น" pos="verb" trans="be" translit=""/><ana lex="เป็น" pos="adjective" trans="alive" translit=""/></w><w>กำลังใจ<ana lex="กำลังใจ" pos="noun" trans="morale" translit=""/><ana lex="กำลังใจ" pos="noun" trans="spirit" translit=""/><ana lex="กำลังใจ" pos="noun" trans="morale, spirit, encouragement, moral or spiritual support" translit="gamM langM jaiM"/><ana lex="กำลังใจ" pos="noun" trans="will power" translit=""/></w><w>ให้<ana lex="ให้" pos="verb,transitive" trans="afford" translit=""/><ana lex="ให้" pos="verb" trans="give" translit=""/><ana lex="ให้" pos="verb,transitive" trans="give" translit=""/><ana lex="ให้" pos="verb,transitive" trans="dispense" translit=""/><ana lex="ให้" pos="verb,transitive" trans="bestow" translit=""/><ana lex="ให้" pos="verb" trans="give" translit=""/><ana lex="ให้" pos="verb,transitive" trans="accord" translit=""/><ana lex="ให้" pos="auxiliary verb" trans="to" translit=""/><ana lex="ให้" pos="verb" trans="permit" translit=""/></w><w>ดน</w><w>ดี<ana lex="ดี" pos="adjective" trans="fine" translit=""/><ana lex="ดี" pos="adjective" trans="braw" translit=""/><ana lex="ดี" pos="SL" trans="hunky-dory" translit=""/><ana lex="ดี" pos="adjective" trans="useful" translit=""/><ana lex="ดี" pos="noun" trans="gallbladder" translit=""/><ana lex="ดี" pos="adjective" trans="nice" translit=""/><ana lex="ดี" pos="adjective" trans="fine" translit=""/><ana lex="ดี" pos="adjective" trans="tidy" translit=""/><ana lex="ดี" pos="SL" trans="kushty" translit=""/><ana lex="ดี" pos="SL" trans="tickety-boo" translit=""/><ana lex="ดี" pos="adjective" trans="well" translit=""/><ana lex="ดี" pos="PRF" trans="eu-" translit=""/><ana lex="ดี" pos="idiom" trans="Well and good" translit=""/><ana lex="ดี" pos="adjective" trans="good" translit=""/><ana lex="ดี" pos="adverb" trans="well" translit=""/><ana lex="ดี" pos="adjective" trans="high" translit=""/><ana lex="ดี" pos="adjective" trans="nice" translit=""/><ana lex="ดี" pos="adjective" trans="nice" translit=""/><ana lex="ดี" pos="adjective" trans="well" translit=""/></w></se><se><w>เพราะ<ana lex="เพราะ" pos="conjunction" trans="because" translit=""/><ana lex="เพราะ" pos="adjective" trans="melodious" translit=""/></w><w>ดี<ana lex="ดี" pos="adjective" trans="fine" translit=""/><ana lex="ดี" pos="adjective" trans="braw" translit=""/><ana lex="ดี" pos="SL" trans="hunky-dory" translit=""/><ana lex="ดี" pos="adjective" trans="useful" translit=""/><ana lex="ดี" pos="noun" trans="gallbladder" translit=""/><ana lex="ดี" pos="adjective" trans="nice" translit=""/><ana lex="ดี" pos="adjective" trans="fine" translit=""/><ana lex="ดี" pos="adjective" trans="tidy" translit=""/><ana lex="ดี" pos="SL" trans="kushty" translit=""/><ana lex="ดี" pos="SL" trans="tickety-boo" translit=""/><ana lex="ดี" pos="adjective" trans="well" translit=""/><ana lex="ดี" pos="PRF" trans="eu-" translit=""/><ana lex="ดี" pos="idiom" trans="Well and good" translit=""/><ana lex="ดี" pos="adjective" trans="good" translit=""/><ana lex="ดี" pos="adverb" trans="well" translit=""/><ana lex="ดี" pos="adjective" trans="high" translit=""/><ana lex="ดี" pos="adjective" trans="nice" translit=""/><ana lex="ดี" pos="adjective" trans="nice" translit=""/><ana lex="ดี" pos="adjective" trans="well" translit=""/></w><w>ค่ะ<ana lex="ค่ะ" pos="END" trans="yes" translit=""/></w></se><se><w>อิ<ana lex="อิ" pos="" trans="[pronunciation of the Thai short vowel, อิ ]" translit="iL"/></w></se><se><w>อิ<ana lex="อิ" pos="" trans="[pronunciation of the Thai short vowel, อิ ]" translit="iL"/></w></se><se><w>แวะ<ana lex="แวะ" pos="PHRV" trans="stop by" translit=""/><ana lex="แวะ" pos="PHRV" trans="run round1" translit=""/><ana lex="แวะ" pos="verb" trans="stop" translit=""/></w><w>มา<ana lex="มา" pos="PHRV" trans="get in1" translit=""/><ana lex="มา" pos="adverb" trans="coming (toward the present; or toward the focal time)" translit=""/><ana lex="มา" pos="verb,intransitive" trans="come" translit=""/><ana lex="มา" pos="verb" trans="arrive" translit=""/></w><w>ทักทาย<ana lex="ทักทาย" pos="verb" trans="greet" translit=""/><ana lex="ทักทาย" pos="verb" trans="to greet" translit="thakH thaaiM"/><ana lex="ทักทาย" pos="verb,transitive" trans="greet" translit=""/><ana lex="ทักทาย" pos="PHRV" trans="salute with" translit=""/></w><w>คะ<ana lex="คะ" pos="END" trans="particle" translit=""/></w></se><se><w>อิ<ana lex="อิ" pos="" trans="[pronunciation of the Thai short vowel, อิ ]" translit="iL"/></w></se><se><w>อิ<ana lex="อิ" pos="" trans="[pronunciation of the Thai short vowel, อิ ]" translit="iL"/></w></se><se><w>.<ana lex="" pos="" trans="" translit=""/></w></se></body>