<body><meta><link>http://www.thaipoem.com/%E0%B8%81%E0%B8%A5%E0%B8%AD%E0%B8%99/%E0%B8%81%E0%B8%A5%E0%B8%AD%E0%B8%99%E0%B8%95%E0%B8%B2%E0%B8%A1%E0%B9%83%E0%B8%88%E0%B8%84%E0%B8%B8%E0%B8%93/148475</link><title>กึ๊ยส์….^_^</title><genre>poem</genre></meta><se><w>เคย<ana lex="เคย" pos="verb" trans="be accustomed to" translit=""/><ana lex="เคย" pos="noun" trans="planktonic shrimp" translit=""/><ana lex="เคย" pos="noun" trans="small sized shrimp" translit=""/><ana lex="เคย" pos="adverb" trans="ever" translit=""/><ana lex="เคย" pos="verb,intransitive" trans="be accustomed to" translit=""/><ana lex="เคย" pos="adverb" trans="once" translit=""/></w><w>บ้าง<ana lex="บ้าง" pos="adjective" trans="certain" translit=""/><ana lex="บ้าง" pos="adjective" trans="any" translit=""/><ana lex="บ้าง" pos="adverb" trans="any" translit=""/><ana lex="บ้าง" pos="PRON" trans="else" translit=""/></w><w>ไหม<ana lex="ไหม" pos="noun" trans="silk thread" translit=""/><ana lex="ไหม" pos="noun" trans="silk" translit="maiR"/><ana lex="ไหม" pos="noun" trans="silk wool" translit=""/><ana lex="ไหม" pos="noun" trans="silk cloth" translit=""/><ana lex="ไหม" pos="noun" trans="silk worm" translit=""/><ana lex="ไหม" pos="QUES" trans="word ending at the end of the question to be answered 'Yes' or 'No'" translit=""/><ana lex="ไหม" pos="noun" trans="[ตัวไหม] silkworm" translit="maiR"/><ana lex="ไหม" pos="particle" trans="[word added at the end of a statement to indicate a question]" translit="maiR"/><ana lex="ไหม" pos="adverb,particle" trans="[alternative, colloquial pronunciation of ไหม, word added at the end of a statement to indicate a question]" translit="maiH"/><ana lex="ไหม" pos="" trans="[alternate pronunciation of ไหม]" translit="maiH"/><ana lex="ไหม" pos="noun" trans="[ผ้าไหม] silk fabric" translit="maiR"/><ana lex="ไหม" pos="adjective" trans="silken; of silk" translit="maiR"/></w><w>ใน<ana lex="ใน" pos="preposition" trans="in" translit=""/><ana lex="ใน" pos="adjective" trans="in" translit=""/><ana lex="ใน" pos="PRF" trans="em-" translit=""/><ana lex="ใน" pos="PRF" trans="en-" translit=""/><ana lex="ใน" pos="PRF" trans="en-" translit=""/><ana lex="ใน" pos="PRF" trans="il-" translit=""/><ana lex="ใน" pos="preposition" trans="of" translit=""/><ana lex="ใน" pos="PRF" trans="in-" translit=""/><ana lex="ใน" pos="PRF" trans="im-" translit=""/><ana lex="ใน" pos="adverb" trans="in" translit=""/><ana lex="ใน" pos="preposition" trans="in" translit=""/></w><w>ปั๊ม<ana lex="ปั๊ม" pos="classifier" trans="[numerical classifier for fuel pumps]" translit="bpamH"/><ana lex="ปั๊ม" pos="verb,loanword,English" trans="[Thai transcription of the foreign loanword, pump] to pump" translit="bpamH"/><ana lex="ปั๊ม" pos="noun,loanword,English" trans="[Thai transcription of the foreign loanword, pump] a pump" translit="bpamH"/><ana lex="ปั๊ม" pos="noun" trans="water pump" translit=""/><ana lex="ปั๊ม" pos="noun" trans="gas station" translit=""/><ana lex="ปั๊ม" pos="verb" trans="copy" translit=""/><ana lex="ปั๊ม" pos="verb" trans="pump" translit=""/></w><w>ยาม<ana lex="ยาม" pos="noun" trans="picket" translit=""/><ana lex="ยาม" pos="noun" trans="watchman" translit=""/><ana lex="ยาม" pos="noun" trans="sentry" translit=""/><ana lex="ยาม" pos="noun" trans="time" translit=""/><ana lex="ยาม" pos="noun" trans="guard" translit=""/><ana lex="ยาม" pos="noun" trans="one of three periods into which the day was traditionally divided" translit=""/><ana lex="ยาม" pos="noun" trans="security guard" translit=""/></w><w>ค่ำ<ana lex="ค่ำ" pos="noun" trans="dark" translit=""/><ana lex="ค่ำ" pos="verb" trans="become dark" translit=""/></w><w>ดึก<ana lex="ดึก" pos="noun" trans="late" translit=""/><ana lex="ดึก" pos="adjective" trans="late" translit=""/><ana lex="ดึก" pos="idiom" trans="far into the night" translit=""/></w></se><se><w>ถูก<ana lex="ถูก" pos="verb" trans="be at odds" translit=""/><ana lex="ถูก" pos="verb" trans="be cheap" translit=""/><ana lex="ถูก" pos="verb" trans="touch" translit=""/><ana lex="ถูก" pos="SL" trans="cheesy" translit=""/><ana lex="ถูก" pos="verb" trans="agree upon" translit=""/><ana lex="ถูก" pos="adjective" trans="cheap" translit=""/><ana lex="ถูก" pos="SL" trans="two-bit" translit=""/></w><w>ข้าศึก<ana lex="ข้าศึก" pos="noun" trans="enemy" translit=""/></w></se><se><w>โจมตี<ana lex="โจมตี" pos="PHRV" trans="fall on" translit=""/><ana lex="โจมตี" pos="PHRV" trans="tear into" translit=""/><ana lex="โจมตี" pos="PHRV" trans="rip into" translit=""/><ana lex="โจมตี" pos="PHRV" trans="fall upon" translit=""/><ana lex="โจมตี" pos="verb,transitive" trans="strike" translit=""/><ana lex="โจมตี" pos="verb,transitive" trans="trash" translit=""/><ana lex="โจมตี" pos="PHRV" trans="tie into" translit=""/><ana lex="โจมตี" pos="verb,transitive" trans="assail" translit=""/><ana lex="โจมตี" pos="PHRV" trans="walk into" translit=""/><ana lex="โจมตี" pos="PHRV" trans="go at" translit=""/><ana lex="โจมตี" pos="verb,transitive" trans="assault" translit=""/><ana lex="โจมตี" pos="verb,intransitive" trans="assault" translit=""/><ana lex="โจมตี" pos="verb,transitive" trans="charge" translit=""/><ana lex="โจมตี" pos="PHRV" trans="go for" translit=""/><ana lex="โจมตี" pos="verb,transitive" trans="sic" translit=""/><ana lex="โจมตี" pos="PHRV" trans="be at" translit=""/></w><w>จน<ana lex="จน" pos="conjunction" trans="until" translit=""/><ana lex="จน" pos="adjective" trans="bad-off" translit=""/><ana lex="จน" pos="verb" trans="be poor" translit=""/><ana lex="จน" pos="adjective" trans="badly-off" translit=""/></w><w>ถี่<ana lex="ถี่" pos="adjective" trans="frequent; in quick order; in rapid succession; repeated in quick succession" translit="theeL"/><ana lex="ถี่" pos="adjective,formal" trans="thorough" translit="theeL"/><ana lex="ถี่" pos="adjective,formal" trans="stingy" translit="theeL"/><ana lex="ถี่" pos="adverb" trans="often" translit=""/><ana lex="ถี่" pos="noun" trans="[ความถี่] frequency" translit="theeL"/></w><w>เร้า<ana lex="เร้า" pos="verb" trans="stimulate" translit=""/><ana lex="เร้า" pos="verb" trans="urge" translit=""/></w></se><se><w>ไส้<ana lex="ไส้" pos="noun" trans="lead refill" translit=""/><ana lex="ไส้" pos="noun" trans="stuff" translit=""/><ana lex="ไส้" pos="noun" trans="person in the family" translit=""/><ana lex="ไส้" pos="noun" trans="secret" translit=""/><ana lex="ไส้" pos="noun" trans="intestine" translit=""/></w><w>ขด<ana lex="ขด" pos="verb" trans="coil" translit=""/><ana lex="ขด" pos="verb,transitive" trans="convolute" translit=""/><ana lex="ขด" pos="classifier" trans="coil" translit=""/><ana lex="ขด" pos="noun" trans="coil" translit=""/><ana lex="ขด" pos="verb,intransitive" trans="convolute" translit=""/></w><w>ตีบ<ana lex="ตีบ" pos="verb" trans="narrow" translit=""/><ana lex="ตีบ" pos="noun" trans="kind of banana" translit=""/><ana lex="ตีบ" pos="adjective" trans="constricted" translit=""/><ana lex="ตีบ" pos="verb,intransitive" trans="atrophy" translit=""/></w><w>บีบ<ana lex="บีบ" pos="verb" trans="oppress" translit=""/><ana lex="บีบ" pos="PHRV" trans="press into" translit=""/><ana lex="บีบ" pos="verb" trans="squeeze" translit=""/></w><w>เกร็ง<ana lex="เกร็ง" pos="PHRV" trans="gather up" translit=""/><ana lex="เกร็ง" pos="verb" trans="contract" translit=""/><ana lex="เกร็ง" pos="noun" trans="tense up (physically, muscularly when frightened, excited, etc.)" translit="grengM"/></w><w>มา<ana lex="มา" pos="PHRV" trans="get in1" translit=""/><ana lex="มา" pos="adverb" trans="coming (toward the present; or toward the focal time)" translit=""/><ana lex="มา" pos="verb,intransitive" trans="come" translit=""/><ana lex="มา" pos="verb" trans="arrive" translit=""/></w><w>เร่ง<ana lex="เร่ง" pos="verb" trans="hasten" translit=""/><ana lex="เร่ง" pos="PHRV" trans="press for" translit=""/><ana lex="เร่ง" pos="PHRV" trans="precipitate into" translit=""/><ana lex="เร่ง" pos="verb,transitive" trans="advance" translit=""/><ana lex="เร่ง" pos="verb,transitive" trans="hustle" translit=""/><ana lex="เร่ง" pos="verb,transitive" trans="expedite" translit=""/><ana lex="เร่ง" pos="PHRV" trans="chase up" translit=""/></w><w>เอา</w></se><se><w>หนัก<ana lex="หนัก" pos="verb" trans="focus" translit=""/><ana lex="หนัก" pos="verb" trans="weigh" translit=""/><ana lex="หนัก" pos="adjective" trans="a lot" translit=""/><ana lex="หนัก" pos="adjective" trans="heavy" translit=""/><ana lex="หนัก" pos="adjective" trans="hefty" translit=""/><ana lex="หนัก" pos="adverb" trans="hard" translit=""/><ana lex="หนัก" pos="adjective" trans="much" translit=""/><ana lex="หนัก" pos="adverb" trans="heavily" translit=""/><ana lex="หนัก" pos="adverb" trans="severely" translit=""/></w><w>ไม่<ana lex="ไม่" pos="adverb" trans="not" translit=""/><ana lex="ไม่" pos="PRF" trans="an-" translit=""/><ana lex="ไม่" pos="PRF" trans="un-" translit=""/><ana lex="ไม่" pos="PRF" trans="un-" translit=""/><ana lex="ไม่" pos="adjective" trans="nary" translit=""/><ana lex="ไม่" pos="NEG" trans="not" translit=""/><ana lex="ไม่" pos="PRF" trans="in-" translit=""/><ana lex="ไม่" pos="adverb" trans="no" translit=""/><ana lex="ไม่" pos="PRF" trans="non-" translit=""/><ana lex="ไม่" pos="PRF" trans="non-" translit=""/><ana lex="ไม่" pos="PRF" trans="in-" translit=""/><ana lex="ไม่" pos="SL" trans="no soup" translit=""/><ana lex="ไม่" pos="SL" trans="no sale" translit=""/><ana lex="ไม่" pos="SL" trans="nope" translit=""/><ana lex="ไม่" pos="SL" trans="No way!" translit=""/><ana lex="ไม่" pos="NEG" trans="not" translit=""/><ana lex="ไม่" pos="SL" trans="Nuts!" translit=""/></w><w>เบา<ana lex="เบา" pos="adjective" trans="thin" translit=""/><ana lex="เบา" pos="verb" trans="slow down" translit=""/><ana lex="เบา" pos="adverb" trans="softly" translit=""/><ana lex="เบา" pos="verb" trans="relieve" translit=""/><ana lex="เบา" pos="adjective" trans="soft" translit=""/><ana lex="เบา" pos="adjective" trans="light" translit=""/><ana lex="เบา" pos="adjective" trans="lightweight" translit=""/><ana lex="เบา" pos="adjective" trans="featherweight" translit=""/></w></se><se><w>เข้า<ana lex="เข้า" pos="verb" trans="get along with" translit=""/><ana lex="เข้า" pos="verb,transitive" trans="access" translit=""/><ana lex="เข้า" pos="verb" trans="put in" translit=""/><ana lex="เข้า" pos="verb,transitive" trans="enter" translit=""/><ana lex="เข้า" pos="verb,intransitive" trans="enter" translit=""/><ana lex="เข้า" pos="verb" trans="enter" translit=""/><ana lex="เข้า" pos="verb" trans="reach" translit=""/></w><w>ส้วม<ana lex="ส้วม" pos="SL" trans="khazi" translit=""/><ana lex="ส้วม" pos="noun" trans="lavatory" translit=""/></w><w>ห้อง<ana lex="ห้อง" pos="noun" trans="room" translit=""/><ana lex="ห้อง" pos="noun" trans="room" translit=""/><ana lex="ห้อง" pos="classifier" trans="room" translit=""/></w><w>รวม<ana lex="รวม" pos="verb" trans="assemble" translit=""/><ana lex="รวม" pos="PHRV" trans="add together" translit=""/><ana lex="รวม" pos="verb" trans="add" translit=""/><ana lex="รวม" pos="verb,transitive" trans="add" translit=""/><ana lex="รวม" pos="verb,intransitive" trans="add" translit=""/><ana lex="รวม" pos="adjective" trans="aggregate" translit=""/></w><w>พลัน<ana lex="พลัน" pos="adverb" trans="at once" translit=""/></w></se><se><w>เสียง<ana lex="เสียง" pos="SUF" trans="-phone" translit=""/><ana lex="เสียง" pos="noun" trans="vote" translit=""/><ana lex="เสียง" pos="noun" trans="voice" translit=""/><ana lex="เสียง" pos="PRF" trans="phono-" translit=""/><ana lex="เสียง" pos="PRF" trans="phon-" translit=""/><ana lex="เสียง" pos="noun" trans="sound" translit=""/><ana lex="เสียง" pos="idiom" trans="place all one's eggs in one basket" translit=""/><ana lex="เสียง" pos="noun" trans="sonancy" translit=""/><ana lex="เสียง" pos="noun" trans="sonance" translit=""/></w><w>ฝีเท้า<ana lex="ฝีเท้า" pos="noun" trans="steps of a person; gallop of a horse; driving speed of a vehicle" translit="feeR thaaoH"/><ana lex="ฝีเท้า" pos="noun" trans="pace" translit=""/><ana lex="ฝีเท้า" pos="noun" trans="step" translit=""/></w><w>เดิน<ana lex="เดิน" pos="verb" trans="work" translit=""/><ana lex="เดิน" pos="verb" trans="walk" translit=""/><ana lex="เดิน" pos="SUF" trans="-grade" translit=""/><ana lex="เดิน" pos="verb,intransitive" trans="walk" translit=""/></w><w>ตาม<ana lex="ตาม" pos="verb,intransitive" trans="trail" translit=""/><ana lex="ตาม" pos="verb" trans="invite" translit=""/><ana lex="ตาม" pos="verb" trans="pursue" translit=""/><ana lex="ตาม" pos="preposition" trans="along" translit=""/><ana lex="ตาม" pos="verb" trans="follow" translit=""/><ana lex="ตาม" pos="verb,transitive" trans="follow" translit=""/><ana lex="ตาม" pos="preposition" trans="in accordance with" translit=""/><ana lex="ตาม" pos="adverb" trans="fatefully" translit=""/><ana lex="ตาม" pos="adverb" trans="follow" translit=""/></w><w>มา<ana lex="มา" pos="PHRV" trans="get in1" translit=""/><ana lex="มา" pos="adverb" trans="coming (toward the present; or toward the focal time)" translit=""/><ana lex="มา" pos="verb,intransitive" trans="come" translit=""/><ana lex="มา" pos="verb" trans="arrive" translit=""/></w><w>ถาม<ana lex="ถาม" pos="verb,transitive" trans="ask" translit=""/><ana lex="ถาม" pos="verb,transitive" trans="pose" translit=""/><ana lex="ถาม" pos="verb,intransitive" trans="ask" translit=""/><ana lex="ถาม" pos="SL" trans="aks" translit=""/><ana lex="ถาม" pos="PHRV" trans="look in2" translit=""/><ana lex="ถาม" pos="PHRV" trans="enquire of" translit=""/><ana lex="ถาม" pos="verb" trans="ask" translit=""/></w><w>ว่า</w></se><se><w>“ ”<ana lex="" pos="" trans="" translit=""/></w></se><se><w>ไป<ana lex="ไป" pos="PRF" trans="ad-" translit=""/><ana lex="ไป" pos="verb" trans="go" translit=""/><ana lex="ไป" pos="SL" trans="chip" translit=""/><ana lex="ไป" pos="SL" trans="gone for a Burton" translit=""/><ana lex="ไป" pos="verb,intransitive" trans="go" translit=""/></w><w>ไหน<ana lex="ไหน" pos="DET" trans="any" translit=""/><ana lex="ไหน" pos="noun" trans="Nai (kind of fruits)" translit=""/><ana lex="ไหน" pos="QUES" trans="where" translit=""/></w><w>มา<ana lex="มา" pos="PHRV" trans="get in1" translit=""/><ana lex="มา" pos="adverb" trans="coming (toward the present; or toward the focal time)" translit=""/><ana lex="มา" pos="verb,intransitive" trans="come" translit=""/><ana lex="มา" pos="verb" trans="arrive" translit=""/></w><w>ละ<ana lex="ละ" pos="verb" trans="etc." translit=""/><ana lex="ละ" pos="verb" trans="etc." translit=""/><ana lex="ละ" pos="verb" trans="vacate" translit=""/><ana lex="ละ" pos="DET" trans="each" translit=""/><ana lex="ละ" pos="verb" trans="vacate" translit=""/><ana lex="ละ" pos="END" trans="particle used at the end of a simple statement" translit=""/></w><w>เฮ้ย<ana lex="เฮ้ย" pos="interjection" trans="exclamation used to call attention" translit=""/></w></se><se><w>เอ่ย<ana lex="เอ่ย" pos="verb" trans="utter" translit=""/></w><w>ถาม<ana lex="ถาม" pos="verb,transitive" trans="ask" translit=""/><ana lex="ถาม" pos="verb,transitive" trans="pose" translit=""/><ana lex="ถาม" pos="verb,intransitive" trans="ask" translit=""/><ana lex="ถาม" pos="SL" trans="aks" translit=""/><ana lex="ถาม" pos="PHRV" trans="look in2" translit=""/><ana lex="ถาม" pos="PHRV" trans="enquire of" translit=""/><ana lex="ถาม" pos="verb" trans="ask" translit=""/></w><w>ฉัน<ana lex="ฉัน" pos="" trans="[alternate pronunciation of ฉัน ]" translit="chanH"/><ana lex="ฉัน" pos="pronoun" trans="me" translit=""/></w></se><se><w>“ ”<ana lex="" pos="" trans="" translit=""/></w></se><se><w>ตอบ<ana lex="ตอบ" pos="adjective" trans="sunken" translit=""/><ana lex="ตอบ" pos="verb" trans="answer" translit=""/><ana lex="ตอบ" pos="verb,transitive" trans="answer" translit=""/><ana lex="ตอบ" pos="verb,intransitive" trans="answer" translit=""/><ana lex="ตอบ" pos="PHRV" trans="reply for" translit=""/><ana lex="ตอบ" pos="verb,transitive" trans="respond" translit=""/><ana lex="ตอบ" pos="verb,transitive" trans="return" translit=""/><ana lex="ตอบ" pos="verb,intransitive" trans="respond" translit=""/><ana lex="ตอบ" pos="verb,transitive" trans="reply" translit=""/><ana lex="ตอบ" pos="verb,intransitive" trans="reply" translit=""/></w><w>ไป<ana lex="ไป" pos="PRF" trans="ad-" translit=""/><ana lex="ไป" pos="verb" trans="go" translit=""/><ana lex="ไป" pos="SL" trans="chip" translit=""/><ana lex="ไป" pos="SL" trans="gone for a Burton" translit=""/><ana lex="ไป" pos="verb,intransitive" trans="go" translit=""/></w><w>ว่า</w></se><se><w>มา<ana lex="มา" pos="PHRV" trans="get in1" translit=""/><ana lex="มา" pos="adverb" trans="coming (toward the present; or toward the focal time)" translit=""/><ana lex="มา" pos="verb,intransitive" trans="come" translit=""/><ana lex="มา" pos="verb" trans="arrive" translit=""/></w><w>งาน<ana lex="งาน" pos="noun" trans="job" translit=""/><ana lex="งาน" pos="noun" trans="task" translit=""/><ana lex="งาน" pos="noun" trans="job" translit=""/><ana lex="งาน" pos="noun" trans="assignment" translit=""/><ana lex="งาน" pos="noun" trans="festivity" translit=""/><ana lex="งาน" pos="noun" trans="work" translit=""/><ana lex="งาน" pos="SUF" trans="-urgy" translit=""/></w><w>บ้าน<ana lex="บ้าน" pos="SL" trans="drum" translit=""/><ana lex="บ้าน" pos="noun" trans="home" translit=""/><ana lex="บ้าน" pos="SL" trans="yam" translit=""/><ana lex="บ้าน" pos="noun" trans="house" translit=""/><ana lex="บ้าน" pos="noun" trans="home" translit=""/><ana lex="บ้าน" pos="SL" trans="gaff" translit=""/><ana lex="บ้าน" pos="noun" trans="dwelling" translit=""/><ana lex="บ้าน" pos="noun" trans="abode" translit=""/></w><w>ญาติ<ana lex="ญาติ" pos="SL" trans="cuz" translit=""/><ana lex="ญาติ" pos="noun" trans="relatives" translit=""/><ana lex="ญาติ" pos="" trans="[alternate pronunciation of ญาติ ]&#13;&#10;                    " translit="yaaM dtiL"/><ana lex="ญาติ" pos="noun" trans="relation" translit=""/></w><w>กัน<ana lex="กัน" pos="verb" trans="keep out" translit=""/><ana lex="กัน" pos="PRON" trans="one another" translit=""/><ana lex="กัน" pos="PHRV" trans="screen off" translit=""/><ana lex="กัน" pos="adverb" trans="together" translit=""/><ana lex="กัน" pos="verb" trans="shave" translit=""/><ana lex="กัน" pos="verb" trans="separate" translit=""/></w></se><se><w>ตอบ<ana lex="ตอบ" pos="adjective" trans="sunken" translit=""/><ana lex="ตอบ" pos="verb" trans="answer" translit=""/><ana lex="ตอบ" pos="verb,transitive" trans="answer" translit=""/><ana lex="ตอบ" pos="verb,intransitive" trans="answer" translit=""/><ana lex="ตอบ" pos="PHRV" trans="reply for" translit=""/><ana lex="ตอบ" pos="verb,transitive" trans="respond" translit=""/><ana lex="ตอบ" pos="verb,transitive" trans="return" translit=""/><ana lex="ตอบ" pos="verb,intransitive" trans="respond" translit=""/><ana lex="ตอบ" pos="verb,transitive" trans="reply" translit=""/><ana lex="ตอบ" pos="verb,intransitive" trans="reply" translit=""/></w><w>เสร็จ<ana lex="เสร็จ" pos="PHRV" trans="polish of" translit=""/><ana lex="เสร็จ" pos="verb" trans="be cornered" translit=""/><ana lex="เสร็จ" pos="verb" trans="succeed" translit=""/><ana lex="เสร็จ" pos="verb,transitive" trans="finish" translit=""/><ana lex="เสร็จ" pos="verb,transitive" trans="complete" translit=""/></w><w>มัน<ana lex="มัน" pos="pronoun" trans="it" translit=""/><ana lex="มัน" pos="noun" trans="fat" translit=""/><ana lex="มัน" pos="noun" trans="yam" translit=""/><ana lex="มัน" pos="PRON" trans="it" translit=""/></w></se><se><w>ถาม<ana lex="ถาม" pos="verb,transitive" trans="ask" translit=""/><ana lex="ถาม" pos="verb,transitive" trans="pose" translit=""/><ana lex="ถาม" pos="verb,intransitive" trans="ask" translit=""/><ana lex="ถาม" pos="SL" trans="aks" translit=""/><ana lex="ถาม" pos="PHRV" trans="look in2" translit=""/><ana lex="ถาม" pos="PHRV" trans="enquire of" translit=""/><ana lex="ถาม" pos="verb" trans="ask" translit=""/></w><w>ล้อ<ana lex="ล้อ" pos="noun" trans="wheel" translit=""/><ana lex="ล้อ" pos="verb" trans="tease" translit=""/><ana lex="ล้อ" pos="noun" trans="wheel" translit=""/></w></se><se><w>เหมือน<ana lex="เหมือน" pos="PRF" trans="homo-" translit=""/><ana lex="เหมือน" pos="verb,transitive" trans="mirror" translit=""/><ana lex="เหมือน" pos="PHRV" trans="take after" translit=""/><ana lex="เหมือน" pos="conjunction" trans="like" translit=""/><ana lex="เหมือน" pos="SUF" trans="-like" translit=""/><ana lex="เหมือน" pos="SUF" trans="-ly" translit=""/></w><w>ต่อ<ana lex="ต่อ" pos="verb" trans="renew" translit=""/><ana lex="ต่อ" pos="preposition" trans="to" translit=""/><ana lex="ต่อ" pos="verb" trans="concede" translit=""/><ana lex="ต่อ" pos="adverb" trans="continue" translit=""/><ana lex="ต่อ" pos="verb" trans="join" translit=""/><ana lex="ต่อ" pos="verb" trans="renew" translit=""/><ana lex="ต่อ" pos="verb" trans="bargain" translit=""/><ana lex="ต่อ" pos="adverb" trans="next" translit=""/><ana lex="ต่อ" pos="verb" trans="transfer" translit=""/><ana lex="ต่อ" pos="verb" trans="teach" translit=""/><ana lex="ต่อ" pos="preposition" trans="against" translit=""/><ana lex="ต่อ" pos="verb" trans="decoy" translit=""/><ana lex="ต่อ" pos="preposition" trans="per" translit=""/><ana lex="ต่อ" pos="preposition" trans="with" translit=""/><ana lex="ต่อ" pos="noun" trans="wasp" translit=""/><ana lex="ต่อ" pos="verb" trans="build" translit=""/></w><w>ความ<ana lex="ความ" pos="noun" trans="case" translit=""/><ana lex="ความ" pos="noun" trans="content" translit=""/></w></se><se><w>มอง<ana lex="มอง" pos="SL" trans="varda" translit=""/><ana lex="มอง" pos="verb" trans="look" translit=""/></w><w>รอด<ana lex="รอด" pos="noun" trans="joist" translit=""/><ana lex="รอด" pos="verb" trans="survive" translit=""/><ana lex="รอด" pos="verb" trans="succeed" translit=""/></w><w>ไป<ana lex="ไป" pos="PRF" trans="ad-" translit=""/><ana lex="ไป" pos="verb" trans="go" translit=""/><ana lex="ไป" pos="SL" trans="chip" translit=""/><ana lex="ไป" pos="SL" trans="gone for a Burton" translit=""/><ana lex="ไป" pos="verb,intransitive" trans="go" translit=""/></w><w>ใต้<ana lex="ใต้" pos="PRF" trans="infra-" translit=""/><ana lex="ใต้" pos="preposition" trans="under" translit=""/><ana lex="ใต้" pos="preposition" trans="under" translit=""/><ana lex="ใต้" pos="PRF" trans="sub-" translit=""/><ana lex="ใต้" pos="noun" trans="south" translit=""/><ana lex="ใต้" pos="PRF" trans="hypo-" translit=""/><ana lex="ใต้" pos="" trans="[alternate pronunciation of ใต้ ]" translit="dtaaiF"/></w><w>ช่อง<ana lex="ช่อง" pos="noun" trans="aperture" translit=""/><ana lex="ช่อง" pos="noun" trans="hole" translit=""/></w><w>มี<ana lex="มี" pos="verb" trans="consist of" translit=""/><ana lex="มี" pos="verb" trans="there is/are" translit=""/><ana lex="มี" pos="verb" trans="have" translit=""/><ana lex="มี" pos="verb,transitive" trans="contain" translit=""/><ana lex="มี" pos="verb,transitive" trans="has" translit=""/><ana lex="มี" pos="verb,transitive" trans="have" translit=""/><ana lex="มี" pos="adjective" trans="rich" translit=""/></w><w>ล่อง<ana lex="ล่อง" pos="noun" trans="space or hole (between floor board)" translit=""/><ana lex="ล่อง" pos="verb" trans="float" translit=""/><ana lex="ล่อง" pos="adjective" trans="down (train)" translit=""/><ana lex="ล่อง" pos="verb" trans="travel through forests" translit=""/><ana lex="ล่อง" pos="verb" trans="float" translit=""/></w><w>โผล่<ana lex="โผล่" pos="idiom" trans="(as) large as life (and twice as ugly)" translit=""/><ana lex="โผล่" pos="PHRV" trans="arrive on the scene" translit=""/><ana lex="โผล่" pos="verb,intransitive" trans="to become slightly visible; appear; break the surface; emerge; begin to show; show up" translit="phlo:hL"/><ana lex="โผล่" pos="PHRV" trans="rise up" translit=""/></w></se><se><w>อยู่<ana lex="อยู่" pos="verb,intransitive" trans="abide" translit=""/><ana lex="อยู่" pos="auxiliary verb" trans="be" translit=""/></w><w>บน<ana lex="บน" pos="PRF" trans="a-" translit=""/><ana lex="บน" pos="verb" trans="vow" translit=""/><ana lex="บน" pos="preposition" trans="upon" translit=""/><ana lex="บน" pos="preposition" trans="on" translit=""/><ana lex="บน" pos="preposition" trans="on" translit=""/></w><w>โถฯ</w></se><se><w>เห็น<ana lex="เห็น" pos="PHRV" trans="clap on2" translit=""/><ana lex="เห็น" pos="SL" trans="clock" translit=""/><ana lex="เห็น" pos="verb,transitive" trans="behold" translit=""/><ana lex="เห็น" pos="verb,intransitive" trans="see" translit=""/><ana lex="เห็น" pos="verb,transitive" trans="see" translit=""/><ana lex="เห็น" pos="verb,transitive" trans="sight" translit=""/><ana lex="เห็น" pos="verb,transitive" trans="twig" translit=""/><ana lex="เห็น" pos="verb,transitive" trans="vide" translit=""/></w><w>ขา<ana lex="ขา" pos="SL" trans="Mystic Megs" translit=""/><ana lex="ขา" pos="noun" trans="leg" translit=""/><ana lex="ขา" pos="SL" trans="Mystic Meg" translit=""/><ana lex="ขา" pos="noun" trans="leg" translit=""/><ana lex="ขา" pos="noun" trans="gambler" translit=""/></w></se><se><w>ว่า</w><w>ตรง<ana lex="ตรง" pos="adverb" trans="straightly" translit=""/><ana lex="ตรง" pos="preposition" trans="at" translit=""/><ana lex="ตรง" pos="adjective" trans="straight" translit=""/><ana lex="ตรง" pos="verb" trans="be straight" translit=""/><ana lex="ตรง" pos="adjective" trans="dead" translit=""/><ana lex="ตรง" pos="PRF" trans="orth-" translit=""/><ana lex="ตรง" pos="verb,intransitive" trans="unbend" translit=""/><ana lex="ตรง" pos="PRF" trans="ortho-" translit=""/><ana lex="ตรง" pos="adverb" trans="straightforwardly" translit=""/><ana lex="ตรง" pos="verb" trans="be precise at" translit=""/><ana lex="ตรง" pos="adjective" trans="straight" translit=""/><ana lex="ตรง" pos="verb" trans="be in accordance with" translit=""/><ana lex="ตรง" pos="adverb" trans="rush" translit=""/><ana lex="ตรง" pos="adverb" trans="punctually" translit=""/></w><w>ข้าม<ana lex="ข้าม" pos="verb" trans="cross" translit=""/><ana lex="ข้าม" pos="verb" trans="skip" translit=""/><ana lex="ข้าม" pos="verb" trans="skip" translit=""/><ana lex="ข้าม" pos="PHRV" trans="pass over2" translit=""/><ana lex="ข้าม" pos="PRF" trans="tra-" translit=""/><ana lex="ข้าม" pos="PRF" trans="trans-" translit=""/><ana lex="ข้าม" pos="PRF" trans="trans-" translit=""/><ana lex="ข้าม" pos="preposition" trans="across" translit=""/><ana lex="ข้าม" pos="adverb" trans="over" translit=""/><ana lex="ข้าม" pos="verb,transitive" trans="cross" translit=""/><ana lex="ข้าม" pos="adverb" trans="across" translit=""/><ana lex="ข้าม" pos="PHRV" trans="get across1" translit=""/><ana lex="ข้าม" pos="verb,intransitive" trans="cross" translit=""/><ana lex="ข้าม" pos="PHRV" trans="cross over" translit=""/><ana lex="ข้าม" pos="PHRV" trans="get over1" translit=""/></w></se><se><w>นี่</w><w>จะ<ana lex="จะ" pos="auxiliary verb" trans="will" translit=""/><ana lex="จะ" pos="auxiliary verb" trans="will" translit=""/><ana lex="จะ" pos="" trans="[alternate spelling of จ้ะ]" translit="jaL"/></w><w>มา<ana lex="มา" pos="PHRV" trans="get in1" translit=""/><ana lex="มา" pos="adverb" trans="coming (toward the present; or toward the focal time)" translit=""/><ana lex="มา" pos="verb,intransitive" trans="come" translit=""/><ana lex="มา" pos="verb" trans="arrive" translit=""/></w><w>ไม้<ana lex="ไม้" pos="" trans="[alternate pronunciation of ไม้ ]" translit="maiH"/><ana lex="ไม้" pos="noun" trans="wood" translit=""/><ana lex="ไม้" pos="noun" trans="log" translit=""/><ana lex="ไม้" pos="noun" trans="plant" translit=""/></w><w>ไหน<ana lex="ไหน" pos="DET" trans="any" translit=""/><ana lex="ไหน" pos="noun" trans="Nai (kind of fruits)" translit=""/><ana lex="ไหน" pos="QUES" trans="where" translit=""/></w><w>ใน<ana lex="ใน" pos="preposition" trans="in" translit=""/><ana lex="ใน" pos="adjective" trans="in" translit=""/><ana lex="ใน" pos="PRF" trans="em-" translit=""/><ana lex="ใน" pos="PRF" trans="en-" translit=""/><ana lex="ใน" pos="PRF" trans="en-" translit=""/><ana lex="ใน" pos="PRF" trans="il-" translit=""/><ana lex="ใน" pos="preposition" trans="of" translit=""/><ana lex="ใน" pos="PRF" trans="in-" translit=""/><ana lex="ใน" pos="PRF" trans="im-" translit=""/><ana lex="ใน" pos="adverb" trans="in" translit=""/><ana lex="ใน" pos="preposition" trans="in" translit=""/></w><w>ดึก<ana lex="ดึก" pos="noun" trans="late" translit=""/><ana lex="ดึก" pos="adjective" trans="late" translit=""/><ana lex="ดึก" pos="idiom" trans="far into the night" translit=""/></w><w>ยาม<ana lex="ยาม" pos="noun" trans="picket" translit=""/><ana lex="ยาม" pos="noun" trans="watchman" translit=""/><ana lex="ยาม" pos="noun" trans="sentry" translit=""/><ana lex="ยาม" pos="noun" trans="time" translit=""/><ana lex="ยาม" pos="noun" trans="guard" translit=""/><ana lex="ยาม" pos="noun" trans="one of three periods into which the day was traditionally divided" translit=""/><ana lex="ยาม" pos="noun" trans="security guard" translit=""/></w></se><se><w>มั่ว<ana lex="มั่ว" pos="PHRV" trans="muddle along / on" translit=""/><ana lex="มั่ว" pos="verb" trans="assemble" translit=""/><ana lex="มั่ว" pos="verb" trans="be promiscuous" translit=""/><ana lex="มั่ว" pos="verb" trans="predict" translit=""/></w><w>คำ<ana lex="คำ" pos="noun" trans="word" translit=""/><ana lex="คำ" pos="noun" trans="vocable" translit=""/><ana lex="คำ" pos="noun" trans="word" translit=""/></w><w>ถาม<ana lex="ถาม" pos="verb,transitive" trans="ask" translit=""/><ana lex="ถาม" pos="verb,transitive" trans="pose" translit=""/><ana lex="ถาม" pos="verb,intransitive" trans="ask" translit=""/><ana lex="ถาม" pos="SL" trans="aks" translit=""/><ana lex="ถาม" pos="PHRV" trans="look in2" translit=""/><ana lex="ถาม" pos="PHRV" trans="enquire of" translit=""/><ana lex="ถาม" pos="verb" trans="ask" translit=""/></w></se><se><w>หลอกล่อ<ana lex="หลอกล่อ" pos="verb" trans="deceive" translit=""/><ana lex="หลอกล่อ" pos="verb,transitive" trans="inveigle" translit=""/><ana lex="หลอกล่อ" pos="verb" trans="to deceive; lure; entice; tempt; seduce; fool" translit="laawkL laawF"/></w></se><se><w>รอ<ana lex="รอ" pos="verb" trans="wait for" translit=""/><ana lex="รอ" pos="verb" trans="await (for something to happen)" translit=""/><ana lex="รอ" pos="noun" trans="embankment" translit=""/></w><w>ปล้น<ana lex="ปล้น" pos="verb,transitive" trans="rob" translit=""/><ana lex="ปล้น" pos="verb,intransitive" trans="rifle" translit=""/><ana lex="ปล้น" pos="verb,intransitive" trans="plunder" translit=""/><ana lex="ปล้น" pos="verb,transitive" trans="rifle" translit=""/><ana lex="ปล้น" pos="verb,transitive" trans="maraud" translit=""/><ana lex="ปล้น" pos="verb,transitive" trans="plunder" translit=""/><ana lex="ปล้น" pos="verb,transitive" trans="raid" translit=""/><ana lex="ปล้น" pos="verb" trans="rob" translit=""/><ana lex="ปล้น" pos="noun" trans="raven" translit=""/><ana lex="ปล้น" pos="verb,intransitive" trans="maraud" translit=""/></w><w>เรา<ana lex="เรา" pos="pronoun" trans="us" translit=""/><ana lex="เรา" pos="PRON" trans="I" translit=""/><ana lex="เรา" pos="pronoun" trans="we" translit=""/><ana lex="เรา" pos="PRON" trans="you" translit=""/><ana lex="เรา" pos="PRON" trans="we" translit=""/></w></se><se><w>^^”<ana lex="" pos="" trans="" translit=""/></w></se><se><w>รึ<ana lex="รึ" pos="conjunction,colloquial" trans="[colloquial shortening of] หรือ , [the word] or" translit="reuH"/><ana lex="รึ" pos="" trans="[alternate spelling of หรือ ]" translit="reuH"/><ana lex="รึ" pos="particle,colloquial" trans="[a particle indicating a question, informal pronunciation of] หรือ " translit="reuH"/></w><w>เปล่า<ana lex="เปล่า" pos="" trans="[alternate pronunciation of เปล่า ]" translit="bpaehM laaF"/><ana lex="เปล่า" pos="adjective" trans="bare" translit=""/><ana lex="เปล่า" pos="NEG" trans="no" translit=""/><ana lex="เปล่า" pos="adjective" trans="empty" translit=""/></w><w>วะ<ana lex="วะ" pos="END" trans="word used at the end of a statement among friends but not politely" translit=""/></w></se><se><w>?<ana lex="" pos="" trans="" translit=""/></w></se><se><w>ชัก<ana lex="ชัก" pos="verb" trans="raise" translit=""/><ana lex="ชัก" pos="PHRV" trans="heave on" translit=""/><ana lex="ชัก" pos="verb" trans="draw" translit=""/><ana lex="ชัก" pos="PHRV" trans="heave at" translit=""/><ana lex="ชัก" pos="verb" trans="draw" translit=""/><ana lex="ชัก" pos="verb" trans="deduct" translit=""/><ana lex="ชัก" pos="verb" trans="cite" translit=""/><ana lex="ชัก" pos="auxiliary verb" trans="rather" translit=""/><ana lex="ชัก" pos="verb,transitive" trans="draw" translit=""/><ana lex="ชัก" pos="verb" trans="convulse" translit=""/></w><w>หวั่น<ana lex="หวั่น" pos="verb" trans="[ประหวั่น] to fear" translit="wanL"/><ana lex="หวั่น" pos="verb,intransitive" trans="to fear; be afraid" translit="wanL"/><ana lex="หวั่น" pos="adjective" trans="[หวั่นใจ] [is] afraid (apprehensive, anxious, concerned, worried, nervous, uneasy) that something bad may happen; on tenderhooks" translit="wanL"/><ana lex="หวั่น" pos="verb" trans="be afraid of" translit=""/></w></se><se><w>สั่น<ana lex="สั่น" pos="adjective" trans="trembly" translit=""/><ana lex="สั่น" pos="adverb" trans="tremblingly" translit=""/><ana lex="สั่น" pos="verb,intransitive" trans="jar" translit=""/><ana lex="สั่น" pos="verb" trans="totter" translit=""/><ana lex="สั่น" pos="adjective" trans="shaky" translit=""/><ana lex="สั่น" pos="verb,intransitive" trans="quiver" translit=""/><ana lex="สั่น" pos="verb,intransitive" trans="thrill" translit=""/><ana lex="สั่น" pos="verb,intransitive" trans="quaver" translit=""/><ana lex="สั่น" pos="verb,intransitive" trans="shiver" translit=""/><ana lex="สั่น" pos="verb,intransitive" trans="tremble" translit=""/><ana lex="สั่น" pos="verb,intransitive" trans="vibrate" translit=""/></w><w>ประหม่า<ana lex="ประหม่า" pos="adjective" trans="diffident" translit=""/><ana lex="ประหม่า" pos="verb" trans="feel bashful" translit=""/><ana lex="ประหม่า" pos="idiom" trans="on edge" translit=""/><ana lex="ประหม่า" pos="adjective" trans="[is] timid; shy; bashful; nervous; abashed; lacking confidence" translit="bpraL maaL"/></w></se><se><w>" ”<ana lex="" pos="" trans="" translit=""/></w></se><se><w>มึง<ana lex="มึง" pos="pronoun,vulgar" trans="[rude, insulting 2nd person pronoun] you; yourself" translit="meungM"/><ana lex="มึง" pos="pronoun,colloquial" trans="[among close friends 2nd person pronoun] you; yourself" translit="meungM"/><ana lex="มึง" pos="PRON" trans="you" translit=""/></w><w>เคย<ana lex="เคย" pos="verb" trans="be accustomed to" translit=""/><ana lex="เคย" pos="noun" trans="planktonic shrimp" translit=""/><ana lex="เคย" pos="noun" trans="small sized shrimp" translit=""/><ana lex="เคย" pos="adverb" trans="ever" translit=""/><ana lex="เคย" pos="verb,intransitive" trans="be accustomed to" translit=""/><ana lex="เคย" pos="adverb" trans="once" translit=""/></w><w>มา<ana lex="มา" pos="PHRV" trans="get in1" translit=""/><ana lex="มา" pos="adverb" trans="coming (toward the present; or toward the focal time)" translit=""/><ana lex="มา" pos="verb,intransitive" trans="come" translit=""/><ana lex="มา" pos="verb" trans="arrive" translit=""/></w></se><se><w>ที่<ana lex="ที่" pos="PRON" trans="that" translit=""/><ana lex="ที่" pos="preposition" trans="at" translit=""/><ana lex="ที่" pos="noun" trans="word for utensil" translit=""/><ana lex="ที่" pos="preposition" trans="at" translit=""/><ana lex="ที่" pos="noun" trans="place" translit=""/><ana lex="ที่" pos="classifier" trans="qualifiers for places" translit=""/><ana lex="ที่" pos="noun" trans="ordinal number" translit=""/><ana lex="ที่" pos="preposition" trans="to" translit=""/><ana lex="ที่" pos="noun" trans="land" translit=""/></w><w>นี่</w></se><se><w>กี่<ana lex="กี่" pos="QUES" trans="how much" translit=""/><ana lex="กี่" pos="noun" trans="loom" translit=""/></w><w>ครั้ง<ana lex="ครั้ง" pos="noun" trans="clip" translit=""/><ana lex="ครั้ง" pos="classifier" trans="time" translit=""/><ana lex="ครั้ง" pos="noun" trans="time" translit=""/><ana lex="ครั้ง" pos="noun" trans="time" translit=""/><ana lex="ครั้ง" pos="noun" trans="play" translit=""/></w><w>เล่า<ana lex="เล่า" pos="verb,transitive" trans="recount" translit=""/><ana lex="เล่า" pos="" trans="[alternate spelling of ล่ะ ]" translit="laoF"/><ana lex="เล่า" pos="verb,transitive" trans="tell" translit=""/><ana lex="เล่า" pos="verb,intransitive" trans="rehearse" translit=""/><ana lex="เล่า" pos="PHRV" trans="go ahead with" translit=""/><ana lex="เล่า" pos="verb" trans="tell" translit=""/><ana lex="เล่า" pos="verb,transitive" trans="rehearse" translit=""/><ana lex="เล่า" pos="verb,transitive" trans="relate" translit=""/></w></se><se><w>“ ”<ana lex="" pos="" trans="" translit=""/></w></se><se><w>ตอบ<ana lex="ตอบ" pos="adjective" trans="sunken" translit=""/><ana lex="ตอบ" pos="verb" trans="answer" translit=""/><ana lex="ตอบ" pos="verb,transitive" trans="answer" translit=""/><ana lex="ตอบ" pos="verb,intransitive" trans="answer" translit=""/><ana lex="ตอบ" pos="PHRV" trans="reply for" translit=""/><ana lex="ตอบ" pos="verb,transitive" trans="respond" translit=""/><ana lex="ตอบ" pos="verb,transitive" trans="return" translit=""/><ana lex="ตอบ" pos="verb,intransitive" trans="respond" translit=""/><ana lex="ตอบ" pos="verb,transitive" trans="reply" translit=""/><ana lex="ตอบ" pos="verb,intransitive" trans="reply" translit=""/></w><w>ไป<ana lex="ไป" pos="PRF" trans="ad-" translit=""/><ana lex="ไป" pos="verb" trans="go" translit=""/><ana lex="ไป" pos="SL" trans="chip" translit=""/><ana lex="ไป" pos="SL" trans="gone for a Burton" translit=""/><ana lex="ไป" pos="verb,intransitive" trans="go" translit=""/></w><w>ว่า</w></se><se><w>มา<ana lex="มา" pos="PHRV" trans="get in1" translit=""/><ana lex="มา" pos="adverb" trans="coming (toward the present; or toward the focal time)" translit=""/><ana lex="มา" pos="verb,intransitive" trans="come" translit=""/><ana lex="มา" pos="verb" trans="arrive" translit=""/></w><w>บ่อย<ana lex="บ่อย" pos="SUF" trans="-er" translit=""/><ana lex="บ่อย" pos="adverb" trans="many times" translit=""/><ana lex="บ่อย" pos="adverb" trans="many a time" translit=""/><ana lex="บ่อย" pos="adverb" trans="much" translit=""/></w></se><se><w>เสียง<ana lex="เสียง" pos="SUF" trans="-phone" translit=""/><ana lex="เสียง" pos="noun" trans="vote" translit=""/><ana lex="เสียง" pos="noun" trans="voice" translit=""/><ana lex="เสียง" pos="PRF" trans="phono-" translit=""/><ana lex="เสียง" pos="PRF" trans="phon-" translit=""/><ana lex="เสียง" pos="noun" trans="sound" translit=""/><ana lex="เสียง" pos="idiom" trans="place all one's eggs in one basket" translit=""/><ana lex="เสียง" pos="noun" trans="sonancy" translit=""/><ana lex="เสียง" pos="noun" trans="sonance" translit=""/></w><w>อ่อย<ana lex="อ่อย" pos="adjective" trans="gentle" translit=""/><ana lex="อ่อย" pos="adverb" trans="softly" translit=""/><ana lex="อ่อย" pos="verb" trans="tempt" translit=""/><ana lex="อ่อย" pos="verb" trans="bait" translit=""/></w><w>เบา<ana lex="เบา" pos="adjective" trans="thin" translit=""/><ana lex="เบา" pos="verb" trans="slow down" translit=""/><ana lex="เบา" pos="adverb" trans="softly" translit=""/><ana lex="เบา" pos="verb" trans="relieve" translit=""/><ana lex="เบา" pos="adjective" trans="soft" translit=""/><ana lex="เบา" pos="adjective" trans="light" translit=""/><ana lex="เบา" pos="adjective" trans="lightweight" translit=""/><ana lex="เบา" pos="adjective" trans="featherweight" translit=""/></w></se><se><w>" ”<ana lex="" pos="" trans="" translit=""/></w></se><se><w>พี่<ana lex="พี่" pos="noun" trans="elder sister or brother" translit=""/></w><w>จะ<ana lex="จะ" pos="auxiliary verb" trans="will" translit=""/><ana lex="จะ" pos="auxiliary verb" trans="will" translit=""/><ana lex="จะ" pos="" trans="[alternate spelling of จ้ะ]" translit="jaL"/></w><w>เอา</w></se><se><w>อะไร<ana lex="อะไร" pos="DET" trans="any" translit=""/><ana lex="อะไร" pos="adjective" trans="what" translit=""/><ana lex="อะไร" pos="pronoun" trans="what" translit=""/><ana lex="อะไร" pos="QUES" trans="what" translit=""/><ana lex="อะไร" pos="adverb" trans="whatever" translit=""/><ana lex="อะไร" pos="PRON" trans="whatever" translit=""/></w></se><se><w>ให้<ana lex="ให้" pos="verb,transitive" trans="afford" translit=""/><ana lex="ให้" pos="verb" trans="give" translit=""/><ana lex="ให้" pos="verb,transitive" trans="give" translit=""/><ana lex="ให้" pos="verb,transitive" trans="dispense" translit=""/><ana lex="ให้" pos="verb,transitive" trans="bestow" translit=""/><ana lex="ให้" pos="verb" trans="give" translit=""/><ana lex="ให้" pos="verb,transitive" trans="accord" translit=""/><ana lex="ให้" pos="auxiliary verb" trans="to" translit=""/><ana lex="ให้" pos="verb" trans="permit" translit=""/></w><w>บอก<ana lex="บอก" pos="verb" trans="describe" translit=""/><ana lex="บอก" pos="verb" trans="advise" translit=""/><ana lex="บอก" pos="verb" trans="indicate" translit=""/><ana lex="บอก" pos="PHRV" trans="appeal to" translit=""/><ana lex="บอก" pos="verb,transitive" trans="announce" translit=""/><ana lex="บอก" pos="verb,intransitive" trans="tell" translit=""/><ana lex="บอก" pos="verb,transitive" trans="tell" translit=""/><ana lex="บอก" pos="idiom" trans="fill one in" translit=""/></w><w>นา<ana lex="นา" pos="noun" trans="field" translit=""/><ana lex="นา" pos="" trans="[alternate spelling of นะ ]" translit="naaM"/></w></se><se><w>เสียง<ana lex="เสียง" pos="SUF" trans="-phone" translit=""/><ana lex="เสียง" pos="noun" trans="vote" translit=""/><ana lex="เสียง" pos="noun" trans="voice" translit=""/><ana lex="เสียง" pos="PRF" trans="phono-" translit=""/><ana lex="เสียง" pos="PRF" trans="phon-" translit=""/><ana lex="เสียง" pos="noun" trans="sound" translit=""/><ana lex="เสียง" pos="idiom" trans="place all one's eggs in one basket" translit=""/><ana lex="เสียง" pos="noun" trans="sonancy" translit=""/><ana lex="เสียง" pos="noun" trans="sonance" translit=""/></w><w>เงียบ<ana lex="เงียบ" pos="PHRV" trans="nark it" translit=""/><ana lex="เงียบ" pos="adjective" trans="muted" translit=""/><ana lex="เงียบ" pos="PHRV" trans="clam up" translit=""/><ana lex="เงียบ" pos="adjective" trans="hushed" translit=""/><ana lex="เงียบ" pos="adverb" trans="silently" translit=""/><ana lex="เงียบ" pos="adjective" trans="hush" translit=""/><ana lex="เงียบ" pos="verb" trans="be silent" translit=""/><ana lex="เงียบ" pos="adjective" trans="silent" translit=""/><ana lex="เงียบ" pos="interjection" trans="shush" translit=""/><ana lex="เงียบ" pos="adjective" trans="quiet" translit=""/><ana lex="เงียบ" pos="adjective" trans="soundless" translit=""/></w><w>ไป<ana lex="ไป" pos="PRF" trans="ad-" translit=""/><ana lex="ไป" pos="verb" trans="go" translit=""/><ana lex="ไป" pos="SL" trans="chip" translit=""/><ana lex="ไป" pos="SL" trans="gone for a Burton" translit=""/><ana lex="ไป" pos="verb,intransitive" trans="go" translit=""/></w><w>สัก<ana lex="สัก" pos="noun" trans="teak" translit=""/><ana lex="สัก" pos="verb" trans="tattoo" translit=""/><ana lex="สัก" pos="verb" trans="stretch" translit=""/><ana lex="สัก" pos="adverb" trans="just" translit=""/></w><w>พัก<ana lex="พัก" pos="verb" trans="break" translit=""/><ana lex="พัก" pos="PHRV" trans="abide at" translit=""/><ana lex="พัก" pos="idiom" trans="put one's feet up" translit=""/><ana lex="พัก" pos="noun" trans="break" translit=""/><ana lex="พัก" pos="PHRV" trans="get off2" translit=""/><ana lex="พัก" pos="PHRV" trans="lay off1" translit=""/><ana lex="พัก" pos="verb" trans="stay" translit=""/><ana lex="พัก" pos="adverb" trans="for a while" translit=""/><ana lex="พัก" pos="adjective" trans="resting" translit=""/><ana lex="พัก" pos="idiom" trans="take break" translit=""/></w><w>ผลัก<ana lex="ผลัก" pos="PHRV" trans="push against" translit=""/><ana lex="ผลัก" pos="verb" trans="push" translit=""/><ana lex="ผลัก" pos="PHRV" trans="press down" translit=""/><ana lex="ผลัก" pos="PHRV" trans="shove against" translit=""/><ana lex="ผลัก" pos="PHRV" trans="press on2" translit=""/><ana lex="ผลัก" pos="PHRV" trans="push off" translit=""/><ana lex="ผลัก" pos="PHRV" trans="shove off" translit=""/><ana lex="ผลัก" pos="verb,transitive" trans="shove" translit=""/><ana lex="ผลัก" pos="PHRV" trans="press upon" translit=""/><ana lex="ผลัก" pos="verb,transitive" trans="thrust" translit=""/><ana lex="ผลัก" pos="verb,intransitive" trans="thrust" translit=""/></w><w>ประตู<ana lex="ประตู" pos="classifier" trans="goal" translit=""/><ana lex="ประตู" pos="noun" trans="door" translit=""/><ana lex="ประตู" pos="noun" trans="goal" translit=""/><ana lex="ประตู" pos="noun" trans="door" translit=""/><ana lex="ประตู" pos="noun" trans="portal" translit=""/></w></se><se><w>"<ana lex="" pos="" trans="" translit=""/></w></se><se><w>มี<ana lex="มี" pos="verb" trans="consist of" translit=""/><ana lex="มี" pos="verb" trans="there is/are" translit=""/><ana lex="มี" pos="verb" trans="have" translit=""/><ana lex="มี" pos="verb,transitive" trans="contain" translit=""/><ana lex="มี" pos="verb,transitive" trans="has" translit=""/><ana lex="มี" pos="verb,transitive" trans="have" translit=""/><ana lex="มี" pos="adjective" trans="rich" translit=""/></w><w>คน<ana lex="คน" pos="noun" trans="bloke" translit=""/><ana lex="คน" pos="verb,transitive" trans="mill" translit=""/><ana lex="คน" pos="PRF" trans="anthropo-" translit=""/><ana lex="คน" pos="noun" trans="human" translit=""/><ana lex="คน" pos="noun" trans="people" translit=""/><ana lex="คน" pos="noun" trans="being" translit=""/><ana lex="คน" pos="PHRV" trans="stir about" translit=""/><ana lex="คน" pos="PHRV" trans="stir around" translit=""/><ana lex="คน" pos="SL" trans="bod" translit=""/><ana lex="คน" pos="classifier" trans="person" translit=""/><ana lex="คน" pos="verb" trans="stir" translit=""/></w><w>บ้า<ana lex="บ้า" pos="adjective" trans="maddening" translit=""/><ana lex="บ้า" pos="SL" trans="gonzo" translit=""/><ana lex="บ้า" pos="idiom" trans="lose one's marbles" translit=""/><ana lex="บ้า" pos="idiom" trans="lose one's mind" translit=""/><ana lex="บ้า" pos="idiom" trans="(as) mad as a hatter" translit=""/><ana lex="บ้า" pos="idiom" trans="(as) mad as a March hare" translit=""/><ana lex="บ้า" pos="adjective" trans="loco" translit=""/><ana lex="บ้า" pos="SL" trans="off your rocker" translit=""/><ana lex="บ้า" pos="SL" trans="off your trolley" translit=""/><ana lex="บ้า" pos="SL" trans="out of your tree1" translit=""/><ana lex="บ้า" pos="idiom" trans="off one's rocker" translit=""/><ana lex="บ้า" pos="SL" trans="loony" translit=""/><ana lex="บ้า" pos="verb,intransitive" trans="madden" translit=""/><ana lex="บ้า" pos="idiom" trans="off one's nut" translit=""/><ana lex="บ้า" pos="SL" trans="wacko" translit=""/><ana lex="บ้า" pos="SL" trans="wacky" translit=""/><ana lex="บ้า" pos="verb" trans="be wild about" translit=""/><ana lex="บ้า" pos="adjective" trans="madding" translit=""/><ana lex="บ้า" pos="idiom" trans="out of one's head" translit=""/><ana lex="บ้า" pos="idiom" trans="touched (in the head)" translit=""/><ana lex="บ้า" pos="idiom" trans="out of one's mind" translit=""/><ana lex="บ้า" pos="adjective" trans="cracked" translit=""/><ana lex="บ้า" pos="adjective" trans="crackers" translit=""/><ana lex="บ้า" pos="SL" trans="radge" translit=""/><ana lex="บ้า" pos="verb" trans="be mad" translit=""/><ana lex="บ้า" pos="PHRV" trans="go off2" translit=""/><ana lex="บ้า" pos="adjective" trans="crazy" translit=""/><ana lex="บ้า" pos="idiom" trans="off one's trolley" translit=""/><ana lex="บ้า" pos="idiom" trans="be out of one's mind" translit=""/><ana lex="บ้า" pos="SL" trans="crackers" translit=""/><ana lex="บ้า" pos="SL" trans="bonzo" translit=""/><ana lex="บ้า" pos="SL" trans="kooky" translit=""/><ana lex="บ้า" pos="idiom" trans="(as) nutty as a fruit-cake" translit=""/><ana lex="บ้า" pos="SL" trans="meshuga" translit=""/><ana lex="บ้า" pos="SL" trans="loonie" translit=""/><ana lex="บ้า" pos="SL" trans="gaga" translit=""/><ana lex="บ้า" pos="SL" trans="not all there" translit=""/><ana lex="บ้า" pos="SL" trans="barmy" translit=""/><ana lex="บ้า" pos="SL" trans="squirrely" translit=""/><ana lex="บ้า" pos="adjective" trans="maddeningly" translit=""/><ana lex="บ้า" pos="adjective" trans="mad" translit=""/><ana lex="บ้า" pos="adjective" trans="lunatic" translit=""/><ana lex="บ้า" pos="SL" trans="meshugah" translit=""/><ana lex="บ้า" pos="SL" trans="loco" translit=""/><ana lex="บ้า" pos="noun" trans="psycho" translit=""/><ana lex="บ้า" pos="verb" trans="be crazy about" translit=""/><ana lex="บ้า" pos="SL" trans="cockeyed" translit=""/></w></se><se><w>”<ana lex="" pos="" trans="" translit=""/></w></se><se><w>ถือ<ana lex="ถือ" pos="verb" trans="forbid" translit=""/><ana lex="ถือ" pos="verb" trans="hire" translit=""/><ana lex="ถือ" pos="verb" trans="rely on" translit=""/><ana lex="ถือ" pos="verb,transitive" trans="handle" translit=""/><ana lex="ถือ" pos="verb,transitive" trans="bear" translit=""/><ana lex="ถือ" pos="verb" trans="hold" translit=""/><ana lex="ถือ" pos="verb,transitive" trans="take" translit=""/><ana lex="ถือ" pos="verb" trans="believe in" translit=""/></w><w>สาย<ana lex="สาย" pos="PHRV" trans="be behind1" translit=""/><ana lex="สาย" pos="adjective" trans="tardy" translit=""/><ana lex="สาย" pos="PHRV" trans="be behindhand" translit=""/><ana lex="สาย" pos="noun" trans="strop" translit=""/><ana lex="สาย" pos="adjective" trans="late" translit=""/></w><w>กรู<ana lex="กรู" pos="verb" trans="throng" translit=""/></w></se><se><w>แป๊บ<ana lex="แป๊บ" pos="noun" trans="snap" translit=""/><ana lex="แป๊บ" pos="noun" trans="exhaust pipe" translit=""/><ana lex="แป๊บ" pos="noun" trans="water pipe" translit=""/><ana lex="แป๊บ" pos="adverb" trans="just a second" translit=""/></w></se><se><w>นนท์<ana lex="นนท์" pos="noun" trans="pleasure" translit=""/><ana lex="นนท์" pos="noun" trans="pleasure; delight; enjoyment; happiness; joy; contentment; satisfaction; bliss" translit="nohnM"/><ana lex="นนท์" pos="noun" trans="a small earthen cistern" translit="nohnM"/><ana lex="นนท์" pos="noun,Pali,Sanskrit" trans="son" translit="nohnM"/></w></se><se><w>“<ana lex="" pos="" trans="" translit=""/></w></se><se><w>ใคร<ana lex="ใคร" pos="PRON" trans="who" translit=""/><ana lex="ใคร" pos="pronoun" trans="who" translit=""/></w><w>ไม่<ana lex="ไม่" pos="adverb" trans="not" translit=""/><ana lex="ไม่" pos="PRF" trans="an-" translit=""/><ana lex="ไม่" pos="PRF" trans="un-" translit=""/><ana lex="ไม่" pos="PRF" trans="un-" translit=""/><ana lex="ไม่" pos="adjective" trans="nary" translit=""/><ana lex="ไม่" pos="NEG" trans="not" translit=""/><ana lex="ไม่" pos="PRF" trans="in-" translit=""/><ana lex="ไม่" pos="adverb" trans="no" translit=""/><ana lex="ไม่" pos="PRF" trans="non-" translit=""/><ana lex="ไม่" pos="PRF" trans="non-" translit=""/><ana lex="ไม่" pos="PRF" trans="in-" translit=""/><ana lex="ไม่" pos="SL" trans="no soup" translit=""/><ana lex="ไม่" pos="SL" trans="no sale" translit=""/><ana lex="ไม่" pos="SL" trans="nope" translit=""/><ana lex="ไม่" pos="SL" trans="No way!" translit=""/><ana lex="ไม่" pos="NEG" trans="not" translit=""/><ana lex="ไม่" pos="SL" trans="Nuts!" translit=""/></w><w>รู้<ana lex="รู้" pos="verb,transitive" trans="tell" translit=""/><ana lex="รู้" pos="verb,transitive" trans="ken" translit=""/><ana lex="รู้" pos="verb,intransitive" trans="ken" translit=""/><ana lex="รู้" pos="PHRV" trans="hear about" translit=""/><ana lex="รู้" pos="verb,transitive" trans="know" translit=""/><ana lex="รู้" pos="verb" trans="know" translit=""/></w></se><se><w>กรู<ana lex="กรู" pos="verb" trans="throng" translit=""/></w><w>พูด<ana lex="พูด" pos="verb,transitive" trans="utter" translit=""/><ana lex="พูด" pos="verb,transitive" trans="pass" translit=""/><ana lex="พูด" pos="PHRV" trans="call over" translit=""/><ana lex="พูด" pos="verb,transitive" trans="say" translit=""/><ana lex="พูด" pos="verb,transitive" trans="word" translit=""/><ana lex="พูด" pos="verb" trans="say" translit=""/><ana lex="พูด" pos="verb,intransitive" trans="say" translit=""/><ana lex="พูด" pos="verb" trans="mention" translit=""/><ana lex="พูด" pos="verb" trans="talk" translit=""/><ana lex="พูด" pos="verb,intransitive" trans="mouth" translit=""/><ana lex="พูด" pos="SL" trans="cant" translit=""/></w></se><se><w>แม่<ana lex="แม่" pos="noun" trans="mummy" translit=""/><ana lex="แม่" pos="noun" trans="mum" translit=""/><ana lex="แม่" pos="noun" trans="the female of an animal" translit=""/><ana lex="แม่" pos="noun" trans="momma" translit=""/><ana lex="แม่" pos="noun" trans="mammy" translit=""/><ana lex="แม่" pos="noun" trans="mommy" translit=""/><ana lex="แม่" pos="noun" trans="mother" translit=""/><ana lex="แม่" pos="SL" trans="old lady" translit=""/><ana lex="แม่" pos="PRON" trans="title used in front of girl or woman" translit=""/><ana lex="แม่" pos="noun" trans="goddess" translit=""/><ana lex="แม่" pos="noun" trans="mother" translit=""/><ana lex="แม่" pos="noun" trans="mother" translit=""/></w><w>ง</w><w>ตอบ<ana lex="ตอบ" pos="adjective" trans="sunken" translit=""/><ana lex="ตอบ" pos="verb" trans="answer" translit=""/><ana lex="ตอบ" pos="verb,transitive" trans="answer" translit=""/><ana lex="ตอบ" pos="verb,intransitive" trans="answer" translit=""/><ana lex="ตอบ" pos="PHRV" trans="reply for" translit=""/><ana lex="ตอบ" pos="verb,transitive" trans="respond" translit=""/><ana lex="ตอบ" pos="verb,transitive" trans="return" translit=""/><ana lex="ตอบ" pos="verb,intransitive" trans="respond" translit=""/><ana lex="ตอบ" pos="verb,transitive" trans="reply" translit=""/><ana lex="ตอบ" pos="verb,intransitive" trans="reply" translit=""/></w><w>มา<ana lex="มา" pos="PHRV" trans="get in1" translit=""/><ana lex="มา" pos="adverb" trans="coming (toward the present; or toward the focal time)" translit=""/><ana lex="มา" pos="verb,intransitive" trans="come" translit=""/><ana lex="มา" pos="verb" trans="arrive" translit=""/></w></se><se><w>”<ana lex="" pos="" trans="" translit=""/></w></se><se><w>เจรจา<ana lex="เจรจา" pos="verb,intransitive" trans="parley" translit=""/><ana lex="เจรจา" pos="verb,transitive" trans="transact" translit=""/><ana lex="เจรจา" pos="verb" trans="negotiate" translit=""/><ana lex="เจรจา" pos="verb,intransitive" trans="palaver" translit=""/><ana lex="เจรจา" pos="" trans="[alternate pronunciation of เจรจา ]" translit="jaehM raH jaaM"/></w></se><se><w>ก๊ะ</w><w>กรู<ana lex="กรู" pos="verb" trans="throng" translit=""/></w></se><se><w>เหมือน<ana lex="เหมือน" pos="PRF" trans="homo-" translit=""/><ana lex="เหมือน" pos="verb,transitive" trans="mirror" translit=""/><ana lex="เหมือน" pos="PHRV" trans="take after" translit=""/><ana lex="เหมือน" pos="conjunction" trans="like" translit=""/><ana lex="เหมือน" pos="SUF" trans="-like" translit=""/><ana lex="เหมือน" pos="SUF" trans="-ly" translit=""/></w><w>หู<ana lex="หู" pos="noun" trans="ear" translit=""/><ana lex="หู" pos="noun" trans="handle" translit=""/><ana lex="หู" pos="SL" trans="shell-like" translit=""/><ana lex="หู" pos="noun" trans="ear" translit=""/></w><w>ดี<ana lex="ดี" pos="adjective" trans="fine" translit=""/><ana lex="ดี" pos="adjective" trans="braw" translit=""/><ana lex="ดี" pos="SL" trans="hunky-dory" translit=""/><ana lex="ดี" pos="adjective" trans="useful" translit=""/><ana lex="ดี" pos="noun" trans="gallbladder" translit=""/><ana lex="ดี" pos="adjective" trans="nice" translit=""/><ana lex="ดี" pos="adjective" trans="fine" translit=""/><ana lex="ดี" pos="adjective" trans="tidy" translit=""/><ana lex="ดี" pos="SL" trans="kushty" translit=""/><ana lex="ดี" pos="SL" trans="tickety-boo" translit=""/><ana lex="ดี" pos="adjective" trans="well" translit=""/><ana lex="ดี" pos="PRF" trans="eu-" translit=""/><ana lex="ดี" pos="idiom" trans="Well and good" translit=""/><ana lex="ดี" pos="adjective" trans="good" translit=""/><ana lex="ดี" pos="adverb" trans="well" translit=""/><ana lex="ดี" pos="adjective" trans="high" translit=""/><ana lex="ดี" pos="adjective" trans="nice" translit=""/><ana lex="ดี" pos="adjective" trans="nice" translit=""/><ana lex="ดี" pos="adjective" trans="well" translit=""/></w></se><se><w>ยิน</w><w>ดังนั้น<ana lex="ดังนั้น" pos="adverb" trans="wherefore" translit=""/><ana lex="ดังนั้น" pos="adverb" trans="consequently" translit=""/><ana lex="ดังนั้น" pos="conjunction" trans="and" translit=""/><ana lex="ดังนั้น" pos="adverb" trans="then" translit=""/><ana lex="ดังนั้น" pos="adverb" trans="thereby" translit=""/><ana lex="ดังนั้น" pos="adverb" trans="so" translit=""/><ana lex="ดังนั้น" pos="adverb" trans="thus" translit=""/><ana lex="ดังนั้น" pos="conjunction" trans="so; therefore; in consequence" translit="dangM nanH"/><ana lex="ดังนั้น" pos="conjunction" trans="therefore" translit=""/></w></se><se><w>พลัน<ana lex="พลัน" pos="adverb" trans="at once" translit=""/></w><w>เสียง<ana lex="เสียง" pos="SUF" trans="-phone" translit=""/><ana lex="เสียง" pos="noun" trans="vote" translit=""/><ana lex="เสียง" pos="noun" trans="voice" translit=""/><ana lex="เสียง" pos="PRF" trans="phono-" translit=""/><ana lex="เสียง" pos="PRF" trans="phon-" translit=""/><ana lex="เสียง" pos="noun" trans="sound" translit=""/><ana lex="เสียง" pos="idiom" trans="place all one's eggs in one basket" translit=""/><ana lex="เสียง" pos="noun" trans="sonancy" translit=""/><ana lex="เสียง" pos="noun" trans="sonance" translit=""/></w></se><se><w>สำเนียง<ana lex="สำเนียง" pos="noun" trans="accent" translit=""/><ana lex="สำเนียง" pos="noun" trans="accent" translit=""/></w><w>ตะ</w><w>หลด</w></se><se><w>ที่<ana lex="ที่" pos="PRON" trans="that" translit=""/><ana lex="ที่" pos="preposition" trans="at" translit=""/><ana lex="ที่" pos="noun" trans="word for utensil" translit=""/><ana lex="ที่" pos="preposition" trans="at" translit=""/><ana lex="ที่" pos="noun" trans="place" translit=""/><ana lex="ที่" pos="classifier" trans="qualifiers for places" translit=""/><ana lex="ที่" pos="noun" trans="ordinal number" translit=""/><ana lex="ที่" pos="preposition" trans="to" translit=""/><ana lex="ที่" pos="noun" trans="land" translit=""/></w><w>เก็บ<ana lex="เก็บ" pos="verb" trans="preserve" translit=""/><ana lex="เก็บ" pos="PHRV" trans="get in1" translit=""/><ana lex="เก็บ" pos="verb" trans="pick" translit=""/><ana lex="เก็บ" pos="PHRV" trans="squirrel away" translit=""/><ana lex="เก็บ" pos="verb" trans="collect" translit=""/><ana lex="เก็บ" pos="verb" trans="keep" translit=""/><ana lex="เก็บ" pos="verb,transitive" trans="keep" translit=""/></w><w>กด<ana lex="กด" pos="verb,transitive" trans="jam" translit=""/><ana lex="กด" pos="verb,transitive" trans="press" translit=""/><ana lex="กด" pos="verb,transitive" trans="crush" translit=""/><ana lex="กด" pos="verb,intransitive" trans="press" translit=""/><ana lex="กด" pos="verb,intransitive" trans="crush" translit=""/><ana lex="กด" pos="verb,transitive" trans="punch" translit=""/><ana lex="กด" pos="PHRV" trans="hang on2" translit=""/><ana lex="กด" pos="noun" trans="catfish" translit=""/><ana lex="กด" pos="PHRV" trans="hang upon" translit=""/><ana lex="กด" pos="verb,transitive" trans="impress" translit=""/><ana lex="กด" pos="verb" trans="press" translit=""/></w></se><se><w>ปลดปล่อย<ana lex="ปลดปล่อย" pos="verb,transitive" trans="unbridle" translit=""/><ana lex="ปลดปล่อย" pos="verb,transitive" trans="emancipate" translit=""/><ana lex="ปลดปล่อย" pos="verb,transitive" trans="unfetter" translit=""/><ana lex="ปลดปล่อย" pos="verb" trans="free" translit=""/><ana lex="ปลดปล่อย" pos="verb,transitive" trans="free" translit=""/><ana lex="ปลดปล่อย" pos="verb,transitive" trans="release" translit=""/><ana lex="ปลดปล่อย" pos="PHRV" trans="unload on / upon" translit=""/></w></se><se><w>ค่อย<ana lex="ค่อย" pos="auxiliary verb" trans="gradually" translit=""/><ana lex="ค่อย" pos="adverb" trans="quietly" translit=""/><ana lex="ค่อย" pos="auxiliary verb" trans="slowly" translit=""/><ana lex="ค่อย" pos="conjunction" trans="then" translit=""/></w><w>ค่อย<ana lex="ค่อย" pos="auxiliary verb" trans="gradually" translit=""/><ana lex="ค่อย" pos="adverb" trans="quietly" translit=""/><ana lex="ค่อย" pos="auxiliary verb" trans="slowly" translit=""/><ana lex="ค่อย" pos="conjunction" trans="then" translit=""/></w><w>ถี่<ana lex="ถี่" pos="adjective" trans="frequent; in quick order; in rapid succession; repeated in quick succession" translit="theeL"/><ana lex="ถี่" pos="adjective,formal" trans="thorough" translit="theeL"/><ana lex="ถี่" pos="adjective,formal" trans="stingy" translit="theeL"/><ana lex="ถี่" pos="adverb" trans="often" translit=""/><ana lex="ถี่" pos="noun" trans="[ความถี่] frequency" translit="theeL"/></w></se><se><w>สบายใจ<ana lex="สบายใจ" pos="verb" trans="be happy" translit=""/><ana lex="สบายใจ" pos="adjective" trans="airy" translit=""/><ana lex="สบายใจ" pos="adjective" trans="smug" translit=""/></w></se><se><w>เหลือเกิน<ana lex="เหลือเกิน" pos="adverb" trans="extremely" translit=""/></w></se><se><w>เขิน<ana lex="เขิน" pos="verb" trans="be shallow" translit=""/><ana lex="เขิน" pos="verb" trans="shy" translit=""/><ana lex="เขิน" pos="verb" trans="be shallow (because of silt and sediment)" translit=""/></w></se><se><w>.<ana lex="" pos="" trans="" translit=""/></w></se><se><w>ก็<ana lex="ก็" pos="adverb" trans="also" translit=""/><ana lex="ก็" pos="conjunction" trans="as a result" translit=""/></w><w>มี<ana lex="มี" pos="verb" trans="consist of" translit=""/><ana lex="มี" pos="verb" trans="there is/are" translit=""/><ana lex="มี" pos="verb" trans="have" translit=""/><ana lex="มี" pos="verb,transitive" trans="contain" translit=""/><ana lex="มี" pos="verb,transitive" trans="has" translit=""/><ana lex="มี" pos="verb,transitive" trans="have" translit=""/><ana lex="มี" pos="adjective" trans="rich" translit=""/></w></se><se><w>สุข<ana lex="สุข" pos="noun" trans="happiness" translit=""/><ana lex="สุข" pos="verb" trans="be happy" translit=""/><ana lex="สุข" pos="" trans="[alternate pronunciation of สุข ]" translit="sookL khaL"/></w></se><se><w>(<ana lex="" pos="" trans="" translit=""/></w></se><se><w>ตอน<ana lex="ตอน" pos="noun" trans="episode" translit=""/><ana lex="ตอน" pos="classifier" trans="section" translit=""/><ana lex="ตอน" pos="conjunction" trans="when" translit=""/><ana lex="ตอน" pos="preposition" trans="period" translit=""/><ana lex="ตอน" pos="verb" trans="castrate" translit=""/><ana lex="ตอน" pos="noun" trans="part" translit=""/><ana lex="ตอน" pos="verb" trans="castrate" translit=""/><ana lex="ตอน" pos="noun" trans="passage" translit=""/><ana lex="ตอน" pos="verb,transitive" trans="unman" translit=""/><ana lex="ตอน" pos="verb,transitive" trans="caponize" translit=""/></w></se><se><w>)<ana lex="" pos="" trans="" translit=""/></w></se><se><w>ตี<ana lex="ตี" pos="verb,transitive" trans="paddle" translit=""/><ana lex="ตี" pos="verb,transitive" trans="dub" translit=""/><ana lex="ตี" pos="verb,transitive" trans="boom" translit=""/><ana lex="ตี" pos="PHRV" trans="wear out" translit=""/><ana lex="ตี" pos="verb" trans="forge" translit=""/><ana lex="ตี" pos="noun" trans="an hour counting after midnight" translit=""/><ana lex="ตี" pos="verb,transitive" trans="mill" translit=""/><ana lex="ตี" pos="verb,transitive" trans="catch" translit=""/><ana lex="ตี" pos="verb,transitive" trans="strike" translit=""/><ana lex="ตี" pos="verb" trans="record" translit=""/><ana lex="ตี" pos="verb" trans="hit" translit=""/><ana lex="ตี" pos="verb" trans="whip" translit=""/><ana lex="ตี" pos="verb" trans="value" translit=""/><ana lex="ตี" pos="PHRV" trans="smite on" translit=""/><ana lex="ตี" pos="verb" trans="batter" translit=""/><ana lex="ตี" pos="PHRV" trans="strike at" translit=""/><ana lex="ตี" pos="verb,transitive" trans="whale" translit=""/><ana lex="ตี" pos="verb,transitive" trans="zonk" translit=""/><ana lex="ตี" pos="PHRV" trans="smite upon" translit=""/><ana lex="ตี" pos="PHRV" trans="pound at" translit=""/><ana lex="ตี" pos="verb,transitive" trans="drub" translit=""/><ana lex="ตี" pos="PHRV" trans="knock against" translit=""/><ana lex="ตี" pos="idiom" trans="raise a hand to" translit=""/><ana lex="ตี" pos="verb,transitive" trans="clout" translit=""/><ana lex="ตี" pos="verb,transitive" trans="beat" translit=""/><ana lex="ตี" pos="verb,intransitive" trans="hit" translit=""/><ana lex="ตี" pos="verb,transitive" trans="hit" translit=""/><ana lex="ตี" pos="verb" trans="bang" translit=""/><ana lex="ตี" pos="verb,transitive" trans="pummel" translit=""/></w><w>สี่<ana lex="สี่" pos="PRF" trans="quadri-" translit=""/><ana lex="สี่" pos="PRF" trans="tetr-" translit=""/><ana lex="สี่" pos="PRF" trans="quadru-" translit=""/><ana lex="สี่" pos="adjective" trans="four" translit=""/><ana lex="สี่" pos="PRF" trans="tetra-" translit=""/><ana lex="สี่" pos="PRF" trans="tetra-" translit=""/></w></se><se><w>นั่ง<ana lex="นั่ง" pos="verb,intransitive" trans="sit" translit=""/><ana lex="นั่ง" pos="verb" trans="sit" translit=""/><ana lex="นั่ง" pos="verb,intransitive" trans="seat" translit=""/><ana lex="นั่ง" pos="verb" trans="place" translit=""/></w></se><se><w>(<ana lex="" pos="" trans="" translit=""/></w></se><se><w>คลี่<ana lex="คลี่" pos="verb,transitive" trans="lay" translit=""/><ana lex="คลี่" pos="verb,transitive" trans="unfold" translit=""/><ana lex="คลี่" pos="verb" trans="spread out" translit=""/></w></se><se><w>)<ana lex="" pos="" trans="" translit=""/></w></se><se><w>ขำ<ana lex="ขำ" pos="verb" trans="laugh" translit=""/><ana lex="ขำ" pos="verb" trans="good-looking" translit=""/><ana lex="ขำ" pos="verb" trans="be pretty and charming" translit=""/></w></se><se><w>ใน<ana lex="ใน" pos="preposition" trans="in" translit=""/><ana lex="ใน" pos="adjective" trans="in" translit=""/><ana lex="ใน" pos="PRF" trans="em-" translit=""/><ana lex="ใน" pos="PRF" trans="en-" translit=""/><ana lex="ใน" pos="PRF" trans="en-" translit=""/><ana lex="ใน" pos="PRF" trans="il-" translit=""/><ana lex="ใน" pos="preposition" trans="of" translit=""/><ana lex="ใน" pos="PRF" trans="in-" translit=""/><ana lex="ใน" pos="PRF" trans="im-" translit=""/><ana lex="ใน" pos="adverb" trans="in" translit=""/><ana lex="ใน" pos="preposition" trans="in" translit=""/></w><w>ปั๊ม<ana lex="ปั๊ม" pos="classifier" trans="[numerical classifier for fuel pumps]" translit="bpamH"/><ana lex="ปั๊ม" pos="verb,loanword,English" trans="[Thai transcription of the foreign loanword, pump] to pump" translit="bpamH"/><ana lex="ปั๊ม" pos="noun,loanword,English" trans="[Thai transcription of the foreign loanword, pump] a pump" translit="bpamH"/><ana lex="ปั๊ม" pos="noun" trans="water pump" translit=""/><ana lex="ปั๊ม" pos="noun" trans="gas station" translit=""/><ana lex="ปั๊ม" pos="verb" trans="copy" translit=""/><ana lex="ปั๊ม" pos="verb" trans="pump" translit=""/></w><w>เชลล์</w></se><se><w>.<ana lex="" pos="" trans="" translit=""/></w></se><se><w>ฮ่าๆๆๆ</w></se></body>