<body><meta><link>http://www.thaipoem.com/poem/117609</link><title>ลาดาว</title><genre>poem</genre></meta><se><w>ปวดร้าว<ana lex="ปวดร้าว" pos="verb" trans="be heart-broken" translit=""/><ana lex="ปวดร้าว" pos="verb" trans="have a vague feeling of pain" translit=""/></w></se><se><w>แล้ว<ana lex="แล้ว" pos="adverb" trans="already" translit=""/><ana lex="แล้ว" pos="adverb" trans="already" translit=""/><ana lex="แล้ว" pos="adverb" trans="by now" translit=""/><ana lex="แล้ว" pos="adverb" trans="already" translit=""/></w><w>ดาว<ana lex="ดาว" pos="PRF" trans="astro-" translit=""/><ana lex="ดาว" pos="noun" trans="five-pointed star" translit=""/><ana lex="ดาว" pos="noun" trans="star" translit=""/><ana lex="ดาว" pos="noun" trans="sika deer" translit=""/><ana lex="ดาว" pos="noun" trans="leopard" translit=""/></w><w>ก็<ana lex="ก็" pos="adverb" trans="also" translit=""/><ana lex="ก็" pos="conjunction" trans="as a result" translit=""/></w><w>ร่วง<ana lex="ร่วง" pos="PHRV" trans="rot off" translit=""/><ana lex="ร่วง" pos="verb,intransitive" trans="fall" translit=""/><ana lex="ร่วง" pos="verb" trans="drop" translit=""/></w><w>สู่<ana lex="สู่" pos="verb" trans="to get to; to arrive at; to reach" translit="suuL"/><ana lex="สู่" pos="adverb" trans="together" translit="suuL"/><ana lex="สู่" pos="preposition" trans="by; to; toward; for; towards" translit="suuL"/><ana lex="สู่" pos="PRF" trans="ana-" translit=""/><ana lex="สู่" pos="verb" trans="share" translit=""/><ana lex="สู่" pos="preposition" trans="to" translit=""/><ana lex="สู่" pos="preposition" trans="unto" translit=""/><ana lex="สู่" pos="verb" trans="visit" translit=""/></w><w>พื้น<ana lex="พื้น" pos="noun" trans="floor" translit=""/><ana lex="พื้น" pos="noun" trans="floor" translit=""/></w></se><se><w>ฉัน<ana lex="ฉัน" pos="" trans="[alternate pronunciation of ฉัน ]" translit="chanH"/><ana lex="ฉัน" pos="pronoun" trans="me" translit=""/></w><w>ร้องไห้<ana lex="ร้องไห้" pos="verb,intransitive" trans="cry" translit=""/><ana lex="ร้องไห้" pos="verb,transitive" trans="cry" translit=""/><ana lex="ร้องไห้" pos="verb,intransitive" trans="weep" translit=""/></w><w>อยู่<ana lex="อยู่" pos="verb,intransitive" trans="abide" translit=""/><ana lex="อยู่" pos="auxiliary verb" trans="be" translit=""/></w><w>ค่อน<ana lex="ค่อน" pos="adverb" trans="almost" translit=""/><ana lex="ค่อน" pos="verb" trans="carp" translit=""/><ana lex="ค่อน" pos="verb" trans="incline" translit=""/></w><w>คืน<ana lex="คืน" pos="PHRV" trans="give back" translit=""/><ana lex="คืน" pos="classifier" trans="night" translit=""/><ana lex="คืน" pos="PHRV" trans="carry back" translit=""/><ana lex="คืน" pos="verb" trans="return" translit=""/><ana lex="คืน" pos="PHRV" trans="give in to" translit=""/><ana lex="คืน" pos="noun" trans="night" translit=""/><ana lex="คืน" pos="adverb" trans="back" translit=""/></w></se><se><w>ยิน</w><w>เสียง<ana lex="เสียง" pos="SUF" trans="-phone" translit=""/><ana lex="เสียง" pos="noun" trans="vote" translit=""/><ana lex="เสียง" pos="noun" trans="voice" translit=""/><ana lex="เสียง" pos="PRF" trans="phono-" translit=""/><ana lex="เสียง" pos="PRF" trans="phon-" translit=""/><ana lex="เสียง" pos="noun" trans="sound" translit=""/><ana lex="เสียง" pos="idiom" trans="place all one's eggs in one basket" translit=""/><ana lex="เสียง" pos="noun" trans="sonancy" translit=""/><ana lex="เสียง" pos="noun" trans="sonance" translit=""/></w><w>สะอื้น<ana lex="สะอื้น" pos="verb" trans="sob" translit=""/><ana lex="สะอื้น" pos="verb" trans="sob" translit=""/></w><w>แม้<ana lex="แม้" pos="conjunction" trans="even" translit=""/><ana lex="แม้" pos="conjunction" trans="though" translit=""/></w><w>หลับ<ana lex="หลับ" pos="SL" trans="kip" translit=""/><ana lex="หลับ" pos="PHRV" trans="get off1" translit=""/><ana lex="หลับ" pos="PHRV" trans="go off1" translit=""/><ana lex="หลับ" pos="SL" trans="zeds" translit=""/><ana lex="หลับ" pos="PHRV" trans="sack out" translit=""/><ana lex="หลับ" pos="PHRV" trans="drop off" translit=""/><ana lex="หลับ" pos="SL" trans="Z's" translit=""/><ana lex="หลับ" pos="SL" trans="Bo Bo’s" translit=""/><ana lex="หลับ" pos="verb,intransitive" trans="drop off" translit=""/><ana lex="หลับ" pos="verb,intransitive" trans="sleep" translit=""/><ana lex="หลับ" pos="SL" trans="Bo Peep" translit=""/></w><w>ตา<ana lex="ตา" pos="noun" trans="mesh" translit=""/><ana lex="ตา" pos="SL" trans="mince pies" translit=""/><ana lex="ตา" pos="verb" trans="time" translit=""/><ana lex="ตา" pos="noun" trans="maternal grandfather" translit=""/><ana lex="ตา" pos="noun" trans="eye" translit=""/><ana lex="ตา" pos="noun" trans="maternal grandfather" translit=""/><ana lex="ตา" pos="noun" trans="knot" translit=""/><ana lex="ตา" pos="noun" trans="knot" translit=""/><ana lex="ตา" pos="verb" trans="turn" translit=""/><ana lex="ตา" pos="noun" trans="eye" translit=""/><ana lex="ตา" pos="noun" trans="mesh" translit=""/></w></se><se><w>โทษ<ana lex="โทษ" pos="noun" trans="wicked things" translit=""/><ana lex="โทษ" pos="noun" trans="penalty" translit=""/><ana lex="โทษ" pos="noun" trans="punishment" translit=""/><ana lex="โทษ" pos="" trans="[alternate pronunciation of โทษ ]" translit="tho:htF saL"/><ana lex="โทษ" pos="verb" trans="blame" translit=""/></w><w>ฝน<ana lex="ฝน" pos="noun" trans="rain" translit=""/><ana lex="ฝน" pos="verb" trans="grind" translit=""/><ana lex="ฝน" pos="verb" trans="sharpen" translit=""/><ana lex="ฝน" pos="noun" trans="rain" translit=""/></w></se><se><w>ที่<ana lex="ที่" pos="PRON" trans="that" translit=""/><ana lex="ที่" pos="preposition" trans="at" translit=""/><ana lex="ที่" pos="noun" trans="word for utensil" translit=""/><ana lex="ที่" pos="preposition" trans="at" translit=""/><ana lex="ที่" pos="noun" trans="place" translit=""/><ana lex="ที่" pos="classifier" trans="qualifiers for places" translit=""/><ana lex="ที่" pos="noun" trans="ordinal number" translit=""/><ana lex="ที่" pos="preposition" trans="to" translit=""/><ana lex="ที่" pos="noun" trans="land" translit=""/></w><w>สาด<ana lex="สาด" pos="noun" trans="mat" translit=""/><ana lex="สาด" pos="verb,intransitive" trans="shower" translit=""/><ana lex="สาด" pos="verb" trans="splash" translit=""/><ana lex="สาด" pos="verb,transitive" trans="shower" translit=""/></w><w>ซัด<ana lex="ซัด" pos="verb" trans="swash" translit=""/><ana lex="ซัด" pos="verb" trans="put the blame on each other" translit=""/><ana lex="ซัด" pos="verb" trans="throw" translit=""/></w><w>ดาว<ana lex="ดาว" pos="PRF" trans="astro-" translit=""/><ana lex="ดาว" pos="noun" trans="five-pointed star" translit=""/><ana lex="ดาว" pos="noun" trans="star" translit=""/><ana lex="ดาว" pos="noun" trans="sika deer" translit=""/><ana lex="ดาว" pos="noun" trans="leopard" translit=""/></w><w>จน<ana lex="จน" pos="conjunction" trans="until" translit=""/><ana lex="จน" pos="adjective" trans="bad-off" translit=""/><ana lex="จน" pos="verb" trans="be poor" translit=""/><ana lex="จน" pos="adjective" trans="badly-off" translit=""/></w><w>หม่น<ana lex="หม่น" pos="adjective" trans="blackish" translit=""/><ana lex="หม่น" pos="adjective" trans="blue" translit=""/><ana lex="หม่น" pos="verb" trans="be melancholy" translit=""/></w><w>จน<ana lex="จน" pos="conjunction" trans="until" translit=""/><ana lex="จน" pos="adjective" trans="bad-off" translit=""/><ana lex="จน" pos="verb" trans="be poor" translit=""/><ana lex="จน" pos="adjective" trans="badly-off" translit=""/></w><w>อ่อน<ana lex="อ่อน" pos="adjective" trans="immature" translit=""/><ana lex="อ่อน" pos="verb" trans="deform" translit=""/><ana lex="อ่อน" pos="verb" trans="be young" translit=""/><ana lex="อ่อน" pos="verb,intransitive" trans="milden" translit=""/><ana lex="อ่อน" pos="adjective" trans="limp" translit=""/></w><w>ล้า<ana lex="ล้า" pos="adjective" trans="[is] exhausted; fatigued; tired" translit="laaH"/><ana lex="ล้า" pos="verb" trans="be exhausted" translit=""/></w></se><se><w>โทษ<ana lex="โทษ" pos="noun" trans="wicked things" translit=""/><ana lex="โทษ" pos="noun" trans="penalty" translit=""/><ana lex="โทษ" pos="noun" trans="punishment" translit=""/><ana lex="โทษ" pos="" trans="[alternate pronunciation of โทษ ]" translit="tho:htF saL"/><ana lex="โทษ" pos="verb" trans="blame" translit=""/></w><w>วัน<ana lex="วัน" pos="" trans="[alternate pronunciation of วัน ]" translit="wanM naH"/><ana lex="วัน" pos="noun" trans="day" translit=""/><ana lex="วัน" pos="noun" trans="diem" translit=""/><ana lex="วัน" pos="noun" trans="day" translit=""/></w><w>และ<ana lex="และ" pos="conjunction" trans="and" translit=""/><ana lex="และ" pos="conjunction" trans="and" translit=""/></w><w>เวลา<ana lex="เวลา" pos="PRF" trans="chrono-" translit=""/><ana lex="เวลา" pos="conjunction" trans="when" translit=""/><ana lex="เวลา" pos="noun" trans="chance" translit=""/><ana lex="เวลา" pos="noun" trans="time" translit=""/><ana lex="เวลา" pos="noun" trans="time" translit=""/><ana lex="เวลา" pos="noun" trans="duration" translit=""/></w></se><se><w>ที่<ana lex="ที่" pos="PRON" trans="that" translit=""/><ana lex="ที่" pos="preposition" trans="at" translit=""/><ana lex="ที่" pos="noun" trans="word for utensil" translit=""/><ana lex="ที่" pos="preposition" trans="at" translit=""/><ana lex="ที่" pos="noun" trans="place" translit=""/><ana lex="ที่" pos="classifier" trans="qualifiers for places" translit=""/><ana lex="ที่" pos="noun" trans="ordinal number" translit=""/><ana lex="ที่" pos="preposition" trans="to" translit=""/><ana lex="ที่" pos="noun" trans="land" translit=""/></w><w>ทำให้<ana lex="ทำให้" pos="auxiliary verb" trans="[ทำให้] [prefix which creates a verb from an adjective, corresponding to the English suffix (adj.)-en] to cause to be...; to make...; to effect...; to render as..." translit="thamM haiF"/><ana lex="ทำให้" pos="verb" trans="cause" translit=""/></w><w>ท้อง<ana lex="ท้อง" pos="noun" trans="abdomen" translit=""/><ana lex="ท้อง" pos="SL" trans="labonza" translit=""/><ana lex="ท้อง" pos="SL" trans="bazoo" translit=""/><ana lex="ท้อง" pos="verb,intransitive" trans="childing" translit=""/><ana lex="ท้อง" pos="noun" trans="stomach" translit=""/><ana lex="ท้อง" pos="noun" trans="paunch" translit=""/><ana lex="ท้อง" pos="SL" trans="bun in the oven" translit=""/><ana lex="ท้อง" pos="noun" trans="abdomen" translit=""/><ana lex="ท้อง" pos="SL" trans="a bun in the oven" translit=""/></w><w>ฟ้า<ana lex="ฟ้า" pos="noun" trans="blue" translit=""/><ana lex="ฟ้า" pos="noun" trans="heaven" translit=""/><ana lex="ฟ้า" pos="noun" trans="sky" translit=""/></w><w>หลง<ana lex="หลง" pos="verb" trans="be misled" translit=""/><ana lex="หลง" pos="verb" trans="lose one's way" translit=""/><ana lex="หลง" pos="verb" trans="remain" translit=""/><ana lex="หลง" pos="verb,intransitive" trans="drift" translit=""/><ana lex="หลง" pos="verb" trans="be infatuated" translit=""/></w><w>ลืม<ana lex="ลืม" pos="verb,transitive" trans="forget" translit=""/><ana lex="ลืม" pos="PHRV" trans="get off2" translit=""/><ana lex="ลืม" pos="verb,intransitive" trans="forget" translit=""/><ana lex="ลืม" pos="verb" trans="forget" translit=""/><ana lex="ลืม" pos="verb,intransitive" trans="unlearn" translit=""/><ana lex="ลืม" pos="idiom" trans="go out of someone's mind" translit=""/></w><w>ดาว<ana lex="ดาว" pos="PRF" trans="astro-" translit=""/><ana lex="ดาว" pos="noun" trans="five-pointed star" translit=""/><ana lex="ดาว" pos="noun" trans="star" translit=""/><ana lex="ดาว" pos="noun" trans="sika deer" translit=""/><ana lex="ดาว" pos="noun" trans="leopard" translit=""/></w></se><se><w>มอง<ana lex="มอง" pos="SL" trans="varda" translit=""/><ana lex="มอง" pos="verb" trans="look" translit=""/></w><w>ไม่<ana lex="ไม่" pos="adverb" trans="not" translit=""/><ana lex="ไม่" pos="PRF" trans="an-" translit=""/><ana lex="ไม่" pos="PRF" trans="un-" translit=""/><ana lex="ไม่" pos="PRF" trans="un-" translit=""/><ana lex="ไม่" pos="adjective" trans="nary" translit=""/><ana lex="ไม่" pos="NEG" trans="not" translit=""/><ana lex="ไม่" pos="PRF" trans="in-" translit=""/><ana lex="ไม่" pos="adverb" trans="no" translit=""/><ana lex="ไม่" pos="PRF" trans="non-" translit=""/><ana lex="ไม่" pos="PRF" trans="non-" translit=""/><ana lex="ไม่" pos="PRF" trans="in-" translit=""/><ana lex="ไม่" pos="SL" trans="no soup" translit=""/><ana lex="ไม่" pos="SL" trans="no sale" translit=""/><ana lex="ไม่" pos="SL" trans="nope" translit=""/><ana lex="ไม่" pos="SL" trans="No way!" translit=""/><ana lex="ไม่" pos="NEG" trans="not" translit=""/><ana lex="ไม่" pos="SL" trans="Nuts!" translit=""/></w><w>เห็น<ana lex="เห็น" pos="PHRV" trans="clap on2" translit=""/><ana lex="เห็น" pos="SL" trans="clock" translit=""/><ana lex="เห็น" pos="verb,transitive" trans="behold" translit=""/><ana lex="เห็น" pos="verb,intransitive" trans="see" translit=""/><ana lex="เห็น" pos="verb,transitive" trans="see" translit=""/><ana lex="เห็น" pos="verb,transitive" trans="sight" translit=""/><ana lex="เห็น" pos="verb,transitive" trans="twig" translit=""/><ana lex="เห็น" pos="verb,transitive" trans="vide" translit=""/></w></se><se><w>แม้<ana lex="แม้" pos="conjunction" trans="even" translit=""/><ana lex="แม้" pos="conjunction" trans="though" translit=""/></w><w>ว่า</w><w>เคย<ana lex="เคย" pos="verb" trans="be accustomed to" translit=""/><ana lex="เคย" pos="noun" trans="planktonic shrimp" translit=""/><ana lex="เคย" pos="noun" trans="small sized shrimp" translit=""/><ana lex="เคย" pos="adverb" trans="ever" translit=""/><ana lex="เคย" pos="verb,intransitive" trans="be accustomed to" translit=""/><ana lex="เคย" pos="adverb" trans="once" translit=""/></w><w>จะ<ana lex="จะ" pos="auxiliary verb" trans="will" translit=""/><ana lex="จะ" pos="auxiliary verb" trans="will" translit=""/><ana lex="จะ" pos="" trans="[alternate spelling of จ้ะ]" translit="jaL"/></w><w>ชัดเจน<ana lex="ชัดเจน" pos="adjective" trans="explicit" translit=""/><ana lex="ชัดเจน" pos="adverb" trans="clearly" translit=""/><ana lex="ชัดเจน" pos="verb" trans="be obvious" translit=""/><ana lex="ชัดเจน" pos="adjective" trans="lively" translit=""/><ana lex="ชัดเจน" pos="adjective" trans="palpable" translit=""/><ana lex="ชัดเจน" pos="adjective" trans="apparent" translit=""/><ana lex="ชัดเจน" pos="adjective" trans="obvious" translit=""/><ana lex="ชัดเจน" pos="adjective" trans="bold" translit=""/><ana lex="ชัดเจน" pos="adjective" trans="clear" translit=""/><ana lex="ชัดเจน" pos="adjective" trans="overt" translit=""/><ana lex="ชัดเจน" pos="adverb" trans="apparently" translit=""/><ana lex="ชัดเจน" pos="adjective" trans="crisp" translit=""/><ana lex="ชัดเจน" pos="adjective" trans="express" translit=""/><ana lex="ชัดเจน" pos="adjective" trans="articulate" translit=""/><ana lex="ชัดเจน" pos="adjective" trans="perspicuous" translit=""/><ana lex="ชัดเจน" pos="idiom" trans="(as) clear as crystal" translit=""/><ana lex="ชัดเจน" pos="adjective" trans="pictorial" translit=""/><ana lex="ชัดเจน" pos="adjective" trans="sharp" translit=""/><ana lex="ชัดเจน" pos="adjective" trans="pronounced" translit=""/><ana lex="ชัดเจน" pos="adjective" trans="tangible" translit=""/><ana lex="ชัดเจน" pos="adjective" trans="luculent" translit=""/><ana lex="ชัดเจน" pos="adjective" trans="unequivocal" translit=""/><ana lex="ชัดเจน" pos="adjective" trans="marked" translit=""/><ana lex="ชัดเจน" pos="adjective" trans="clean-cut" translit=""/><ana lex="ชัดเจน" pos="PHRV" trans="fall in place" translit=""/><ana lex="ชัดเจน" pos="" trans="clearly" translit="chatH jaehnM"/></w><w>ใน<ana lex="ใน" pos="preposition" trans="in" translit=""/><ana lex="ใน" pos="adjective" trans="in" translit=""/><ana lex="ใน" pos="PRF" trans="em-" translit=""/><ana lex="ใน" pos="PRF" trans="en-" translit=""/><ana lex="ใน" pos="PRF" trans="en-" translit=""/><ana lex="ใน" pos="PRF" trans="il-" translit=""/><ana lex="ใน" pos="preposition" trans="of" translit=""/><ana lex="ใน" pos="PRF" trans="in-" translit=""/><ana lex="ใน" pos="PRF" trans="im-" translit=""/><ana lex="ใน" pos="adverb" trans="in" translit=""/><ana lex="ใน" pos="preposition" trans="in" translit=""/></w><w>ลมหนาว<ana lex="ลมหนาว" pos="noun" trans="cold wind" translit=""/></w></se><se><w>ยิ่ง<ana lex="ยิ่ง" pos="adverb" trans="more" translit=""/><ana lex="ยิ่ง" pos="adverb" trans="extremely" translit=""/><ana lex="ยิ่ง" pos="auxiliary verb" trans="much" translit=""/><ana lex="ยิ่ง" pos="adverb" trans="the more" translit=""/></w><w>เงียบ<ana lex="เงียบ" pos="PHRV" trans="nark it" translit=""/><ana lex="เงียบ" pos="adjective" trans="muted" translit=""/><ana lex="เงียบ" pos="PHRV" trans="clam up" translit=""/><ana lex="เงียบ" pos="adjective" trans="hushed" translit=""/><ana lex="เงียบ" pos="adverb" trans="silently" translit=""/><ana lex="เงียบ" pos="adjective" trans="hush" translit=""/><ana lex="เงียบ" pos="verb" trans="be silent" translit=""/><ana lex="เงียบ" pos="adjective" trans="silent" translit=""/><ana lex="เงียบ" pos="interjection" trans="shush" translit=""/><ana lex="เงียบ" pos="adjective" trans="quiet" translit=""/><ana lex="เงียบ" pos="adjective" trans="soundless" translit=""/></w><w>ยิ่ง<ana lex="ยิ่ง" pos="adverb" trans="more" translit=""/><ana lex="ยิ่ง" pos="adverb" trans="extremely" translit=""/><ana lex="ยิ่ง" pos="auxiliary verb" trans="much" translit=""/><ana lex="ยิ่ง" pos="adverb" trans="the more" translit=""/></w><w>ดึก<ana lex="ดึก" pos="noun" trans="late" translit=""/><ana lex="ดึก" pos="adjective" trans="late" translit=""/><ana lex="ดึก" pos="idiom" trans="far into the night" translit=""/></w><w>ยิ่ง<ana lex="ยิ่ง" pos="adverb" trans="more" translit=""/><ana lex="ยิ่ง" pos="adverb" trans="extremely" translit=""/><ana lex="ยิ่ง" pos="auxiliary verb" trans="much" translit=""/><ana lex="ยิ่ง" pos="adverb" trans="the more" translit=""/></w><w>พรึก</w><w>พราว<ana lex="พราว" pos="adjective" trans="full of; bristling with" translit="phraaoM"/><ana lex="พราว" pos="adverb" trans="dazzling" translit=""/><ana lex="พราว" pos="adjective" trans="dazzling" translit=""/><ana lex="พราว" pos="adjective" trans="[is] sparkling; glittering" translit="phraaoM"/><ana lex="พราว" pos="verb" trans="dazzle" translit=""/></w></se><se><w>แต่<ana lex="แต่" pos="adverb" trans="only" translit=""/><ana lex="แต่" pos="conjunction" trans="but" translit=""/><ana lex="แต่" pos="conjunction" trans="but" translit=""/><ana lex="แต่" pos="conjunction" trans="but" translit=""/><ana lex="แต่" pos="preposition" trans="earlier" translit=""/><ana lex="แต่" pos="conjunction" trans="only" translit=""/></w><w>เมื่อ<ana lex="เมื่อ" pos="adverb" trans="when" translit=""/><ana lex="เมื่อ" pos="adverb" trans="when" translit=""/><ana lex="เมื่อ" pos="conjunction" trans="directly" translit=""/><ana lex="เมื่อ" pos="adverb" trans="in the days of" translit=""/><ana lex="เมื่อ" pos="conjunction" trans="when" translit=""/></w><w>ถึง<ana lex="ถึง" pos="verb" trans="be skillful" translit=""/><ana lex="ถึง" pos="verb,transitive" trans="attain" translit=""/><ana lex="ถึง" pos="conjunction" trans="even though" translit=""/><ana lex="ถึง" pos="preposition" trans="to" translit=""/><ana lex="ถึง" pos="verb" trans="reach" translit=""/><ana lex="ถึง" pos="verb" trans="be ...enough" translit=""/><ana lex="ถึง" pos="preposition" trans="to" translit=""/><ana lex="ถึง" pos="conjunction" trans="then" translit=""/></w><w>รุ่งเช้า<ana lex="รุ่งเช้า" pos="adverb" trans="daybreak" translit="roongF chaaoH"/><ana lex="รุ่งเช้า" pos="SL" trans="the crack of sparrow's fart" translit=""/><ana lex="รุ่งเช้า" pos="noun" trans="morning" translit=""/><ana lex="รุ่งเช้า" pos="SL" trans="crack of sparrow's fart" translit=""/></w><w>ก็<ana lex="ก็" pos="adverb" trans="also" translit=""/><ana lex="ก็" pos="conjunction" trans="as a result" translit=""/></w><w>ลืม<ana lex="ลืม" pos="verb,transitive" trans="forget" translit=""/><ana lex="ลืม" pos="PHRV" trans="get off2" translit=""/><ana lex="ลืม" pos="verb,intransitive" trans="forget" translit=""/><ana lex="ลืม" pos="verb" trans="forget" translit=""/><ana lex="ลืม" pos="verb,intransitive" trans="unlearn" translit=""/><ana lex="ลืม" pos="idiom" trans="go out of someone's mind" translit=""/></w><w>มอง<ana lex="มอง" pos="SL" trans="varda" translit=""/><ana lex="มอง" pos="verb" trans="look" translit=""/></w></se><se><w>คือ<ana lex="คือ" pos="verb" trans="be" translit=""/><ana lex="คือ" pos="adverb" trans="namely" translit=""/></w><w>ฉัน<ana lex="ฉัน" pos="" trans="[alternate pronunciation of ฉัน ]" translit="chanH"/><ana lex="ฉัน" pos="pronoun" trans="me" translit=""/></w></se><se><w>ก็<ana lex="ก็" pos="adverb" trans="also" translit=""/><ana lex="ก็" pos="conjunction" trans="as a result" translit=""/></w><w>สม<ana lex="สม" pos="" trans="[alternate pronunciation of สม]" translit="sohmR maH"/><ana lex="สม" pos="adjective" trans="[is] equal; the same; matched; equivalent" translit="saL maH"/><ana lex="สม" pos="verb" trans="to accumulate; collect; gather; amass; hoard; store; increase" translit="saL maH"/><ana lex="สม" pos="" trans="[alternate pronunciation of สม]" translit="sohmR"/><ana lex="สม" pos="verb" trans="be well matched" translit=""/></w><w>แล้ว<ana lex="แล้ว" pos="adverb" trans="already" translit=""/><ana lex="แล้ว" pos="adverb" trans="already" translit=""/><ana lex="แล้ว" pos="adverb" trans="by now" translit=""/><ana lex="แล้ว" pos="adverb" trans="already" translit=""/></w><w>กับ<ana lex="กับ" pos="preposition" trans="with" translit=""/><ana lex="กับ" pos="preposition" trans="with" translit=""/><ana lex="กับ" pos="noun" trans="trap" translit=""/><ana lex="กับ" pos="preposition" trans="on" translit=""/><ana lex="กับ" pos="conjunction" trans="and" translit=""/><ana lex="กับ" pos="preposition" trans="with" translit=""/></w><w>วัน<ana lex="วัน" pos="" trans="[alternate pronunciation of วัน ]" translit="wanM naH"/><ana lex="วัน" pos="noun" trans="day" translit=""/><ana lex="วัน" pos="noun" trans="diem" translit=""/><ana lex="วัน" pos="noun" trans="day" translit=""/></w><w>อัน<ana lex="อัน" pos="classifier" trans="piece" translit=""/><ana lex="อัน" pos="noun" trans="piece" translit=""/></w><w>เศร้าหมอง<ana lex="เศร้าหมอง" pos="adjective" trans="[is] saddened; gloomy; depressed; sorrowful" translit="saoF maawngR"/><ana lex="เศร้าหมอง" pos="adjective" trans="gloomy" translit=""/><ana lex="เศร้าหมอง" pos="verb" trans="sadden" translit=""/><ana lex="เศร้าหมอง" pos="adjective" trans="dour" translit=""/></w></se><se><w>สม<ana lex="สม" pos="" trans="[alternate pronunciation of สม]" translit="sohmR maH"/><ana lex="สม" pos="adjective" trans="[is] equal; the same; matched; equivalent" translit="saL maH"/><ana lex="สม" pos="verb" trans="to accumulate; collect; gather; amass; hoard; store; increase" translit="saL maH"/><ana lex="สม" pos="" trans="[alternate pronunciation of สม]" translit="sohmR"/><ana lex="สม" pos="verb" trans="be well matched" translit=""/></w><w>แล้ว<ana lex="แล้ว" pos="adverb" trans="already" translit=""/><ana lex="แล้ว" pos="adverb" trans="already" translit=""/><ana lex="แล้ว" pos="adverb" trans="by now" translit=""/><ana lex="แล้ว" pos="adverb" trans="already" translit=""/></w><w>ปวดร้าว<ana lex="ปวดร้าว" pos="verb" trans="be heart-broken" translit=""/><ana lex="ปวดร้าว" pos="verb" trans="have a vague feeling of pain" translit=""/></w><w>ตาม<ana lex="ตาม" pos="verb,intransitive" trans="trail" translit=""/><ana lex="ตาม" pos="verb" trans="invite" translit=""/><ana lex="ตาม" pos="verb" trans="pursue" translit=""/><ana lex="ตาม" pos="preposition" trans="along" translit=""/><ana lex="ตาม" pos="verb" trans="follow" translit=""/><ana lex="ตาม" pos="verb,transitive" trans="follow" translit=""/><ana lex="ตาม" pos="preposition" trans="in accordance with" translit=""/><ana lex="ตาม" pos="adverb" trans="fatefully" translit=""/><ana lex="ตาม" pos="adverb" trans="follow" translit=""/></w><w>ครรลอง<ana lex="ครรลอง" pos="noun" trans="way; path; course; method; trail; mean; channel; model" translit="khanM laawngM"/><ana lex="ครรลอง" pos="noun" trans="way" translit=""/></w></se><se><w>ของ<ana lex="ของ" pos="noun" trans="thing" translit=""/><ana lex="ของ" pos="PRF" trans="a-" translit=""/><ana lex="ของ" pos="noun" trans="item" translit=""/><ana lex="ของ" pos="preposition" trans="of" translit=""/><ana lex="ของ" pos="preposition" trans="of" translit=""/></w><w>ผู้</w><w>ไม่<ana lex="ไม่" pos="adverb" trans="not" translit=""/><ana lex="ไม่" pos="PRF" trans="an-" translit=""/><ana lex="ไม่" pos="PRF" trans="un-" translit=""/><ana lex="ไม่" pos="PRF" trans="un-" translit=""/><ana lex="ไม่" pos="adjective" trans="nary" translit=""/><ana lex="ไม่" pos="NEG" trans="not" translit=""/><ana lex="ไม่" pos="PRF" trans="in-" translit=""/><ana lex="ไม่" pos="adverb" trans="no" translit=""/><ana lex="ไม่" pos="PRF" trans="non-" translit=""/><ana lex="ไม่" pos="PRF" trans="non-" translit=""/><ana lex="ไม่" pos="PRF" trans="in-" translit=""/><ana lex="ไม่" pos="SL" trans="no soup" translit=""/><ana lex="ไม่" pos="SL" trans="no sale" translit=""/><ana lex="ไม่" pos="SL" trans="nope" translit=""/><ana lex="ไม่" pos="SL" trans="No way!" translit=""/><ana lex="ไม่" pos="NEG" trans="not" translit=""/><ana lex="ไม่" pos="SL" trans="Nuts!" translit=""/></w><w>จด<ana lex="จด" pos="PHRV" trans="go down1" translit=""/><ana lex="จด" pos="verb" trans="be contiguous" translit=""/><ana lex="จด" pos="verb" trans="write" translit=""/><ana lex="จด" pos="verb,transitive" trans="note" translit=""/><ana lex="จด" pos="verb,transitive" trans="mark" translit=""/></w><w>จ้อง<ana lex="จ้อง" pos="verb" trans="stare" translit=""/><ana lex="จ้อง" pos="PHRV" trans="fasten on1" translit=""/></w><w>ไม่<ana lex="ไม่" pos="adverb" trans="not" translit=""/><ana lex="ไม่" pos="PRF" trans="an-" translit=""/><ana lex="ไม่" pos="PRF" trans="un-" translit=""/><ana lex="ไม่" pos="PRF" trans="un-" translit=""/><ana lex="ไม่" pos="adjective" trans="nary" translit=""/><ana lex="ไม่" pos="NEG" trans="not" translit=""/><ana lex="ไม่" pos="PRF" trans="in-" translit=""/><ana lex="ไม่" pos="adverb" trans="no" translit=""/><ana lex="ไม่" pos="PRF" trans="non-" translit=""/><ana lex="ไม่" pos="PRF" trans="non-" translit=""/><ana lex="ไม่" pos="PRF" trans="in-" translit=""/><ana lex="ไม่" pos="SL" trans="no soup" translit=""/><ana lex="ไม่" pos="SL" trans="no sale" translit=""/><ana lex="ไม่" pos="SL" trans="nope" translit=""/><ana lex="ไม่" pos="SL" trans="No way!" translit=""/><ana lex="ไม่" pos="NEG" trans="not" translit=""/><ana lex="ไม่" pos="SL" trans="Nuts!" translit=""/></w><w>จับ<ana lex="จับ" pos="verb,transitive" trans="nab" translit=""/><ana lex="จับ" pos="PHRV" trans="take by" translit=""/><ana lex="จับ" pos="PHRV" trans="take hold of" translit=""/><ana lex="จับ" pos="PHRV" trans="seize on" translit=""/><ana lex="จับ" pos="PHRV" trans="seize upon" translit=""/><ana lex="จับ" pos="PHRV" trans="seize onto" translit=""/><ana lex="จับ" pos="verb,transitive" trans="grapple" translit=""/><ana lex="จับ" pos="verb,transitive" trans="catch" translit=""/><ana lex="จับ" pos="SL" trans="cop" translit=""/><ana lex="จับ" pos="verb,transitive" trans="grasp" translit=""/><ana lex="จับ" pos="verb" trans="hold" translit=""/><ana lex="จับ" pos="verb" trans="catch" translit=""/></w><w>ตา<ana lex="ตา" pos="noun" trans="mesh" translit=""/><ana lex="ตา" pos="SL" trans="mince pies" translit=""/><ana lex="ตา" pos="verb" trans="time" translit=""/><ana lex="ตา" pos="noun" trans="maternal grandfather" translit=""/><ana lex="ตา" pos="noun" trans="eye" translit=""/><ana lex="ตา" pos="noun" trans="maternal grandfather" translit=""/><ana lex="ตา" pos="noun" trans="knot" translit=""/><ana lex="ตา" pos="noun" trans="knot" translit=""/><ana lex="ตา" pos="verb" trans="turn" translit=""/><ana lex="ตา" pos="noun" trans="eye" translit=""/><ana lex="ตา" pos="noun" trans="mesh" translit=""/></w></se><se><w>ลา<ana lex="ลา" pos="noun" trans="ass" translit=""/><ana lex="ลา" pos="verb" trans="say goodbye" translit=""/><ana lex="ลา" pos="noun" trans="donkey" translit=""/><ana lex="ลา" pos="noun" trans="donkey" translit=""/></w><w>ดาว<ana lex="ดาว" pos="PRF" trans="astro-" translit=""/><ana lex="ดาว" pos="noun" trans="five-pointed star" translit=""/><ana lex="ดาว" pos="noun" trans="star" translit=""/><ana lex="ดาว" pos="noun" trans="sika deer" translit=""/><ana lex="ดาว" pos="noun" trans="leopard" translit=""/></w></se><se><w>บาง<ana lex="บาง" pos="adjective" trans="subtle" translit=""/><ana lex="บาง" pos="adjective" trans="thin" translit=""/><ana lex="บาง" pos="adjective" trans="fine" translit=""/><ana lex="บาง" pos="noun" trans="settlement" translit=""/><ana lex="บาง" pos="adjective" trans="thin" translit=""/><ana lex="บาง" pos="DET" trans="some" translit=""/><ana lex="บาง" pos="adjective" trans="thin" translit=""/><ana lex="บาง" pos="adjective" trans="thin" translit=""/><ana lex="บาง" pos="noun" trans="village" translit=""/></w><w>ที่<ana lex="ที่" pos="PRON" trans="that" translit=""/><ana lex="ที่" pos="preposition" trans="at" translit=""/><ana lex="ที่" pos="noun" trans="word for utensil" translit=""/><ana lex="ที่" pos="preposition" trans="at" translit=""/><ana lex="ที่" pos="noun" trans="place" translit=""/><ana lex="ที่" pos="classifier" trans="qualifiers for places" translit=""/><ana lex="ที่" pos="noun" trans="ordinal number" translit=""/><ana lex="ที่" pos="preposition" trans="to" translit=""/><ana lex="ที่" pos="noun" trans="land" translit=""/></w><w>แรก<ana lex="แรก" pos="adjective" trans="first" translit=""/><ana lex="แรก" pos="adjective" trans="original" translit=""/></w><w>เช้า<ana lex="เช้า" pos="noun" trans="morning" translit=""/></w><w>เธอ<ana lex="เธอ" pos="PRON" trans="you" translit=""/><ana lex="เธอ" pos="pronoun" trans="she" translit=""/><ana lex="เธอ" pos="pronoun" trans="her" translit=""/><ana lex="เธอ" pos="PRON" trans="she" translit=""/></w><w>มี<ana lex="มี" pos="verb" trans="consist of" translit=""/><ana lex="มี" pos="verb" trans="there is/are" translit=""/><ana lex="มี" pos="verb" trans="have" translit=""/><ana lex="มี" pos="verb,transitive" trans="contain" translit=""/><ana lex="มี" pos="verb,transitive" trans="has" translit=""/><ana lex="มี" pos="verb,transitive" trans="have" translit=""/><ana lex="มี" pos="adjective" trans="rich" translit=""/></w><w>ค่า<ana lex="ค่า" pos="noun" trans="fee" translit=""/><ana lex="ค่า" pos="noun" trans="price" translit=""/><ana lex="ค่า" pos="noun" trans="value" translit=""/></w></se><se><w>บาง<ana lex="บาง" pos="adjective" trans="subtle" translit=""/><ana lex="บาง" pos="adjective" trans="thin" translit=""/><ana lex="บาง" pos="adjective" trans="fine" translit=""/><ana lex="บาง" pos="noun" trans="settlement" translit=""/><ana lex="บาง" pos="adjective" trans="thin" translit=""/><ana lex="บาง" pos="DET" trans="some" translit=""/><ana lex="บาง" pos="adjective" trans="thin" translit=""/><ana lex="บาง" pos="adjective" trans="thin" translit=""/><ana lex="บาง" pos="noun" trans="village" translit=""/></w><w>คน<ana lex="คน" pos="noun" trans="bloke" translit=""/><ana lex="คน" pos="verb,transitive" trans="mill" translit=""/><ana lex="คน" pos="PRF" trans="anthropo-" translit=""/><ana lex="คน" pos="noun" trans="human" translit=""/><ana lex="คน" pos="noun" trans="people" translit=""/><ana lex="คน" pos="noun" trans="being" translit=""/><ana lex="คน" pos="PHRV" trans="stir about" translit=""/><ana lex="คน" pos="PHRV" trans="stir around" translit=""/><ana lex="คน" pos="SL" trans="bod" translit=""/><ana lex="คน" pos="classifier" trans="person" translit=""/><ana lex="คน" pos="verb" trans="stir" translit=""/></w><w>มี<ana lex="มี" pos="verb" trans="consist of" translit=""/><ana lex="มี" pos="verb" trans="there is/are" translit=""/><ana lex="มี" pos="verb" trans="have" translit=""/><ana lex="มี" pos="verb,transitive" trans="contain" translit=""/><ana lex="มี" pos="verb,transitive" trans="has" translit=""/><ana lex="มี" pos="verb,transitive" trans="have" translit=""/><ana lex="มี" pos="adjective" trans="rich" translit=""/></w><w>เธอ<ana lex="เธอ" pos="PRON" trans="you" translit=""/><ana lex="เธอ" pos="pronoun" trans="she" translit=""/><ana lex="เธอ" pos="pronoun" trans="her" translit=""/><ana lex="เธอ" pos="PRON" trans="she" translit=""/></w><w>ทุก<ana lex="ทุก" pos="DET" trans="every" translit=""/></w><w>เวลา<ana lex="เวลา" pos="PRF" trans="chrono-" translit=""/><ana lex="เวลา" pos="conjunction" trans="when" translit=""/><ana lex="เวลา" pos="noun" trans="chance" translit=""/><ana lex="เวลา" pos="noun" trans="time" translit=""/><ana lex="เวลา" pos="noun" trans="time" translit=""/><ana lex="เวลา" pos="noun" trans="duration" translit=""/></w></se><se><w>ฉัน<ana lex="ฉัน" pos="" trans="[alternate pronunciation of ฉัน ]" translit="chanH"/><ana lex="ฉัน" pos="pronoun" trans="me" translit=""/></w><w>ร้องไห้<ana lex="ร้องไห้" pos="verb,intransitive" trans="cry" translit=""/><ana lex="ร้องไห้" pos="verb,transitive" trans="cry" translit=""/><ana lex="ร้องไห้" pos="verb,intransitive" trans="weep" translit=""/></w><w>ที่<ana lex="ที่" pos="PRON" trans="that" translit=""/><ana lex="ที่" pos="preposition" trans="at" translit=""/><ana lex="ที่" pos="noun" trans="word for utensil" translit=""/><ana lex="ที่" pos="preposition" trans="at" translit=""/><ana lex="ที่" pos="noun" trans="place" translit=""/><ana lex="ที่" pos="classifier" trans="qualifiers for places" translit=""/><ana lex="ที่" pos="noun" trans="ordinal number" translit=""/><ana lex="ที่" pos="preposition" trans="to" translit=""/><ana lex="ที่" pos="noun" trans="land" translit=""/></w><w>ผ่าน<ana lex="ผ่าน" pos="PHRV" trans="get by1" translit=""/><ana lex="ผ่าน" pos="verb" trans="ask a high price" translit=""/><ana lex="ผ่าน" pos="verb" trans="pass" translit=""/><ana lex="ผ่าน" pos="verb" trans="change" translit=""/><ana lex="ผ่าน" pos="PHRV" trans="enter by" translit=""/><ana lex="ผ่าน" pos="verb" trans="overcome" translit=""/><ana lex="ผ่าน" pos="verb,transitive" trans="passage" translit=""/><ana lex="ผ่าน" pos="verb,intransitive" trans="passage" translit=""/><ana lex="ผ่าน" pos="adverb" trans="thru" translit=""/><ana lex="ผ่าน" pos="preposition" trans="thru" translit=""/><ana lex="ผ่าน" pos="PRF" trans="dia-" translit=""/><ana lex="ผ่าน" pos="verb" trans="carry" translit=""/><ana lex="ผ่าน" pos="PRF" trans="per-" translit=""/><ana lex="ผ่าน" pos="PHRV" trans="get through2" translit=""/><ana lex="ผ่าน" pos="PHRV" trans="go past" translit=""/><ana lex="ผ่าน" pos="verb" trans="be used to" translit=""/><ana lex="ผ่าน" pos="adjective" trans="thru" translit=""/><ana lex="ผ่าน" pos="PHRV" trans="be past" translit=""/><ana lex="ผ่าน" pos="preposition" trans="by" translit=""/></w><w>มา<ana lex="มา" pos="PHRV" trans="get in1" translit=""/><ana lex="มา" pos="adverb" trans="coming (toward the present; or toward the focal time)" translit=""/><ana lex="มา" pos="verb,intransitive" trans="come" translit=""/><ana lex="มา" pos="verb" trans="arrive" translit=""/></w><w>ก็<ana lex="ก็" pos="adverb" trans="also" translit=""/><ana lex="ก็" pos="conjunction" trans="as a result" translit=""/></w><w>สม<ana lex="สม" pos="" trans="[alternate pronunciation of สม]" translit="sohmR maH"/><ana lex="สม" pos="adjective" trans="[is] equal; the same; matched; equivalent" translit="saL maH"/><ana lex="สม" pos="verb" trans="to accumulate; collect; gather; amass; hoard; store; increase" translit="saL maH"/><ana lex="สม" pos="" trans="[alternate pronunciation of สม]" translit="sohmR"/><ana lex="สม" pos="verb" trans="be well matched" translit=""/></w><w>แล้ว<ana lex="แล้ว" pos="adverb" trans="already" translit=""/><ana lex="แล้ว" pos="adverb" trans="already" translit=""/><ana lex="แล้ว" pos="adverb" trans="by now" translit=""/><ana lex="แล้ว" pos="adverb" trans="already" translit=""/></w></se></body>