<body><meta><link>http://www.thaipoem.com/%E0%B8%81%E0%B8%A5%E0%B8%AD%E0%B8%99/%E0%B8%81%E0%B8%A5%E0%B8%AD%E0%B8%99%E0%B8%95%E0%B8%B2%E0%B8%A1%E0%B9%83%E0%B8%88%E0%B8%84%E0%B8%B8%E0%B8%93/80049</link><title>เข้าใจ..</title><genre>poem</genre></meta><se><w>เธอ<ana lex="เธอ" pos="PRON" trans="you" translit=""/><ana lex="เธอ" pos="pronoun" trans="she" translit=""/><ana lex="เธอ" pos="pronoun" trans="her" translit=""/><ana lex="เธอ" pos="PRON" trans="she" translit=""/></w></se><se><w>.<ana lex="" pos="" trans="" translit=""/></w></se><se><w>เป็น<ana lex="เป็น" pos="auxiliary verb" trans="are" translit=""/><ana lex="เป็น" pos="verb,intransitive" trans="been" translit=""/><ana lex="เป็น" pos="verb,intransitive" trans="come" translit=""/><ana lex="เป็น" pos="verb" trans="be able to" translit=""/><ana lex="เป็น" pos="verb" trans="be" translit=""/><ana lex="เป็น" pos="adjective" trans="alive" translit=""/></w><w>ตัว<ana lex="ตัว" pos="classifier" trans="numerative noun for animals and things" translit=""/><ana lex="ตัว" pos="classifier" trans="numerative noun for animals and things" translit=""/><ana lex="ตัว" pos="PRON" trans="you" translit=""/><ana lex="ตัว" pos="noun" trans="body" translit=""/><ana lex="ตัว" pos="PRON" trans="you" translit=""/></w><w>ของ<ana lex="ของ" pos="noun" trans="thing" translit=""/><ana lex="ของ" pos="PRF" trans="a-" translit=""/><ana lex="ของ" pos="noun" trans="item" translit=""/><ana lex="ของ" pos="preposition" trans="of" translit=""/><ana lex="ของ" pos="preposition" trans="of" translit=""/></w><w>เธอ<ana lex="เธอ" pos="PRON" trans="you" translit=""/><ana lex="เธอ" pos="pronoun" trans="she" translit=""/><ana lex="เธอ" pos="pronoun" trans="her" translit=""/><ana lex="เธอ" pos="PRON" trans="she" translit=""/></w></se><se><w>.<ana lex="" pos="" trans="" translit=""/></w></se><se><w>อยู่<ana lex="อยู่" pos="verb,intransitive" trans="abide" translit=""/><ana lex="อยู่" pos="auxiliary verb" trans="be" translit=""/></w><w>อย่าง<ana lex="อย่าง" pos="noun" trans="method" translit=""/><ana lex="อย่าง" pos="adverb" trans="severely" translit=""/><ana lex="อย่าง" pos="noun" trans="type" translit=""/></w><w>นั้น<ana lex="นั้น" pos="pronoun" trans="that" translit=""/><ana lex="นั้น" pos="PRON" trans="that" translit=""/></w></se><se><w>และ<ana lex="และ" pos="conjunction" trans="and" translit=""/><ana lex="และ" pos="conjunction" trans="and" translit=""/></w><w>ฉัน<ana lex="ฉัน" pos="" trans="[alternate pronunciation of ฉัน ]" translit="chanH"/><ana lex="ฉัน" pos="pronoun" trans="me" translit=""/></w></se><se><w>ก็<ana lex="ก็" pos="adverb" trans="also" translit=""/><ana lex="ก็" pos="conjunction" trans="as a result" translit=""/></w><w>ยัง<ana lex="ยัง" pos="preposition" trans="to" translit=""/><ana lex="ยัง" pos="adverb" trans="also" translit=""/><ana lex="ยัง" pos="adverb" trans="yet" translit=""/><ana lex="ยัง" pos="adverb" trans="still" translit=""/></w><w>คือ<ana lex="คือ" pos="verb" trans="be" translit=""/><ana lex="คือ" pos="adverb" trans="namely" translit=""/></w><w>ฉัน<ana lex="ฉัน" pos="" trans="[alternate pronunciation of ฉัน ]" translit="chanH"/><ana lex="ฉัน" pos="pronoun" trans="me" translit=""/></w><w>คน<ana lex="คน" pos="noun" trans="bloke" translit=""/><ana lex="คน" pos="verb,transitive" trans="mill" translit=""/><ana lex="คน" pos="PRF" trans="anthropo-" translit=""/><ana lex="คน" pos="noun" trans="human" translit=""/><ana lex="คน" pos="noun" trans="people" translit=""/><ana lex="คน" pos="noun" trans="being" translit=""/><ana lex="คน" pos="PHRV" trans="stir about" translit=""/><ana lex="คน" pos="PHRV" trans="stir around" translit=""/><ana lex="คน" pos="SL" trans="bod" translit=""/><ana lex="คน" pos="classifier" trans="person" translit=""/><ana lex="คน" pos="verb" trans="stir" translit=""/></w><w>เก่า<ana lex="เก่า" pos="adjective" trans="old" translit=""/><ana lex="เก่า" pos="adjective" trans="old" translit=""/><ana lex="เก่า" pos="adjective" trans="ancient" translit=""/><ana lex="เก่า" pos="idiom" trans="have seen better days" translit=""/><ana lex="เก่า" pos="adjective" trans="onetime" translit=""/><ana lex="เก่า" pos="verb,intransitive" trans="stale" translit=""/><ana lex="เก่า" pos="SL" trans="has-been" translit=""/></w></se><se><w>ร่าเริง<ana lex="ร่าเริง" pos="adverb" trans="cheerfully" translit=""/><ana lex="ร่าเริง" pos="adjective" trans="sanguine" translit=""/><ana lex="ร่าเริง" pos="adjective" trans="chipper" translit=""/><ana lex="ร่าเริง" pos="verb" trans="be cheerful" translit=""/><ana lex="ร่าเริง" pos="adjective" trans="high" translit=""/><ana lex="ร่าเริง" pos="adjective" trans="irrepressible" translit=""/><ana lex="ร่าเริง" pos="adjective" trans="exuberant" translit=""/><ana lex="ร่าเริง" pos="PHRV" trans="blossom out" translit=""/><ana lex="ร่าเริง" pos="adjective" trans="chirpy" translit=""/><ana lex="ร่าเริง" pos="adjective" trans="jaunty" translit=""/><ana lex="ร่าเริง" pos="PHRV" trans="spunk up" translit=""/><ana lex="ร่าเริง" pos="adjective" trans="jolly" translit=""/><ana lex="ร่าเริง" pos="adjective" trans="lightsome" translit=""/><ana lex="ร่าเริง" pos="idiom" trans="(as) happy as a lark" translit=""/><ana lex="ร่าเริง" pos="adjective" trans="gleeful" translit=""/><ana lex="ร่าเริง" pos="adjective" trans="lively" translit=""/><ana lex="ร่าเริง" pos="adjective" trans="frolicsome" translit=""/><ana lex="ร่าเริง" pos="PHRV" trans="feel oneself" translit=""/></w></se><se><w>อ่อนไหว<ana lex="อ่อนไหว" pos="adjective" trans="bland; mild" translit="aawnL waiR"/><ana lex="อ่อนไหว" pos="adjective" trans="sensible" translit=""/><ana lex="อ่อนไหว" pos="adjective" trans="[is] sensitive" translit="aawnL waiR"/><ana lex="อ่อนไหว" pos="adjective" trans="blown" translit=""/></w></se><se><w>แอบ<ana lex="แอบ" pos="verb" trans="hide" translit=""/><ana lex="แอบ" pos="verb" trans="tuck away" translit=""/></w><w>เหงา<ana lex="เหงา" pos="verb" trans="feel lonely" translit=""/><ana lex="เหงา" pos="noun" trans="[ความเหงา] loneliness; solitude; desolation; isolation; seclusion" translit="ngaoR"/><ana lex="เหงา" pos="verb" trans="[เหงาใจ] [is] (feeling) lonely" translit="ngaoR"/><ana lex="เหงา" pos="adjective" trans="[is] lonely" translit="ngaoR"/></w></se><se><w>ง่ายดาย<ana lex="ง่ายดาย" pos="adverb" trans="easily" translit=""/><ana lex="ง่ายดาย" pos="idiom" trans="nothing to it" translit=""/><ana lex="ง่ายดาย" pos="adjective,formal" trans="[is] very easy; very simple" translit="ngaaiF daaiM"/></w><w>กับ<ana lex="กับ" pos="preposition" trans="with" translit=""/><ana lex="กับ" pos="preposition" trans="with" translit=""/><ana lex="กับ" pos="noun" trans="trap" translit=""/><ana lex="กับ" pos="preposition" trans="on" translit=""/><ana lex="กับ" pos="conjunction" trans="and" translit=""/><ana lex="กับ" pos="preposition" trans="with" translit=""/></w><w>ความ<ana lex="ความ" pos="noun" trans="case" translit=""/><ana lex="ความ" pos="noun" trans="content" translit=""/></w><w>เศร้า<ana lex="เศร้า" pos="adjective" trans="sad" translit=""/><ana lex="เศร้า" pos="adjective" trans="melancholy" translit=""/><ana lex="เศร้า" pos="adjective" trans="lowdown" translit=""/><ana lex="เศร้า" pos="adjective" trans="sad" translit=""/><ana lex="เศร้า" pos="adverb" trans="sadly" translit=""/><ana lex="เศร้า" pos="adjective" trans="heavy" translit=""/><ana lex="เศร้า" pos="verb" trans="be sad" translit=""/><ana lex="เศร้า" pos="adjective" trans="heavy-hearted" translit=""/></w></se><se><w>.<ana lex="" pos="" trans="" translit=""/></w></se><se><w>ที่<ana lex="ที่" pos="PRON" trans="that" translit=""/><ana lex="ที่" pos="preposition" trans="at" translit=""/><ana lex="ที่" pos="noun" trans="word for utensil" translit=""/><ana lex="ที่" pos="preposition" trans="at" translit=""/><ana lex="ที่" pos="noun" trans="place" translit=""/><ana lex="ที่" pos="classifier" trans="qualifiers for places" translit=""/><ana lex="ที่" pos="noun" trans="ordinal number" translit=""/><ana lex="ที่" pos="preposition" trans="to" translit=""/><ana lex="ที่" pos="noun" trans="land" translit=""/></w><w>แวะเวียน</w><w>เข้า<ana lex="เข้า" pos="verb" trans="get along with" translit=""/><ana lex="เข้า" pos="verb,transitive" trans="access" translit=""/><ana lex="เข้า" pos="verb" trans="put in" translit=""/><ana lex="เข้า" pos="verb,transitive" trans="enter" translit=""/><ana lex="เข้า" pos="verb,intransitive" trans="enter" translit=""/><ana lex="เข้า" pos="verb" trans="enter" translit=""/><ana lex="เข้า" pos="verb" trans="reach" translit=""/></w><w>มา<ana lex="มา" pos="PHRV" trans="get in1" translit=""/><ana lex="มา" pos="adverb" trans="coming (toward the present; or toward the focal time)" translit=""/><ana lex="มา" pos="verb,intransitive" trans="come" translit=""/><ana lex="มา" pos="verb" trans="arrive" translit=""/></w></se><se><w>บน<ana lex="บน" pos="PRF" trans="a-" translit=""/><ana lex="บน" pos="verb" trans="vow" translit=""/><ana lex="บน" pos="preposition" trans="upon" translit=""/><ana lex="บน" pos="preposition" trans="on" translit=""/><ana lex="บน" pos="preposition" trans="on" translit=""/></w><w>ความ<ana lex="ความ" pos="noun" trans="case" translit=""/><ana lex="ความ" pos="noun" trans="content" translit=""/></w><w>แตก<ana lex="แตก" pos="verb" trans="segregate" translit=""/><ana lex="แตก" pos="verb,transitive" trans="break" translit=""/><ana lex="แตก" pos="adverb" trans="fluently" translit=""/><ana lex="แตก" pos="adjective" trans="broken" translit=""/><ana lex="แตก" pos="verb,intransitive" trans="check" translit=""/><ana lex="แตก" pos="verb" trans="sprout" translit=""/><ana lex="แตก" pos="verb,intransitive" trans="chip" translit=""/><ana lex="แตก" pos="verb,intransitive" trans="chap" translit=""/><ana lex="แตก" pos="verb" trans="break" translit=""/><ana lex="แตก" pos="verb,intransitive" trans="break" translit=""/><ana lex="แตก" pos="verb,intransitive" trans="fracture" translit=""/><ana lex="แตก" pos="verb" trans="sweat" translit=""/><ana lex="แตก" pos="verb" trans="split" translit=""/></w><w>ต่าง<ana lex="ต่าง" pos="adverb" trans="in place of" translit=""/><ana lex="ต่าง" pos="noun" trans="pack-saddle" translit=""/><ana lex="ต่าง" pos="verb" trans="differ" translit=""/><ana lex="ต่าง" pos="verb" trans="carry" translit=""/><ana lex="ต่าง" pos="adverb" trans="take as" translit=""/><ana lex="ต่าง" pos="DET" trans="each" translit=""/><ana lex="ต่าง" pos="adverb" trans="each" translit=""/><ana lex="ต่าง" pos="adjective" trans="foreign" translit=""/><ana lex="ต่าง" pos="DET" trans="each" translit=""/><ana lex="ต่าง" pos="adverb" trans="differ (farther or mother)" translit=""/></w></se><se><w>ใน<ana lex="ใน" pos="preposition" trans="in" translit=""/><ana lex="ใน" pos="adjective" trans="in" translit=""/><ana lex="ใน" pos="PRF" trans="em-" translit=""/><ana lex="ใน" pos="PRF" trans="en-" translit=""/><ana lex="ใน" pos="PRF" trans="en-" translit=""/><ana lex="ใน" pos="PRF" trans="il-" translit=""/><ana lex="ใน" pos="preposition" trans="of" translit=""/><ana lex="ใน" pos="PRF" trans="in-" translit=""/><ana lex="ใน" pos="PRF" trans="im-" translit=""/><ana lex="ใน" pos="adverb" trans="in" translit=""/><ana lex="ใน" pos="preposition" trans="in" translit=""/></w><w>ความ<ana lex="ความ" pos="noun" trans="case" translit=""/><ana lex="ความ" pos="noun" trans="content" translit=""/></w><w>ใกล้<ana lex="ใกล้" pos="adjective" trans="near" translit=""/><ana lex="ใกล้" pos="preposition" trans="near" translit=""/><ana lex="ใกล้" pos="preposition" trans="on" translit=""/><ana lex="ใกล้" pos="adverb" trans="anear" translit=""/><ana lex="ใกล้" pos="adjective" trans="proximate" translit=""/><ana lex="ใกล้" pos="preposition" trans="anear" translit=""/><ana lex="ใกล้" pos="adjective" trans="close" translit=""/><ana lex="ใกล้" pos="preposition" trans="be-" translit=""/><ana lex="ใกล้" pos="preposition" trans="by" translit=""/><ana lex="ใกล้" pos="adverb" trans="close" translit=""/><ana lex="ใกล้" pos="verb" trans="come near" translit=""/><ana lex="ใกล้" pos="PRF" trans="juxta-" translit=""/></w><w>ชิด<ana lex="ชิด" pos="verb,transitive" trans="abut" translit=""/><ana lex="ชิด" pos="verb" trans="be close" translit=""/><ana lex="ชิด" pos="verb,intransitive" trans="abut" translit=""/><ana lex="ชิด" pos="adverb" trans="close" translit=""/><ana lex="ชิด" pos="noun" trans="nipa palm" translit=""/></w></se><se><w>.<ana lex="" pos="" trans="" translit=""/></w></se><se><w>เหมือน<ana lex="เหมือน" pos="PRF" trans="homo-" translit=""/><ana lex="เหมือน" pos="verb,transitive" trans="mirror" translit=""/><ana lex="เหมือน" pos="PHRV" trans="take after" translit=""/><ana lex="เหมือน" pos="conjunction" trans="like" translit=""/><ana lex="เหมือน" pos="SUF" trans="-like" translit=""/><ana lex="เหมือน" pos="SUF" trans="-ly" translit=""/></w><w>ความ<ana lex="ความ" pos="noun" trans="case" translit=""/><ana lex="ความ" pos="noun" trans="content" translit=""/></w><w>อ้างว้าง<ana lex="อ้างว้าง" pos="verb" trans="isolate" translit=""/><ana lex="อ้างว้าง" pos="adjective" trans="desolate" translit=""/></w><w>นั้น<ana lex="นั้น" pos="pronoun" trans="that" translit=""/><ana lex="นั้น" pos="PRON" trans="that" translit=""/></w><w>ยิ่ง<ana lex="ยิ่ง" pos="adverb" trans="more" translit=""/><ana lex="ยิ่ง" pos="adverb" trans="extremely" translit=""/><ana lex="ยิ่ง" pos="auxiliary verb" trans="much" translit=""/><ana lex="ยิ่ง" pos="adverb" trans="the more" translit=""/></w><w>กว่า<ana lex="กว่า" pos="adverb" trans="more" translit=""/><ana lex="กว่า" pos="DET" trans="over" translit=""/><ana lex="กว่า" pos="preposition" trans="till" translit=""/></w></se><se><w>เธอ<ana lex="เธอ" pos="PRON" trans="you" translit=""/><ana lex="เธอ" pos="pronoun" trans="she" translit=""/><ana lex="เธอ" pos="pronoun" trans="her" translit=""/><ana lex="เธอ" pos="PRON" trans="she" translit=""/></w><w>เก็บ<ana lex="เก็บ" pos="verb" trans="preserve" translit=""/><ana lex="เก็บ" pos="PHRV" trans="get in1" translit=""/><ana lex="เก็บ" pos="verb" trans="pick" translit=""/><ana lex="เก็บ" pos="PHRV" trans="squirrel away" translit=""/><ana lex="เก็บ" pos="verb" trans="collect" translit=""/><ana lex="เก็บ" pos="verb" trans="keep" translit=""/><ana lex="เก็บ" pos="verb,transitive" trans="keep" translit=""/></w></se><se><w>.<ana lex="" pos="" trans="" translit=""/></w></se><se><w>เธอ<ana lex="เธอ" pos="PRON" trans="you" translit=""/><ana lex="เธอ" pos="pronoun" trans="she" translit=""/><ana lex="เธอ" pos="pronoun" trans="her" translit=""/><ana lex="เธอ" pos="PRON" trans="she" translit=""/></w><w>ซ่อน<ana lex="ซ่อน" pos="idiom" trans="rout out" translit=""/><ana lex="ซ่อน" pos="PHRV" trans="plant on" translit=""/><ana lex="ซ่อน" pos="verb" trans="hide" translit=""/><ana lex="ซ่อน" pos="verb,transitive" trans="hide" translit=""/><ana lex="ซ่อน" pos="verb,transitive" trans="shroud" translit=""/><ana lex="ซ่อน" pos="PHRV" trans="blot out" translit=""/><ana lex="ซ่อน" pos="verb,intransitive" trans="hide" translit=""/><ana lex="ซ่อน" pos="PHRV" trans="cover up" translit=""/><ana lex="ซ่อน" pos="verb,transitive" trans="occult" translit=""/></w></se><se><w>.<ana lex="" pos="" trans="" translit=""/></w></se><se><w>อะไร<ana lex="อะไร" pos="DET" trans="any" translit=""/><ana lex="อะไร" pos="adjective" trans="what" translit=""/><ana lex="อะไร" pos="pronoun" trans="what" translit=""/><ana lex="อะไร" pos="QUES" trans="what" translit=""/><ana lex="อะไร" pos="adverb" trans="whatever" translit=""/><ana lex="อะไร" pos="PRON" trans="whatever" translit=""/></w><w>ต่อ<ana lex="ต่อ" pos="verb" trans="renew" translit=""/><ana lex="ต่อ" pos="preposition" trans="to" translit=""/><ana lex="ต่อ" pos="verb" trans="concede" translit=""/><ana lex="ต่อ" pos="adverb" trans="continue" translit=""/><ana lex="ต่อ" pos="verb" trans="join" translit=""/><ana lex="ต่อ" pos="verb" trans="renew" translit=""/><ana lex="ต่อ" pos="verb" trans="bargain" translit=""/><ana lex="ต่อ" pos="adverb" trans="next" translit=""/><ana lex="ต่อ" pos="verb" trans="transfer" translit=""/><ana lex="ต่อ" pos="verb" trans="teach" translit=""/><ana lex="ต่อ" pos="preposition" trans="against" translit=""/><ana lex="ต่อ" pos="verb" trans="decoy" translit=""/><ana lex="ต่อ" pos="preposition" trans="per" translit=""/><ana lex="ต่อ" pos="preposition" trans="with" translit=""/><ana lex="ต่อ" pos="noun" trans="wasp" translit=""/><ana lex="ต่อ" pos="verb" trans="build" translit=""/></w><w>อะไร<ana lex="อะไร" pos="DET" trans="any" translit=""/><ana lex="อะไร" pos="adjective" trans="what" translit=""/><ana lex="อะไร" pos="pronoun" trans="what" translit=""/><ana lex="อะไร" pos="QUES" trans="what" translit=""/><ana lex="อะไร" pos="adverb" trans="whatever" translit=""/><ana lex="อะไร" pos="PRON" trans="whatever" translit=""/></w><w>ไว้<ana lex="ไว้" pos="verb" trans="keep" translit=""/></w><w>ใน<ana lex="ใน" pos="preposition" trans="in" translit=""/><ana lex="ใน" pos="adjective" trans="in" translit=""/><ana lex="ใน" pos="PRF" trans="em-" translit=""/><ana lex="ใน" pos="PRF" trans="en-" translit=""/><ana lex="ใน" pos="PRF" trans="en-" translit=""/><ana lex="ใน" pos="PRF" trans="il-" translit=""/><ana lex="ใน" pos="preposition" trans="of" translit=""/><ana lex="ใน" pos="PRF" trans="in-" translit=""/><ana lex="ใน" pos="PRF" trans="im-" translit=""/><ana lex="ใน" pos="adverb" trans="in" translit=""/><ana lex="ใน" pos="preposition" trans="in" translit=""/></w><w>แววตา<ana lex="แววตา" pos="noun" trans="expression; feeling as conveyed through one's eyes" translit="waaeoM dtaaM"/><ana lex="แววตา" pos="noun" trans="light in one's eyes" translit=""/><ana lex="แววตา" pos="noun" trans="expression of eye" translit=""/></w></se><se><w>และ<ana lex="และ" pos="conjunction" trans="and" translit=""/><ana lex="และ" pos="conjunction" trans="and" translit=""/></w><w>ฉัน<ana lex="ฉัน" pos="" trans="[alternate pronunciation of ฉัน ]" translit="chanH"/><ana lex="ฉัน" pos="pronoun" trans="me" translit=""/></w></se><se><w>.<ana lex="" pos="" trans="" translit=""/></w></se><se><w>คือ<ana lex="คือ" pos="verb" trans="be" translit=""/><ana lex="คือ" pos="adverb" trans="namely" translit=""/></w><w>คน<ana lex="คน" pos="noun" trans="bloke" translit=""/><ana lex="คน" pos="verb,transitive" trans="mill" translit=""/><ana lex="คน" pos="PRF" trans="anthropo-" translit=""/><ana lex="คน" pos="noun" trans="human" translit=""/><ana lex="คน" pos="noun" trans="people" translit=""/><ana lex="คน" pos="noun" trans="being" translit=""/><ana lex="คน" pos="PHRV" trans="stir about" translit=""/><ana lex="คน" pos="PHRV" trans="stir around" translit=""/><ana lex="คน" pos="SL" trans="bod" translit=""/><ana lex="คน" pos="classifier" trans="person" translit=""/><ana lex="คน" pos="verb" trans="stir" translit=""/></w><w>ที่<ana lex="ที่" pos="PRON" trans="that" translit=""/><ana lex="ที่" pos="preposition" trans="at" translit=""/><ana lex="ที่" pos="noun" trans="word for utensil" translit=""/><ana lex="ที่" pos="preposition" trans="at" translit=""/><ana lex="ที่" pos="noun" trans="place" translit=""/><ana lex="ที่" pos="classifier" trans="qualifiers for places" translit=""/><ana lex="ที่" pos="noun" trans="ordinal number" translit=""/><ana lex="ที่" pos="preposition" trans="to" translit=""/><ana lex="ที่" pos="noun" trans="land" translit=""/></w><w>คอย<ana lex="คอย" pos="PHRV" trans="wait behind" translit=""/><ana lex="คอย" pos="PHRV" trans="stick around" translit=""/><ana lex="คอย" pos="PHRV" trans="stick about" translit=""/><ana lex="คอย" pos="verb,transitive" trans="tarry" translit=""/><ana lex="คอย" pos="verb" trans="wait" translit=""/><ana lex="คอย" pos="verb,transitive" trans="bide" translit=""/></w><w>ค้น<ana lex="ค้น" pos="PHRV" trans="get out of" translit=""/><ana lex="ค้น" pos="verb" trans="seek" translit=""/><ana lex="ค้น" pos="PHRV" trans="go into" translit=""/><ana lex="ค้น" pos="verb,transitive" trans="rifle" translit=""/></w><w>หา<ana lex="หา" pos="verb" trans="grope" translit=""/><ana lex="หา" pos="verb" trans="accuse" translit=""/><ana lex="หา" pos="verb" trans="see" translit=""/><ana lex="หา" pos="verb,transitive" trans="find" translit=""/><ana lex="หา" pos="verb" trans="search for" translit=""/></w></se><se><w>.<ana lex="" pos="" trans="" translit=""/></w></se><se><w>เหมือน<ana lex="เหมือน" pos="PRF" trans="homo-" translit=""/><ana lex="เหมือน" pos="verb,transitive" trans="mirror" translit=""/><ana lex="เหมือน" pos="PHRV" trans="take after" translit=""/><ana lex="เหมือน" pos="conjunction" trans="like" translit=""/><ana lex="เหมือน" pos="SUF" trans="-like" translit=""/><ana lex="เหมือน" pos="SUF" trans="-ly" translit=""/></w><w>ทุกที<ana lex="ทุกที" pos="adverb" trans="[in the sentence structure ทีไร...เป็นต้อง... ทุกที] everytime, inevitably" translit="thookH theeM"/><ana lex="ทุกที" pos="adverb" trans="always" translit=""/><ana lex="ทุกที" pos="adverb" trans="whenever" translit="thookH theeM"/></w></se><se><w>เข้าใจ<ana lex="เข้าใจ" pos="verb,transitive" trans="make" translit=""/><ana lex="เข้าใจ" pos="PHRV" trans="puzzle out" translit=""/><ana lex="เข้าใจ" pos="verb,transitive" trans="dig" translit=""/><ana lex="เข้าใจ" pos="verb,transitive" trans="digest" translit=""/><ana lex="เข้าใจ" pos="verb,transitive" trans="grasp" translit=""/><ana lex="เข้าใจ" pos="verb,transitive" trans="seize" translit=""/><ana lex="เข้าใจ" pos="verb,transitive" trans="twig" translit=""/><ana lex="เข้าใจ" pos="PHRV" trans="pick out" translit=""/><ana lex="เข้าใจ" pos="verb,transitive" trans="think" translit=""/><ana lex="เข้าใจ" pos="verb,transitive" trans="interpret" translit=""/><ana lex="เข้าใจ" pos="verb" trans="understand" translit=""/><ana lex="เข้าใจ" pos="PHRV" trans="go in1" translit=""/><ana lex="เข้าใจ" pos="verb,transitive" trans="realise" translit=""/><ana lex="เข้าใจ" pos="verb,transitive" trans="apprehend" translit=""/><ana lex="เข้าใจ" pos="PHRV" trans="catch on" translit=""/><ana lex="เข้าใจ" pos="verb,transitive" trans="know" translit=""/><ana lex="เข้าใจ" pos="verb,intransitive" trans="apprehend" translit=""/><ana lex="เข้าใจ" pos="verb,intransitive" trans="get" translit=""/><ana lex="เข้าใจ" pos="verb,transitive" trans="penetrate" translit=""/><ana lex="เข้าใจ" pos="verb,transitive" trans="catch" translit=""/><ana lex="เข้าใจ" pos="SL" trans="suss" translit=""/><ana lex="เข้าใจ" pos="verb,transitive" trans="see" translit=""/><ana lex="เข้าใจ" pos="verb,intransitive" trans="understand" translit=""/><ana lex="เข้าใจ" pos="verb,intransitive" trans="think" translit=""/><ana lex="เข้าใจ" pos="idiom" trans="get the feel of" translit=""/><ana lex="เข้าใจ" pos="idiom" trans="make much of" translit=""/><ana lex="เข้าใจ" pos="verb,transitive" trans="fathom" translit=""/><ana lex="เข้าใจ" pos="verb,intransitive" trans="see" translit=""/><ana lex="เข้าใจ" pos="PHRV" trans="make out" translit=""/><ana lex="เข้าใจ" pos="verb,transitive" trans="understand" translit=""/><ana lex="เข้าใจ" pos="PHRV" trans="get it" translit=""/><ana lex="เข้าใจ" pos="verb,transitive" trans="wot" translit=""/><ana lex="เข้าใจ" pos="verb,intransitive" trans="wot" translit=""/><ana lex="เข้าใจ" pos="verb,transitive" trans="conceive" translit=""/><ana lex="เข้าใจ" pos="verb,transitive" trans="compass" translit=""/><ana lex="เข้าใจ" pos="verb,transitive" trans="take" translit=""/><ana lex="เข้าใจ" pos="verb,transitive" trans="realize" translit=""/></w></se><se><w>.<ana lex="" pos="" trans="" translit=""/></w></se><se><w>และ<ana lex="และ" pos="conjunction" trans="and" translit=""/><ana lex="และ" pos="conjunction" trans="and" translit=""/></w></se><se><w>.<ana lex="" pos="" trans="" translit=""/></w></se><se><w>เข้าใจ<ana lex="เข้าใจ" pos="verb,transitive" trans="make" translit=""/><ana lex="เข้าใจ" pos="PHRV" trans="puzzle out" translit=""/><ana lex="เข้าใจ" pos="verb,transitive" trans="dig" translit=""/><ana lex="เข้าใจ" pos="verb,transitive" trans="digest" translit=""/><ana lex="เข้าใจ" pos="verb,transitive" trans="grasp" translit=""/><ana lex="เข้าใจ" pos="verb,transitive" trans="seize" translit=""/><ana lex="เข้าใจ" pos="verb,transitive" trans="twig" translit=""/><ana lex="เข้าใจ" pos="PHRV" trans="pick out" translit=""/><ana lex="เข้าใจ" pos="verb,transitive" trans="think" translit=""/><ana lex="เข้าใจ" pos="verb,transitive" trans="interpret" translit=""/><ana lex="เข้าใจ" pos="verb" trans="understand" translit=""/><ana lex="เข้าใจ" pos="PHRV" trans="go in1" translit=""/><ana lex="เข้าใจ" pos="verb,transitive" trans="realise" translit=""/><ana lex="เข้าใจ" pos="verb,transitive" trans="apprehend" translit=""/><ana lex="เข้าใจ" pos="PHRV" trans="catch on" translit=""/><ana lex="เข้าใจ" pos="verb,transitive" trans="know" translit=""/><ana lex="เข้าใจ" pos="verb,intransitive" trans="apprehend" translit=""/><ana lex="เข้าใจ" pos="verb,intransitive" trans="get" translit=""/><ana lex="เข้าใจ" pos="verb,transitive" trans="penetrate" translit=""/><ana lex="เข้าใจ" pos="verb,transitive" trans="catch" translit=""/><ana lex="เข้าใจ" pos="SL" trans="suss" translit=""/><ana lex="เข้าใจ" pos="verb,transitive" trans="see" translit=""/><ana lex="เข้าใจ" pos="verb,intransitive" trans="understand" translit=""/><ana lex="เข้าใจ" pos="verb,intransitive" trans="think" translit=""/><ana lex="เข้าใจ" pos="idiom" trans="get the feel of" translit=""/><ana lex="เข้าใจ" pos="idiom" trans="make much of" translit=""/><ana lex="เข้าใจ" pos="verb,transitive" trans="fathom" translit=""/><ana lex="เข้าใจ" pos="verb,intransitive" trans="see" translit=""/><ana lex="เข้าใจ" pos="PHRV" trans="make out" translit=""/><ana lex="เข้าใจ" pos="verb,transitive" trans="understand" translit=""/><ana lex="เข้าใจ" pos="PHRV" trans="get it" translit=""/><ana lex="เข้าใจ" pos="verb,transitive" trans="wot" translit=""/><ana lex="เข้าใจ" pos="verb,intransitive" trans="wot" translit=""/><ana lex="เข้าใจ" pos="verb,transitive" trans="conceive" translit=""/><ana lex="เข้าใจ" pos="verb,transitive" trans="compass" translit=""/><ana lex="เข้าใจ" pos="verb,transitive" trans="take" translit=""/><ana lex="เข้าใจ" pos="verb,transitive" trans="realize" translit=""/></w></se><se><w>ฉัน<ana lex="ฉัน" pos="" trans="[alternate pronunciation of ฉัน ]" translit="chanH"/><ana lex="ฉัน" pos="pronoun" trans="me" translit=""/></w><w>หา<ana lex="หา" pos="verb" trans="grope" translit=""/><ana lex="หา" pos="verb" trans="accuse" translit=""/><ana lex="หา" pos="verb" trans="see" translit=""/><ana lex="หา" pos="verb,transitive" trans="find" translit=""/><ana lex="หา" pos="verb" trans="search for" translit=""/></w><w>เหตุผล<ana lex="เหตุผล" pos="noun" trans="argument" translit=""/><ana lex="เหตุผล" pos="noun" trans="wherefore" translit=""/><ana lex="เหตุผล" pos="noun" trans="reason" translit=""/><ana lex="เหตุผล" pos="noun" trans="ground" translit=""/><ana lex="เหตุผล" pos="noun" trans="logic" translit=""/><ana lex="เหตุผล" pos="noun" trans="reason" translit=""/></w><w>มากมาย<ana lex="มากมาย" pos="adjective" trans="very much; plentiful; much; many; countless; various; several; a lot of; many; diversified; miscellaneous; numerous" translit="maakF maaiM"/><ana lex="มากมาย" pos="adjective" trans="plentiful" translit=""/><ana lex="มากมาย" pos="adjective" trans="multitudinous" translit=""/><ana lex="มากมาย" pos="idiom" trans="in force" translit=""/><ana lex="มากมาย" pos="adjective" trans="incalculable" translit=""/><ana lex="มากมาย" pos="adjective" trans="voluminous" translit=""/><ana lex="มากมาย" pos="adjective" trans="consummate" translit=""/><ana lex="มากมาย" pos="adjective" trans="substantial" translit=""/><ana lex="มากมาย" pos="adjective" trans="copious" translit=""/><ana lex="มากมาย" pos="adverb" trans="plentifully" translit=""/><ana lex="มากมาย" pos="adjective" trans="abundant" translit=""/><ana lex="มากมาย" pos="DET" trans="many" translit=""/><ana lex="มากมาย" pos="adjective" trans="various" translit=""/><ana lex="มากมาย" pos="SL" trans="skillion" translit=""/><ana lex="มากมาย" pos="adverb" trans="plentifully; abundantly" translit="maakF maaiM"/><ana lex="มากมาย" pos="adverb" trans="galore" translit=""/><ana lex="มากมาย" pos="SL" trans="umpteen" translit=""/><ana lex="มากมาย" pos="adjective" trans="numerous" translit=""/><ana lex="มากมาย" pos="verb,intransitive" trans="abound" translit=""/><ana lex="มากมาย" pos="adjective" trans="untold" translit=""/><ana lex="มากมาย" pos="adjective" trans="many" translit=""/><ana lex="มากมาย" pos="adjective" trans="luxurious" translit=""/><ana lex="มากมาย" pos="adjective" trans="substantive" translit=""/><ana lex="มากมาย" pos="SL" trans="jillion" translit=""/><ana lex="มากมาย" pos="adjective" trans="multifold" translit=""/></w></se><se><w>.<ana lex="" pos="" trans="" translit=""/></w></se><se><w>เพียง</w><w>เพื่อ<ana lex="เพื่อ" pos="preposition" trans="for" translit=""/><ana lex="เพื่อ" pos="conjunction" trans="for" translit=""/><ana lex="เพื่อ" pos="preposition" trans="in order to" translit=""/></w><w>คำ<ana lex="คำ" pos="noun" trans="word" translit=""/><ana lex="คำ" pos="noun" trans="vocable" translit=""/><ana lex="คำ" pos="noun" trans="word" translit=""/></w><w>คำ<ana lex="คำ" pos="noun" trans="word" translit=""/><ana lex="คำ" pos="noun" trans="vocable" translit=""/><ana lex="คำ" pos="noun" trans="word" translit=""/></w><w>นี้</w></se><se><w>เธอ<ana lex="เธอ" pos="PRON" trans="you" translit=""/><ana lex="เธอ" pos="pronoun" trans="she" translit=""/><ana lex="เธอ" pos="pronoun" trans="her" translit=""/><ana lex="เธอ" pos="PRON" trans="she" translit=""/></w><w>เอง<ana lex="เอง" pos="adverb" trans="only" translit=""/><ana lex="เอง" pos="adverb" trans="alone" translit=""/><ana lex="เอง" pos="adverb" trans="only" translit=""/></w><w>ย่อม<ana lex="ย่อม" pos="auxiliary verb" trans="can" translit=""/><ana lex="ย่อม" pos="adjective" trans="small" translit=""/><ana lex="ย่อม" pos="adjective" trans="small" translit=""/><ana lex="ย่อม" pos="adjective" trans="small" translit=""/><ana lex="ย่อม" pos="adjective" trans="small" translit=""/><ana lex="ย่อม" pos="adjective" trans="quite small" translit=""/><ana lex="ย่อม" pos="auxiliary verb" trans="naturally" translit=""/></w><w>มี<ana lex="มี" pos="verb" trans="consist of" translit=""/><ana lex="มี" pos="verb" trans="there is/are" translit=""/><ana lex="มี" pos="verb" trans="have" translit=""/><ana lex="มี" pos="verb,transitive" trans="contain" translit=""/><ana lex="มี" pos="verb,transitive" trans="has" translit=""/><ana lex="มี" pos="verb,transitive" trans="have" translit=""/><ana lex="มี" pos="adjective" trans="rich" translit=""/></w><w>เหตุผล<ana lex="เหตุผล" pos="noun" trans="argument" translit=""/><ana lex="เหตุผล" pos="noun" trans="wherefore" translit=""/><ana lex="เหตุผล" pos="noun" trans="reason" translit=""/><ana lex="เหตุผล" pos="noun" trans="ground" translit=""/><ana lex="เหตุผล" pos="noun" trans="logic" translit=""/><ana lex="เหตุผล" pos="noun" trans="reason" translit=""/></w></se><se><w>.<ana lex="" pos="" trans="" translit=""/></w></se><se><w>และ<ana lex="และ" pos="conjunction" trans="and" translit=""/><ana lex="และ" pos="conjunction" trans="and" translit=""/></w><w>นั่น<ana lex="นั่น" pos="DET" trans="that" translit=""/></w></se><se><w>.<ana lex="" pos="" trans="" translit=""/></w></se><se><w>ย่อม<ana lex="ย่อม" pos="auxiliary verb" trans="can" translit=""/><ana lex="ย่อม" pos="adjective" trans="small" translit=""/><ana lex="ย่อม" pos="adjective" trans="small" translit=""/><ana lex="ย่อม" pos="adjective" trans="small" translit=""/><ana lex="ย่อม" pos="adjective" trans="small" translit=""/><ana lex="ย่อม" pos="adjective" trans="quite small" translit=""/><ana lex="ย่อม" pos="auxiliary verb" trans="naturally" translit=""/></w><w>เป็น<ana lex="เป็น" pos="auxiliary verb" trans="are" translit=""/><ana lex="เป็น" pos="verb,intransitive" trans="been" translit=""/><ana lex="เป็น" pos="verb,intransitive" trans="come" translit=""/><ana lex="เป็น" pos="verb" trans="be able to" translit=""/><ana lex="เป็น" pos="verb" trans="be" translit=""/><ana lex="เป็น" pos="adjective" trans="alive" translit=""/></w><w>เหตุผล<ana lex="เหตุผล" pos="noun" trans="argument" translit=""/><ana lex="เหตุผล" pos="noun" trans="wherefore" translit=""/><ana lex="เหตุผล" pos="noun" trans="reason" translit=""/><ana lex="เหตุผล" pos="noun" trans="ground" translit=""/><ana lex="เหตุผล" pos="noun" trans="logic" translit=""/><ana lex="เหตุผล" pos="noun" trans="reason" translit=""/></w><w>ที่<ana lex="ที่" pos="PRON" trans="that" translit=""/><ana lex="ที่" pos="preposition" trans="at" translit=""/><ana lex="ที่" pos="noun" trans="word for utensil" translit=""/><ana lex="ที่" pos="preposition" trans="at" translit=""/><ana lex="ที่" pos="noun" trans="place" translit=""/><ana lex="ที่" pos="classifier" trans="qualifiers for places" translit=""/><ana lex="ที่" pos="noun" trans="ordinal number" translit=""/><ana lex="ที่" pos="preposition" trans="to" translit=""/><ana lex="ที่" pos="noun" trans="land" translit=""/></w><w>ดี<ana lex="ดี" pos="adjective" trans="fine" translit=""/><ana lex="ดี" pos="adjective" trans="braw" translit=""/><ana lex="ดี" pos="SL" trans="hunky-dory" translit=""/><ana lex="ดี" pos="adjective" trans="useful" translit=""/><ana lex="ดี" pos="noun" trans="gallbladder" translit=""/><ana lex="ดี" pos="adjective" trans="nice" translit=""/><ana lex="ดี" pos="adjective" trans="fine" translit=""/><ana lex="ดี" pos="adjective" trans="tidy" translit=""/><ana lex="ดี" pos="SL" trans="kushty" translit=""/><ana lex="ดี" pos="SL" trans="tickety-boo" translit=""/><ana lex="ดี" pos="adjective" trans="well" translit=""/><ana lex="ดี" pos="PRF" trans="eu-" translit=""/><ana lex="ดี" pos="idiom" trans="Well and good" translit=""/><ana lex="ดี" pos="adjective" trans="good" translit=""/><ana lex="ดี" pos="adverb" trans="well" translit=""/><ana lex="ดี" pos="adjective" trans="high" translit=""/><ana lex="ดี" pos="adjective" trans="nice" translit=""/><ana lex="ดี" pos="adjective" trans="nice" translit=""/><ana lex="ดี" pos="adjective" trans="well" translit=""/></w></se><se><w>ฉัน<ana lex="ฉัน" pos="" trans="[alternate pronunciation of ฉัน ]" translit="chanH"/><ana lex="ฉัน" pos="pronoun" trans="me" translit=""/></w><w>ยอมรับ<ana lex="ยอมรับ" pos="PHRV" trans="get by with" translit=""/><ana lex="ยอมรับ" pos="verb,transitive" trans="countenance" translit=""/><ana lex="ยอมรับ" pos="verb,transitive" trans="recognise" translit=""/><ana lex="ยอมรับ" pos="PHRV" trans="settle for" translit=""/><ana lex="ยอมรับ" pos="PHRV" trans="see as" translit=""/><ana lex="ยอมรับ" pos="verb,transitive" trans="allow" translit=""/><ana lex="ยอมรับ" pos="verb,transitive,intransitive,phrase" trans="to agree" translit="yaawmM rapH"/><ana lex="ยอมรับ" pos="verb,intransitive" trans="consent" translit=""/><ana lex="ยอมรับ" pos="verb,transitive" trans="receive" translit=""/><ana lex="ยอมรับ" pos="idiom" trans="take a bow" translit=""/><ana lex="ยอมรับ" pos="verb,transitive" trans="recognize" translit=""/><ana lex="ยอมรับ" pos="verb" trans="confess" translit=""/><ana lex="ยอมรับ" pos="verb,intransitive" trans="agree" translit=""/><ana lex="ยอมรับ" pos="PHRV" trans="let in" translit=""/><ana lex="ยอมรับ" pos="idiom" trans="in favour of" translit=""/><ana lex="ยอมรับ" pos="verb,intransitive" trans="admit" translit=""/><ana lex="ยอมรับ" pos="PHRV" trans="hold by" translit=""/><ana lex="ยอมรับ" pos="verb,intransitive" trans="own" translit=""/><ana lex="ยอมรับ" pos="verb,transitive" trans="acknowledge" translit=""/><ana lex="ยอมรับ" pos="verb,intransitive" trans="acknowledge" translit=""/><ana lex="ยอมรับ" pos="PHRV" trans="go for" translit=""/><ana lex="ยอมรับ" pos="PHRV" trans="go along with" translit=""/><ana lex="ยอมรับ" pos="verb" trans="agree" translit=""/><ana lex="ยอมรับ" pos="PHRV" trans="agree with" translit=""/><ana lex="ยอมรับ" pos="verb,transitive" trans="take" translit=""/><ana lex="ยอมรับ" pos="PHRV" trans="hold with" translit=""/><ana lex="ยอมรับ" pos="verb,transitive" trans="assume" translit=""/><ana lex="ยอมรับ" pos="verb,transitive" trans="admit" translit=""/></w><w>ใน<ana lex="ใน" pos="preposition" trans="in" translit=""/><ana lex="ใน" pos="adjective" trans="in" translit=""/><ana lex="ใน" pos="PRF" trans="em-" translit=""/><ana lex="ใน" pos="PRF" trans="en-" translit=""/><ana lex="ใน" pos="PRF" trans="en-" translit=""/><ana lex="ใน" pos="PRF" trans="il-" translit=""/><ana lex="ใน" pos="preposition" trans="of" translit=""/><ana lex="ใน" pos="PRF" trans="in-" translit=""/><ana lex="ใน" pos="PRF" trans="im-" translit=""/><ana lex="ใน" pos="adverb" trans="in" translit=""/><ana lex="ใน" pos="preposition" trans="in" translit=""/></w><w>วิถี<ana lex="วิถี" pos="noun" trans="path" translit=""/><ana lex="วิถี" pos="noun" trans="way; course; path; road; route; direction" translit="wiH theeR"/><ana lex="วิถี" pos="noun" trans="way" translit=""/></w></se><se><w>.<ana lex="" pos="" trans="" translit=""/></w></se><se><w>ใน<ana lex="ใน" pos="preposition" trans="in" translit=""/><ana lex="ใน" pos="adjective" trans="in" translit=""/><ana lex="ใน" pos="PRF" trans="em-" translit=""/><ana lex="ใน" pos="PRF" trans="en-" translit=""/><ana lex="ใน" pos="PRF" trans="en-" translit=""/><ana lex="ใน" pos="PRF" trans="il-" translit=""/><ana lex="ใน" pos="preposition" trans="of" translit=""/><ana lex="ใน" pos="PRF" trans="in-" translit=""/><ana lex="ใน" pos="PRF" trans="im-" translit=""/><ana lex="ใน" pos="adverb" trans="in" translit=""/><ana lex="ใน" pos="preposition" trans="in" translit=""/></w><w>ทาง<ana lex="ทาง" pos="noun" trans="way" translit=""/><ana lex="ทาง" pos="noun" trans="palm leaf" translit=""/><ana lex="ทาง" pos="preposition" trans="from" translit=""/><ana lex="ทาง" pos="noun" trans="way" translit=""/><ana lex="ทาง" pos="classifier" trans="qualifier for palm leaves" translit=""/><ana lex="ทาง" pos="preposition" trans="by" translit=""/><ana lex="ทาง" pos="noun" trans="side" translit=""/><ana lex="ทาง" pos="noun" trans="pathway" translit=""/><ana lex="ทาง" pos="preposition" trans="by" translit=""/></w><w>ของ<ana lex="ของ" pos="noun" trans="thing" translit=""/><ana lex="ของ" pos="PRF" trans="a-" translit=""/><ana lex="ของ" pos="noun" trans="item" translit=""/><ana lex="ของ" pos="preposition" trans="of" translit=""/><ana lex="ของ" pos="preposition" trans="of" translit=""/></w><w>เธอ<ana lex="เธอ" pos="PRON" trans="you" translit=""/><ana lex="เธอ" pos="pronoun" trans="she" translit=""/><ana lex="เธอ" pos="pronoun" trans="her" translit=""/><ana lex="เธอ" pos="PRON" trans="she" translit=""/></w><w>ตลอด<ana lex="ตลอด" pos="PRF" trans="be-" translit=""/><ana lex="ตลอด" pos="preposition" trans="through" translit=""/><ana lex="ตลอด" pos="adverb" trans="thoroughly" translit=""/><ana lex="ตลอด" pos="preposition" trans="over" translit=""/><ana lex="ตลอด" pos="idiom" trans="from top to bottom" translit=""/><ana lex="ตลอด" pos="adverb" trans="ever" translit=""/><ana lex="ตลอด" pos="adverb" trans="across" translit=""/></w><w>มา<ana lex="มา" pos="PHRV" trans="get in1" translit=""/><ana lex="มา" pos="adverb" trans="coming (toward the present; or toward the focal time)" translit=""/><ana lex="มา" pos="verb,intransitive" trans="come" translit=""/><ana lex="มา" pos="verb" trans="arrive" translit=""/></w></se><se><w>วัน<ana lex="วัน" pos="" trans="[alternate pronunciation of วัน ]" translit="wanM naH"/><ana lex="วัน" pos="noun" trans="day" translit=""/><ana lex="วัน" pos="noun" trans="diem" translit=""/><ana lex="วัน" pos="noun" trans="day" translit=""/></w><w>นี้</w></se><se><w>.<ana lex="" pos="" trans="" translit=""/></w></se><se><w>ไม่<ana lex="ไม่" pos="adverb" trans="not" translit=""/><ana lex="ไม่" pos="PRF" trans="an-" translit=""/><ana lex="ไม่" pos="PRF" trans="un-" translit=""/><ana lex="ไม่" pos="PRF" trans="un-" translit=""/><ana lex="ไม่" pos="adjective" trans="nary" translit=""/><ana lex="ไม่" pos="NEG" trans="not" translit=""/><ana lex="ไม่" pos="PRF" trans="in-" translit=""/><ana lex="ไม่" pos="adverb" trans="no" translit=""/><ana lex="ไม่" pos="PRF" trans="non-" translit=""/><ana lex="ไม่" pos="PRF" trans="non-" translit=""/><ana lex="ไม่" pos="PRF" trans="in-" translit=""/><ana lex="ไม่" pos="SL" trans="no soup" translit=""/><ana lex="ไม่" pos="SL" trans="no sale" translit=""/><ana lex="ไม่" pos="SL" trans="nope" translit=""/><ana lex="ไม่" pos="SL" trans="No way!" translit=""/><ana lex="ไม่" pos="NEG" trans="not" translit=""/><ana lex="ไม่" pos="SL" trans="Nuts!" translit=""/></w><w>มี<ana lex="มี" pos="verb" trans="consist of" translit=""/><ana lex="มี" pos="verb" trans="there is/are" translit=""/><ana lex="มี" pos="verb" trans="have" translit=""/><ana lex="มี" pos="verb,transitive" trans="contain" translit=""/><ana lex="มี" pos="verb,transitive" trans="has" translit=""/><ana lex="มี" pos="verb,transitive" trans="have" translit=""/><ana lex="มี" pos="adjective" trans="rich" translit=""/></w><w>อะไร<ana lex="อะไร" pos="DET" trans="any" translit=""/><ana lex="อะไร" pos="adjective" trans="what" translit=""/><ana lex="อะไร" pos="pronoun" trans="what" translit=""/><ana lex="อะไร" pos="QUES" trans="what" translit=""/><ana lex="อะไร" pos="adverb" trans="whatever" translit=""/><ana lex="อะไร" pos="PRON" trans="whatever" translit=""/></w><w>ต่าง<ana lex="ต่าง" pos="adverb" trans="in place of" translit=""/><ana lex="ต่าง" pos="noun" trans="pack-saddle" translit=""/><ana lex="ต่าง" pos="verb" trans="differ" translit=""/><ana lex="ต่าง" pos="verb" trans="carry" translit=""/><ana lex="ต่าง" pos="adverb" trans="take as" translit=""/><ana lex="ต่าง" pos="DET" trans="each" translit=""/><ana lex="ต่าง" pos="adverb" trans="each" translit=""/><ana lex="ต่าง" pos="adjective" trans="foreign" translit=""/><ana lex="ต่าง" pos="DET" trans="each" translit=""/><ana lex="ต่าง" pos="adverb" trans="differ (farther or mother)" translit=""/></w><w>จาก<ana lex="จาก" pos="preposition" trans="von" translit=""/><ana lex="จาก" pos="PRF" trans="dis-" translit=""/><ana lex="จาก" pos="verb" trans="depart" translit=""/><ana lex="จาก" pos="preposition" trans="at" translit=""/><ana lex="จาก" pos="PRF" trans="a-" translit=""/><ana lex="จาก" pos="preposition" trans="from" translit=""/><ana lex="จาก" pos="preposition" trans="from" translit=""/><ana lex="จาก" pos="PRF" trans="ab-" translit=""/><ana lex="จาก" pos="noun" trans="a kind of Thai dessert" translit=""/><ana lex="จาก" pos="noun" trans="nipa palm" translit=""/></w><w>วัน<ana lex="วัน" pos="" trans="[alternate pronunciation of วัน ]" translit="wanM naH"/><ana lex="วัน" pos="noun" trans="day" translit=""/><ana lex="วัน" pos="noun" trans="diem" translit=""/><ana lex="วัน" pos="noun" trans="day" translit=""/></w><w>เก่า<ana lex="เก่า" pos="adjective" trans="old" translit=""/><ana lex="เก่า" pos="adjective" trans="old" translit=""/><ana lex="เก่า" pos="adjective" trans="ancient" translit=""/><ana lex="เก่า" pos="idiom" trans="have seen better days" translit=""/><ana lex="เก่า" pos="adjective" trans="onetime" translit=""/><ana lex="เก่า" pos="verb,intransitive" trans="stale" translit=""/><ana lex="เก่า" pos="SL" trans="has-been" translit=""/></w></se><se><w>ฉัน<ana lex="ฉัน" pos="" trans="[alternate pronunciation of ฉัน ]" translit="chanH"/><ana lex="ฉัน" pos="pronoun" trans="me" translit=""/></w><w>ไม่<ana lex="ไม่" pos="adverb" trans="not" translit=""/><ana lex="ไม่" pos="PRF" trans="an-" translit=""/><ana lex="ไม่" pos="PRF" trans="un-" translit=""/><ana lex="ไม่" pos="PRF" trans="un-" translit=""/><ana lex="ไม่" pos="adjective" trans="nary" translit=""/><ana lex="ไม่" pos="NEG" trans="not" translit=""/><ana lex="ไม่" pos="PRF" trans="in-" translit=""/><ana lex="ไม่" pos="adverb" trans="no" translit=""/><ana lex="ไม่" pos="PRF" trans="non-" translit=""/><ana lex="ไม่" pos="PRF" trans="non-" translit=""/><ana lex="ไม่" pos="PRF" trans="in-" translit=""/><ana lex="ไม่" pos="SL" trans="no soup" translit=""/><ana lex="ไม่" pos="SL" trans="no sale" translit=""/><ana lex="ไม่" pos="SL" trans="nope" translit=""/><ana lex="ไม่" pos="SL" trans="No way!" translit=""/><ana lex="ไม่" pos="NEG" trans="not" translit=""/><ana lex="ไม่" pos="SL" trans="Nuts!" translit=""/></w><w>ได้<ana lex="ได้" pos="PHRV" trans="get out of" translit=""/><ana lex="ได้" pos="auxiliary verb" trans="be able to" translit=""/><ana lex="ได้" pos="verb" trans="get" translit=""/><ana lex="ได้" pos="" trans="[alternate pronunciation of ได้ ]" translit="daaiF"/><ana lex="ได้" pos="auxiliary verb" trans="used as an auxiliary verb before a principal verb to indicate the past tense" translit=""/><ana lex="ได้" pos="verb,transitive" trans="get" translit=""/><ana lex="ได้" pos="adverb" trans="can" translit=""/></w><w>เหงา<ana lex="เหงา" pos="verb" trans="feel lonely" translit=""/><ana lex="เหงา" pos="noun" trans="[ความเหงา] loneliness; solitude; desolation; isolation; seclusion" translit="ngaoR"/><ana lex="เหงา" pos="verb" trans="[เหงาใจ] [is] (feeling) lonely" translit="ngaoR"/><ana lex="เหงา" pos="adjective" trans="[is] lonely" translit="ngaoR"/></w><w>กว่า<ana lex="กว่า" pos="adverb" trans="more" translit=""/><ana lex="กว่า" pos="DET" trans="over" translit=""/><ana lex="กว่า" pos="preposition" trans="till" translit=""/></w><w>เคย<ana lex="เคย" pos="verb" trans="be accustomed to" translit=""/><ana lex="เคย" pos="noun" trans="planktonic shrimp" translit=""/><ana lex="เคย" pos="noun" trans="small sized shrimp" translit=""/><ana lex="เคย" pos="adverb" trans="ever" translit=""/><ana lex="เคย" pos="verb,intransitive" trans="be accustomed to" translit=""/><ana lex="เคย" pos="adverb" trans="once" translit=""/></w><w>เหงา<ana lex="เหงา" pos="verb" trans="feel lonely" translit=""/><ana lex="เหงา" pos="noun" trans="[ความเหงา] loneliness; solitude; desolation; isolation; seclusion" translit="ngaoR"/><ana lex="เหงา" pos="verb" trans="[เหงาใจ] [is] (feeling) lonely" translit="ngaoR"/><ana lex="เหงา" pos="adjective" trans="[is] lonely" translit="ngaoR"/></w></se><se><w>.<ana lex="" pos="" trans="" translit=""/></w></se><se><w>เพียง</w><w>แค่<ana lex="แค่" pos="adverb" trans="only" translit=""/></w><w>ฉัน<ana lex="ฉัน" pos="" trans="[alternate pronunciation of ฉัน ]" translit="chanH"/><ana lex="ฉัน" pos="pronoun" trans="me" translit=""/></w><w>เหนื่อย<ana lex="เหนื่อย" pos="PHRV" trans="be play out" translit=""/><ana lex="เหนื่อย" pos="PHRV" trans="look washed out" translit=""/><ana lex="เหนื่อย" pos="adjective" trans="jaded" translit=""/><ana lex="เหนื่อย" pos="verb" trans="be tired" translit=""/><ana lex="เหนื่อย" pos="adjective" trans="tired of" translit=""/><ana lex="เหนื่อย" pos="PHRV" trans="seem washed out" translit=""/><ana lex="เหนื่อย" pos="PHRV" trans="look washed up" translit=""/><ana lex="เหนื่อย" pos="PHRV" trans="feel washed out" translit=""/><ana lex="เหนื่อย" pos="PHRV" trans="seem washed up" translit=""/><ana lex="เหนื่อย" pos="verb,intransitive" trans="tire" translit=""/><ana lex="เหนื่อย" pos="PHRV" trans="feel washed up" translit=""/><ana lex="เหนื่อย" pos="PHRV" trans="be washed up" translit=""/><ana lex="เหนื่อย" pos="PHRV" trans="be washed out" translit=""/></w><w>ล้า<ana lex="ล้า" pos="adjective" trans="[is] exhausted; fatigued; tired" translit="laaH"/><ana lex="ล้า" pos="verb" trans="be exhausted" translit=""/></w></se><se><w>ฉัน<ana lex="ฉัน" pos="" trans="[alternate pronunciation of ฉัน ]" translit="chanH"/><ana lex="ฉัน" pos="pronoun" trans="me" translit=""/></w><w>คอย<ana lex="คอย" pos="PHRV" trans="wait behind" translit=""/><ana lex="คอย" pos="PHRV" trans="stick around" translit=""/><ana lex="คอย" pos="PHRV" trans="stick about" translit=""/><ana lex="คอย" pos="verb,transitive" trans="tarry" translit=""/><ana lex="คอย" pos="verb" trans="wait" translit=""/><ana lex="คอย" pos="verb,transitive" trans="bide" translit=""/></w><w>มอง<ana lex="มอง" pos="SL" trans="varda" translit=""/><ana lex="มอง" pos="verb" trans="look" translit=""/></w><w>หา<ana lex="หา" pos="verb" trans="grope" translit=""/><ana lex="หา" pos="verb" trans="accuse" translit=""/><ana lex="หา" pos="verb" trans="see" translit=""/><ana lex="หา" pos="verb,transitive" trans="find" translit=""/><ana lex="หา" pos="verb" trans="search for" translit=""/></w><w>เหตุผล<ana lex="เหตุผล" pos="noun" trans="argument" translit=""/><ana lex="เหตุผล" pos="noun" trans="wherefore" translit=""/><ana lex="เหตุผล" pos="noun" trans="reason" translit=""/><ana lex="เหตุผล" pos="noun" trans="ground" translit=""/><ana lex="เหตุผล" pos="noun" trans="logic" translit=""/><ana lex="เหตุผล" pos="noun" trans="reason" translit=""/></w><w>ให้<ana lex="ให้" pos="verb,transitive" trans="afford" translit=""/><ana lex="ให้" pos="verb" trans="give" translit=""/><ana lex="ให้" pos="verb,transitive" trans="give" translit=""/><ana lex="ให้" pos="verb,transitive" trans="dispense" translit=""/><ana lex="ให้" pos="verb,transitive" trans="bestow" translit=""/><ana lex="ให้" pos="verb" trans="give" translit=""/><ana lex="ให้" pos="verb,transitive" trans="accord" translit=""/><ana lex="ให้" pos="auxiliary verb" trans="to" translit=""/><ana lex="ให้" pos="verb" trans="permit" translit=""/></w><w>เธอ<ana lex="เธอ" pos="PRON" trans="you" translit=""/><ana lex="เธอ" pos="pronoun" trans="she" translit=""/><ana lex="เธอ" pos="pronoun" trans="her" translit=""/><ana lex="เธอ" pos="PRON" trans="she" translit=""/></w></se><se><w>.<ana lex="" pos="" trans="" translit=""/></w></se><se><w>เสมอ<ana lex="เสมอ" pos="adverb" trans="always" translit=""/><ana lex="เสมอ" pos="verb" trans="be equal" translit=""/><ana lex="เสมอ" pos="adverb" trans="semper" translit=""/><ana lex="เสมอ" pos="adverb" trans="always" translit=""/></w></se><se><w>.<ana lex="" pos="" trans="" translit=""/></w></se><se><w>อย่าง<ana lex="อย่าง" pos="noun" trans="method" translit=""/><ana lex="อย่าง" pos="adverb" trans="severely" translit=""/><ana lex="อย่าง" pos="noun" trans="type" translit=""/></w><w>ชินชา<ana lex="ชินชา" pos="verb" trans="be apathetic" translit=""/><ana lex="ชินชา" pos="adjective" trans="[is] apathetic; indifferent; unconcerned" translit="chinM chaaM"/></w></se><se><w>หาก<ana lex="หาก" pos="conjunction" trans="if" translit=""/></w><w>แต่<ana lex="แต่" pos="adverb" trans="only" translit=""/><ana lex="แต่" pos="conjunction" trans="but" translit=""/><ana lex="แต่" pos="conjunction" trans="but" translit=""/><ana lex="แต่" pos="conjunction" trans="but" translit=""/><ana lex="แต่" pos="preposition" trans="earlier" translit=""/><ana lex="แต่" pos="conjunction" trans="only" translit=""/></w><w>วัน<ana lex="วัน" pos="" trans="[alternate pronunciation of วัน ]" translit="wanM naH"/><ana lex="วัน" pos="noun" trans="day" translit=""/><ana lex="วัน" pos="noun" trans="diem" translit=""/><ana lex="วัน" pos="noun" trans="day" translit=""/></w><w>นี้</w></se><se><w>.<ana lex="" pos="" trans="" translit=""/></w></se><se><w>อาจ<ana lex="อาจ" pos="adjective" trans="brave" translit=""/><ana lex="อาจ" pos="adverb" trans="can" translit=""/><ana lex="อาจ" pos="auxiliary verb" trans="could" translit=""/></w><w>เพียง</w><w>แค่<ana lex="แค่" pos="adverb" trans="only" translit=""/></w><w>วัน<ana lex="วัน" pos="" trans="[alternate pronunciation of วัน ]" translit="wanM naH"/><ana lex="วัน" pos="noun" trans="day" translit=""/><ana lex="วัน" pos="noun" trans="diem" translit=""/><ana lex="วัน" pos="noun" trans="day" translit=""/></w><w>นี้</w></se><se><w>.<ana lex="" pos="" trans="" translit=""/></w></se><se><w>ที่<ana lex="ที่" pos="PRON" trans="that" translit=""/><ana lex="ที่" pos="preposition" trans="at" translit=""/><ana lex="ที่" pos="noun" trans="word for utensil" translit=""/><ana lex="ที่" pos="preposition" trans="at" translit=""/><ana lex="ที่" pos="noun" trans="place" translit=""/><ana lex="ที่" pos="classifier" trans="qualifiers for places" translit=""/><ana lex="ที่" pos="noun" trans="ordinal number" translit=""/><ana lex="ที่" pos="preposition" trans="to" translit=""/><ana lex="ที่" pos="noun" trans="land" translit=""/></w><w>ฉัน<ana lex="ฉัน" pos="" trans="[alternate pronunciation of ฉัน ]" translit="chanH"/><ana lex="ฉัน" pos="pronoun" trans="me" translit=""/></w><w>อยาก<ana lex="อยาก" pos="PHRV" trans="care for" translit=""/><ana lex="อยาก" pos="PHRV" trans="feel like" translit=""/></w><w>บอก<ana lex="บอก" pos="verb" trans="describe" translit=""/><ana lex="บอก" pos="verb" trans="advise" translit=""/><ana lex="บอก" pos="verb" trans="indicate" translit=""/><ana lex="บอก" pos="PHRV" trans="appeal to" translit=""/><ana lex="บอก" pos="verb,transitive" trans="announce" translit=""/><ana lex="บอก" pos="verb,intransitive" trans="tell" translit=""/><ana lex="บอก" pos="verb,transitive" trans="tell" translit=""/><ana lex="บอก" pos="idiom" trans="fill one in" translit=""/></w><w>กับ<ana lex="กับ" pos="preposition" trans="with" translit=""/><ana lex="กับ" pos="preposition" trans="with" translit=""/><ana lex="กับ" pos="noun" trans="trap" translit=""/><ana lex="กับ" pos="preposition" trans="on" translit=""/><ana lex="กับ" pos="conjunction" trans="and" translit=""/><ana lex="กับ" pos="preposition" trans="with" translit=""/></w><w>เธอ<ana lex="เธอ" pos="PRON" trans="you" translit=""/><ana lex="เธอ" pos="pronoun" trans="she" translit=""/><ana lex="เธอ" pos="pronoun" trans="her" translit=""/><ana lex="เธอ" pos="PRON" trans="she" translit=""/></w><w>ว่า</w></se><se><w>.<ana lex="" pos="" trans="" translit=""/></w></se><se><w>ฉัน<ana lex="ฉัน" pos="" trans="[alternate pronunciation of ฉัน ]" translit="chanH"/><ana lex="ฉัน" pos="pronoun" trans="me" translit=""/></w><w>เหน็ดเหนื่อย<ana lex="เหน็ดเหนื่อย" pos="PHRV" trans="run down1" translit=""/><ana lex="เหน็ดเหนื่อย" pos="adjective" trans="tired" translit=""/><ana lex="เหน็ดเหนื่อย" pos="adjective" trans="dead" translit=""/><ana lex="เหน็ดเหนื่อย" pos="adjective" trans="exhausted" translit=""/><ana lex="เหน็ดเหนื่อย" pos="PHRV" trans="poop out" translit=""/><ana lex="เหน็ดเหนื่อย" pos="verb" trans="be tired" translit=""/></w><w>เกิน<ana lex="เกิน" pos="adverb" trans="far" translit=""/><ana lex="เกิน" pos="PRF" trans="ultra-" translit=""/><ana lex="เกิน" pos="adjective" trans="surplus" translit=""/><ana lex="เกิน" pos="PRF" trans="hyper-" translit=""/></w><w>กว่า<ana lex="กว่า" pos="adverb" trans="more" translit=""/><ana lex="กว่า" pos="DET" trans="over" translit=""/><ana lex="กว่า" pos="preposition" trans="till" translit=""/></w></se><se><w>.<ana lex="" pos="" trans="" translit=""/></w></se><se><w>ที่<ana lex="ที่" pos="PRON" trans="that" translit=""/><ana lex="ที่" pos="preposition" trans="at" translit=""/><ana lex="ที่" pos="noun" trans="word for utensil" translit=""/><ana lex="ที่" pos="preposition" trans="at" translit=""/><ana lex="ที่" pos="noun" trans="place" translit=""/><ana lex="ที่" pos="classifier" trans="qualifiers for places" translit=""/><ana lex="ที่" pos="noun" trans="ordinal number" translit=""/><ana lex="ที่" pos="preposition" trans="to" translit=""/><ana lex="ที่" pos="noun" trans="land" translit=""/></w><w>จะ<ana lex="จะ" pos="auxiliary verb" trans="will" translit=""/><ana lex="จะ" pos="auxiliary verb" trans="will" translit=""/><ana lex="จะ" pos="" trans="[alternate spelling of จ้ะ]" translit="jaL"/></w><w>คอย<ana lex="คอย" pos="PHRV" trans="wait behind" translit=""/><ana lex="คอย" pos="PHRV" trans="stick around" translit=""/><ana lex="คอย" pos="PHRV" trans="stick about" translit=""/><ana lex="คอย" pos="verb,transitive" trans="tarry" translit=""/><ana lex="คอย" pos="verb" trans="wait" translit=""/><ana lex="คอย" pos="verb,transitive" trans="bide" translit=""/></w><w>มอง<ana lex="มอง" pos="SL" trans="varda" translit=""/><ana lex="มอง" pos="verb" trans="look" translit=""/></w><w>หา<ana lex="หา" pos="verb" trans="grope" translit=""/><ana lex="หา" pos="verb" trans="accuse" translit=""/><ana lex="หา" pos="verb" trans="see" translit=""/><ana lex="หา" pos="verb,transitive" trans="find" translit=""/><ana lex="หา" pos="verb" trans="search for" translit=""/></w><w>เหตุผล<ana lex="เหตุผล" pos="noun" trans="argument" translit=""/><ana lex="เหตุผล" pos="noun" trans="wherefore" translit=""/><ana lex="เหตุผล" pos="noun" trans="reason" translit=""/><ana lex="เหตุผล" pos="noun" trans="ground" translit=""/><ana lex="เหตุผล" pos="noun" trans="logic" translit=""/><ana lex="เหตุผล" pos="noun" trans="reason" translit=""/></w><w>ใด<ana lex="ใด" pos="DET" trans="any" translit=""/><ana lex="ใด" pos="DET" trans="which" translit=""/></w></se></body>