<body><meta><link>http://www.thaipoem.com/poem/43049</link><title>ไม่หวั่น ไม่ไหว..</title><genre>poem</genre></meta><se><w>^*^ ^*^ ^*^.<ana lex="" pos="" trans="" translit=""/></w></se><se><w>อะ<ana lex="อะ" pos="" trans="[pronunciation of the Thai short vowel -ะ /-a/ ]" translit="aL"/></w><w>โห</w></se><se><w>.<ana lex="" pos="" trans="" translit=""/></w></se><se><w>สาย<ana lex="สาย" pos="PHRV" trans="be behind1" translit=""/><ana lex="สาย" pos="adjective" trans="tardy" translit=""/><ana lex="สาย" pos="PHRV" trans="be behindhand" translit=""/><ana lex="สาย" pos="noun" trans="strop" translit=""/><ana lex="สาย" pos="adjective" trans="late" translit=""/></w><w>ป่าน<ana lex="ป่าน" pos="noun" trans="ramie" translit=""/><ana lex="ป่าน" pos="" trans="[alternate spelling of ปาน ]" translit="bpaanL"/><ana lex="ป่าน" pos="noun" trans="flax" translit=""/></w><w>ที่<ana lex="ที่" pos="PRON" trans="that" translit=""/><ana lex="ที่" pos="preposition" trans="at" translit=""/><ana lex="ที่" pos="noun" trans="word for utensil" translit=""/><ana lex="ที่" pos="preposition" trans="at" translit=""/><ana lex="ที่" pos="noun" trans="place" translit=""/><ana lex="ที่" pos="classifier" trans="qualifiers for places" translit=""/><ana lex="ที่" pos="noun" trans="ordinal number" translit=""/><ana lex="ที่" pos="preposition" trans="to" translit=""/><ana lex="ที่" pos="noun" trans="land" translit=""/></w><w>ไร้<ana lex="ไร้" pos="verb" trans="lack" translit=""/></w><w>ใจ<ana lex="ใจ" pos="noun" trans="heart" translit=""/><ana lex="ใจ" pos="noun" trans="mind" translit=""/></w></se><se><w>.^*^<ana lex="" pos="" trans="" translit=""/></w></se><se><w>คิด<ana lex="คิด" pos="verb,transitive" trans="reckon" translit=""/><ana lex="คิด" pos="verb,intransitive" trans="cerebrate" translit=""/><ana lex="คิด" pos="verb,transitive" trans="conceive" translit=""/><ana lex="คิด" pos="verb,transitive" trans="conceit" translit=""/><ana lex="คิด" pos="PHRV" trans="go over2" translit=""/><ana lex="คิด" pos="verb" trans="create" translit=""/><ana lex="คิด" pos="verb" trans="estimate" translit=""/><ana lex="คิด" pos="verb" trans="want" translit=""/><ana lex="คิด" pos="verb" trans="think" translit=""/><ana lex="คิด" pos="verb" trans="consider" translit=""/><ana lex="คิด" pos="verb" trans="calculate" translit=""/><ana lex="คิด" pos="verb,transitive" trans="think" translit=""/><ana lex="คิด" pos="verb,intransitive" trans="think" translit=""/></w><w>ได้<ana lex="ได้" pos="PHRV" trans="get out of" translit=""/><ana lex="ได้" pos="auxiliary verb" trans="be able to" translit=""/><ana lex="ได้" pos="verb" trans="get" translit=""/><ana lex="ได้" pos="" trans="[alternate pronunciation of ได้ ]" translit="daaiF"/><ana lex="ได้" pos="auxiliary verb" trans="used as an auxiliary verb before a principal verb to indicate the past tense" translit=""/><ana lex="ได้" pos="verb,transitive" trans="get" translit=""/><ana lex="ได้" pos="adverb" trans="can" translit=""/></w><w>งัยเนี่ยะ</w></se><se><w>เก่ง<ana lex="เก่ง" pos="verb" trans="be expert" translit=""/><ana lex="เก่ง" pos="adjective" trans="good" translit=""/><ana lex="เก่ง" pos="adverb" trans="excellently" translit=""/></w><w>จัง<ana lex="จัง" pos="adverb" trans="greatly" translit=""/></w><w>เลย<ana lex="เลย" pos="PRF" trans="extra-" translit=""/><ana lex="เลย" pos="auxiliary verb" trans="have to" translit=""/><ana lex="เลย" pos="verb" trans="pass" translit=""/><ana lex="เลย" pos="adverb" trans="really" translit=""/><ana lex="เลย" pos="noun" trans="Loei" translit=""/><ana lex="เลย" pos="adverb" trans="completely" translit=""/></w></se><se><w>ชอบ<ana lex="ชอบ" pos="verb,intransitive" trans="please" translit=""/><ana lex="ชอบ" pos="PHRV" trans="go on2" translit=""/><ana lex="ชอบ" pos="verb" trans="like" translit=""/><ana lex="ชอบ" pos="verb,transitive" trans="love" translit=""/><ana lex="ชอบ" pos="verb,transitive" trans="like" translit=""/><ana lex="ชอบ" pos="SL" trans="fancy" translit=""/><ana lex="ชอบ" pos="adjective" trans="fond (of)" translit=""/><ana lex="ชอบ" pos="verb" trans="be righteous" translit=""/><ana lex="ชอบ" pos="noun" trans="dig" translit=""/><ana lex="ชอบ" pos="auxiliary verb" trans="probably" translit=""/><ana lex="ชอบ" pos="PHRV" trans="go for" translit=""/></w><w>จ๊ะ<ana lex="จ๊ะ" pos="particle" trans="[word added to the end of a statement or question when speaking to a person of lower status]" translit="jaH"/><ana lex="จ๊ะ" pos="particle" trans="[word added at the end of a sentence conveying intimacy and politeness]" translit="jaH"/><ana lex="จ๊ะ" pos="particle" trans="[word added to the end of a statement convey urging or suggestion]" translit="jaH"/><ana lex="จ๊ะ" pos="adverb" trans="[จ๊ะ ๆ] politely" translit="jaH"/><ana lex="จ๊ะ" pos="particle" trans="[word placed after the name of a person to convey intimacy and informal politeness when addressing him or her]" translit="jaH"/><ana lex="จ๊ะ" pos="" trans="[alternate spelling of จ้ะ]" translit="jaH"/></w><w>ชอบ<ana lex="ชอบ" pos="verb,intransitive" trans="please" translit=""/><ana lex="ชอบ" pos="PHRV" trans="go on2" translit=""/><ana lex="ชอบ" pos="verb" trans="like" translit=""/><ana lex="ชอบ" pos="verb,transitive" trans="love" translit=""/><ana lex="ชอบ" pos="verb,transitive" trans="like" translit=""/><ana lex="ชอบ" pos="SL" trans="fancy" translit=""/><ana lex="ชอบ" pos="adjective" trans="fond (of)" translit=""/><ana lex="ชอบ" pos="verb" trans="be righteous" translit=""/><ana lex="ชอบ" pos="noun" trans="dig" translit=""/><ana lex="ชอบ" pos="auxiliary verb" trans="probably" translit=""/><ana lex="ชอบ" pos="PHRV" trans="go for" translit=""/></w></se><se><w>^*^.^____^.^*^<ana lex="" pos="" trans="" translit=""/></w></se></body>