<body><meta><link>http://www.thaipoem.com/%E0%B8%81%E0%B8%A5%E0%B8%AD%E0%B8%99/%E0%B8%81%E0%B8%A5%E0%B8%AD%E0%B8%99%E0%B9%83%E0%B8%AB%E0%B9%89%E0%B8%82%E0%B9%89%E0%B8%AD%E0%B8%84%E0%B8%B4%E0%B8%94/119879</link><title>จริงไหม..?????</title><genre>poem</genre></meta><se><w>เมื่อ<ana lex="เมื่อ" pos="adverb" trans="when" translit=""/><ana lex="เมื่อ" pos="adverb" trans="when" translit=""/><ana lex="เมื่อ" pos="conjunction" trans="directly" translit=""/><ana lex="เมื่อ" pos="adverb" trans="in the days of" translit=""/><ana lex="เมื่อ" pos="conjunction" trans="when" translit=""/></w><w>เจอ<ana lex="เจอ" pos="PHRV" trans="run into" translit=""/><ana lex="เจอ" pos="PHRV" trans="drop on" translit=""/><ana lex="เจอ" pos="verb" trans="meet" translit=""/></w><w>จาก<ana lex="จาก" pos="preposition" trans="von" translit=""/><ana lex="จาก" pos="PRF" trans="dis-" translit=""/><ana lex="จาก" pos="verb" trans="depart" translit=""/><ana lex="จาก" pos="preposition" trans="at" translit=""/><ana lex="จาก" pos="PRF" trans="a-" translit=""/><ana lex="จาก" pos="preposition" trans="from" translit=""/><ana lex="จาก" pos="preposition" trans="from" translit=""/><ana lex="จาก" pos="PRF" trans="ab-" translit=""/><ana lex="จาก" pos="noun" trans="a kind of Thai dessert" translit=""/><ana lex="จาก" pos="noun" trans="nipa palm" translit=""/></w><w>พราก<ana lex="พราก" pos="verb" trans="part" translit=""/><ana lex="พราก" pos="adverb" trans="profusely" translit=""/><ana lex="พราก" pos="verb,transitive" trans="to separate; to part" translit="phraakF"/></w><w>กัน<ana lex="กัน" pos="verb" trans="keep out" translit=""/><ana lex="กัน" pos="PRON" trans="one another" translit=""/><ana lex="กัน" pos="PHRV" trans="screen off" translit=""/><ana lex="กัน" pos="adverb" trans="together" translit=""/><ana lex="กัน" pos="verb" trans="shave" translit=""/><ana lex="กัน" pos="verb" trans="separate" translit=""/></w><w>มัน<ana lex="มัน" pos="pronoun" trans="it" translit=""/><ana lex="มัน" pos="noun" trans="fat" translit=""/><ana lex="มัน" pos="noun" trans="yam" translit=""/><ana lex="มัน" pos="PRON" trans="it" translit=""/></w><w>ก็<ana lex="ก็" pos="adverb" trans="also" translit=""/><ana lex="ก็" pos="conjunction" trans="as a result" translit=""/></w><w>เจ็บ<ana lex="เจ็บ" pos="verb" trans="be sick" translit=""/><ana lex="เจ็บ" pos="verb" trans="be pained" translit=""/><ana lex="เจ็บ" pos="verb" trans="hurt" translit=""/></w></se><se><w>ทั้ง<ana lex="ทั้ง" pos="DET" trans="both" translit=""/><ana lex="ทั้ง" pos="PRON" trans="whole" translit=""/></w><w>หนาวเหน็บ<ana lex="หนาวเหน็บ" pos="verb" trans="shiver" translit=""/><ana lex="หนาวเหน็บ" pos="adjective" trans="cutting" translit=""/><ana lex="หนาวเหน็บ" pos="" trans="to shiver; tremble" translit="naaoR nepL"/><ana lex="หนาวเหน็บ" pos="adjective" trans="raw" translit=""/></w><w>เนื้อ<ana lex="เนื้อ" pos="noun" trans="flesh" translit=""/></w><w>ใจ<ana lex="ใจ" pos="noun" trans="heart" translit=""/><ana lex="ใจ" pos="noun" trans="mind" translit=""/></w><w>ไว้<ana lex="ไว้" pos="verb" trans="keep" translit=""/></w><w>รอย<ana lex="รอย" pos="noun" trans="scratch" translit=""/><ana lex="รอย" pos="noun" trans="check" translit=""/><ana lex="รอย" pos="noun" trans="trail" translit=""/></w><w>แผล</w></se><se><w>เกี่ยว<ana lex="เกี่ยว" pos="verb" trans="hook" translit=""/><ana lex="เกี่ยว" pos="verb" trans="reap" translit=""/><ana lex="เกี่ยว" pos="verb" trans="connect" translit=""/><ana lex="เกี่ยว" pos="verb,transitive" trans="hook" translit=""/><ana lex="เกี่ยว" pos="verb,transitive" trans="catch" translit=""/><ana lex="เกี่ยว" pos="verb,intransitive" trans="hook" translit=""/></w><w>คม<ana lex="คม" pos="adjective" trans="clever" translit=""/><ana lex="คม" pos="verb" trans="be sharp" translit=""/><ana lex="คม" pos="verb" trans="be sharp" translit=""/><ana lex="คม" pos="verb" trans="be attractive" translit=""/><ana lex="คม" pos="noun" trans="sharp edge (of a knife)" translit=""/><ana lex="คม" pos="verb,intransitive" trans="sharpen" translit=""/><ana lex="คม" pos="adjective" trans="sharp" translit=""/></w><w>บาด<ana lex="บาด" pos="verb" trans="cut" translit=""/></w><w>พาด<ana lex="พาด" pos="verb" trans="lean" translit=""/><ana lex="พาด" pos="verb" trans="lay" translit=""/></w><w>รอย<ana lex="รอย" pos="noun" trans="scratch" translit=""/><ana lex="รอย" pos="noun" trans="check" translit=""/><ana lex="รอย" pos="noun" trans="trail" translit=""/></w><w>ใจ<ana lex="ใจ" pos="noun" trans="heart" translit=""/><ana lex="ใจ" pos="noun" trans="mind" translit=""/></w><w>ให้<ana lex="ให้" pos="verb,transitive" trans="afford" translit=""/><ana lex="ให้" pos="verb" trans="give" translit=""/><ana lex="ให้" pos="verb,transitive" trans="give" translit=""/><ana lex="ให้" pos="verb,transitive" trans="dispense" translit=""/><ana lex="ให้" pos="verb,transitive" trans="bestow" translit=""/><ana lex="ให้" pos="verb" trans="give" translit=""/><ana lex="ให้" pos="verb,transitive" trans="accord" translit=""/><ana lex="ให้" pos="auxiliary verb" trans="to" translit=""/><ana lex="ให้" pos="verb" trans="permit" translit=""/></w><w>ดูแล<ana lex="ดูแล" pos="verb,intransitive" trans="care" translit=""/><ana lex="ดูแล" pos="idiom" trans="take care of" translit=""/><ana lex="ดูแล" pos="verb,intransitive" trans="administer" translit=""/><ana lex="ดูแล" pos="PHRV" trans="see after" translit=""/><ana lex="ดูแล" pos="PHRV" trans="take care of" translit=""/><ana lex="ดูแล" pos="PHRV" trans="care for" translit=""/><ana lex="ดูแล" pos="verb,transitive" trans="tutor" translit=""/><ana lex="ดูแล" pos="PHRV" trans="look after" translit=""/><ana lex="ดูแล" pos="verb,transitive" trans="handle" translit=""/><ana lex="ดูแล" pos="PHRV" trans="fend for" translit=""/><ana lex="ดูแล" pos="verb,transitive" trans="monitor" translit=""/><ana lex="ดูแล" pos="PHRV" trans="look after" translit=""/></w></se><se><w>อนาถ<ana lex="อนาถ" pos="adjective" trans="pitiful" translit=""/><ana lex="อนาถ" pos="adverb" trans="pitifully" translit=""/><ana lex="อนาถ" pos="verb" trans="pity" translit=""/></w><w>แท้<ana lex="แท้" pos="adjective" trans="pure" translit=""/><ana lex="แท้" pos="adjective" trans="real" translit=""/><ana lex="แท้" pos="adverb" trans="really" translit=""/><ana lex="แท้" pos="adjective" trans="pure" translit=""/><ana lex="แท้" pos="adjective" trans="genuine" translit=""/><ana lex="แท้" pos="adjective" trans="true" translit=""/><ana lex="แท้" pos="adjective" trans="pukka" translit=""/><ana lex="แท้" pos="adverb" trans="really" translit=""/></w><w>ทุกข์สุข<ana lex="ทุกข์สุข" pos="noun" trans="happiness and sorrow" translit=""/></w><w>เศร้า<ana lex="เศร้า" pos="adjective" trans="sad" translit=""/><ana lex="เศร้า" pos="adjective" trans="melancholy" translit=""/><ana lex="เศร้า" pos="adjective" trans="lowdown" translit=""/><ana lex="เศร้า" pos="adjective" trans="sad" translit=""/><ana lex="เศร้า" pos="adverb" trans="sadly" translit=""/><ana lex="เศร้า" pos="adjective" trans="heavy" translit=""/><ana lex="เศร้า" pos="verb" trans="be sad" translit=""/><ana lex="เศร้า" pos="adjective" trans="heavy-hearted" translit=""/></w><w>คละ<ana lex="คละ" pos="verb" trans="be mixed" translit=""/></w><w>เคล้า<ana lex="เคล้า" pos="verb" trans="to mingle together; to roll; to knead; to mix together" translit="khlaaoH"/><ana lex="เคล้า" pos="verb" trans="wallow" translit=""/><ana lex="เคล้า" pos="verb" trans="to fondle; to pet" translit="khlaaoH"/><ana lex="เคล้า" pos="verb" trans="mix" translit=""/></w><w>กัน<ana lex="กัน" pos="verb" trans="keep out" translit=""/><ana lex="กัน" pos="PRON" trans="one another" translit=""/><ana lex="กัน" pos="PHRV" trans="screen off" translit=""/><ana lex="กัน" pos="adverb" trans="together" translit=""/><ana lex="กัน" pos="verb" trans="shave" translit=""/><ana lex="กัน" pos="verb" trans="separate" translit=""/></w></se><se><w>เป็น<ana lex="เป็น" pos="auxiliary verb" trans="are" translit=""/><ana lex="เป็น" pos="verb,intransitive" trans="been" translit=""/><ana lex="เป็น" pos="verb,intransitive" trans="come" translit=""/><ana lex="เป็น" pos="verb" trans="be able to" translit=""/><ana lex="เป็น" pos="verb" trans="be" translit=""/><ana lex="เป็น" pos="adjective" trans="alive" translit=""/></w><w>มนุษย์<ana lex="มนุษย์" pos="idiom" trans="flesh and blood" translit=""/><ana lex="มนุษย์" pos="noun" trans="human being" translit=""/><ana lex="มนุษย์" pos="noun" trans="human" translit=""/><ana lex="มนุษย์" pos="noun" trans="man" translit=""/><ana lex="มนุษย์" pos="noun" trans="earth" translit=""/><ana lex="มนุษย์" pos="noun" trans="human" translit=""/><ana lex="มนุษย์" pos="noun" trans="earthman" translit=""/><ana lex="มนุษย์" pos="noun" trans="earthling" translit=""/><ana lex="มนุษย์" pos="noun" trans="soul" translit=""/><ana lex="มนุษย์" pos="noun" trans="son of Adam" translit=""/></w><w>ยุด</w><w>ยื้อ<ana lex="ยื้อ" pos="verb" trans="to wrestle something free; to forcibly wrangle something away" translit="yeuuH"/></w><w>ถือ<ana lex="ถือ" pos="verb" trans="forbid" translit=""/><ana lex="ถือ" pos="verb" trans="hire" translit=""/><ana lex="ถือ" pos="verb" trans="rely on" translit=""/><ana lex="ถือ" pos="verb,transitive" trans="handle" translit=""/><ana lex="ถือ" pos="verb,transitive" trans="bear" translit=""/><ana lex="ถือ" pos="verb" trans="hold" translit=""/><ana lex="ถือ" pos="verb,transitive" trans="take" translit=""/><ana lex="ถือ" pos="verb" trans="believe in" translit=""/></w><w>กิเลส<ana lex="กิเลส" pos="noun,loanword,Pali" trans="lust; evil wish; desire; longing; greed; avarice; rapacity" translit="giL laehtL"/><ana lex="กิเลส" pos="noun" trans="desires" translit=""/><ana lex="กิเลส" pos="noun" trans="passion" translit=""/></w></se><se><w>ต่าง<ana lex="ต่าง" pos="adverb" trans="in place of" translit=""/><ana lex="ต่าง" pos="noun" trans="pack-saddle" translit=""/><ana lex="ต่าง" pos="verb" trans="differ" translit=""/><ana lex="ต่าง" pos="verb" trans="carry" translit=""/><ana lex="ต่าง" pos="adverb" trans="take as" translit=""/><ana lex="ต่าง" pos="DET" trans="each" translit=""/><ana lex="ต่าง" pos="adverb" trans="each" translit=""/><ana lex="ต่าง" pos="adjective" trans="foreign" translit=""/><ana lex="ต่าง" pos="DET" trans="each" translit=""/><ana lex="ต่าง" pos="adverb" trans="differ (farther or mother)" translit=""/></w><w>เสพ<ana lex="เสพ" pos="verb" trans="eat" translit=""/><ana lex="เสพ" pos="verb" trans="to consume; to eat; to drink; to have carnal enjoyment; to have sexual intercourse; to indulge in; to partake; indulgent act or behavior of eating; drinking; drug-usage; sexual activity" translit="saehpL"/><ana lex="เสพ" pos="verb" trans="indulgent act or behavior of eating, drinking, drug-usage, sexual activity, etc." translit="saehpL"/><ana lex="เสพ" pos="noun" trans="[การเสพ] consumption; eating; drinking" translit="saehpL"/></w><w>เศษ<ana lex="เศษ" pos="noun" trans="spall" translit=""/><ana lex="เศษ" pos="noun" trans="leftovers" translit=""/><ana lex="เศษ" pos="noun" trans="bits" translit=""/><ana lex="เศษ" pos="noun" trans="fraction" translit=""/><ana lex="เศษ" pos="DET" trans="more than" translit=""/></w><w>เสี้ยว<ana lex="เสี้ยว" pos="noun" trans="part" translit=""/><ana lex="เสี้ยว" pos="noun" trans="a quarter" translit=""/></w><w>อารมณ์<ana lex="อารมณ์" pos="noun" trans="mood" translit=""/><ana lex="อารมณ์" pos="noun" trans="affection" translit=""/><ana lex="อารมณ์" pos="noun" trans="spirit" translit=""/><ana lex="อารมณ์" pos="noun" trans="emotion" translit=""/><ana lex="อารมณ์" pos="noun" trans="spirits" translit=""/><ana lex="อารมณ์" pos="noun" trans="(taking into) consideration" translit=""/><ana lex="อารมณ์" pos="PRF" trans="patho-" translit=""/><ana lex="อารมณ์" pos="noun" trans="characteristics" translit=""/><ana lex="อารมณ์" pos="noun" trans="temper" translit=""/><ana lex="อารมณ์" pos="noun" trans="temperament" translit=""/><ana lex="อารมณ์" pos="noun" trans="humor" translit=""/><ana lex="อารมณ์" pos="noun" trans="temper" translit=""/><ana lex="อารมณ์" pos="noun" trans="sentiment" translit=""/><ana lex="อารมณ์" pos="noun" trans="sense" translit=""/></w><w>ถม<ana lex="ถม" pos="noun" trans="niello ware" translit=""/><ana lex="ถม" pos="verb" trans="fill" translit=""/></w><w>กระ<ana lex="กระ" pos="noun" trans="freckle" translit=""/><ana lex="กระ" pos="noun" trans="freckle(s)" translit=""/><ana lex="กระ" pos="noun" trans="hawksbill turtle" translit=""/></w><w>สันต์</w></se><se><w>วิ่ง<ana lex="วิ่ง" pos="verb" trans="run" translit=""/><ana lex="วิ่ง" pos="verb,intransitive" trans="rush" translit=""/><ana lex="วิ่ง" pos="verb,intransitive" trans="run" translit=""/></w><w>ว่าย<ana lex="ว่าย" pos="verb" trans="swim" translit=""/></w><w>เวียน</w><w>เปลี่ยน<ana lex="เปลี่ยน" pos="verb,intransitive" trans="convert" translit=""/><ana lex="เปลี่ยน" pos="verb,transitive" trans="convert" translit=""/><ana lex="เปลี่ยน" pos="verb" trans="vary" translit=""/><ana lex="เปลี่ยน" pos="verb,intransitive" trans="turn" translit=""/><ana lex="เปลี่ยน" pos="verb,transitive" trans="change" translit=""/><ana lex="เปลี่ยน" pos="verb,intransitive" trans="shift" translit=""/><ana lex="เปลี่ยน" pos="verb,transitive" trans="turn" translit=""/><ana lex="เปลี่ยน" pos="verb,transitive" trans="translate" translit=""/><ana lex="เปลี่ยน" pos="verb,transitive" trans="shift" translit=""/><ana lex="เปลี่ยน" pos="verb,transitive" trans="switch" translit=""/><ana lex="เปลี่ยน" pos="verb,transitive" trans="transmute" translit=""/></w><w>ไขว่<ana lex="ไขว่" pos="adverb" trans="busily" translit=""/><ana lex="ไขว่" pos="verb" trans="[ขวักไขว่] to move about in helter-skelter fashion" translit="khwaiL"/><ana lex="ไขว่" pos="adverb" trans="busily; aflutter; with much activity" translit="khwaiL"/></w><w>คว้า<ana lex="คว้า" pos="verb,transitive" trans="cop" translit=""/><ana lex="คว้า" pos="PHRV" trans="grasp at" translit=""/><ana lex="คว้า" pos="PHRV" trans="catch up" translit=""/><ana lex="คว้า" pos="verb,intransitive" trans="snatch" translit=""/><ana lex="คว้า" pos="verb" trans="seize" translit=""/><ana lex="คว้า" pos="verb" trans="win" translit=""/><ana lex="คว้า" pos="verb,transitive" trans="snatch" translit=""/><ana lex="คว้า" pos="verb,transitive" trans="grab" translit=""/></w><w>สารพัน<ana lex="สารพัน" pos="adjective" trans="various; assorted" translit="saaR raH phanM"/><ana lex="สารพัน" pos="adjective" trans="all kinds of" translit=""/></w></se><se><w>ใช่<ana lex="ใช่" pos="adverb" trans="yes" translit=""/></w><w>สร้างสรรค์<ana lex="สร้างสรรค์" pos="verb,transitive" trans="create" translit=""/><ana lex="สร้างสรรค์" pos="adjective" trans="[is] creative" translit="saangF sanR"/><ana lex="สร้างสรรค์" pos="verb" trans="create" translit=""/><ana lex="สร้างสรรค์" pos="verb" trans="to create; invent; make; originate; devise; formulate" translit="saangF sanR"/><ana lex="สร้างสรรค์" pos="verb" trans="create" translit=""/><ana lex="สร้างสรรค์" pos="verb,transitive" trans="invent" translit=""/></w><w>เสก<ana lex="เสก" pos="verb" trans="create" translit=""/><ana lex="เสก" pos="verb" trans="sprinkle holy water on the bride and groom at a wedding" translit=""/><ana lex="เสก" pos="verb" trans="recite an incantation over" translit=""/><ana lex="เสก" pos="adjective" trans="magical" translit=""/></w><w>นิยาม<ana lex="นิยาม" pos="verb,intransitive" trans="define" translit=""/><ana lex="นิยาม" pos="verb,loanword,Pali" trans="to define; mean" translit="niH yaamM"/><ana lex="นิยาม" pos="verb,transitive" trans="define" translit=""/><ana lex="นิยาม" pos="" trans="[การนิยาม] definition" translit="niH yaamM"/></w><w>ค่า<ana lex="ค่า" pos="noun" trans="fee" translit=""/><ana lex="ค่า" pos="noun" trans="price" translit=""/><ana lex="ค่า" pos="noun" trans="value" translit=""/></w><w>ความ<ana lex="ความ" pos="noun" trans="case" translit=""/><ana lex="ความ" pos="noun" trans="content" translit=""/></w><w>ดี<ana lex="ดี" pos="adjective" trans="fine" translit=""/><ana lex="ดี" pos="adjective" trans="braw" translit=""/><ana lex="ดี" pos="SL" trans="hunky-dory" translit=""/><ana lex="ดี" pos="adjective" trans="useful" translit=""/><ana lex="ดี" pos="noun" trans="gallbladder" translit=""/><ana lex="ดี" pos="adjective" trans="nice" translit=""/><ana lex="ดี" pos="adjective" trans="fine" translit=""/><ana lex="ดี" pos="adjective" trans="tidy" translit=""/><ana lex="ดี" pos="SL" trans="kushty" translit=""/><ana lex="ดี" pos="SL" trans="tickety-boo" translit=""/><ana lex="ดี" pos="adjective" trans="well" translit=""/><ana lex="ดี" pos="PRF" trans="eu-" translit=""/><ana lex="ดี" pos="idiom" trans="Well and good" translit=""/><ana lex="ดี" pos="adjective" trans="good" translit=""/><ana lex="ดี" pos="adverb" trans="well" translit=""/><ana lex="ดี" pos="adjective" trans="high" translit=""/><ana lex="ดี" pos="adjective" trans="nice" translit=""/><ana lex="ดี" pos="adjective" trans="nice" translit=""/><ana lex="ดี" pos="adjective" trans="well" translit=""/></w></se><se><w>ปาก<ana lex="ปาก" pos="noun" trans="mouth" translit=""/><ana lex="ปาก" pos="SL" trans="gob" translit=""/><ana lex="ปาก" pos="SL" trans="cakehole" translit=""/><ana lex="ปาก" pos="SL" trans="bazoo" translit=""/><ana lex="ปาก" pos="SL" trans="fly trap" translit=""/><ana lex="ปาก" pos="noun" trans="yap" translit=""/><ana lex="ปาก" pos="SL" trans="north and south" translit=""/><ana lex="ปาก" pos="SL" trans="trap" translit=""/><ana lex="ปาก" pos="SL" trans="chops" translit=""/><ana lex="ปาก" pos="noun" trans="mouth" translit=""/><ana lex="ปาก" pos="classifier" trans="mouth" translit=""/></w><w>ก่น<ana lex="ก่น" pos="verb,transitive" trans="to clear (land) of weeds and plant debris; dig out; grub; eradicate" translit="gohnL"/><ana lex="ก่น" pos="verb" trans="dig out" translit=""/><ana lex="ก่น" pos="verb" trans="to reproach; abuse; curse; swear" translit="gohnL"/><ana lex="ก่น" pos="verb" trans="reproach" translit=""/><ana lex="ก่น" pos="verb" trans="be absorbed in" translit=""/><ana lex="ก่น" pos="adjective,verb" trans="[is] absorbed in; [is] deep in; engrossed in" translit="gohnL"/></w><w>บอก<ana lex="บอก" pos="verb" trans="describe" translit=""/><ana lex="บอก" pos="verb" trans="advise" translit=""/><ana lex="บอก" pos="verb" trans="indicate" translit=""/><ana lex="บอก" pos="PHRV" trans="appeal to" translit=""/><ana lex="บอก" pos="verb,transitive" trans="announce" translit=""/><ana lex="บอก" pos="verb,intransitive" trans="tell" translit=""/><ana lex="บอก" pos="verb,transitive" trans="tell" translit=""/><ana lex="บอก" pos="idiom" trans="fill one in" translit=""/></w><w>หลอก</w><w>ใคร<ana lex="ใคร" pos="PRON" trans="who" translit=""/><ana lex="ใคร" pos="pronoun" trans="who" translit=""/></w><w>ใคร<ana lex="ใคร" pos="PRON" trans="who" translit=""/><ana lex="ใคร" pos="pronoun" trans="who" translit=""/></w><w>ให้<ana lex="ให้" pos="verb,transitive" trans="afford" translit=""/><ana lex="ให้" pos="verb" trans="give" translit=""/><ana lex="ให้" pos="verb,transitive" trans="give" translit=""/><ana lex="ให้" pos="verb,transitive" trans="dispense" translit=""/><ana lex="ให้" pos="verb,transitive" trans="bestow" translit=""/><ana lex="ให้" pos="verb" trans="give" translit=""/><ana lex="ให้" pos="verb,transitive" trans="accord" translit=""/><ana lex="ให้" pos="auxiliary verb" trans="to" translit=""/><ana lex="ให้" pos="verb" trans="permit" translit=""/></w><w>หลง<ana lex="หลง" pos="verb" trans="be misled" translit=""/><ana lex="หลง" pos="verb" trans="lose one's way" translit=""/><ana lex="หลง" pos="verb" trans="remain" translit=""/><ana lex="หลง" pos="verb,intransitive" trans="drift" translit=""/><ana lex="หลง" pos="verb" trans="be infatuated" translit=""/></w><w>เชื่อ<ana lex="เชื่อ" pos="PHRV" trans="go away with" translit=""/><ana lex="เชื่อ" pos="verb,transitive" trans="believe" translit=""/><ana lex="เชื่อ" pos="verb,transitive" trans="accept" translit=""/><ana lex="เชื่อ" pos="verb" trans="believe" translit=""/><ana lex="เชื่อ" pos="verb" trans="believe in" translit=""/><ana lex="เชื่อ" pos="SL" trans="Adam and Eve" translit=""/><ana lex="เชื่อ" pos="verb" trans="buy on credit" translit=""/><ana lex="เชื่อ" pos="verb,transitive" trans="see" translit=""/></w></se><se><w>หว่าน<ana lex="หว่าน" pos="verb" trans="sow" translit=""/></w><w>เพาะ<ana lex="เพาะ" pos="verb" trans="culture" translit=""/><ana lex="เพาะ" pos="verb" trans="cultivate" translit=""/></w><w>เหยื่อ<ana lex="เหยื่อ" pos="noun" trans="target" translit=""/><ana lex="เหยื่อ" pos="noun" trans="bait" translit=""/><ana lex="เหยื่อ" pos="noun" trans="bait" translit=""/><ana lex="เหยื่อ" pos="noun" trans="quarry" translit=""/><ana lex="เหยื่อ" pos="noun" trans="victim" translit=""/><ana lex="เหยื่อ" pos="noun" trans="prey" translit=""/><ana lex="เหยื่อ" pos="noun" trans="victim" translit=""/><ana lex="เหยื่อ" pos="SL" trans="john" translit=""/></w><w>งมงาย<ana lex="งมงาย" pos="verb" trans="be credulous" translit=""/><ana lex="งมงาย" pos="adjective" trans="dazzled, bewildered (by the prospect of fame and wealth)" translit="ngohmM ngaaiM"/><ana lex="งมงาย" pos="adjective" trans="[is] ignorant; benighted; foolish; stupid; fatuous; muddleheaded" translit="ngohmM ngaaiM"/><ana lex="งมงาย" pos="noun,adjective,verb,transitive" trans="(of a fact or situation or belief) blind, blind faith, blind worship, to blindly worship (something)" translit="ngohmM ngaaiM"/></w><w>ขาย<ana lex="ขาย" pos="PHRV" trans="be up for" translit=""/><ana lex="ขาย" pos="verb,transitive" trans="fetch" translit=""/><ana lex="ขาย" pos="verb,transitive" trans="sell" translit=""/><ana lex="ขาย" pos="PHRV" trans="sell short" translit=""/><ana lex="ขาย" pos="verb" trans="sell" translit=""/><ana lex="ขาย" pos="idiom" trans="for sale" translit=""/><ana lex="ขาย" pos="idiom" trans="on sale" translit=""/><ana lex="ขาย" pos="SL" trans="flog" translit=""/><ana lex="ขาย" pos="verb,transitive" trans="market" translit=""/></w><w>ศักดิ์ศรี<ana lex="ศักดิ์ศรี" pos="noun" trans="honour; honor; glory; fame; renown" translit="sakL seeR"/><ana lex="ศักดิ์ศรี" pos="noun" trans="prestige" translit=""/><ana lex="ศักดิ์ศรี" pos="noun" trans="prestige" translit="sakL seeR"/><ana lex="ศักดิ์ศรี" pos="noun" trans="honour" translit=""/></w></se><se><w>ปาก<ana lex="ปาก" pos="noun" trans="mouth" translit=""/><ana lex="ปาก" pos="SL" trans="gob" translit=""/><ana lex="ปาก" pos="SL" trans="cakehole" translit=""/><ana lex="ปาก" pos="SL" trans="bazoo" translit=""/><ana lex="ปาก" pos="SL" trans="fly trap" translit=""/><ana lex="ปาก" pos="noun" trans="yap" translit=""/><ana lex="ปาก" pos="SL" trans="north and south" translit=""/><ana lex="ปาก" pos="SL" trans="trap" translit=""/><ana lex="ปาก" pos="SL" trans="chops" translit=""/><ana lex="ปาก" pos="noun" trans="mouth" translit=""/><ana lex="ปาก" pos="classifier" trans="mouth" translit=""/></w><w>ปราศรัย<ana lex="ปราศรัย" pos="verb" trans="address" translit=""/><ana lex="ปราศรัย" pos="verb,transitive" trans="address" translit=""/><ana lex="ปราศรัย" pos="noun" trans="speech" translit=""/><ana lex="ปราศรัย" pos="verb" trans="greet" translit=""/></w><w>ใส่<ana lex="ใส่" pos="verb" trans="enter" translit=""/><ana lex="ใส่" pos="verb" trans="put something in" translit=""/><ana lex="ใส่" pos="preposition" trans="on" translit=""/><ana lex="ใส่" pos="verb" trans="put on (e.g. clothes)" translit=""/><ana lex="ใส่" pos="PHRV" trans="go in1" translit=""/><ana lex="ใส่" pos="verb,transitive" trans="insert" translit=""/><ana lex="ใส่" pos="verb,transitive" trans="inset" translit=""/></w><w>โอนอ่อน<ana lex="โอนอ่อน" pos="verb" trans="comply; acquiesce; assent; accede; yield" translit="o:hnM aawnL"/><ana lex="โอนอ่อน" pos="verb" trans="bend" translit="o:hnM aawnL"/><ana lex="โอนอ่อน" pos="verb" trans="comply" translit=""/><ana lex="โอนอ่อน" pos="noun" trans="[การโอนอ่อน] acquiescence, yielding" translit="o:hnM aawnL"/><ana lex="โอนอ่อน" pos="verb" trans="bend" translit=""/></w><w>ผ่อน<ana lex="ผ่อน" pos="PHRV" trans="loosen up" translit=""/><ana lex="ผ่อน" pos="verb" trans="slacken" translit=""/></w><w>พา<ana lex="พา" pos="" trans="[alternate spelling of ภา]" translit="phaaM"/><ana lex="พา" pos="verb" trans="bring" translit=""/></w><w>ที<ana lex="ที" pos="noun" trans="time" translit=""/><ana lex="ที" pos="noun" trans="occasion" translit=""/><ana lex="ที" pos="classifier" trans="time" translit=""/></w></se><se><w>แท้<ana lex="แท้" pos="adjective" trans="pure" translit=""/><ana lex="แท้" pos="adjective" trans="real" translit=""/><ana lex="แท้" pos="adverb" trans="really" translit=""/><ana lex="แท้" pos="adjective" trans="pure" translit=""/><ana lex="แท้" pos="adjective" trans="genuine" translit=""/><ana lex="แท้" pos="adjective" trans="true" translit=""/><ana lex="แท้" pos="adjective" trans="pukka" translit=""/><ana lex="แท้" pos="adverb" trans="really" translit=""/></w><w>ใจ<ana lex="ใจ" pos="noun" trans="heart" translit=""/><ana lex="ใจ" pos="noun" trans="mind" translit=""/></w><w>นี้</w><w>มี<ana lex="มี" pos="verb" trans="consist of" translit=""/><ana lex="มี" pos="verb" trans="there is/are" translit=""/><ana lex="มี" pos="verb" trans="have" translit=""/><ana lex="มี" pos="verb,transitive" trans="contain" translit=""/><ana lex="มี" pos="verb,transitive" trans="has" translit=""/><ana lex="มี" pos="verb,transitive" trans="have" translit=""/><ana lex="มี" pos="adjective" trans="rich" translit=""/></w><w>แผน</w><w>ร้าย</w><w>หมาย<ana lex="หมาย" pos="noun" trans="warrant" translit=""/><ana lex="หมาย" pos="verb" trans="aim" translit=""/></w><w>ฟาด<ana lex="ฟาด" pos="PHRV" trans="whack off" translit=""/><ana lex="ฟาด" pos="verb" trans="thrash" translit=""/><ana lex="ฟาด" pos="verb,transitive,colloquial" trans="to slash; strike; whip; throw; flog; flip; slap" translit="faatF"/><ana lex="ฟาด" pos="PHRV" trans="beat against" translit=""/><ana lex="ฟาด" pos="verb" trans="get" translit=""/><ana lex="ฟาด" pos="verb,colloquial" trans="[slang] to eat up or drink up" translit="faatF"/></w><w>ฟัน<ana lex="ฟัน" pos="noun" trans="tooth" translit=""/><ana lex="ฟัน" pos="verb,transitive" trans="hew" translit=""/><ana lex="ฟัน" pos="SL" trans="choppers" translit=""/><ana lex="ฟัน" pos="verb" trans="cut" translit=""/><ana lex="ฟัน" pos="verb,intransitive" trans="hew" translit=""/><ana lex="ฟัน" pos="verb,intransitive" trans="slash" translit=""/><ana lex="ฟัน" pos="noun" trans="tooth" translit=""/><ana lex="ฟัน" pos="verb,transitive" trans="slash" translit=""/></w></se><se><w>บอก<ana lex="บอก" pos="verb" trans="describe" translit=""/><ana lex="บอก" pos="verb" trans="advise" translit=""/><ana lex="บอก" pos="verb" trans="indicate" translit=""/><ana lex="บอก" pos="PHRV" trans="appeal to" translit=""/><ana lex="บอก" pos="verb,transitive" trans="announce" translit=""/><ana lex="บอก" pos="verb,intransitive" trans="tell" translit=""/><ana lex="บอก" pos="verb,transitive" trans="tell" translit=""/><ana lex="บอก" pos="idiom" trans="fill one in" translit=""/></w><w>อภัย<ana lex="อภัย" pos="verb" trans="pardon" translit=""/><ana lex="อภัย" pos="noun" trans="a pardon; forgiveness" translit="aL phaiM"/><ana lex="อภัย" pos="" trans="[alternate pronunciation of อภัย]" translit="aL phaiM yaH"/><ana lex="อภัย" pos="verb" trans="to pardon, excuse, or forgive" translit="aL phaiM"/></w><w>ใจ<ana lex="ใจ" pos="noun" trans="heart" translit=""/><ana lex="ใจ" pos="noun" trans="mind" translit=""/></w><w>อโหสิ<ana lex="อโหสิ" pos="verb" trans="forgive" translit=""/><ana lex="อโหสิ" pos="noun" trans="forgiveness" translit=""/></w><w>มิ<ana lex="มิ" pos="NEG" trans="not" translit=""/><ana lex="มิ" pos="" trans="[alternate spelling of ไม่ ]" translit="miH"/><ana lex="มิ" pos="NEG" trans="not" translit=""/></w><w>ถือ<ana lex="ถือ" pos="verb" trans="forbid" translit=""/><ana lex="ถือ" pos="verb" trans="hire" translit=""/><ana lex="ถือ" pos="verb" trans="rely on" translit=""/><ana lex="ถือ" pos="verb,transitive" trans="handle" translit=""/><ana lex="ถือ" pos="verb,transitive" trans="bear" translit=""/><ana lex="ถือ" pos="verb" trans="hold" translit=""/><ana lex="ถือ" pos="verb,transitive" trans="take" translit=""/><ana lex="ถือ" pos="verb" trans="believe in" translit=""/></w><w>โกรธ<ana lex="โกรธ" pos="idiom" trans="lose one's temper" translit=""/><ana lex="โกรธ" pos="idiom" trans="steamed up" translit=""/><ana lex="โกรธ" pos="SL" trans="blow one's cool" translit=""/><ana lex="โกรธ" pos="SL" trans="torqued" translit=""/><ana lex="โกรธ" pos="PHRV" trans="get up" translit=""/><ana lex="โกรธ" pos="adjective" trans="miffed" translit=""/><ana lex="โกรธ" pos="verb,intransitive" trans="anger" translit=""/><ana lex="โกรธ" pos="verb,intransitive" trans="broil" translit=""/><ana lex="โกรธ" pos="idiom" trans="get into a huff" translit=""/><ana lex="โกรธ" pos="adjective" trans="livid" translit=""/><ana lex="โกรธ" pos="PHRV" trans="carry on" translit=""/><ana lex="โกรธ" pos="idiom" trans="see red" translit=""/><ana lex="โกรธ" pos="adjective" trans="angry" translit=""/><ana lex="โกรธ" pos="PHRV" trans="get out" translit=""/><ana lex="โกรธ" pos="SL" trans="see red" translit=""/><ana lex="โกรธ" pos="SL" trans="bent out of shape" translit=""/><ana lex="โกรธ" pos="SL" trans="vent one's spleen" translit=""/><ana lex="โกรธ" pos="SL" trans="up in arms" translit=""/><ana lex="โกรธ" pos="idiom" trans="one's blood be up" translit=""/><ana lex="โกรธ" pos="verb,intransitive" trans="seethe" translit=""/><ana lex="โกรธ" pos="adjective" trans="heated" translit=""/></w></se><se><w>คัมภึร์</w><w>โหด<ana lex="โหด" pos="adjective" trans="cruel" translit=""/></w><w>โปรด<ana lex="โปรด" pos="verb" trans="love" translit=""/><ana lex="โปรด" pos="verb" trans="help" translit=""/><ana lex="โปรด" pos="adjective" trans="favorite" translit=""/><ana lex="โปรด" pos="auxiliary verb" trans="please" translit=""/></w><w>ร่าย<ana lex="ร่าย" pos="verb,transitive" trans="to read, recite or utter magic formulas or incantations, incant" translit="raaiF"/><ana lex="ร่าย" pos="verb" trans="recite or utter magic formula" translit=""/><ana lex="ร่าย" pos="noun,proper noun,formal" trans="[a type of Thai versification]" translit="raaiF"/><ana lex="ร่าย" pos="noun" trans="kind of Thai verse" translit=""/><ana lex="ร่าย" pos="verb,intransitive" trans="to dance or strut about rhythmically" translit="raaiF"/></w><w>ลบ<ana lex="ลบ" pos="preposition" trans="minus" translit=""/><ana lex="ลบ" pos="verb" trans="subtract" translit=""/><ana lex="ลบ" pos="verb" trans="obliterate" translit=""/><ana lex="ลบ" pos="noun" trans="minus" translit=""/><ana lex="ลบ" pos="verb,transitive" trans="erase" translit=""/><ana lex="ลบ" pos="adjective" trans="negative" translit=""/></w><w>จบ<ana lex="จบ" pos="idiom" trans="over and done with" translit=""/><ana lex="จบ" pos="verb,intransitive" trans="cease" translit=""/><ana lex="จบ" pos="verb" trans="end" translit=""/><ana lex="จบ" pos="verb,intransitive" trans="close" translit=""/><ana lex="จบ" pos="verb,intransitive" trans="conclude" translit=""/><ana lex="จบ" pos="verb,intransitive" trans="wane" translit=""/><ana lex="จบ" pos="PHRV" trans="be over1" translit=""/><ana lex="จบ" pos="verb,transitive" trans="finish" translit=""/></w><w>โศกศัลย์</w></se><se><w>ลืม<ana lex="ลืม" pos="verb,transitive" trans="forget" translit=""/><ana lex="ลืม" pos="PHRV" trans="get off2" translit=""/><ana lex="ลืม" pos="verb,intransitive" trans="forget" translit=""/><ana lex="ลืม" pos="verb" trans="forget" translit=""/><ana lex="ลืม" pos="verb,intransitive" trans="unlearn" translit=""/><ana lex="ลืม" pos="idiom" trans="go out of someone's mind" translit=""/></w><w>รันทด<ana lex="รันทด" pos="adjective" trans="sad" translit=""/><ana lex="รันทด" pos="adjective" trans="[is] sad; depressed" translit="ranM thohtH"/><ana lex="รันทด" pos="verb" trans="be sad" translit=""/><ana lex="รันทด" pos="adjective" trans="[รันทดใจ] [is] sad; depressed; to feel sad" translit="ranM thohtH"/></w><w>หมด<ana lex="หมด" pos="PHRV" trans="run out" translit=""/><ana lex="หมด" pos="adverb" trans="low" translit=""/><ana lex="หมด" pos="verb,intransitive" trans="run out" translit=""/><ana lex="หมด" pos="verb" trans="be finished" translit=""/><ana lex="หมด" pos="verb,intransitive" trans="go" translit=""/><ana lex="หมด" pos="PHRV" trans="be out" translit=""/><ana lex="หมด" pos="idiom" trans="be at an end" translit=""/><ana lex="หมด" pos="verb,intransitive" trans="drain" translit=""/><ana lex="หมด" pos="PHRV" trans="be out of" translit=""/></w><w>อาลัย<ana lex="อาลัย" pos="verb" trans="feel sad" translit=""/><ana lex="อาลัย" pos="verb" trans="to miss; grieve over the loss of" translit="aaM laiM"/></w><w>ให้<ana lex="ให้" pos="verb,transitive" trans="afford" translit=""/><ana lex="ให้" pos="verb" trans="give" translit=""/><ana lex="ให้" pos="verb,transitive" trans="give" translit=""/><ana lex="ให้" pos="verb,transitive" trans="dispense" translit=""/><ana lex="ให้" pos="verb,transitive" trans="bestow" translit=""/><ana lex="ให้" pos="verb" trans="give" translit=""/><ana lex="ให้" pos="verb,transitive" trans="accord" translit=""/><ana lex="ให้" pos="auxiliary verb" trans="to" translit=""/><ana lex="ให้" pos="verb" trans="permit" translit=""/></w><w>ซึ่ง<ana lex="ซึ่ง" pos="PRON" trans="which" translit=""/></w><w>กัน<ana lex="กัน" pos="verb" trans="keep out" translit=""/><ana lex="กัน" pos="PRON" trans="one another" translit=""/><ana lex="กัน" pos="PHRV" trans="screen off" translit=""/><ana lex="กัน" pos="adverb" trans="together" translit=""/><ana lex="กัน" pos="verb" trans="shave" translit=""/><ana lex="กัน" pos="verb" trans="separate" translit=""/></w></se><se><w>เน่า</w><w>ทั้งนั้น<ana lex="ทั้งนั้น" pos="adverb" trans="all (of it)" translit=""/><ana lex="ทั้งนั้น" pos="noun" trans="those; these" translit="thangH nanH"/><ana lex="ทั้งนั้น" pos="adverb" trans="[used with negative clauses] at all" translit="thangH nanH"/><ana lex="ทั้งนั้น" pos="noun" trans="all (of it); all; every; the whole bunch; altogether" translit="thangH nanH"/><ana lex="ทั้งนั้น" pos="adverb" trans="in its entirety" translit="thangH nanH"/></w><w>เนื้อ<ana lex="เนื้อ" pos="noun" trans="flesh" translit=""/></w><w>ใน<ana lex="ใน" pos="preposition" trans="in" translit=""/><ana lex="ใน" pos="adjective" trans="in" translit=""/><ana lex="ใน" pos="PRF" trans="em-" translit=""/><ana lex="ใน" pos="PRF" trans="en-" translit=""/><ana lex="ใน" pos="PRF" trans="en-" translit=""/><ana lex="ใน" pos="PRF" trans="il-" translit=""/><ana lex="ใน" pos="preposition" trans="of" translit=""/><ana lex="ใน" pos="PRF" trans="in-" translit=""/><ana lex="ใน" pos="PRF" trans="im-" translit=""/><ana lex="ใน" pos="adverb" trans="in" translit=""/><ana lex="ใน" pos="preposition" trans="in" translit=""/></w><w>ใช่<ana lex="ใช่" pos="adverb" trans="yes" translit=""/></w><w>ปล่อย<ana lex="ปล่อย" pos="verb,transitive" trans="relinquish" translit=""/><ana lex="ปล่อย" pos="idiom" trans="let go of" translit=""/><ana lex="ปล่อย" pos="PHRV" trans="leave go of" translit=""/><ana lex="ปล่อย" pos="verb,transitive" trans="deliver" translit=""/><ana lex="ปล่อย" pos="verb" trans="allow" translit=""/><ana lex="ปล่อย" pos="PHRV" trans="let out" translit=""/><ana lex="ปล่อย" pos="verb,transitive" trans="unleash" translit=""/><ana lex="ปล่อย" pos="verb" trans="to release" translit=""/><ana lex="ปล่อย" pos="verb,intransitive" trans="loose" translit=""/><ana lex="ปล่อย" pos="verb,transitive" trans="turn" translit=""/></w><w>วาง<ana lex="วาง" pos="verb,intransitive" trans="lie" translit=""/><ana lex="วาง" pos="verb,transitive" trans="put" translit=""/><ana lex="วาง" pos="verb,transitive" trans="set" translit=""/><ana lex="วาง" pos="verb" trans="lay (down)" translit=""/></w></se><se><w>เพราะ<ana lex="เพราะ" pos="conjunction" trans="because" translit=""/><ana lex="เพราะ" pos="adjective" trans="melodious" translit=""/></w><w>ส่วน<ana lex="ส่วน" pos="conjunction" trans="as for" translit=""/><ana lex="ส่วน" pos="noun" trans="part" translit=""/><ana lex="ส่วน" pos="noun" trans="part" translit=""/><ana lex="ส่วน" pos="noun" trans="piece" translit=""/><ana lex="ส่วน" pos="noun" trans="share" translit=""/><ana lex="ส่วน" pos="noun" trans="fraction" translit=""/><ana lex="ส่วน" pos="noun" trans="equivalence" translit=""/><ana lex="ส่วน" pos="noun" trans="part" translit=""/><ana lex="ส่วน" pos="noun" trans="part" translit=""/></w><w>ลึก<ana lex="ลึก" pos="adjective" trans="profound" translit=""/><ana lex="ลึก" pos="verb" trans="be deep" translit=""/><ana lex="ลึก" pos="adjective" trans="deep" translit=""/><ana lex="ลึก" pos="adverb" trans="deeply" translit=""/></w><w>ผลึก<ana lex="ผลึก" pos="noun" trans="crystal" translit=""/><ana lex="ผลึก" pos="noun" trans="crystal" translit=""/></w><w>ใน<ana lex="ใน" pos="preposition" trans="in" translit=""/><ana lex="ใน" pos="adjective" trans="in" translit=""/><ana lex="ใน" pos="PRF" trans="em-" translit=""/><ana lex="ใน" pos="PRF" trans="en-" translit=""/><ana lex="ใน" pos="PRF" trans="en-" translit=""/><ana lex="ใน" pos="PRF" trans="il-" translit=""/><ana lex="ใน" pos="preposition" trans="of" translit=""/><ana lex="ใน" pos="PRF" trans="in-" translit=""/><ana lex="ใน" pos="PRF" trans="im-" translit=""/><ana lex="ใน" pos="adverb" trans="in" translit=""/><ana lex="ใน" pos="preposition" trans="in" translit=""/></w><w>ใฝ่<ana lex="ใฝ่" pos="verb" trans="aim" translit=""/></w><w>อาฆาต<ana lex="อาฆาต" pos="verb" trans="feud" translit=""/><ana lex="อาฆาต" pos="noun,formal,loanword,Pali" trans="[ความอาฆาต] vengeange; revenge" translit="aaM khaatF"/><ana lex="อาฆาต" pos="noun,formal,loanword,Pali" trans="(a) killing; slaughter" translit="aaM khaatF"/><ana lex="อาฆาต" pos="adjective,formal,loanword,Pali" trans="[is] spiteful; vindictive; vengeful; implacable; malicious; revengeful; spiteful; unforgiving" translit="aaM khaatF"/><ana lex="อาฆาต" pos="verb,intransitive" trans="feud" translit=""/></w></se><se><w>แฝง<ana lex="แฝง" pos="verb" trans="conceal" translit=""/></w><w>หมาย<ana lex="หมาย" pos="noun" trans="warrant" translit=""/><ana lex="หมาย" pos="verb" trans="aim" translit=""/></w><w>มาด<ana lex="มาด" pos="verb" trans="intend; to fix one's mind" translit="maatF"/><ana lex="มาด" pos="noun" trans="demeanor; style; presence" translit="maatF"/></w><w>มุ่ง<ana lex="มุ่ง" pos="verb" trans="to intend; aim at; set at goal of" translit="moongF"/></w><w>ทำลาย<ana lex="ทำลาย" pos="PHRV" trans="cast down" translit=""/><ana lex="ทำลาย" pos="verb,transitive" trans="crab" translit=""/><ana lex="ทำลาย" pos="verb,transitive" trans="murder" translit=""/><ana lex="ทำลาย" pos="verb,transitive" trans="cripple" translit=""/><ana lex="ทำลาย" pos="PHRV" trans="bang around1" translit=""/><ana lex="ทำลาย" pos="verb,transitive" trans="destroy" translit=""/><ana lex="ทำลาย" pos="verb,intransitive" trans="destroy" translit=""/><ana lex="ทำลาย" pos="verb,transitive" trans="torpedo" translit=""/><ana lex="ทำลาย" pos="PHRV" trans="blot out" translit=""/><ana lex="ทำลาย" pos="verb,transitive" trans="break" translit=""/><ana lex="ทำลาย" pos="PHRV" trans="break up" translit=""/><ana lex="ทำลาย" pos="PHRV" trans="finish off" translit=""/><ana lex="ทำลาย" pos="PHRV" trans="pull down" translit=""/><ana lex="ทำลาย" pos="verb,transitive" trans="uproot" translit=""/><ana lex="ทำลาย" pos="PHRV" trans="wash out" translit=""/><ana lex="ทำลาย" pos="verb,transitive" trans="destruct" translit=""/><ana lex="ทำลาย" pos="PHRV" trans="bang about1" translit=""/><ana lex="ทำลาย" pos="PHRV" trans="make away with" translit=""/><ana lex="ทำลาย" pos="verb,transitive" trans="unmake" translit=""/><ana lex="ทำลาย" pos="PHRV" trans="lay waste" translit=""/><ana lex="ทำลาย" pos="verb,transitive" trans="assassinate" translit=""/><ana lex="ทำลาย" pos="verb" trans="destroy" translit=""/><ana lex="ทำลาย" pos="verb,transitive" trans="annihilate" translit=""/><ana lex="ทำลาย" pos="PHRV" trans="wash away" translit=""/><ana lex="ทำลาย" pos="PHRV" trans="smash up" translit=""/><ana lex="ทำลาย" pos="PHRV" trans="root out" translit=""/><ana lex="ทำลาย" pos="PHRV" trans="cut to pieces" translit=""/><ana lex="ทำลาย" pos="verb,transitive" trans="scuttle" translit=""/><ana lex="ทำลาย" pos="verb,transitive" trans="undo" translit=""/><ana lex="ทำลาย" pos="PHRV" trans="lay low" translit=""/><ana lex="ทำลาย" pos="PHRV" trans="strike at" translit=""/><ana lex="ทำลาย" pos="PHRV" trans="cut to shreds" translit=""/><ana lex="ทำลาย" pos="verb,transitive" trans="extinguish" translit=""/><ana lex="ทำลาย" pos="idiom" trans="bring something to the ground" translit=""/><ana lex="ทำลาย" pos="PHRV" trans="do in" translit=""/><ana lex="ทำลาย" pos="PHRV" trans="do in" translit=""/><ana lex="ทำลาย" pos="verb,transitive" trans="waste" translit=""/><ana lex="ทำลาย" pos="verb,transitive" trans="blight" translit=""/><ana lex="ทำลาย" pos="PHRV" trans="make hay of" translit=""/><ana lex="ทำลาย" pos="verb,transitive" trans="dash" translit=""/><ana lex="ทำลาย" pos="PHRV" trans="plough under" translit=""/><ana lex="ทำลาย" pos="PHRV" trans="kick in1" translit=""/><ana lex="ทำลาย" pos="PHRV" trans="put paid to" translit=""/><ana lex="ทำลาย" pos="verb,intransitive" trans="unbuild" translit=""/><ana lex="ทำลาย" pos="verb,transitive" trans="unbuild" translit=""/><ana lex="ทำลาย" pos="verb,transitive" trans="eat" translit=""/><ana lex="ทำลาย" pos="idiom" trans="wreak havoc with" translit=""/><ana lex="ทำลาย" pos="PHRV0" trans="bust up" translit=""/></w><w>สลาย<ana lex="สลาย" pos="verb" trans="disintegrate" translit=""/></w><w>สร้าง<ana lex="สร้าง" pos="PHRV" trans="put up" translit=""/><ana lex="สร้าง" pos="verb,transitive" trans="ground" translit=""/><ana lex="สร้าง" pos="verb,transitive" trans="build" translit=""/><ana lex="สร้าง" pos="PHRV" trans="fetch out" translit=""/><ana lex="สร้าง" pos="verb,transitive" trans="establish" translit=""/><ana lex="สร้าง" pos="verb,transitive" trans="produce" translit=""/><ana lex="สร้าง" pos="PHRV" trans="get up" translit=""/><ana lex="สร้าง" pos="verb,transitive" trans="raise" translit=""/><ana lex="สร้าง" pos="PHRV" trans="turn off1" translit=""/><ana lex="สร้าง" pos="PHRV" trans="get up" translit=""/><ana lex="สร้าง" pos="verb,transitive" trans="deliver" translit=""/><ana lex="สร้าง" pos="verb,transitive" trans="create" translit=""/><ana lex="สร้าง" pos="noun" trans="platform" translit=""/><ana lex="สร้าง" pos="verb" trans="build" translit=""/><ana lex="สร้าง" pos="PHRV" trans="make up" translit=""/><ana lex="สร้าง" pos="verb" trans="create" translit=""/><ana lex="สร้าง" pos="PHRV" trans="make on" translit=""/><ana lex="สร้าง" pos="PHRV" trans="make for" translit=""/><ana lex="สร้าง" pos="verb,transitive" trans="found" translit=""/><ana lex="สร้าง" pos="PHRV" trans="make up" translit=""/><ana lex="สร้าง" pos="verb,transitive" trans="construct" translit=""/></w></se><se><w>ใจ<ana lex="ใจ" pos="noun" trans="heart" translit=""/><ana lex="ใจ" pos="noun" trans="mind" translit=""/></w><w>ทุรชน<ana lex="ทุรชน" pos="noun" trans="villain" translit=""/></w><w>ปน<ana lex="ปน" pos="verb" trans="mix" translit=""/></w><w>คบคิด<ana lex="คบคิด" pos="verb" trans="conspire" translit=""/></w><w>ผิด<ana lex="ผิด" pos="PRF" trans="mis-" translit=""/><ana lex="ผิด" pos="SL" trans="Pete tong" translit=""/><ana lex="ผิด" pos="adjective" trans="wrong" translit=""/></w><w>ธรรม<ana lex="ธรรม" pos="noun" trans="doctrine" translit=""/><ana lex="ธรรม" pos="" trans="[alternate pronunciation of ธรรม ]" translit="thamM maH"/></w><w>ทาง<ana lex="ทาง" pos="noun" trans="way" translit=""/><ana lex="ทาง" pos="noun" trans="palm leaf" translit=""/><ana lex="ทาง" pos="preposition" trans="from" translit=""/><ana lex="ทาง" pos="noun" trans="way" translit=""/><ana lex="ทาง" pos="classifier" trans="qualifier for palm leaves" translit=""/><ana lex="ทาง" pos="preposition" trans="by" translit=""/><ana lex="ทาง" pos="noun" trans="side" translit=""/><ana lex="ทาง" pos="noun" trans="pathway" translit=""/><ana lex="ทาง" pos="preposition" trans="by" translit=""/></w></se><se><w>เงา<ana lex="เงา" pos="noun" trans="shadow" translit=""/><ana lex="เงา" pos="noun" trans="shadow" translit=""/></w><w>สว่าง<ana lex="สว่าง" pos="verb,intransitive" trans="brighten" translit=""/><ana lex="สว่าง" pos="adjective" trans="lucid" translit=""/><ana lex="สว่าง" pos="adjective" trans="aglow" translit=""/><ana lex="สว่าง" pos="verb" trans="be bright" translit=""/><ana lex="สว่าง" pos="adjective" trans="luminous" translit=""/><ana lex="สว่าง" pos="adjective" trans="light" translit=""/><ana lex="สว่าง" pos="verb,intransitive" trans="light" translit=""/></w><w>ช่าง<ana lex="ช่าง" pos="verb" trans="never mind" translit=""/><ana lex="ช่าง" pos="noun" trans="technician" translit=""/><ana lex="ช่าง" pos="auxiliary verb" trans="indeed" translit=""/></w><w>มืด<ana lex="มืด" pos="adjective" trans="mirky" translit=""/><ana lex="มืด" pos="adjective" trans="dark" translit=""/><ana lex="มืด" pos="adjective" trans="tenebrous" translit=""/><ana lex="มืด" pos="adjective" trans="black" translit=""/></w><w>มิด<ana lex="มิด" pos="verb,intransitive,adverb" trans="to submerge; to sink below the surface" translit="mitH"/><ana lex="มิด" pos="adverb" trans="concealed" translit=""/><ana lex="มิด" pos="adjective" trans="[is] submerged; covered" translit="mitH"/><ana lex="มิด" pos="adverb" trans="tightly" translit=""/><ana lex="มิด" pos="adverb" trans="tightly; securly" translit="mitH"/></w><w>ปิด<ana lex="ปิด" pos="adjective" trans="closed" translit=""/><ana lex="ปิด" pos="verb,transitive" trans="close" translit=""/><ana lex="ปิด" pos="verb,transitive" trans="occlude" translit=""/><ana lex="ปิด" pos="verb,transitive" trans="stopper" translit=""/><ana lex="ปิด" pos="PHRV" trans="shut off" translit=""/><ana lex="ปิด" pos="PHRV" trans="close up" translit=""/><ana lex="ปิด" pos="PHRV" trans="mask out" translit=""/><ana lex="ปิด" pos="verb" trans="close" translit=""/><ana lex="ปิด" pos="verb" trans="switch off" translit=""/><ana lex="ปิด" pos="verb" trans="hide" translit=""/><ana lex="ปิด" pos="verb" trans="cover" translit=""/><ana lex="ปิด" pos="verb" trans="seal off" translit=""/><ana lex="ปิด" pos="verb" trans="cover" translit=""/><ana lex="ปิด" pos="verb,intransitive" trans="close" translit=""/></w><w>ทาง<ana lex="ทาง" pos="noun" trans="way" translit=""/><ana lex="ทาง" pos="noun" trans="palm leaf" translit=""/><ana lex="ทาง" pos="preposition" trans="from" translit=""/><ana lex="ทาง" pos="noun" trans="way" translit=""/><ana lex="ทาง" pos="classifier" trans="qualifier for palm leaves" translit=""/><ana lex="ทาง" pos="preposition" trans="by" translit=""/><ana lex="ทาง" pos="noun" trans="side" translit=""/><ana lex="ทาง" pos="noun" trans="pathway" translit=""/><ana lex="ทาง" pos="preposition" trans="by" translit=""/></w><w>ใจ<ana lex="ใจ" pos="noun" trans="heart" translit=""/><ana lex="ใจ" pos="noun" trans="mind" translit=""/></w></se><se><w>.<ana lex="" pos="" trans="" translit=""/></w></se></body>