<body><meta><link>http://www.thaipoem.com/poem/103159</link><title>น้องมิใช่จำเลยใจ</title><genre>poem</genre></meta><se><w>น้อง<ana lex="น้อง" pos="noun" trans="younger person" translit=""/></w><w>ใช่<ana lex="ใช่" pos="adverb" trans="yes" translit=""/></w><w>เป็น<ana lex="เป็น" pos="auxiliary verb" trans="are" translit=""/><ana lex="เป็น" pos="verb,intransitive" trans="been" translit=""/><ana lex="เป็น" pos="verb,intransitive" trans="come" translit=""/><ana lex="เป็น" pos="verb" trans="be able to" translit=""/><ana lex="เป็น" pos="verb" trans="be" translit=""/><ana lex="เป็น" pos="adjective" trans="alive" translit=""/></w><w>เช่น<ana lex="เช่น" pos="preposition" trans="like" translit=""/><ana lex="เช่น" pos="conjunction" trans="such as" translit=""/><ana lex="เช่น" pos="preposition" trans="like" translit=""/></w><w>จำเลย<ana lex="จำเลย" pos="noun" trans="defendant" translit=""/><ana lex="จำเลย" pos="noun,loanword,Khmer" trans="defendant; accused person" translit="jamM leeuyM"/></w><w>ดั่ง<ana lex="ดั่ง" pos="preposition" trans="like" translit=""/></w><w>เอ่ย<ana lex="เอ่ย" pos="verb" trans="utter" translit=""/></w><w>อ้าง<ana lex="อ้าง" pos="verb,transitive" trans="cite" translit=""/><ana lex="อ้าง" pos="verb,transitive" trans="claim" translit=""/></w></se><se><w>พี่<ana lex="พี่" pos="noun" trans="elder sister or brother" translit=""/></w><w>อำพราง<ana lex="อำพราง" pos="verb,intransitive" trans="dissemble" translit=""/><ana lex="อำพราง" pos="" trans="to conceal; to cover up; to hide; to keep secret; to lie; to deceive" translit="amM phraangM"/><ana lex="อำพราง" pos="verb" trans="conceal" translit=""/><ana lex="อำพราง" pos="verb,transitive" trans="camouflage" translit=""/></w><w>สร้าง<ana lex="สร้าง" pos="PHRV" trans="put up" translit=""/><ana lex="สร้าง" pos="verb,transitive" trans="ground" translit=""/><ana lex="สร้าง" pos="verb,transitive" trans="build" translit=""/><ana lex="สร้าง" pos="PHRV" trans="fetch out" translit=""/><ana lex="สร้าง" pos="verb,transitive" trans="establish" translit=""/><ana lex="สร้าง" pos="verb,transitive" trans="produce" translit=""/><ana lex="สร้าง" pos="PHRV" trans="get up" translit=""/><ana lex="สร้าง" pos="verb,transitive" trans="raise" translit=""/><ana lex="สร้าง" pos="PHRV" trans="turn off1" translit=""/><ana lex="สร้าง" pos="PHRV" trans="get up" translit=""/><ana lex="สร้าง" pos="verb,transitive" trans="deliver" translit=""/><ana lex="สร้าง" pos="verb,transitive" trans="create" translit=""/><ana lex="สร้าง" pos="noun" trans="platform" translit=""/><ana lex="สร้าง" pos="verb" trans="build" translit=""/><ana lex="สร้าง" pos="PHRV" trans="make up" translit=""/><ana lex="สร้าง" pos="verb" trans="create" translit=""/><ana lex="สร้าง" pos="PHRV" trans="make on" translit=""/><ana lex="สร้าง" pos="PHRV" trans="make for" translit=""/><ana lex="สร้าง" pos="verb,transitive" trans="found" translit=""/><ana lex="สร้าง" pos="PHRV" trans="make up" translit=""/><ana lex="สร้าง" pos="verb,transitive" trans="construct" translit=""/></w><w>คารม<ana lex="คารม" pos="noun" trans="rhetoric" translit=""/><ana lex="คารม" pos="noun" trans="eloquent speech; oratory" translit="khaaM rohmM"/></w><w>คม<ana lex="คม" pos="adjective" trans="clever" translit=""/><ana lex="คม" pos="verb" trans="be sharp" translit=""/><ana lex="คม" pos="verb" trans="be sharp" translit=""/><ana lex="คม" pos="verb" trans="be attractive" translit=""/><ana lex="คม" pos="noun" trans="sharp edge (of a knife)" translit=""/><ana lex="คม" pos="verb,intransitive" trans="sharpen" translit=""/><ana lex="คม" pos="adjective" trans="sharp" translit=""/></w><w>ข้อ<ana lex="ข้อ" pos="noun" trans="item" translit=""/><ana lex="ข้อ" pos="noun" trans="item" translit=""/><ana lex="ข้อ" pos="noun" trans="item" translit=""/><ana lex="ข้อ" pos="noun" trans="item" translit=""/></w><w>ขำ<ana lex="ขำ" pos="verb" trans="laugh" translit=""/><ana lex="ขำ" pos="verb" trans="good-looking" translit=""/><ana lex="ขำ" pos="verb" trans="be pretty and charming" translit=""/></w></se><se><w>บอก<ana lex="บอก" pos="verb" trans="describe" translit=""/><ana lex="บอก" pos="verb" trans="advise" translit=""/><ana lex="บอก" pos="verb" trans="indicate" translit=""/><ana lex="บอก" pos="PHRV" trans="appeal to" translit=""/><ana lex="บอก" pos="verb,transitive" trans="announce" translit=""/><ana lex="บอก" pos="verb,intransitive" trans="tell" translit=""/><ana lex="บอก" pos="verb,transitive" trans="tell" translit=""/><ana lex="บอก" pos="idiom" trans="fill one in" translit=""/></w><w>น้อง<ana lex="น้อง" pos="noun" trans="younger person" translit=""/></w><w>นี้</w><w>นอกใจ<ana lex="นอกใจ" pos="verb" trans="be unfaithful" translit=""/><ana lex="นอกใจ" pos="verb,intransitive" trans="cheat" translit=""/><ana lex="นอกใจ" pos="adjective" trans="[is] unfaithful to another person; adulterous; disloyal" translit="naawkF jaiM"/></w><w>ไม่<ana lex="ไม่" pos="adverb" trans="not" translit=""/><ana lex="ไม่" pos="PRF" trans="an-" translit=""/><ana lex="ไม่" pos="PRF" trans="un-" translit=""/><ana lex="ไม่" pos="PRF" trans="un-" translit=""/><ana lex="ไม่" pos="adjective" trans="nary" translit=""/><ana lex="ไม่" pos="NEG" trans="not" translit=""/><ana lex="ไม่" pos="PRF" trans="in-" translit=""/><ana lex="ไม่" pos="adverb" trans="no" translit=""/><ana lex="ไม่" pos="PRF" trans="non-" translit=""/><ana lex="ไม่" pos="PRF" trans="non-" translit=""/><ana lex="ไม่" pos="PRF" trans="in-" translit=""/><ana lex="ไม่" pos="SL" trans="no soup" translit=""/><ana lex="ไม่" pos="SL" trans="no sale" translit=""/><ana lex="ไม่" pos="SL" trans="nope" translit=""/><ana lex="ไม่" pos="SL" trans="No way!" translit=""/><ana lex="ไม่" pos="NEG" trans="not" translit=""/><ana lex="ไม่" pos="SL" trans="Nuts!" translit=""/></w><w>จดจำ<ana lex="จดจำ" pos="PHRV" trans="commit to" translit=""/><ana lex="จดจำ" pos="PHRV" trans="file away2" translit=""/><ana lex="จดจำ" pos="verb" trans="to memorize; remember purposely; imprint on one's memory" translit="johtL jamM"/><ana lex="จดจำ" pos="idiom" trans="take note (of)" translit=""/><ana lex="จดจำ" pos="verb" trans="remember" translit=""/><ana lex="จดจำ" pos="verb,transitive" trans="retain" translit=""/><ana lex="จดจำ" pos="verb,transitive" trans="remember" translit=""/></w></se><se><w>ช่าง<ana lex="ช่าง" pos="verb" trans="never mind" translit=""/><ana lex="ช่าง" pos="noun" trans="technician" translit=""/><ana lex="ช่าง" pos="auxiliary verb" trans="indeed" translit=""/></w><w>ก่น<ana lex="ก่น" pos="verb,transitive" trans="to clear (land) of weeds and plant debris; dig out; grub; eradicate" translit="gohnL"/><ana lex="ก่น" pos="verb" trans="dig out" translit=""/><ana lex="ก่น" pos="verb" trans="to reproach; abuse; curse; swear" translit="gohnL"/><ana lex="ก่น" pos="verb" trans="reproach" translit=""/><ana lex="ก่น" pos="verb" trans="be absorbed in" translit=""/><ana lex="ก่น" pos="adjective,verb" trans="[is] absorbed in; [is] deep in; engrossed in" translit="gohnL"/></w><w>คำ<ana lex="คำ" pos="noun" trans="word" translit=""/><ana lex="คำ" pos="noun" trans="vocable" translit=""/><ana lex="คำ" pos="noun" trans="word" translit=""/></w><w>ใส่ไคล้<ana lex="ใส่ไคล้" pos="verb" trans="to slander; discredit" translit="saiL khlaiH"/><ana lex="ใส่ไคล้" pos="verb" trans="slander" translit=""/></w><w>ใน<ana lex="ใน" pos="preposition" trans="in" translit=""/><ana lex="ใน" pos="adjective" trans="in" translit=""/><ana lex="ใน" pos="PRF" trans="em-" translit=""/><ana lex="ใน" pos="PRF" trans="en-" translit=""/><ana lex="ใน" pos="PRF" trans="en-" translit=""/><ana lex="ใน" pos="PRF" trans="il-" translit=""/><ana lex="ใน" pos="preposition" trans="of" translit=""/><ana lex="ใน" pos="PRF" trans="in-" translit=""/><ana lex="ใน" pos="PRF" trans="im-" translit=""/><ana lex="ใน" pos="adverb" trans="in" translit=""/><ana lex="ใน" pos="preposition" trans="in" translit=""/></w><w>วาจา<ana lex="วาจา" pos="noun" trans="speech" translit=""/></w></se><se><w>ขอ<ana lex="ขอ" pos="PHRV" trans="appeal for" translit=""/><ana lex="ขอ" pos="verb" trans="beg" translit=""/><ana lex="ขอ" pos="SL" trans="scrounge" translit=""/><ana lex="ขอ" pos="PHRV" trans="pony up for" translit=""/><ana lex="ขอ" pos="noun" trans="hook" translit=""/><ana lex="ขอ" pos="verb,transitive" trans="cadge" translit=""/><ana lex="ขอ" pos="verb,intransitive" trans="cadge" translit=""/><ana lex="ขอ" pos="PHRV" trans="ask for" translit=""/><ana lex="ขอ" pos="PHRV" trans="tap for" translit=""/></w><w>เคารพ<ana lex="เคารพ" pos="PHRV" trans="look up to" translit=""/><ana lex="เคารพ" pos="verb,transitive" trans="honor" translit=""/><ana lex="เคารพ" pos="PHRV" trans="respect for" translit=""/><ana lex="เคารพ" pos="verb,transitive" trans="esteem" translit=""/><ana lex="เคารพ" pos="verb" trans="respect" translit=""/><ana lex="เคารพ" pos="verb,transitive" trans="respect" translit=""/><ana lex="เคารพ" pos="verb,transitive" trans="venerate" translit=""/></w><w>นบ<ana lex="นบ" pos="verb" trans="to pay respect by clasping both hands together palm to palm, to pay respect to, to bend the head" translit="nohpH"/></w><w>เฉลย<ana lex="เฉลย" pos="verb" trans="answer" translit=""/></w><w>เอ่ย<ana lex="เอ่ย" pos="verb" trans="utter" translit=""/></w><w>ต่อ<ana lex="ต่อ" pos="verb" trans="renew" translit=""/><ana lex="ต่อ" pos="preposition" trans="to" translit=""/><ana lex="ต่อ" pos="verb" trans="concede" translit=""/><ana lex="ต่อ" pos="adverb" trans="continue" translit=""/><ana lex="ต่อ" pos="verb" trans="join" translit=""/><ana lex="ต่อ" pos="verb" trans="renew" translit=""/><ana lex="ต่อ" pos="verb" trans="bargain" translit=""/><ana lex="ต่อ" pos="adverb" trans="next" translit=""/><ana lex="ต่อ" pos="verb" trans="transfer" translit=""/><ana lex="ต่อ" pos="verb" trans="teach" translit=""/><ana lex="ต่อ" pos="preposition" trans="against" translit=""/><ana lex="ต่อ" pos="verb" trans="decoy" translit=""/><ana lex="ต่อ" pos="preposition" trans="per" translit=""/><ana lex="ต่อ" pos="preposition" trans="with" translit=""/><ana lex="ต่อ" pos="noun" trans="wasp" translit=""/><ana lex="ต่อ" pos="verb" trans="build" translit=""/></w><w>ศาล<ana lex="ศาล" pos="noun" trans="forum" translit=""/><ana lex="ศาล" pos="noun" trans="court" translit=""/><ana lex="ศาล" pos="noun" trans="shrine" translit=""/><ana lex="ศาล" pos="noun" trans="court" translit=""/><ana lex="ศาล" pos="noun" trans="court" translit=""/><ana lex="ศาล" pos="noun" trans="shrine" translit=""/></w></se><se><w>ขอ<ana lex="ขอ" pos="PHRV" trans="appeal for" translit=""/><ana lex="ขอ" pos="verb" trans="beg" translit=""/><ana lex="ขอ" pos="SL" trans="scrounge" translit=""/><ana lex="ขอ" pos="PHRV" trans="pony up for" translit=""/><ana lex="ขอ" pos="noun" trans="hook" translit=""/><ana lex="ขอ" pos="verb,transitive" trans="cadge" translit=""/><ana lex="ขอ" pos="verb,intransitive" trans="cadge" translit=""/><ana lex="ขอ" pos="PHRV" trans="ask for" translit=""/><ana lex="ขอ" pos="PHRV" trans="tap for" translit=""/></w><w>กล่าว<ana lex="กล่าว" pos="verb" trans="say" translit=""/><ana lex="กล่าว" pos="verb" trans="deliver a speech" translit=""/></w><w>ขาน<ana lex="ขาน" pos="verb" trans="call out" translit=""/><ana lex="ขาน" pos="verb" trans="reply" translit=""/></w><w>ค้าน<ana lex="ค้าน" pos="verb" trans="to protest; to argue against; [of a political movement] to oppose; [of a legal issue] to object; [of a statement] to dispute; to contradict" translit="khaanH"/><ana lex="ค้าน" pos="verb" trans="oppose" translit=""/></w><w>คำ<ana lex="คำ" pos="noun" trans="word" translit=""/><ana lex="คำ" pos="noun" trans="vocable" translit=""/><ana lex="คำ" pos="noun" trans="word" translit=""/></w><w>ย้ำ<ana lex="ย้ำ" pos="verb" trans="clinch" translit=""/><ana lex="ย้ำ" pos="verb" trans="repeat" translit=""/></w><w>มุสา<ana lex="มุสา" pos="verb" trans="lie" translit=""/><ana lex="มุสา" pos="verb" trans="to lie" translit="mooH saaR"/></w></se><se><w>พี่<ana lex="พี่" pos="noun" trans="elder sister or brother" translit=""/></w><w>มาก<ana lex="มาก" pos="adverb" trans="deep" translit=""/><ana lex="มาก" pos="adjective" trans="good" translit=""/><ana lex="มาก" pos="PRF" trans="multi-" translit=""/><ana lex="มาก" pos="adjective" trans="deep" translit=""/><ana lex="มาก" pos="adjective" trans="mickle" translit=""/><ana lex="มาก" pos="PRF" trans="mult-" translit=""/><ana lex="มาก" pos="PRF" trans="multi-" translit=""/><ana lex="มาก" pos="adjective" trans="much" translit=""/><ana lex="มาก" pos="adverb" trans="so" translit=""/><ana lex="มาก" pos="adverb" trans="very much" translit=""/><ana lex="มาก" pos="idiom" trans="quite a bit" translit=""/><ana lex="มาก" pos="idiom" trans="quite a lot" translit=""/><ana lex="มาก" pos="idiom" trans="quite a few" translit=""/><ana lex="มาก" pos="adjective" trans="such" translit=""/><ana lex="มาก" pos="idiom" trans="quite a number" translit=""/><ana lex="มาก" pos="SL" trans="boku" translit=""/><ana lex="มาก" pos="PRF" trans="poly-" translit=""/><ana lex="มาก" pos="SL" trans="bokoo" translit=""/><ana lex="มาก" pos="adverb" trans="abundantly" translit=""/></w><w>หญิง<ana lex="หญิง" pos="noun" trans="female" translit=""/></w><w>อิง<ana lex="อิง" pos="verb" trans="be based on" translit=""/><ana lex="อิง" pos="verb" trans="be based on" translit=""/><ana lex="อิง" pos="verb" trans="lean on" translit=""/></w><w>แอบ<ana lex="แอบ" pos="verb" trans="hide" translit=""/><ana lex="แอบ" pos="verb" trans="tuck away" translit=""/></w><w>แนบ<ana lex="แนบ" pos="verb" trans="enclose" translit=""/><ana lex="แนบ" pos="verb" trans="cling" translit=""/></w><w>ทุก<ana lex="ทุก" pos="DET" trans="every" translit=""/></w><w>เวลา<ana lex="เวลา" pos="PRF" trans="chrono-" translit=""/><ana lex="เวลา" pos="conjunction" trans="when" translit=""/><ana lex="เวลา" pos="noun" trans="chance" translit=""/><ana lex="เวลา" pos="noun" trans="time" translit=""/><ana lex="เวลา" pos="noun" trans="time" translit=""/><ana lex="เวลา" pos="noun" trans="duration" translit=""/></w></se><se><w>ลืม<ana lex="ลืม" pos="verb,transitive" trans="forget" translit=""/><ana lex="ลืม" pos="PHRV" trans="get off2" translit=""/><ana lex="ลืม" pos="verb,intransitive" trans="forget" translit=""/><ana lex="ลืม" pos="verb" trans="forget" translit=""/><ana lex="ลืม" pos="verb,intransitive" trans="unlearn" translit=""/><ana lex="ลืม" pos="idiom" trans="go out of someone's mind" translit=""/></w><w>สัญญา<ana lex="สัญญา" pos="verb,intransitive" trans="promise" translit=""/><ana lex="สัญญา" pos="verb,transitive" trans="undertake" translit=""/><ana lex="สัญญา" pos="verb,transitive" trans="promise" translit=""/><ana lex="สัญญา" pos="verb" trans="promise" translit=""/><ana lex="สัญญา" pos="noun" trans="contract" translit=""/><ana lex="สัญญา" pos="verb,intransitive" trans="undertake" translit=""/></w><w>ว่า</w><w>รัก<ana lex="รัก" pos="verb,transitive" trans="treasure" translit=""/><ana lex="รัก" pos="verb,transitive" trans="adore" translit=""/><ana lex="รัก" pos="PRF" trans="phil-" translit=""/><ana lex="รัก" pos="PRF" trans="philo-" translit=""/><ana lex="รัก" pos="PHRV" trans="be attached to" translit=""/></w><w>มั่น</w><w>ผัน<ana lex="ผัน" pos="noun" trans="[บัวผัน] a species of lotus Nymphaea stellafa" translit="phanR"/><ana lex="ผัน" pos="verb" trans="modulate" translit=""/><ana lex="ผัน" pos="verb" trans="a change; modulation" translit="phanR"/><ana lex="ผัน" pos="noun" trans="Nymphaea stellafa" translit=""/><ana lex="ผัน" pos="verb" trans="turn" translit=""/><ana lex="ผัน" pos="verb" trans="change; modulate; alter; deviate; veer" translit="phanR"/><ana lex="ผัน" pos="verb" trans="alter" translit=""/><ana lex="ผัน" pos="adjective" trans="[is] turned-around" translit="phanR"/></w><w>หลอกลวง<ana lex="หลอกลวง" pos="verb,transitive" trans="humbug" translit=""/><ana lex="หลอกลวง" pos="idiom" trans="be taken in" translit=""/><ana lex="หลอกลวง" pos="PHRV" trans="play false" translit=""/><ana lex="หลอกลวง" pos="adjective" trans="two-faced" translit=""/><ana lex="หลอกลวง" pos="PHRV" trans="deceive into" translit=""/><ana lex="หลอกลวง" pos="verb,transitive" trans="deceive" translit=""/><ana lex="หลอกลวง" pos="verb,transitive" trans="betray" translit=""/><ana lex="หลอกลวง" pos="verb,transitive" trans="hoax" translit=""/><ana lex="หลอกลวง" pos="verb,transitive" trans="dupe" translit=""/><ana lex="หลอกลวง" pos="adjective" trans="misleading" translit=""/><ana lex="หลอกลวง" pos="SL" trans="bullshit" translit=""/><ana lex="หลอกลวง" pos="PHRV" trans="chisel out of" translit=""/><ana lex="หลอกลวง" pos="PHRV" trans="lead on" translit=""/><ana lex="หลอกลวง" pos="verb,intransitive" trans="cozen" translit=""/><ana lex="หลอกลวง" pos="idiom" trans="lead someone up the garden path" translit=""/><ana lex="หลอกลวง" pos="PHRV" trans="fake out" translit=""/><ana lex="หลอกลวง" pos="verb,intransitive" trans="deceive" translit=""/><ana lex="หลอกลวง" pos="PHRV" trans="shaft into" translit=""/><ana lex="หลอกลวง" pos="adjective" trans="tricky" translit=""/><ana lex="หลอกลวง" pos="verb,transitive" trans="sham" translit=""/><ana lex="หลอกลวง" pos="PHRV" trans="go into" translit=""/><ana lex="หลอกลวง" pos="PHRV" trans="cheat on" translit=""/><ana lex="หลอกลวง" pos="PHRV" trans="cheat into" translit=""/><ana lex="หลอกลวง" pos="PHRV" trans="defraud of" translit=""/><ana lex="หลอกลวง" pos="PHRV" trans="swindle out of" translit=""/><ana lex="หลอกลวง" pos="idiom" trans="make a fool of" translit=""/><ana lex="หลอกลวง" pos="PHRV" trans="delude into" translit=""/><ana lex="หลอกลวง" pos="SL" trans="fiddle" translit=""/><ana lex="หลอกลวง" pos="verb,intransitive" trans="fudge" translit=""/><ana lex="หลอกลวง" pos="adjective" trans="meretricious" translit=""/><ana lex="หลอกลวง" pos="verb,transitive" trans="fox" translit=""/><ana lex="หลอกลวง" pos="verb,transitive" trans="fudge" translit=""/><ana lex="หลอกลวง" pos="verb,transitive" trans="fool" translit=""/><ana lex="หลอกลวง" pos="verb,transitive" trans="catch" translit=""/><ana lex="หลอกลวง" pos="adjective" trans="tortuous" translit=""/><ana lex="หลอกลวง" pos="verb,transitive" trans="cozen" translit=""/><ana lex="หลอกลวง" pos="verb,transitive" trans="mountebank" translit=""/><ana lex="หลอกลวง" pos="verb,transitive" trans="con" translit=""/><ana lex="หลอกลวง" pos="verb,transitive" trans="euchre" translit=""/><ana lex="หลอกลวง" pos="verb,transitive" trans="cheat" translit=""/><ana lex="หลอกลวง" pos="verb,transitive" trans="gull" translit=""/></w></se><se><w>กระทู้<ana lex="กระทู้" pos="noun" trans="question; topic; posting (of a message board); main points; gist" translit="graL thuuH"/><ana lex="กระทู้" pos="noun" trans="[a kind of Thai verse]" translit="graL thuuH"/><ana lex="กระทู้" pos="noun" trans="theme" translit=""/></w><w>นี้</w><w>มี<ana lex="มี" pos="verb" trans="consist of" translit=""/><ana lex="มี" pos="verb" trans="there is/are" translit=""/><ana lex="มี" pos="verb" trans="have" translit=""/><ana lex="มี" pos="verb,transitive" trans="contain" translit=""/><ana lex="มี" pos="verb,transitive" trans="has" translit=""/><ana lex="มี" pos="verb,transitive" trans="have" translit=""/><ana lex="มี" pos="adjective" trans="rich" translit=""/></w><w>พยาน<ana lex="พยาน" pos="noun" trans="witness" translit=""/><ana lex="พยาน" pos="noun" trans="witness" translit=""/></w><w>ยาม<ana lex="ยาม" pos="noun" trans="picket" translit=""/><ana lex="ยาม" pos="noun" trans="watchman" translit=""/><ana lex="ยาม" pos="noun" trans="sentry" translit=""/><ana lex="ยาม" pos="noun" trans="time" translit=""/><ana lex="ยาม" pos="noun" trans="guard" translit=""/><ana lex="ยาม" pos="noun" trans="one of three periods into which the day was traditionally divided" translit=""/><ana lex="ยาม" pos="noun" trans="security guard" translit=""/></w><w>ค้าน<ana lex="ค้าน" pos="verb" trans="to protest; to argue against; [of a political movement] to oppose; [of a legal issue] to object; [of a statement] to dispute; to contradict" translit="khaanH"/><ana lex="ค้าน" pos="verb" trans="oppose" translit=""/></w><w>ซัก<ana lex="ซัก" pos="verb" trans="question" translit=""/><ana lex="ซัก" pos="" trans="[alternate spelling of สัก ]" translit="sakH"/><ana lex="ซัก" pos="verb" trans="wash" translit=""/></w></se><se><w>ตอก<ana lex="ตอก" pos="noun" trans="thin bamboo-stripes" translit=""/><ana lex="ตอก" pos="PHRV" trans="tack down" translit=""/><ana lex="ตอก" pos="verb" trans="hammer" translit=""/><ana lex="ตอก" pos="verb" trans="prod (a cow)" translit=""/><ana lex="ตอก" pos="verb,transitive" trans="hammer" translit=""/><ana lex="ตอก" pos="noun" trans="ram" translit=""/><ana lex="ตอก" pos="noun" trans="a kind of knife" translit=""/><ana lex="ตอก" pos="PHRV" trans="pound in" translit=""/><ana lex="ตอก" pos="verb,transitive" trans="tamp" translit=""/></w><w>สลัก<ana lex="สลัก" pos="verb,transitive" trans="inscribe" translit=""/><ana lex="สลัก" pos="verb,transitive" trans="engrave" translit=""/><ana lex="สลัก" pos="noun" trans="toggle" translit=""/><ana lex="สลัก" pos="verb" trans="carve" translit=""/><ana lex="สลัก" pos="noun" trans="bolt" translit=""/><ana lex="สลัก" pos="noun" trans="spline" translit=""/></w><w>ความ<ana lex="ความ" pos="noun" trans="case" translit=""/><ana lex="ความ" pos="noun" trans="content" translit=""/></w><w>ผิด<ana lex="ผิด" pos="PRF" trans="mis-" translit=""/><ana lex="ผิด" pos="SL" trans="Pete tong" translit=""/><ana lex="ผิด" pos="adjective" trans="wrong" translit=""/></w><w>ติด<ana lex="ติด" pos="verb,transitive" trans="fix" translit=""/><ana lex="ติด" pos="verb,intransitive" trans="fasten" translit=""/><ana lex="ติด" pos="verb,transitive" trans="adjoin" translit=""/><ana lex="ติด" pos="verb" trans="become a habit" translit=""/><ana lex="ติด" pos="verb" trans="addicted to" translit=""/><ana lex="ติด" pos="verb" trans="contain" translit=""/><ana lex="ติด" pos="verb" trans="accompany" translit=""/><ana lex="ติด" pos="verb" trans="next to" translit=""/><ana lex="ติด" pos="verb" trans="light" translit=""/><ana lex="ติด" pos="verb" trans="bear" translit=""/><ana lex="ติด" pos="verb" trans="owe" translit=""/><ana lex="ติด" pos="verb" trans="stick" translit=""/><ana lex="ติด" pos="verb" trans="hang" translit=""/><ana lex="ติด" pos="verb" trans="catch" translit=""/><ana lex="ติด" pos="verb" trans="get stuck" translit=""/><ana lex="ติด" pos="verb" trans="close" translit=""/><ana lex="ติด" pos="verb" trans="addicted to" translit=""/><ana lex="ติด" pos="verb" trans="be stained" translit=""/><ana lex="ติด" pos="verb,intransitive" trans="jam" translit=""/><ana lex="ติด" pos="PHRV" trans="affix to" translit=""/><ana lex="ติด" pos="verb" trans="start" translit=""/><ana lex="ติด" pos="verb,transitive" trans="fit" translit=""/><ana lex="ติด" pos="PHRV" trans="go aground" translit=""/><ana lex="ติด" pos="verb,intransitive" trans="adhere" translit=""/><ana lex="ติด" pos="noun" trans="Echeneidae" translit=""/></w><w>บาศ<ana lex="บาศ" pos="noun" trans="lasso" translit=""/></w><w>บ่วง</w></se><se><w>คน<ana lex="คน" pos="noun" trans="bloke" translit=""/><ana lex="คน" pos="verb,transitive" trans="mill" translit=""/><ana lex="คน" pos="PRF" trans="anthropo-" translit=""/><ana lex="คน" pos="noun" trans="human" translit=""/><ana lex="คน" pos="noun" trans="people" translit=""/><ana lex="คน" pos="noun" trans="being" translit=""/><ana lex="คน" pos="PHRV" trans="stir about" translit=""/><ana lex="คน" pos="PHRV" trans="stir around" translit=""/><ana lex="คน" pos="SL" trans="bod" translit=""/><ana lex="คน" pos="classifier" trans="person" translit=""/><ana lex="คน" pos="verb" trans="stir" translit=""/></w><w>เหลวไหล<ana lex="เหลวไหล" pos="interjection" trans="piffle" translit=""/></w><w>ใจ<ana lex="ใจ" pos="noun" trans="heart" translit=""/><ana lex="ใจ" pos="noun" trans="mind" translit=""/></w><w>เกเร<ana lex="เกเร" pos="verb" trans="misbehave" translit=""/><ana lex="เกเร" pos="adjective" trans="dissolute" translit=""/><ana lex="เกเร" pos="adjective" trans="roguish" translit=""/><ana lex="เกเร" pos="adjective" trans="unruly" translit=""/><ana lex="เกเร" pos="adjective" trans="elvish" translit=""/><ana lex="เกเร" pos="adjective" trans="skellum" translit=""/></w><w>เร่<ana lex="เร่" pos="verb" trans="wander about" translit=""/><ana lex="เร่" pos="verb" trans="go straight in" translit=""/></w><w>รัก<ana lex="รัก" pos="verb,transitive" trans="treasure" translit=""/><ana lex="รัก" pos="verb,transitive" trans="adore" translit=""/><ana lex="รัก" pos="PRF" trans="phil-" translit=""/><ana lex="รัก" pos="PRF" trans="philo-" translit=""/><ana lex="รัก" pos="PHRV" trans="be attached to" translit=""/></w><w>กลวง<ana lex="กลวง" pos="adjective" trans="hollow; empty; unfilled; vacant; void" translit="gluaangM"/><ana lex="กลวง" pos="adjective" trans="hollow" translit=""/></w></se><se><w>ต้อง<ana lex="ต้อง" pos="auxiliary verb" trans="must" translit=""/><ana lex="ต้อง" pos="" trans="[alternate pronunciation of ต้อง ]" translit="dtaawngF"/><ana lex="ต้อง" pos="verb" trans="fall into" translit=""/><ana lex="ต้อง" pos="verb" trans="touch" translit=""/><ana lex="ต้อง" pos="auxiliary verb" trans="must" translit=""/></w><w>ตี<ana lex="ตี" pos="verb,transitive" trans="paddle" translit=""/><ana lex="ตี" pos="verb,transitive" trans="dub" translit=""/><ana lex="ตี" pos="verb,transitive" trans="boom" translit=""/><ana lex="ตี" pos="PHRV" trans="wear out" translit=""/><ana lex="ตี" pos="verb" trans="forge" translit=""/><ana lex="ตี" pos="noun" trans="an hour counting after midnight" translit=""/><ana lex="ตี" pos="verb,transitive" trans="mill" translit=""/><ana lex="ตี" pos="verb,transitive" trans="catch" translit=""/><ana lex="ตี" pos="verb,transitive" trans="strike" translit=""/><ana lex="ตี" pos="verb" trans="record" translit=""/><ana lex="ตี" pos="verb" trans="hit" translit=""/><ana lex="ตี" pos="verb" trans="whip" translit=""/><ana lex="ตี" pos="verb" trans="value" translit=""/><ana lex="ตี" pos="PHRV" trans="smite on" translit=""/><ana lex="ตี" pos="verb" trans="batter" translit=""/><ana lex="ตี" pos="PHRV" trans="strike at" translit=""/><ana lex="ตี" pos="verb,transitive" trans="whale" translit=""/><ana lex="ตี" pos="verb,transitive" trans="zonk" translit=""/><ana lex="ตี" pos="PHRV" trans="smite upon" translit=""/><ana lex="ตี" pos="PHRV" trans="pound at" translit=""/><ana lex="ตี" pos="verb,transitive" trans="drub" translit=""/><ana lex="ตี" pos="PHRV" trans="knock against" translit=""/><ana lex="ตี" pos="idiom" trans="raise a hand to" translit=""/><ana lex="ตี" pos="verb,transitive" trans="clout" translit=""/><ana lex="ตี" pos="verb,transitive" trans="beat" translit=""/><ana lex="ตี" pos="verb,intransitive" trans="hit" translit=""/><ana lex="ตี" pos="verb,transitive" trans="hit" translit=""/><ana lex="ตี" pos="verb" trans="bang" translit=""/><ana lex="ตี" pos="verb,transitive" trans="pummel" translit=""/></w><w>ห่วง<ana lex="ห่วง" pos="noun" trans="hoop" translit=""/><ana lex="ห่วง" pos="verb" trans="be concerned with/about" translit=""/><ana lex="ห่วง" pos="noun" trans="ring" translit=""/><ana lex="ห่วง" pos="noun" trans="ring" translit=""/><ana lex="ห่วง" pos="noun" trans="loop" translit=""/></w><w>คล้อง<ana lex="คล้อง" pos="verb,transitive,intransitive" trans="to rope; to lasso; to slip a noose over; to catch with a loop; to put around; to loop" translit="khlaawngH"/><ana lex="คล้อง" pos="verb" trans="hook" translit=""/><ana lex="คล้อง" pos="verb,transitive,intransitive" trans="to rhyme" translit="khlaawngH"/><ana lex="คล้อง" pos="verb" trans="rhyme with" translit=""/><ana lex="คล้อง" pos="verb" trans="wear" translit=""/><ana lex="คล้อง" pos="verb,transitive" trans="sling" translit=""/></w><w>โซ่<ana lex="โซ่" pos="noun" trans="trammel" translit=""/><ana lex="โซ่" pos="noun" trans="chain" translit=""/><ana lex="โซ่" pos="noun" trans="chain" translit=""/></w><w>ใจ<ana lex="ใจ" pos="noun" trans="heart" translit=""/><ana lex="ใจ" pos="noun" trans="mind" translit=""/></w><w>ใช่<ana lex="ใช่" pos="adverb" trans="yes" translit=""/></w><w>พี่<ana lex="พี่" pos="noun" trans="elder sister or brother" translit=""/></w><w>ชาย<ana lex="ชาย" pos="noun" trans="edge" translit=""/><ana lex="ชาย" pos="verb" trans="glance" translit=""/><ana lex="ชาย" pos="noun" trans="man" translit=""/></w></se><se><w>.<ana lex="" pos="" trans="" translit=""/></w></se></body>