<body><meta><link>http://www.thaipoem.com/%E0%B8%81%E0%B8%A5%E0%B8%AD%E0%B8%99/%E0%B8%81%E0%B8%A5%E0%B8%AD%E0%B8%99%E0%B8%95%E0%B8%B2%E0%B8%A1%E0%B9%83%E0%B8%88%E0%B8%84%E0%B8%B8%E0%B8%93/127207</link><title>คำหวาน</title><genre>poem</genre></meta><se><w>มี<ana lex="มี" pos="verb" trans="consist of" translit=""/><ana lex="มี" pos="verb" trans="there is/are" translit=""/><ana lex="มี" pos="verb" trans="have" translit=""/><ana lex="มี" pos="verb,transitive" trans="contain" translit=""/><ana lex="มี" pos="verb,transitive" trans="has" translit=""/><ana lex="มี" pos="verb,transitive" trans="have" translit=""/><ana lex="มี" pos="adjective" trans="rich" translit=""/></w><w>คำ<ana lex="คำ" pos="noun" trans="word" translit=""/><ana lex="คำ" pos="noun" trans="vocable" translit=""/><ana lex="คำ" pos="noun" trans="word" translit=""/></w><w>หวาน<ana lex="หวาน" pos="verb" trans="keep turning" translit=""/><ana lex="หวาน" pos="adjective" trans="sweet-sounding" translit=""/><ana lex="หวาน" pos="adverb" trans="as easy as pie" translit=""/><ana lex="หวาน" pos="adjective" trans="sweet" translit=""/></w><w>ล้าน<ana lex="ล้าน" pos="adjective" trans="bald" translit=""/><ana lex="ล้าน" pos="adjective" trans="bald" translit=""/><ana lex="ล้าน" pos="noun" trans="million" translit=""/></w><w>คำ<ana lex="คำ" pos="noun" trans="word" translit=""/><ana lex="คำ" pos="noun" trans="vocable" translit=""/><ana lex="คำ" pos="noun" trans="word" translit=""/></w><w>พร่ำ<ana lex="พร่ำ" pos="adjective" trans="continuously; constantly; always (doing something)" translit="phramF"/><ana lex="พร่ำ" pos="adjective" trans="[is] excessive; without limit" translit="phramF"/><ana lex="พร่ำ" pos="adjective" trans="[is] untiring; tireless; indefatigable; disregarding one’s own weariness" translit="phramF"/><ana lex="พร่ำ" pos="verb" trans="repeated" translit=""/><ana lex="พร่ำ" pos="verb" trans="chatter; be garrulous" translit="phramF"/><ana lex="พร่ำ" pos="PHRV" trans="prattle about" translit=""/></w><w>ลวง</w><w>ล่อ<ana lex="ล่อ" pos="verb,transitive" trans="angle" translit=""/><ana lex="ล่อ" pos="noun" trans="mule" translit=""/><ana lex="ล่อ" pos="noun" trans="mule" translit=""/><ana lex="ล่อ" pos="verb" trans="gulp" translit=""/><ana lex="ล่อ" pos="verb" trans="delude" translit=""/></w></se><se><w>มา<ana lex="มา" pos="PHRV" trans="get in1" translit=""/><ana lex="มา" pos="adverb" trans="coming (toward the present; or toward the focal time)" translit=""/><ana lex="มา" pos="verb,intransitive" trans="come" translit=""/><ana lex="มา" pos="verb" trans="arrive" translit=""/></w><w>อี๋อ๋อ<ana lex="อี๋อ๋อ" pos="verb" trans="flatter" translit=""/></w><w>จ๊ะจ๋า</w><w>พา<ana lex="พา" pos="" trans="[alternate spelling of ภา]" translit="phaaM"/><ana lex="พา" pos="verb" trans="bring" translit=""/></w><w>หวั่นไหว<ana lex="หวั่นไหว" pos="verb" trans="be shaken" translit=""/></w></se><se><w>ต่าง<ana lex="ต่าง" pos="adverb" trans="in place of" translit=""/><ana lex="ต่าง" pos="noun" trans="pack-saddle" translit=""/><ana lex="ต่าง" pos="verb" trans="differ" translit=""/><ana lex="ต่าง" pos="verb" trans="carry" translit=""/><ana lex="ต่าง" pos="adverb" trans="take as" translit=""/><ana lex="ต่าง" pos="DET" trans="each" translit=""/><ana lex="ต่าง" pos="adverb" trans="each" translit=""/><ana lex="ต่าง" pos="adjective" trans="foreign" translit=""/><ana lex="ต่าง" pos="DET" trans="each" translit=""/><ana lex="ต่าง" pos="adverb" trans="differ (farther or mother)" translit=""/></w><w>เรียง<ana lex="เรียง" pos="PHRV" trans="line up" translit=""/><ana lex="เรียง" pos="verb,transitive" trans="to arrange; place in order; line up" translit="riiangM"/><ana lex="เรียง" pos="verb" trans="arrange" translit=""/><ana lex="เรียง" pos="noun" trans="[ความเรียง] essay; article; composition" translit="riiangM"/><ana lex="เรียง" pos="verb" trans="to compose" translit="riiangM"/><ana lex="เรียง" pos="noun" trans="[การเรียง] arrangement" translit="riiangM"/></w><w>ร้อย<ana lex="ร้อย" pos="noun" trans="hundred" translit=""/><ana lex="ร้อย" pos="verb" trans="thread" translit=""/><ana lex="ร้อย" pos="noun" trans="lieutenant" translit=""/><ana lex="ร้อย" pos="PRF" trans="centi-" translit=""/></w><w>ถ้อยคำ<ana lex="ถ้อยคำ" pos="noun" trans="phrase" translit=""/><ana lex="ถ้อยคำ" pos="noun" trans="word" translit=""/><ana lex="ถ้อยคำ" pos="noun" trans="diction; word(s); confession; statement; saying" translit="thaawyF khamM"/></w><w>ลำนำ<ana lex="ลำนำ" pos="noun" trans="song" translit=""/></w><w>ใจ<ana lex="ใจ" pos="noun" trans="heart" translit=""/><ana lex="ใจ" pos="noun" trans="mind" translit=""/></w></se><se><w>เพียง</w><w>หวัง<ana lex="หวัง" pos="verb,transitive" trans="hope" translit=""/><ana lex="หวัง" pos="verb,intransitive" trans="hope" translit=""/></w><w>ได้<ana lex="ได้" pos="PHRV" trans="get out of" translit=""/><ana lex="ได้" pos="auxiliary verb" trans="be able to" translit=""/><ana lex="ได้" pos="verb" trans="get" translit=""/><ana lex="ได้" pos="" trans="[alternate pronunciation of ได้ ]" translit="daaiF"/><ana lex="ได้" pos="auxiliary verb" trans="used as an auxiliary verb before a principal verb to indicate the past tense" translit=""/><ana lex="ได้" pos="verb,transitive" trans="get" translit=""/><ana lex="ได้" pos="adverb" trans="can" translit=""/></w><w>เยื่อใย<ana lex="เยื่อใย" pos="noun" trans="relationship" translit=""/><ana lex="เยื่อใย" pos="noun" trans="relationship; bond; tie; attachment; lingering sentiment" translit="yeuuaF yaiM"/></w><w>รัก<ana lex="รัก" pos="verb,transitive" trans="treasure" translit=""/><ana lex="รัก" pos="verb,transitive" trans="adore" translit=""/><ana lex="รัก" pos="PRF" trans="phil-" translit=""/><ana lex="รัก" pos="PRF" trans="philo-" translit=""/><ana lex="รัก" pos="PHRV" trans="be attached to" translit=""/></w><w>มา<ana lex="มา" pos="PHRV" trans="get in1" translit=""/><ana lex="มา" pos="adverb" trans="coming (toward the present; or toward the focal time)" translit=""/><ana lex="มา" pos="verb,intransitive" trans="come" translit=""/><ana lex="มา" pos="verb" trans="arrive" translit=""/></w><w>ถัก<ana lex="ถัก" pos="verb" trans="knit" translit=""/><ana lex="ถัก" pos="verb,transitive" trans="knit" translit=""/><ana lex="ถัก" pos="PHRV" trans="knit up" translit=""/></w><w>ทอ<ana lex="ทอ" pos="verb" trans="weave" translit=""/><ana lex="ทอ" pos="verb,intransitive" trans="interweave" translit=""/><ana lex="ทอ" pos="verb,transitive" trans="interweave" translit=""/></w></se><se><w>เป็น<ana lex="เป็น" pos="auxiliary verb" trans="are" translit=""/><ana lex="เป็น" pos="verb,intransitive" trans="been" translit=""/><ana lex="เป็น" pos="verb,intransitive" trans="come" translit=""/><ana lex="เป็น" pos="verb" trans="be able to" translit=""/><ana lex="เป็น" pos="verb" trans="be" translit=""/><ana lex="เป็น" pos="adjective" trans="alive" translit=""/></w><w>ธรรมดา<ana lex="ธรรมดา" pos="adjective" trans="trivial" translit=""/><ana lex="ธรรมดา" pos="adjective" trans="lowly" translit=""/><ana lex="ธรรมดา" pos="adjective" trans="mediocre" translit=""/><ana lex="ธรรมดา" pos="adjective" trans="hackneyed" translit=""/><ana lex="ธรรมดา" pos="adjective" trans="natural" translit=""/><ana lex="ธรรมดา" pos="adjective" trans="prototypical" translit=""/><ana lex="ธรรมดา" pos="adjective" trans="stereotyped" translit=""/><ana lex="ธรรมดา" pos="idiom" trans="run of the mill" translit=""/><ana lex="ธรรมดา" pos="adjective" trans="ordinary" translit=""/><ana lex="ธรรมดา" pos="adverb" trans="normally" translit=""/><ana lex="ธรรมดา" pos="adjective" trans="basic" translit=""/><ana lex="ธรรมดา" pos="adjective" trans="conventional" translit=""/><ana lex="ธรรมดา" pos="adjective" trans="quotidian" translit=""/><ana lex="ธรรมดา" pos="adjective" trans="plain" translit=""/><ana lex="ธรรมดา" pos="noun,loanword,Pali" trans="natural state; natural law; nature; custom; habit" translit="thamM maH daaM"/><ana lex="ธรรมดา" pos="adjective,loanword,Pali" trans="[is] usual; ordinary; normal; average; plain; regular; natural; common" translit="thamM maH daaM"/></w><w>คารม<ana lex="คารม" pos="noun" trans="rhetoric" translit=""/><ana lex="คารม" pos="noun" trans="eloquent speech; oratory" translit="khaaM rohmM"/></w><w>อารมณ์<ana lex="อารมณ์" pos="noun" trans="mood" translit=""/><ana lex="อารมณ์" pos="noun" trans="affection" translit=""/><ana lex="อารมณ์" pos="noun" trans="spirit" translit=""/><ana lex="อารมณ์" pos="noun" trans="emotion" translit=""/><ana lex="อารมณ์" pos="noun" trans="spirits" translit=""/><ana lex="อารมณ์" pos="noun" trans="(taking into) consideration" translit=""/><ana lex="อารมณ์" pos="PRF" trans="patho-" translit=""/><ana lex="อารมณ์" pos="noun" trans="characteristics" translit=""/><ana lex="อารมณ์" pos="noun" trans="temper" translit=""/><ana lex="อารมณ์" pos="noun" trans="temperament" translit=""/><ana lex="อารมณ์" pos="noun" trans="humor" translit=""/><ana lex="อารมณ์" pos="noun" trans="temper" translit=""/><ana lex="อารมณ์" pos="noun" trans="sentiment" translit=""/><ana lex="อารมณ์" pos="noun" trans="sense" translit=""/></w><w>หนึ่ง<ana lex="หนึ่ง" pos="adjective" trans="ae" translit=""/><ana lex="หนึ่ง" pos="PRF" trans="uni-" translit=""/></w></se><se><w>ของ<ana lex="ของ" pos="noun" trans="thing" translit=""/><ana lex="ของ" pos="PRF" trans="a-" translit=""/><ana lex="ของ" pos="noun" trans="item" translit=""/><ana lex="ของ" pos="preposition" trans="of" translit=""/><ana lex="ของ" pos="preposition" trans="of" translit=""/></w><w>ใจ<ana lex="ใจ" pos="noun" trans="heart" translit=""/><ana lex="ใจ" pos="noun" trans="mind" translit=""/></w><w>ซึ่ง<ana lex="ซึ่ง" pos="PRON" trans="which" translit=""/></w><w>หวั่นไหว<ana lex="หวั่นไหว" pos="verb" trans="be shaken" translit=""/></w><w>ใช่<ana lex="ใช่" pos="adverb" trans="yes" translit=""/></w><w>ไหม<ana lex="ไหม" pos="noun" trans="silk thread" translit=""/><ana lex="ไหม" pos="noun" trans="silk" translit="maiR"/><ana lex="ไหม" pos="noun" trans="silk wool" translit=""/><ana lex="ไหม" pos="noun" trans="silk cloth" translit=""/><ana lex="ไหม" pos="noun" trans="silk worm" translit=""/><ana lex="ไหม" pos="QUES" trans="word ending at the end of the question to be answered 'Yes' or 'No'" translit=""/><ana lex="ไหม" pos="noun" trans="[ตัวไหม] silkworm" translit="maiR"/><ana lex="ไหม" pos="particle" trans="[word added at the end of a statement to indicate a question]" translit="maiR"/><ana lex="ไหม" pos="adverb,particle" trans="[alternative, colloquial pronunciation of ไหม, word added at the end of a statement to indicate a question]" translit="maiH"/><ana lex="ไหม" pos="" trans="[alternate pronunciation of ไหม]" translit="maiH"/><ana lex="ไหม" pos="noun" trans="[ผ้าไหม] silk fabric" translit="maiR"/><ana lex="ไหม" pos="adjective" trans="silken; of silk" translit="maiR"/></w><w>หนอ<ana lex="หนอ" pos="particle" trans="[a word placed at the end of a sentence, after a phrase or behind a question word to show an act of pondering, reflecting, considering or contemplating (รำพึง)]" translit="naawR"/><ana lex="หนอ" pos="QUES" trans="question" translit=""/><ana lex="หนอ" pos="" trans="[alternate spelling of นะ ]" translit="naawR"/><ana lex="หนอ" pos="interjection" trans="um" translit=""/></w></se><se><w>มี<ana lex="มี" pos="verb" trans="consist of" translit=""/><ana lex="มี" pos="verb" trans="there is/are" translit=""/><ana lex="มี" pos="verb" trans="have" translit=""/><ana lex="มี" pos="verb,transitive" trans="contain" translit=""/><ana lex="มี" pos="verb,transitive" trans="has" translit=""/><ana lex="มี" pos="verb,transitive" trans="have" translit=""/><ana lex="มี" pos="adjective" trans="rich" translit=""/></w><w>เคว้งคว้าง<ana lex="เคว้งคว้าง" pos="verb" trans="drift" translit=""/><ana lex="เคว้งคว้าง" pos="adverb" trans="adrift" translit=""/></w><w>ว่างเปล่า<ana lex="ว่างเปล่า" pos="adjective" trans="yeld" translit=""/><ana lex="ว่างเปล่า" pos="adjective" trans="empty" translit=""/><ana lex="ว่างเปล่า" pos="adjective" trans="desolate" translit=""/></w><w>เหงา<ana lex="เหงา" pos="verb" trans="feel lonely" translit=""/><ana lex="เหงา" pos="noun" trans="[ความเหงา] loneliness; solitude; desolation; isolation; seclusion" translit="ngaoR"/><ana lex="เหงา" pos="verb" trans="[เหงาใจ] [is] (feeling) lonely" translit="ngaoR"/><ana lex="เหงา" pos="adjective" trans="[is] lonely" translit="ngaoR"/></w><w>เพราะ<ana lex="เพราะ" pos="conjunction" trans="because" translit=""/><ana lex="เพราะ" pos="adjective" trans="melodious" translit=""/></w><w>รอ<ana lex="รอ" pos="verb" trans="wait for" translit=""/><ana lex="รอ" pos="verb" trans="await (for something to happen)" translit=""/><ana lex="รอ" pos="noun" trans="embankment" translit=""/></w></se><se><w>ทั้ง<ana lex="ทั้ง" pos="DET" trans="both" translit=""/><ana lex="ทั้ง" pos="PRON" trans="whole" translit=""/></w><w>ตัดพ้อ<ana lex="ตัดพ้อ" pos="verb" trans="complain" translit=""/></w><w>เพราะ<ana lex="เพราะ" pos="conjunction" trans="because" translit=""/><ana lex="เพราะ" pos="adjective" trans="melodious" translit=""/></w><w>คอย<ana lex="คอย" pos="PHRV" trans="wait behind" translit=""/><ana lex="คอย" pos="PHRV" trans="stick around" translit=""/><ana lex="คอย" pos="PHRV" trans="stick about" translit=""/><ana lex="คอย" pos="verb,transitive" trans="tarry" translit=""/><ana lex="คอย" pos="verb" trans="wait" translit=""/><ana lex="คอย" pos="verb,transitive" trans="bide" translit=""/></w><w>ด้วย<ana lex="ด้วย" pos="PRF" trans="com-" translit=""/><ana lex="ด้วย" pos="adverb" trans="along" translit=""/><ana lex="ด้วย" pos="conjunction" trans="plus" translit=""/><ana lex="ด้วย" pos="preposition" trans="with" translit=""/><ana lex="ด้วย" pos="adverb" trans="also" translit=""/><ana lex="ด้วย" pos="conjunction" trans="because" translit=""/><ana lex="ด้วย" pos="preposition" trans="by" translit=""/><ana lex="ด้วย" pos="adverb" trans="so" translit=""/></w><w>น้อยใจ<ana lex="น้อยใจ" pos="verb" trans="hurt" translit=""/><ana lex="น้อยใจ" pos="verb,transitive" trans="hurt by" translit=""/><ana lex="น้อยใจ" pos="adjective" trans="hurtful" translit=""/></w></se><se><w>ใย<ana lex="ใย" pos="noun" trans="web" translit=""/><ana lex="ใย" pos="adjective" trans="bright" translit=""/></w><w>ห่วง<ana lex="ห่วง" pos="noun" trans="hoop" translit=""/><ana lex="ห่วง" pos="verb" trans="be concerned with/about" translit=""/><ana lex="ห่วง" pos="noun" trans="ring" translit=""/><ana lex="ห่วง" pos="noun" trans="ring" translit=""/><ana lex="ห่วง" pos="noun" trans="loop" translit=""/></w><w>หา<ana lex="หา" pos="verb" trans="grope" translit=""/><ana lex="หา" pos="verb" trans="accuse" translit=""/><ana lex="หา" pos="verb" trans="see" translit=""/><ana lex="หา" pos="verb,transitive" trans="find" translit=""/><ana lex="หา" pos="verb" trans="search for" translit=""/></w><w>อาทร<ana lex="อาทร" pos="noun" trans="care" translit=""/><ana lex="อาทร" pos="verb" trans="care" translit=""/></w><w>ซ่อน<ana lex="ซ่อน" pos="idiom" trans="rout out" translit=""/><ana lex="ซ่อน" pos="PHRV" trans="plant on" translit=""/><ana lex="ซ่อน" pos="verb" trans="hide" translit=""/><ana lex="ซ่อน" pos="verb,transitive" trans="hide" translit=""/><ana lex="ซ่อน" pos="verb,transitive" trans="shroud" translit=""/><ana lex="ซ่อน" pos="PHRV" trans="blot out" translit=""/><ana lex="ซ่อน" pos="verb,intransitive" trans="hide" translit=""/><ana lex="ซ่อน" pos="PHRV" trans="cover up" translit=""/><ana lex="ซ่อน" pos="verb,transitive" trans="occult" translit=""/></w><w>สีหน้า<ana lex="สีหน้า" pos="noun" trans="countenance" translit=""/><ana lex="สีหน้า" pos="noun" trans="countenance" translit=""/><ana lex="สีหน้า" pos="noun" trans="look" translit=""/><ana lex="สีหน้า" pos="noun" trans="face" translit=""/><ana lex="สีหน้า" pos="noun" trans="physiognomy" translit=""/></w></se><se><w>ปกปิด<ana lex="ปกปิด" pos="verb,transitive" trans="screen" translit=""/><ana lex="ปกปิด" pos="verb,transitive" trans="cover up" translit=""/><ana lex="ปกปิด" pos="verb,transitive" trans="conceal" translit=""/><ana lex="ปกปิด" pos="PHRV" trans="smother up" translit=""/><ana lex="ปกปิด" pos="verb" trans="to cover up; conceal" translit="bpohkL bpitL"/><ana lex="ปกปิด" pos="verb" trans="conceal" translit=""/><ana lex="ปกปิด" pos="PHRV" trans="paper over" translit=""/><ana lex="ปกปิด" pos="verb,transitive" trans="hush up" translit=""/><ana lex="ปกปิด" pos="verb,transitive" trans="hush" translit=""/><ana lex="ปกปิด" pos="verb,intransitive" trans="cover up" translit=""/><ana lex="ปกปิด" pos="PHRV" trans="plaster over" translit=""/></w><w>ว่า</w><w>วัน<ana lex="วัน" pos="" trans="[alternate pronunciation of วัน ]" translit="wanM naH"/><ana lex="วัน" pos="noun" trans="day" translit=""/><ana lex="วัน" pos="noun" trans="diem" translit=""/><ana lex="วัน" pos="noun" trans="day" translit=""/></w><w>นี้</w><w>เศร้า<ana lex="เศร้า" pos="adjective" trans="sad" translit=""/><ana lex="เศร้า" pos="adjective" trans="melancholy" translit=""/><ana lex="เศร้า" pos="adjective" trans="lowdown" translit=""/><ana lex="เศร้า" pos="adjective" trans="sad" translit=""/><ana lex="เศร้า" pos="adverb" trans="sadly" translit=""/><ana lex="เศร้า" pos="adjective" trans="heavy" translit=""/><ana lex="เศร้า" pos="verb" trans="be sad" translit=""/><ana lex="เศร้า" pos="adjective" trans="heavy-hearted" translit=""/></w><w>เหงา<ana lex="เหงา" pos="verb" trans="feel lonely" translit=""/><ana lex="เหงา" pos="noun" trans="[ความเหงา] loneliness; solitude; desolation; isolation; seclusion" translit="ngaoR"/><ana lex="เหงา" pos="verb" trans="[เหงาใจ] [is] (feeling) lonely" translit="ngaoR"/><ana lex="เหงา" pos="adjective" trans="[is] lonely" translit="ngaoR"/></w><w>ใช่<ana lex="ใช่" pos="adverb" trans="yes" translit=""/></w><w>ไหม<ana lex="ไหม" pos="noun" trans="silk thread" translit=""/><ana lex="ไหม" pos="noun" trans="silk" translit="maiR"/><ana lex="ไหม" pos="noun" trans="silk wool" translit=""/><ana lex="ไหม" pos="noun" trans="silk cloth" translit=""/><ana lex="ไหม" pos="noun" trans="silk worm" translit=""/><ana lex="ไหม" pos="QUES" trans="word ending at the end of the question to be answered 'Yes' or 'No'" translit=""/><ana lex="ไหม" pos="noun" trans="[ตัวไหม] silkworm" translit="maiR"/><ana lex="ไหม" pos="particle" trans="[word added at the end of a statement to indicate a question]" translit="maiR"/><ana lex="ไหม" pos="adverb,particle" trans="[alternative, colloquial pronunciation of ไหม, word added at the end of a statement to indicate a question]" translit="maiH"/><ana lex="ไหม" pos="" trans="[alternate pronunciation of ไหม]" translit="maiH"/><ana lex="ไหม" pos="noun" trans="[ผ้าไหม] silk fabric" translit="maiR"/><ana lex="ไหม" pos="adjective" trans="silken; of silk" translit="maiR"/></w></se><se><w>แท้<ana lex="แท้" pos="adjective" trans="pure" translit=""/><ana lex="แท้" pos="adjective" trans="real" translit=""/><ana lex="แท้" pos="adverb" trans="really" translit=""/><ana lex="แท้" pos="adjective" trans="pure" translit=""/><ana lex="แท้" pos="adjective" trans="genuine" translit=""/><ana lex="แท้" pos="adjective" trans="true" translit=""/><ana lex="แท้" pos="adjective" trans="pukka" translit=""/><ana lex="แท้" pos="adverb" trans="really" translit=""/></w><w>ส่วน<ana lex="ส่วน" pos="conjunction" trans="as for" translit=""/><ana lex="ส่วน" pos="noun" trans="part" translit=""/><ana lex="ส่วน" pos="noun" trans="part" translit=""/><ana lex="ส่วน" pos="noun" trans="piece" translit=""/><ana lex="ส่วน" pos="noun" trans="share" translit=""/><ana lex="ส่วน" pos="noun" trans="fraction" translit=""/><ana lex="ส่วน" pos="noun" trans="equivalence" translit=""/><ana lex="ส่วน" pos="noun" trans="part" translit=""/><ana lex="ส่วน" pos="noun" trans="part" translit=""/></w><w>ลึก<ana lex="ลึก" pos="adjective" trans="profound" translit=""/><ana lex="ลึก" pos="verb" trans="be deep" translit=""/><ana lex="ลึก" pos="adjective" trans="deep" translit=""/><ana lex="ลึก" pos="adverb" trans="deeply" translit=""/></w><w>กร่อน<ana lex="กร่อน" pos="verb" trans="erode" translit=""/><ana lex="กร่อน" pos="verb,transitive" trans="erode" translit=""/><ana lex="กร่อน" pos="verb,intransitive" trans="erode" translit=""/></w><w>ห่วง<ana lex="ห่วง" pos="noun" trans="hoop" translit=""/><ana lex="ห่วง" pos="verb" trans="be concerned with/about" translit=""/><ana lex="ห่วง" pos="noun" trans="ring" translit=""/><ana lex="ห่วง" pos="noun" trans="ring" translit=""/><ana lex="ห่วง" pos="noun" trans="loop" translit=""/></w><w>หา<ana lex="หา" pos="verb" trans="grope" translit=""/><ana lex="หา" pos="verb" trans="accuse" translit=""/><ana lex="หา" pos="verb" trans="see" translit=""/><ana lex="หา" pos="verb,transitive" trans="find" translit=""/><ana lex="หา" pos="verb" trans="search for" translit=""/></w><w>แฝง<ana lex="แฝง" pos="verb" trans="conceal" translit=""/></w><w>อาลัย<ana lex="อาลัย" pos="verb" trans="feel sad" translit=""/><ana lex="อาลัย" pos="verb" trans="to miss; grieve over the loss of" translit="aaM laiM"/></w></se><se><w>เพราะ<ana lex="เพราะ" pos="conjunction" trans="because" translit=""/><ana lex="เพราะ" pos="adjective" trans="melodious" translit=""/></w><w>ทาง<ana lex="ทาง" pos="noun" trans="way" translit=""/><ana lex="ทาง" pos="noun" trans="palm leaf" translit=""/><ana lex="ทาง" pos="preposition" trans="from" translit=""/><ana lex="ทาง" pos="noun" trans="way" translit=""/><ana lex="ทาง" pos="classifier" trans="qualifier for palm leaves" translit=""/><ana lex="ทาง" pos="preposition" trans="by" translit=""/><ana lex="ทาง" pos="noun" trans="side" translit=""/><ana lex="ทาง" pos="noun" trans="pathway" translit=""/><ana lex="ทาง" pos="preposition" trans="by" translit=""/></w><w>ไกล<ana lex="ไกล" pos="adverb" trans="far" translit=""/><ana lex="ไกล" pos="PRF" trans="tele-" translit=""/><ana lex="ไกล" pos="adverb" trans="far" translit=""/><ana lex="ไกล" pos="adjective" trans="remote" translit=""/><ana lex="ไกล" pos="adjective" trans="far-off" translit=""/></w><w>ไหว<ana lex="ไหว" pos="verb" trans="vibrate" translit=""/><ana lex="ไหว" pos="verb,intransitive" trans="quiver" translit=""/><ana lex="ไหว" pos="adverb" trans="-ably" translit=""/></w><w>ระแวง<ana lex="ระแวง" pos="adjective" trans="[is] doubtful; suspicious (of)" translit="raH waaengM"/><ana lex="ระแวง" pos="adjective" trans="[ขี้ระแวง] [is] suspicious; distrustful; doubtful" translit="raH waaengM"/></w><w>คลางแคลง<ana lex="คลางแคลง" pos="adjective" trans="[is] doubtful; suspicious; suspecting" translit="khlaangM khlaaengM"/><ana lex="คลางแคลง" pos="verb" trans="suspect" translit=""/></w><w>กัน<ana lex="กัน" pos="verb" trans="keep out" translit=""/><ana lex="กัน" pos="PRON" trans="one another" translit=""/><ana lex="กัน" pos="PHRV" trans="screen off" translit=""/><ana lex="กัน" pos="adverb" trans="together" translit=""/><ana lex="กัน" pos="verb" trans="shave" translit=""/><ana lex="กัน" pos="verb" trans="separate" translit=""/></w></se><se><w>เป็น<ana lex="เป็น" pos="auxiliary verb" trans="are" translit=""/><ana lex="เป็น" pos="verb,intransitive" trans="been" translit=""/><ana lex="เป็น" pos="verb,intransitive" trans="come" translit=""/><ana lex="เป็น" pos="verb" trans="be able to" translit=""/><ana lex="เป็น" pos="verb" trans="be" translit=""/><ana lex="เป็น" pos="adjective" trans="alive" translit=""/></w><w>ส่วน<ana lex="ส่วน" pos="conjunction" trans="as for" translit=""/><ana lex="ส่วน" pos="noun" trans="part" translit=""/><ana lex="ส่วน" pos="noun" trans="part" translit=""/><ana lex="ส่วน" pos="noun" trans="piece" translit=""/><ana lex="ส่วน" pos="noun" trans="share" translit=""/><ana lex="ส่วน" pos="noun" trans="fraction" translit=""/><ana lex="ส่วน" pos="noun" trans="equivalence" translit=""/><ana lex="ส่วน" pos="noun" trans="part" translit=""/><ana lex="ส่วน" pos="noun" trans="part" translit=""/></w><w>หนึ่ง<ana lex="หนึ่ง" pos="adjective" trans="ae" translit=""/><ana lex="หนึ่ง" pos="PRF" trans="uni-" translit=""/></w><w>ใน<ana lex="ใน" pos="preposition" trans="in" translit=""/><ana lex="ใน" pos="adjective" trans="in" translit=""/><ana lex="ใน" pos="PRF" trans="em-" translit=""/><ana lex="ใน" pos="PRF" trans="en-" translit=""/><ana lex="ใน" pos="PRF" trans="en-" translit=""/><ana lex="ใน" pos="PRF" trans="il-" translit=""/><ana lex="ใน" pos="preposition" trans="of" translit=""/><ana lex="ใน" pos="PRF" trans="in-" translit=""/><ana lex="ใน" pos="PRF" trans="im-" translit=""/><ana lex="ใน" pos="adverb" trans="in" translit=""/><ana lex="ใน" pos="preposition" trans="in" translit=""/></w><w>ทฤษฎี<ana lex="ทฤษฎี" pos="classifier" trans="[numerical classifier for theories]" translit="thritH saL deeM"/><ana lex="ทฤษฎี" pos="noun" trans="theory" translit="thritH saL deeM"/><ana lex="ทฤษฎี" pos="noun" trans="theory" translit=""/><ana lex="ทฤษฎี" pos="noun" trans="principle" translit=""/><ana lex="ทฤษฎี" pos="noun" trans="doctrine" translit=""/><ana lex="ทฤษฎี" pos="noun" trans="theory" translit=""/></w><w>บัญชี<ana lex="บัญชี" pos="noun" trans="account book" translit=""/><ana lex="บัญชี" pos="noun" trans="account" translit=""/><ana lex="บัญชี" pos="noun" trans="debt" translit=""/><ana lex="บัญชี" pos="noun" trans="account" translit=""/></w><w>รัก<ana lex="รัก" pos="verb,transitive" trans="treasure" translit=""/><ana lex="รัก" pos="verb,transitive" trans="adore" translit=""/><ana lex="รัก" pos="PRF" trans="phil-" translit=""/><ana lex="รัก" pos="PRF" trans="philo-" translit=""/><ana lex="รัก" pos="PHRV" trans="be attached to" translit=""/></w></se><se><w>เขียน<ana lex="เขียน" pos="verb,intransitive" trans="write" translit=""/><ana lex="เขียน" pos="verb" trans="write" translit=""/><ana lex="เขียน" pos="verb,transitive" trans="write" translit=""/><ana lex="เขียน" pos="PHRV" trans="frame up" translit=""/><ana lex="เขียน" pos="PHRV" trans="make out" translit=""/><ana lex="เขียน" pos="verb,transitive" trans="make" translit=""/></w><w>กฎ<ana lex="กฎ" pos="noun" trans="precept" translit=""/><ana lex="กฎ" pos="noun" trans="regulation" translit=""/><ana lex="กฎ" pos="noun" trans="rule" translit=""/><ana lex="กฎ" pos="noun" trans="principle" translit=""/><ana lex="กฎ" pos="noun" trans="statute" translit=""/></w><w>หลัก<ana lex="หลัก" pos="noun" trans="principal" translit=""/><ana lex="หลัก" pos="noun" trans="main principle" translit=""/><ana lex="หลัก" pos="noun" trans="pole" translit=""/><ana lex="หลัก" pos="adjective" trans="main" translit=""/><ana lex="หลัก" pos="noun" trans="stake" translit=""/><ana lex="หลัก" pos="noun" trans="keystone" translit=""/><ana lex="หลัก" pos="noun" trans="principle" translit=""/></w><w>ปักใจ<ana lex="ปักใจ" pos="adjective" trans="[ปักใจ] [is] firmly convinced and confident; set and firm in belief" translit="bpakL jaiM"/><ana lex="ปักใจ" pos="verb" trans="determine" translit=""/></w><w>ร้อย<ana lex="ร้อย" pos="noun" trans="hundred" translit=""/><ana lex="ร้อย" pos="verb" trans="thread" translit=""/><ana lex="ร้อย" pos="noun" trans="lieutenant" translit=""/><ana lex="ร้อย" pos="PRF" trans="centi-" translit=""/></w><w>ไหว<ana lex="ไหว" pos="verb" trans="vibrate" translit=""/><ana lex="ไหว" pos="verb,intransitive" trans="quiver" translit=""/><ana lex="ไหว" pos="adverb" trans="-ably" translit=""/></w><w>หวั่น<ana lex="หวั่น" pos="verb" trans="[ประหวั่น] to fear" translit="wanL"/><ana lex="หวั่น" pos="verb,intransitive" trans="to fear; be afraid" translit="wanL"/><ana lex="หวั่น" pos="adjective" trans="[หวั่นใจ] [is] afraid (apprehensive, anxious, concerned, worried, nervous, uneasy) that something bad may happen; on tenderhooks" translit="wanL"/><ana lex="หวั่น" pos="verb" trans="be afraid of" translit=""/></w></se><se><w>เมื่อ<ana lex="เมื่อ" pos="adverb" trans="when" translit=""/><ana lex="เมื่อ" pos="adverb" trans="when" translit=""/><ana lex="เมื่อ" pos="conjunction" trans="directly" translit=""/><ana lex="เมื่อ" pos="adverb" trans="in the days of" translit=""/><ana lex="เมื่อ" pos="conjunction" trans="when" translit=""/></w><w>เริ่ม<ana lex="เริ่ม" pos="verb,transitive" trans="strike up" translit=""/><ana lex="เริ่ม" pos="verb,intransitive" trans="start" translit=""/><ana lex="เริ่ม" pos="PHRV" trans="institute against" translit=""/><ana lex="เริ่ม" pos="PHRV" trans="get away" translit=""/><ana lex="เริ่ม" pos="verb,intransitive" trans="begin" translit=""/><ana lex="เริ่ม" pos="verb,transitive" trans="start" translit=""/><ana lex="เริ่ม" pos="PHRV" trans="get off1" translit=""/><ana lex="เริ่ม" pos="PHRV" trans="start in" translit=""/></w><w>เรียน<ana lex="เรียน" pos="verb,transitive" trans="take" translit=""/><ana lex="เรียน" pos="verb,transitive" trans="learn" translit=""/><ana lex="เรียน" pos="verb,intransitive" trans="learn" translit=""/><ana lex="เรียน" pos="verb" trans="salutation of a letter as a conventional greeting" translit=""/><ana lex="เรียน" pos="verb" trans="inform" translit=""/><ana lex="เรียน" pos="verb,transitive" trans="read" translit=""/><ana lex="เรียน" pos="verb" trans="learn" translit=""/></w><w>เขียน<ana lex="เขียน" pos="verb,intransitive" trans="write" translit=""/><ana lex="เขียน" pos="verb" trans="write" translit=""/><ana lex="เขียน" pos="verb,transitive" trans="write" translit=""/><ana lex="เขียน" pos="PHRV" trans="frame up" translit=""/><ana lex="เขียน" pos="PHRV" trans="make out" translit=""/><ana lex="เขียน" pos="verb,transitive" trans="make" translit=""/></w><w>สมาน<ana lex="สมาน" pos="verb" trans="unite" translit=""/><ana lex="สมาน" pos="verb" trans="heal up" translit=""/></w><w>สาน<ana lex="สาน" pos="verb" trans="weave" translit=""/></w><w>สัมพันธ์<ana lex="สัมพันธ์" pos="noun" trans="relatedness" translit=""/><ana lex="สัมพันธ์" pos="noun" trans="relations" translit=""/><ana lex="สัมพันธ์" pos="verb" trans="be related" translit=""/></w></se><se><w>ทั้ง<ana lex="ทั้ง" pos="DET" trans="both" translit=""/><ana lex="ทั้ง" pos="PRON" trans="whole" translit=""/></w><w>สร้างสรรค์<ana lex="สร้างสรรค์" pos="verb,transitive" trans="create" translit=""/><ana lex="สร้างสรรค์" pos="adjective" trans="[is] creative" translit="saangF sanR"/><ana lex="สร้างสรรค์" pos="verb" trans="create" translit=""/><ana lex="สร้างสรรค์" pos="verb" trans="to create; invent; make; originate; devise; formulate" translit="saangF sanR"/><ana lex="สร้างสรรค์" pos="verb" trans="create" translit=""/><ana lex="สร้างสรรค์" pos="verb,transitive" trans="invent" translit=""/></w><w>ปั้น<ana lex="ปั้น" pos="classifier" trans="clod" translit=""/><ana lex="ปั้น" pos="verb" trans="mold" translit=""/></w><w>แต่ง<ana lex="แต่ง" pos="verb" trans="decorate" translit=""/><ana lex="แต่ง" pos="verb" trans="prepare" translit=""/><ana lex="แต่ง" pos="verb" trans="compose" translit=""/><ana lex="แต่ง" pos="verb" trans="name" translit=""/></w><w>แฝง<ana lex="แฝง" pos="verb" trans="conceal" translit=""/></w><w>ทำลาย<ana lex="ทำลาย" pos="PHRV" trans="cast down" translit=""/><ana lex="ทำลาย" pos="verb,transitive" trans="crab" translit=""/><ana lex="ทำลาย" pos="verb,transitive" trans="murder" translit=""/><ana lex="ทำลาย" pos="verb,transitive" trans="cripple" translit=""/><ana lex="ทำลาย" pos="PHRV" trans="bang around1" translit=""/><ana lex="ทำลาย" pos="verb,transitive" trans="destroy" translit=""/><ana lex="ทำลาย" pos="verb,intransitive" trans="destroy" translit=""/><ana lex="ทำลาย" pos="verb,transitive" trans="torpedo" translit=""/><ana lex="ทำลาย" pos="PHRV" trans="blot out" translit=""/><ana lex="ทำลาย" pos="verb,transitive" trans="break" translit=""/><ana lex="ทำลาย" pos="PHRV" trans="break up" translit=""/><ana lex="ทำลาย" pos="PHRV" trans="finish off" translit=""/><ana lex="ทำลาย" pos="PHRV" trans="pull down" translit=""/><ana lex="ทำลาย" pos="verb,transitive" trans="uproot" translit=""/><ana lex="ทำลาย" pos="PHRV" trans="wash out" translit=""/><ana lex="ทำลาย" pos="verb,transitive" trans="destruct" translit=""/><ana lex="ทำลาย" pos="PHRV" trans="bang about1" translit=""/><ana lex="ทำลาย" pos="PHRV" trans="make away with" translit=""/><ana lex="ทำลาย" pos="verb,transitive" trans="unmake" translit=""/><ana lex="ทำลาย" pos="PHRV" trans="lay waste" translit=""/><ana lex="ทำลาย" pos="verb,transitive" trans="assassinate" translit=""/><ana lex="ทำลาย" pos="verb" trans="destroy" translit=""/><ana lex="ทำลาย" pos="verb,transitive" trans="annihilate" translit=""/><ana lex="ทำลาย" pos="PHRV" trans="wash away" translit=""/><ana lex="ทำลาย" pos="PHRV" trans="smash up" translit=""/><ana lex="ทำลาย" pos="PHRV" trans="root out" translit=""/><ana lex="ทำลาย" pos="PHRV" trans="cut to pieces" translit=""/><ana lex="ทำลาย" pos="verb,transitive" trans="scuttle" translit=""/><ana lex="ทำลาย" pos="verb,transitive" trans="undo" translit=""/><ana lex="ทำลาย" pos="PHRV" trans="lay low" translit=""/><ana lex="ทำลาย" pos="PHRV" trans="strike at" translit=""/><ana lex="ทำลาย" pos="PHRV" trans="cut to shreds" translit=""/><ana lex="ทำลาย" pos="verb,transitive" trans="extinguish" translit=""/><ana lex="ทำลาย" pos="idiom" trans="bring something to the ground" translit=""/><ana lex="ทำลาย" pos="PHRV" trans="do in" translit=""/><ana lex="ทำลาย" pos="PHRV" trans="do in" translit=""/><ana lex="ทำลาย" pos="verb,transitive" trans="waste" translit=""/><ana lex="ทำลาย" pos="verb,transitive" trans="blight" translit=""/><ana lex="ทำลาย" pos="PHRV" trans="make hay of" translit=""/><ana lex="ทำลาย" pos="verb,transitive" trans="dash" translit=""/><ana lex="ทำลาย" pos="PHRV" trans="plough under" translit=""/><ana lex="ทำลาย" pos="PHRV" trans="kick in1" translit=""/><ana lex="ทำลาย" pos="PHRV" trans="put paid to" translit=""/><ana lex="ทำลาย" pos="verb,intransitive" trans="unbuild" translit=""/><ana lex="ทำลาย" pos="verb,transitive" trans="unbuild" translit=""/><ana lex="ทำลาย" pos="verb,transitive" trans="eat" translit=""/><ana lex="ทำลาย" pos="idiom" trans="wreak havoc with" translit=""/><ana lex="ทำลาย" pos="PHRV0" trans="bust up" translit=""/></w></se><se><w>พัน<ana lex="พัน" pos="verb" trans="involve" translit=""/><ana lex="พัน" pos="verb,transitive" trans="swaddle" translit=""/><ana lex="พัน" pos="verb,intransitive" trans="wind" translit=""/><ana lex="พัน" pos="PRF" trans="kilo-" translit=""/><ana lex="พัน" pos="verb" trans="bind" translit=""/><ana lex="พัน" pos="verb,transitive" trans="wind" translit=""/><ana lex="พัน" pos="PRF" trans="milli-" translit=""/><ana lex="พัน" pos="verb,transitive" trans="intwine" translit=""/><ana lex="พัน" pos="noun" trans="thousand" translit=""/><ana lex="พัน" pos="verb,intransitive" trans="intwine" translit=""/></w><w>คำ<ana lex="คำ" pos="noun" trans="word" translit=""/><ana lex="คำ" pos="noun" trans="vocable" translit=""/><ana lex="คำ" pos="noun" trans="word" translit=""/></w><w>หวาน<ana lex="หวาน" pos="verb" trans="keep turning" translit=""/><ana lex="หวาน" pos="adjective" trans="sweet-sounding" translit=""/><ana lex="หวาน" pos="adverb" trans="as easy as pie" translit=""/><ana lex="หวาน" pos="adjective" trans="sweet" translit=""/></w><w>ผ่าน<ana lex="ผ่าน" pos="PHRV" trans="get by1" translit=""/><ana lex="ผ่าน" pos="verb" trans="ask a high price" translit=""/><ana lex="ผ่าน" pos="verb" trans="pass" translit=""/><ana lex="ผ่าน" pos="verb" trans="change" translit=""/><ana lex="ผ่าน" pos="PHRV" trans="enter by" translit=""/><ana lex="ผ่าน" pos="verb" trans="overcome" translit=""/><ana lex="ผ่าน" pos="verb,transitive" trans="passage" translit=""/><ana lex="ผ่าน" pos="verb,intransitive" trans="passage" translit=""/><ana lex="ผ่าน" pos="adverb" trans="thru" translit=""/><ana lex="ผ่าน" pos="preposition" trans="thru" translit=""/><ana lex="ผ่าน" pos="PRF" trans="dia-" translit=""/><ana lex="ผ่าน" pos="verb" trans="carry" translit=""/><ana lex="ผ่าน" pos="PRF" trans="per-" translit=""/><ana lex="ผ่าน" pos="PHRV" trans="get through2" translit=""/><ana lex="ผ่าน" pos="PHRV" trans="go past" translit=""/><ana lex="ผ่าน" pos="verb" trans="be used to" translit=""/><ana lex="ผ่าน" pos="adjective" trans="thru" translit=""/><ana lex="ผ่าน" pos="PHRV" trans="be past" translit=""/><ana lex="ผ่าน" pos="preposition" trans="by" translit=""/></w><w>ผัน<ana lex="ผัน" pos="noun" trans="[บัวผัน] a species of lotus Nymphaea stellafa" translit="phanR"/><ana lex="ผัน" pos="verb" trans="modulate" translit=""/><ana lex="ผัน" pos="verb" trans="a change; modulation" translit="phanR"/><ana lex="ผัน" pos="noun" trans="Nymphaea stellafa" translit=""/><ana lex="ผัน" pos="verb" trans="turn" translit=""/><ana lex="ผัน" pos="verb" trans="change; modulate; alter; deviate; veer" translit="phanR"/><ana lex="ผัน" pos="verb" trans="alter" translit=""/><ana lex="ผัน" pos="adjective" trans="[is] turned-around" translit="phanR"/></w><w>นั้น<ana lex="นั้น" pos="pronoun" trans="that" translit=""/><ana lex="นั้น" pos="PRON" trans="that" translit=""/></w><w>ร้อย<ana lex="ร้อย" pos="noun" trans="hundred" translit=""/><ana lex="ร้อย" pos="verb" trans="thread" translit=""/><ana lex="ร้อย" pos="noun" trans="lieutenant" translit=""/><ana lex="ร้อย" pos="PRF" trans="centi-" translit=""/></w><w>ฤทธิ์<ana lex="ฤทธิ์" pos="noun,formal,loanword,Sanskrit" trans="[of medicines] effect" translit="ritH"/><ana lex="ฤทธิ์" pos="noun,adjective,loanword,Sanskrit" trans="enormous ability or resource; formidable force; colossal power; might; supernatural or paranormal power, miraculous or magical faculty" translit="ritH"/><ana lex="ฤทธิ์" pos="noun,loanword,Sanskrit" trans="prosperity; progress; growth" translit="ritH"/></w></se><se><w>หาก<ana lex="หาก" pos="conjunction" trans="if" translit=""/></w><w>เสพติด<ana lex="เสพติด" pos="adjective" trans="habit-forming" translit=""/></w><w>ต้อง<ana lex="ต้อง" pos="auxiliary verb" trans="must" translit=""/><ana lex="ต้อง" pos="" trans="[alternate pronunciation of ต้อง ]" translit="dtaawngF"/><ana lex="ต้อง" pos="verb" trans="fall into" translit=""/><ana lex="ต้อง" pos="verb" trans="touch" translit=""/><ana lex="ต้อง" pos="auxiliary verb" trans="must" translit=""/></w><w>ใจ<ana lex="ใจ" pos="noun" trans="heart" translit=""/><ana lex="ใจ" pos="noun" trans="mind" translit=""/></w><w>ไม่<ana lex="ไม่" pos="adverb" trans="not" translit=""/><ana lex="ไม่" pos="PRF" trans="an-" translit=""/><ana lex="ไม่" pos="PRF" trans="un-" translit=""/><ana lex="ไม่" pos="PRF" trans="un-" translit=""/><ana lex="ไม่" pos="adjective" trans="nary" translit=""/><ana lex="ไม่" pos="NEG" trans="not" translit=""/><ana lex="ไม่" pos="PRF" trans="in-" translit=""/><ana lex="ไม่" pos="adverb" trans="no" translit=""/><ana lex="ไม่" pos="PRF" trans="non-" translit=""/><ana lex="ไม่" pos="PRF" trans="non-" translit=""/><ana lex="ไม่" pos="PRF" trans="in-" translit=""/><ana lex="ไม่" pos="SL" trans="no soup" translit=""/><ana lex="ไม่" pos="SL" trans="no sale" translit=""/><ana lex="ไม่" pos="SL" trans="nope" translit=""/><ana lex="ไม่" pos="SL" trans="No way!" translit=""/><ana lex="ไม่" pos="NEG" trans="not" translit=""/><ana lex="ไม่" pos="SL" trans="Nuts!" translit=""/></w><w>เบื่อ<ana lex="เบื่อ" pos="verb" trans="be bored with" translit=""/><ana lex="เบื่อ" pos="verb,intransitive" trans="tire" translit=""/><ana lex="เบื่อ" pos="verb" trans="be poisoned" translit=""/></w><w>หน่าย</w></se><se><w>พบ<ana lex="พบ" pos="PHRV" trans="run up against" translit=""/><ana lex="พบ" pos="verb" trans="meet" translit=""/><ana lex="พบ" pos="PHRV" trans="catch up with" translit=""/><ana lex="พบ" pos="verb,transitive" trans="see" translit=""/><ana lex="พบ" pos="verb" trans="find" translit=""/><ana lex="พบ" pos="PHRV" trans="find in1" translit=""/><ana lex="พบ" pos="idiom" trans="lay one's hands on" translit=""/></w><w>ระทม<ana lex="ระทม" pos="verb" trans="feel gloomy and depressed" translit=""/><ana lex="ระทม" pos="" trans="[ระทมใจ] to feel gloomy; depressed; angry" translit="raH thohmM"/><ana lex="ระทม" pos="verb" trans="to feel gloomy and depressed; suffer from a condition of excessive anguish" translit="raH thohmM"/></w><w>ขม<ana lex="ขม" pos="noun" trans="spinach" translit=""/><ana lex="ขม" pos="adjective" trans="bitter" translit=""/><ana lex="ขม" pos="noun" trans="freshwater snail" translit=""/><ana lex="ขม" pos="adjective" trans="bitter" translit=""/></w><w>ใจ<ana lex="ใจ" pos="noun" trans="heart" translit=""/><ana lex="ใจ" pos="noun" trans="mind" translit=""/></w><w>ไป<ana lex="ไป" pos="PRF" trans="ad-" translit=""/><ana lex="ไป" pos="verb" trans="go" translit=""/><ana lex="ไป" pos="SL" trans="chip" translit=""/><ana lex="ไป" pos="SL" trans="gone for a Burton" translit=""/><ana lex="ไป" pos="verb,intransitive" trans="go" translit=""/></w><w>จน<ana lex="จน" pos="conjunction" trans="until" translit=""/><ana lex="จน" pos="adjective" trans="bad-off" translit=""/><ana lex="จน" pos="verb" trans="be poor" translit=""/><ana lex="จน" pos="adjective" trans="badly-off" translit=""/></w><w>ตาย<ana lex="ตาย" pos="adjective" trans="defunct" translit=""/><ana lex="ตาย" pos="verb,intransitive" trans="demise" translit=""/><ana lex="ตาย" pos="verb,intransitive" trans="die" translit=""/><ana lex="ตาย" pos="verb" trans="lose" translit=""/><ana lex="ตาย" pos="SL" trans="cop it1" translit=""/><ana lex="ตาย" pos="SL" trans="croak" translit=""/><ana lex="ตาย" pos="SL" trans="kick the bucket" translit=""/><ana lex="ตาย" pos="SL" trans="buy it" translit=""/><ana lex="ตาย" pos="verb,intransitive" trans="decease" translit=""/><ana lex="ตาย" pos="verb,intransitive" trans="expire" translit=""/><ana lex="ตาย" pos="verb" trans="breakdown" translit=""/><ana lex="ตาย" pos="verb" trans="die" translit=""/><ana lex="ตาย" pos="adjective" trans="fixed" translit=""/><ana lex="ตาย" pos="verb,intransitive" trans="succumb" translit=""/><ana lex="ตาย" pos="verb" trans="be paralyzed" translit=""/><ana lex="ตาย" pos="verb,intransitive" trans="pass" translit=""/><ana lex="ตาย" pos="PHRV" trans="kick off" translit=""/><ana lex="ตาย" pos="idiom" trans="yield up the ghost" translit=""/><ana lex="ตาย" pos="PHRV" trans="sink to rest" translit=""/><ana lex="ตาย" pos="verb,intransitive" trans="perish" translit=""/><ana lex="ตาย" pos="SL" trans="boxed" translit=""/><ana lex="ตาย" pos="SL" trans="feeling no pain" translit=""/><ana lex="ตาย" pos="SL" trans="dead and gone" translit=""/><ana lex="ตาย" pos="PHRV" trans="die off" translit=""/><ana lex="ตาย" pos="SL" trans="belly up" translit=""/><ana lex="ตาย" pos="SL" trans="brown bread" translit=""/><ana lex="ตาย" pos="idiom" trans="(as) dead as a doornail" translit=""/><ana lex="ตาย" pos="idiom" trans="(as) dead as dodo" translit=""/><ana lex="ตาย" pos="SL" trans="off" translit=""/><ana lex="ตาย" pos="idiom" trans="be gathered to one's fathers" translit=""/><ana lex="ตาย" pos="PHRV" trans="go home" translit=""/><ana lex="ตาย" pos="PHRV" trans="pass over1" translit=""/></w></se><se><w>เพราะ<ana lex="เพราะ" pos="conjunction" trans="because" translit=""/><ana lex="เพราะ" pos="adjective" trans="melodious" translit=""/></w><w>พิษ<ana lex="พิษ" pos="noun" trans="poison" translit=""/><ana lex="พิษ" pos="noun" trans="toxin" translit=""/><ana lex="พิษ" pos="noun" trans="danger" translit=""/></w><w>ร้าย</w><w>แทรกซึม<ana lex="แทรกซึม" pos="verb,transitive" trans="penetrate" translit=""/><ana lex="แทรกซึม" pos="verb,transitive" trans="infiltrate" translit=""/><ana lex="แทรกซึม" pos="verb" trans="infiltrate" translit=""/></w><w>ซ่าน<ana lex="ซ่าน" pos="verb" trans="diffuse" translit=""/></w><w>ร้าวราน<ana lex="ร้าวราน" pos="adjective" trans="to regret; grieve; lament; feel sad" translit="raaoH raanM"/><ana lex="ร้าวราน" pos="adjective" trans="be in pain" translit=""/><ana lex="ร้าวราน" pos="verb" trans="be disunited" translit=""/><ana lex="ร้าวราน" pos="adjective" trans="[is] disunited; an enemy with" translit="raaoH raanM"/><ana lex="ร้าวราน" pos="verb" trans="regret" translit=""/></w><w>ใจ<ana lex="ใจ" pos="noun" trans="heart" translit=""/><ana lex="ใจ" pos="noun" trans="mind" translit=""/></w></se><se><w>.<ana lex="" pos="" trans="" translit=""/></w></se></body>