<body><meta><link>http://www.thaipoem.com/%E0%B8%81%E0%B8%A5%E0%B8%AD%E0%B8%99/%E0%B8%81%E0%B8%A5%E0%B8%AD%E0%B8%99%E0%B8%95%E0%B8%B2%E0%B8%A1%E0%B9%83%E0%B8%88%E0%B8%84%E0%B8%B8%E0%B8%93/142616</link><title>ร้อยรักถักใจ</title><genre>poem</genre></meta><se><w>ห้า<ana lex="ห้า" pos="PRF" trans="pent-" translit=""/><ana lex="ห้า" pos="PRF" trans="penta-" translit=""/><ana lex="ห้า" pos="noun" trans="five" translit=""/></w><w>เจ้าจอม<ana lex="เจ้าจอม" pos="noun" trans="king's concubine" translit=""/><ana lex="เจ้าจอม" pos="noun" trans="king's concubine; a minor wife of the king" translit="jaoF jaawmM"/></w><w>รวม<ana lex="รวม" pos="verb" trans="assemble" translit=""/><ana lex="รวม" pos="PHRV" trans="add together" translit=""/><ana lex="รวม" pos="verb" trans="add" translit=""/><ana lex="รวม" pos="verb,transitive" trans="add" translit=""/><ana lex="รวม" pos="verb,intransitive" trans="add" translit=""/><ana lex="รวม" pos="adjective" trans="aggregate" translit=""/></w><w>กัน<ana lex="กัน" pos="verb" trans="keep out" translit=""/><ana lex="กัน" pos="PRON" trans="one another" translit=""/><ana lex="กัน" pos="PHRV" trans="screen off" translit=""/><ana lex="กัน" pos="adverb" trans="together" translit=""/><ana lex="กัน" pos="verb" trans="shave" translit=""/><ana lex="กัน" pos="verb" trans="separate" translit=""/></w><w>เมื่อ<ana lex="เมื่อ" pos="adverb" trans="when" translit=""/><ana lex="เมื่อ" pos="adverb" trans="when" translit=""/><ana lex="เมื่อ" pos="conjunction" trans="directly" translit=""/><ana lex="เมื่อ" pos="adverb" trans="in the days of" translit=""/><ana lex="เมื่อ" pos="conjunction" trans="when" translit=""/></w><w>วัน<ana lex="วัน" pos="" trans="[alternate pronunciation of วัน ]" translit="wanM naH"/><ana lex="วัน" pos="noun" trans="day" translit=""/><ana lex="วัน" pos="noun" trans="diem" translit=""/><ana lex="วัน" pos="noun" trans="day" translit=""/></w><w>ก่อน<ana lex="ก่อน" pos="conjunction" trans="before" translit=""/><ana lex="ก่อน" pos="preposition" trans="before" translit=""/><ana lex="ก่อน" pos="adjective" trans="former" translit=""/><ana lex="ก่อน" pos="PRF" trans="fore-" translit=""/><ana lex="ก่อน" pos="preposition" trans="afore" translit=""/><ana lex="ก่อน" pos="PRF" trans="pro-" translit=""/><ana lex="ก่อน" pos="adjective" trans="in the past" translit=""/><ana lex="ก่อน" pos="adverb" trans="formerly" translit=""/><ana lex="ก่อน" pos="adverb" trans="anteriorly" translit=""/><ana lex="ก่อน" pos="PRF" trans="ante-" translit=""/><ana lex="ก่อน" pos="conjunction" trans="afore" translit=""/><ana lex="ก่อน" pos="adverb" trans="afore" translit=""/><ana lex="ก่อน" pos="PRF" trans="pro-" translit=""/><ana lex="ก่อน" pos="PRF" trans="pre-" translit=""/><ana lex="ก่อน" pos="PRF" trans="proto-" translit=""/><ana lex="ก่อน" pos="PRF" trans="prot-" translit=""/><ana lex="ก่อน" pos="adjective" trans="anterior" translit=""/><ana lex="ก่อน" pos="PRF" trans="ante-" translit=""/></w></se><se><w>คิด<ana lex="คิด" pos="verb,transitive" trans="reckon" translit=""/><ana lex="คิด" pos="verb,intransitive" trans="cerebrate" translit=""/><ana lex="คิด" pos="verb,transitive" trans="conceive" translit=""/><ana lex="คิด" pos="verb,transitive" trans="conceit" translit=""/><ana lex="คิด" pos="PHRV" trans="go over2" translit=""/><ana lex="คิด" pos="verb" trans="create" translit=""/><ana lex="คิด" pos="verb" trans="estimate" translit=""/><ana lex="คิด" pos="verb" trans="want" translit=""/><ana lex="คิด" pos="verb" trans="think" translit=""/><ana lex="คิด" pos="verb" trans="consider" translit=""/><ana lex="คิด" pos="verb" trans="calculate" translit=""/><ana lex="คิด" pos="verb,transitive" trans="think" translit=""/><ana lex="คิด" pos="verb,intransitive" trans="think" translit=""/></w><w>เขียน<ana lex="เขียน" pos="verb,intransitive" trans="write" translit=""/><ana lex="เขียน" pos="verb" trans="write" translit=""/><ana lex="เขียน" pos="verb,transitive" trans="write" translit=""/><ana lex="เขียน" pos="PHRV" trans="frame up" translit=""/><ana lex="เขียน" pos="PHRV" trans="make out" translit=""/><ana lex="เขียน" pos="verb,transitive" trans="make" translit=""/></w><w>กลอน<ana lex="กลอน" pos="noun" trans="bolt" translit=""/><ana lex="กลอน" pos="noun" trans="latch" translit=""/><ana lex="กลอน" pos="noun" trans="verse" translit=""/></w><w>เรื่อง<ana lex="เรื่อง" pos="noun" trans="subject matter" translit=""/><ana lex="เรื่อง" pos="noun" trans="trouble" translit=""/></w><w>ใด<ana lex="ใด" pos="DET" trans="any" translit=""/><ana lex="ใด" pos="DET" trans="which" translit=""/></w><w>อะไร<ana lex="อะไร" pos="DET" trans="any" translit=""/><ana lex="อะไร" pos="adjective" trans="what" translit=""/><ana lex="อะไร" pos="pronoun" trans="what" translit=""/><ana lex="อะไร" pos="QUES" trans="what" translit=""/><ana lex="อะไร" pos="adverb" trans="whatever" translit=""/><ana lex="อะไร" pos="PRON" trans="whatever" translit=""/></w><w>หนอ<ana lex="หนอ" pos="particle" trans="[a word placed at the end of a sentence, after a phrase or behind a question word to show an act of pondering, reflecting, considering or contemplating (รำพึง)]" translit="naawR"/><ana lex="หนอ" pos="QUES" trans="question" translit=""/><ana lex="หนอ" pos="" trans="[alternate spelling of นะ ]" translit="naawR"/><ana lex="หนอ" pos="interjection" trans="um" translit=""/></w></se><se><w>งั้น<ana lex="งั้น" pos="conjunction" trans="otherwise" translit=""/><ana lex="งั้น" pos="adverb,conjunction" trans="then; in that case; otherwise; or else; if not; in other ways" translit="nganH"/></w><w>เอางาน<ana lex="เอางาน" pos="verb" trans="raise one hand and jerk up a little before receive a thing" translit=""/></w><w>ด้าน<ana lex="ด้าน" pos="noun" trans="side" translit=""/><ana lex="ด้าน" pos="PRF" trans="ob-" translit=""/><ana lex="ด้าน" pos="noun" trans="field" translit=""/><ana lex="ด้าน" pos="adjective" trans="rough" translit=""/><ana lex="ด้าน" pos="adjective" trans="matte" translit=""/><ana lex="ด้าน" pos="adjective" trans="misfire" translit=""/></w><w>ที่<ana lex="ที่" pos="PRON" trans="that" translit=""/><ana lex="ที่" pos="preposition" trans="at" translit=""/><ana lex="ที่" pos="noun" trans="word for utensil" translit=""/><ana lex="ที่" pos="preposition" trans="at" translit=""/><ana lex="ที่" pos="noun" trans="place" translit=""/><ana lex="ที่" pos="classifier" trans="qualifiers for places" translit=""/><ana lex="ที่" pos="noun" trans="ordinal number" translit=""/><ana lex="ที่" pos="preposition" trans="to" translit=""/><ana lex="ที่" pos="noun" trans="land" translit=""/></w><w>ฝีมือ<ana lex="ฝีมือ" pos="noun" trans="craftsmanship" translit=""/><ana lex="ฝีมือ" pos="noun" trans="skill" translit=""/><ana lex="ฝีมือ" pos="noun" trans="skill" translit=""/></w><w>พอ<ana lex="พอ" pos="adverb" trans="enough" translit=""/><ana lex="พอ" pos="adjective" trans="adequate" translit=""/><ana lex="พอ" pos="conjunction" trans="as soon as" translit=""/></w></se><se><w>เรื่อง<ana lex="เรื่อง" pos="noun" trans="subject matter" translit=""/><ana lex="เรื่อง" pos="noun" trans="trouble" translit=""/></w><w>ถัก<ana lex="ถัก" pos="verb" trans="knit" translit=""/><ana lex="ถัก" pos="verb,transitive" trans="knit" translit=""/><ana lex="ถัก" pos="PHRV" trans="knit up" translit=""/></w><w>ทอ<ana lex="ทอ" pos="verb" trans="weave" translit=""/><ana lex="ทอ" pos="verb,intransitive" trans="interweave" translit=""/><ana lex="ทอ" pos="verb,transitive" trans="interweave" translit=""/></w><w>ฉัน<ana lex="ฉัน" pos="" trans="[alternate pronunciation of ฉัน ]" translit="chanH"/><ana lex="ฉัน" pos="pronoun" trans="me" translit=""/></w><w>นั้น<ana lex="นั้น" pos="pronoun" trans="that" translit=""/><ana lex="นั้น" pos="PRON" trans="that" translit=""/></w><w>ชำนาญ<ana lex="ชำนาญ" pos="adjective" trans="master" translit=""/><ana lex="ชำนาญ" pos="adjective" trans="adept" translit=""/><ana lex="ชำนาญ" pos="adverb" trans="skillfully" translit=""/><ana lex="ชำนาญ" pos="adjective" trans="practiced" translit=""/></w><w>การ<ana lex="การ" pos="noun" trans="task" translit=""/><ana lex="การ" pos="SUF" trans="-ment" translit=""/></w></se><se><w>จับ<ana lex="จับ" pos="verb,transitive" trans="nab" translit=""/><ana lex="จับ" pos="PHRV" trans="take by" translit=""/><ana lex="จับ" pos="PHRV" trans="take hold of" translit=""/><ana lex="จับ" pos="PHRV" trans="seize on" translit=""/><ana lex="จับ" pos="PHRV" trans="seize upon" translit=""/><ana lex="จับ" pos="PHRV" trans="seize onto" translit=""/><ana lex="จับ" pos="verb,transitive" trans="grapple" translit=""/><ana lex="จับ" pos="verb,transitive" trans="catch" translit=""/><ana lex="จับ" pos="SL" trans="cop" translit=""/><ana lex="จับ" pos="verb,transitive" trans="grasp" translit=""/><ana lex="จับ" pos="verb" trans="hold" translit=""/><ana lex="จับ" pos="verb" trans="catch" translit=""/></w><w>ไหมพรม<ana lex="ไหมพรม" pos="noun" trans="knitting wool" translit=""/></w><w>เข็ม<ana lex="เข็ม" pos="noun" trans="Wrestling Half-Beak" translit=""/><ana lex="เข็ม" pos="noun" trans="needle" translit=""/><ana lex="เข็ม" pos="noun" trans="badge" translit=""/><ana lex="เข็ม" pos="noun" trans="needle" translit=""/><ana lex="เข็ม" pos="noun" trans="Rauvolfia serpentine" translit=""/></w><w>ควัก<ana lex="ควัก" pos="verb,transitive,intransitive,colloquial" trans="to pick out; to scoop out; to gouge; to dig out; to take out; to spoon out" translit="khwakH"/><ana lex="ควัก" pos="verb" trans="pick" translit=""/><ana lex="ควัก" pos="verb" trans="scoop out" translit=""/></w><w>ถัก<ana lex="ถัก" pos="verb" trans="knit" translit=""/><ana lex="ถัก" pos="verb,transitive" trans="knit" translit=""/><ana lex="ถัก" pos="PHRV" trans="knit up" translit=""/></w><w>เส้น<ana lex="เส้น" pos="noun" trans="line" translit=""/><ana lex="เส้น" pos="noun" trans="line" translit=""/><ana lex="เส้น" pos="classifier" trans="unit of length equal to 40 metres" translit=""/><ana lex="เส้น" pos="classifier" trans="numerative noun of road, long thing" translit=""/><ana lex="เส้น" pos="noun" trans="nerve" translit=""/></w><w>ไหม<ana lex="ไหม" pos="noun" trans="silk thread" translit=""/><ana lex="ไหม" pos="noun" trans="silk" translit="maiR"/><ana lex="ไหม" pos="noun" trans="silk wool" translit=""/><ana lex="ไหม" pos="noun" trans="silk cloth" translit=""/><ana lex="ไหม" pos="noun" trans="silk worm" translit=""/><ana lex="ไหม" pos="QUES" trans="word ending at the end of the question to be answered 'Yes' or 'No'" translit=""/><ana lex="ไหม" pos="noun" trans="[ตัวไหม] silkworm" translit="maiR"/><ana lex="ไหม" pos="particle" trans="[word added at the end of a statement to indicate a question]" translit="maiR"/><ana lex="ไหม" pos="adverb,particle" trans="[alternative, colloquial pronunciation of ไหม, word added at the end of a statement to indicate a question]" translit="maiH"/><ana lex="ไหม" pos="" trans="[alternate pronunciation of ไหม]" translit="maiH"/><ana lex="ไหม" pos="noun" trans="[ผ้าไหม] silk fabric" translit="maiR"/><ana lex="ไหม" pos="adjective" trans="silken; of silk" translit="maiR"/></w></se><se><w>โยง<ana lex="โยง" pos="verb" trans="tie" translit=""/><ana lex="โยง" pos="verb" trans="embroil" translit=""/></w><w>สายใย<ana lex="สายใย" pos="noun" trans="the string that binds (us) together" translit="saaiR yaiM"/><ana lex="สายใย" pos="noun" trans="relationship" translit=""/><ana lex="สายใย" pos="noun" trans="part of a watch's mechanism" translit=""/></w><w>สัมพันธ์<ana lex="สัมพันธ์" pos="noun" trans="relatedness" translit=""/><ana lex="สัมพันธ์" pos="noun" trans="relations" translit=""/><ana lex="สัมพันธ์" pos="verb" trans="be related" translit=""/></w><w>มั่น</w><w>ประสาน<ana lex="ประสาน" pos="verb" trans="join" translit=""/><ana lex="ประสาน" pos="verb" trans="[ประสานเข้ากับ] to agree with; is in accord with; to follow" translit="bpraL saanR"/><ana lex="ประสาน" pos="proper noun" trans="Prasan [a Thai given name]" translit="bpraL saanR"/><ana lex="ประสาน" pos="verb,transitive,intransitive,formal" trans="[written] to join; to connect; to weld; to solder; to cement; [music] chorus; background vocals" translit="bpraL saanR"/><ana lex="ประสาน" pos="verb" trans="[ประสานกัน] to harmonize; match" translit="bpraL saanR"/><ana lex="ประสาน" pos="noun" trans="[การประสาน] connecting; healing; welding; fastening; joining" translit="bpraL saanR"/></w></se><se><w>ประดิดประดอย<ana lex="ประดิดประดอย" pos="verb" trans="elaborate" translit=""/><ana lex="ประดิดประดอย" pos="verb" trans="to polish; to adorn; to beautify; to embellish" translit="bpraL ditL bpraL daawyM"/></w><w>ด้วย<ana lex="ด้วย" pos="PRF" trans="com-" translit=""/><ana lex="ด้วย" pos="adverb" trans="along" translit=""/><ana lex="ด้วย" pos="conjunction" trans="plus" translit=""/><ana lex="ด้วย" pos="preposition" trans="with" translit=""/><ana lex="ด้วย" pos="adverb" trans="also" translit=""/><ana lex="ด้วย" pos="conjunction" trans="because" translit=""/><ana lex="ด้วย" pos="preposition" trans="by" translit=""/><ana lex="ด้วย" pos="adverb" trans="so" translit=""/></w><w>มือ<ana lex="มือ" pos="noun" trans="hand" translit=""/><ana lex="มือ" pos="noun" trans="hand" translit=""/><ana lex="มือ" pos="SL" trans="mitts" translit=""/><ana lex="มือ" pos="noun" trans="paw" translit=""/><ana lex="มือ" pos="noun" trans="holder" translit=""/></w><w>สื่อ<ana lex="สื่อ" pos="noun" trans="medium" translit=""/><ana lex="สื่อ" pos="verb" trans="convey" translit=""/><ana lex="สื่อ" pos="noun" trans="medium" translit=""/></w><w>ผล<ana lex="ผล" pos="noun" trans="outcome" translit=""/><ana lex="ผล" pos="noun" trans="advantage" translit=""/><ana lex="ผล" pos="" trans="[alternate pronunciation of ผล ]" translit="phohnR laH"/><ana lex="ผล" pos="noun" trans="achievement" translit=""/><ana lex="ผล" pos="noun" trans="result" translit=""/><ana lex="ผล" pos="noun" trans="fruit" translit=""/><ana lex="ผล" pos="classifier" trans="fruit" translit=""/><ana lex="ผล" pos="noun" trans="consequence" translit=""/><ana lex="ผล" pos="noun" trans="issue" translit=""/></w><w>งาน<ana lex="งาน" pos="noun" trans="job" translit=""/><ana lex="งาน" pos="noun" trans="task" translit=""/><ana lex="งาน" pos="noun" trans="job" translit=""/><ana lex="งาน" pos="noun" trans="assignment" translit=""/><ana lex="งาน" pos="noun" trans="festivity" translit=""/><ana lex="งาน" pos="noun" trans="work" translit=""/><ana lex="งาน" pos="SUF" trans="-urgy" translit=""/></w></se><se><w>แทน<ana lex="แทน" pos="preposition" trans="for" translit=""/><ana lex="แทน" pos="adverb" trans="instead" translit=""/><ana lex="แทน" pos="PHRV" trans="stand for" translit=""/></w><w>ถ้อย<ana lex="ถ้อย" pos="noun" trans="speech" translit=""/><ana lex="ถ้อย" pos="noun" trans="words; wording; speech; utterance; diction; verbal expression; statement; terms" translit="thaawyF"/></w><w>ขาน<ana lex="ขาน" pos="verb" trans="call out" translit=""/><ana lex="ขาน" pos="verb" trans="reply" translit=""/></w><w>ผ่าน<ana lex="ผ่าน" pos="PHRV" trans="get by1" translit=""/><ana lex="ผ่าน" pos="verb" trans="ask a high price" translit=""/><ana lex="ผ่าน" pos="verb" trans="pass" translit=""/><ana lex="ผ่าน" pos="verb" trans="change" translit=""/><ana lex="ผ่าน" pos="PHRV" trans="enter by" translit=""/><ana lex="ผ่าน" pos="verb" trans="overcome" translit=""/><ana lex="ผ่าน" pos="verb,transitive" trans="passage" translit=""/><ana lex="ผ่าน" pos="verb,intransitive" trans="passage" translit=""/><ana lex="ผ่าน" pos="adverb" trans="thru" translit=""/><ana lex="ผ่าน" pos="preposition" trans="thru" translit=""/><ana lex="ผ่าน" pos="PRF" trans="dia-" translit=""/><ana lex="ผ่าน" pos="verb" trans="carry" translit=""/><ana lex="ผ่าน" pos="PRF" trans="per-" translit=""/><ana lex="ผ่าน" pos="PHRV" trans="get through2" translit=""/><ana lex="ผ่าน" pos="PHRV" trans="go past" translit=""/><ana lex="ผ่าน" pos="verb" trans="be used to" translit=""/><ana lex="ผ่าน" pos="adjective" trans="thru" translit=""/><ana lex="ผ่าน" pos="PHRV" trans="be past" translit=""/><ana lex="ผ่าน" pos="preposition" trans="by" translit=""/></w><w>ใจ<ana lex="ใจ" pos="noun" trans="heart" translit=""/><ana lex="ใจ" pos="noun" trans="mind" translit=""/></w><w>ไป<ana lex="ไป" pos="PRF" trans="ad-" translit=""/><ana lex="ไป" pos="verb" trans="go" translit=""/><ana lex="ไป" pos="SL" trans="chip" translit=""/><ana lex="ไป" pos="SL" trans="gone for a Burton" translit=""/><ana lex="ไป" pos="verb,intransitive" trans="go" translit=""/></w><w>ถึง<ana lex="ถึง" pos="verb" trans="be skillful" translit=""/><ana lex="ถึง" pos="verb,transitive" trans="attain" translit=""/><ana lex="ถึง" pos="conjunction" trans="even though" translit=""/><ana lex="ถึง" pos="preposition" trans="to" translit=""/><ana lex="ถึง" pos="verb" trans="reach" translit=""/><ana lex="ถึง" pos="verb" trans="be ...enough" translit=""/><ana lex="ถึง" pos="preposition" trans="to" translit=""/><ana lex="ถึง" pos="conjunction" trans="then" translit=""/></w><w>เธอ<ana lex="เธอ" pos="PRON" trans="you" translit=""/><ana lex="เธอ" pos="pronoun" trans="she" translit=""/><ana lex="เธอ" pos="pronoun" trans="her" translit=""/><ana lex="เธอ" pos="PRON" trans="she" translit=""/></w></se><se><w>ร้อย<ana lex="ร้อย" pos="noun" trans="hundred" translit=""/><ana lex="ร้อย" pos="verb" trans="thread" translit=""/><ana lex="ร้อย" pos="noun" trans="lieutenant" translit=""/><ana lex="ร้อย" pos="PRF" trans="centi-" translit=""/></w><w>ห่วง<ana lex="ห่วง" pos="noun" trans="hoop" translit=""/><ana lex="ห่วง" pos="verb" trans="be concerned with/about" translit=""/><ana lex="ห่วง" pos="noun" trans="ring" translit=""/><ana lex="ห่วง" pos="noun" trans="ring" translit=""/><ana lex="ห่วง" pos="noun" trans="loop" translit=""/></w><w>โซ่<ana lex="โซ่" pos="noun" trans="trammel" translit=""/><ana lex="โซ่" pos="noun" trans="chain" translit=""/><ana lex="โซ่" pos="noun" trans="chain" translit=""/></w><w>แทน<ana lex="แทน" pos="preposition" trans="for" translit=""/><ana lex="แทน" pos="adverb" trans="instead" translit=""/><ana lex="แทน" pos="PHRV" trans="stand for" translit=""/></w><w>ห่วงใย<ana lex="ห่วงใย" pos="verb" trans="worry" translit=""/><ana lex="ห่วงใย" pos="PHRV" trans="devour with" translit=""/><ana lex="ห่วงใย" pos="verb" trans="to worry (about)" translit="huaangL yaiM"/><ana lex="ห่วงใย" pos="verb,transitive" trans="care" translit=""/><ana lex="ห่วงใย" pos="verb,intransitive" trans="care" translit=""/></w><w>ไป<ana lex="ไป" pos="PRF" trans="ad-" translit=""/><ana lex="ไป" pos="verb" trans="go" translit=""/><ana lex="ไป" pos="SL" trans="chip" translit=""/><ana lex="ไป" pos="SL" trans="gone for a Burton" translit=""/><ana lex="ไป" pos="verb,intransitive" trans="go" translit=""/></w><w>ทุก<ana lex="ทุก" pos="DET" trans="every" translit=""/></w><w>ช่วง<ana lex="ช่วง" pos="noun" trans="gamut" translit=""/><ana lex="ช่วง" pos="noun" trans="period" translit=""/></w></se><se><w>ทุก<ana lex="ทุก" pos="DET" trans="every" translit=""/></w><w>ทุก<ana lex="ทุก" pos="DET" trans="every" translit=""/></w><w>ห่วง<ana lex="ห่วง" pos="noun" trans="hoop" translit=""/><ana lex="ห่วง" pos="verb" trans="be concerned with/about" translit=""/><ana lex="ห่วง" pos="noun" trans="ring" translit=""/><ana lex="ห่วง" pos="noun" trans="ring" translit=""/><ana lex="ห่วง" pos="noun" trans="loop" translit=""/></w><w>แทน<ana lex="แทน" pos="preposition" trans="for" translit=""/><ana lex="แทน" pos="adverb" trans="instead" translit=""/><ana lex="แทน" pos="PHRV" trans="stand for" translit=""/></w><w>จิต<ana lex="จิต" pos="" trans="[alternate pronunciation of จิต ]" translit="jitL dtaL"/><ana lex="จิต" pos="noun" trans="mind" translit=""/></w><w>คิด<ana lex="คิด" pos="verb,transitive" trans="reckon" translit=""/><ana lex="คิด" pos="verb,intransitive" trans="cerebrate" translit=""/><ana lex="คิด" pos="verb,transitive" trans="conceive" translit=""/><ana lex="คิด" pos="verb,transitive" trans="conceit" translit=""/><ana lex="คิด" pos="PHRV" trans="go over2" translit=""/><ana lex="คิด" pos="verb" trans="create" translit=""/><ana lex="คิด" pos="verb" trans="estimate" translit=""/><ana lex="คิด" pos="verb" trans="want" translit=""/><ana lex="คิด" pos="verb" trans="think" translit=""/><ana lex="คิด" pos="verb" trans="consider" translit=""/><ana lex="คิด" pos="verb" trans="calculate" translit=""/><ana lex="คิด" pos="verb,transitive" trans="think" translit=""/><ana lex="คิด" pos="verb,intransitive" trans="think" translit=""/></w><w>ถึง<ana lex="ถึง" pos="verb" trans="be skillful" translit=""/><ana lex="ถึง" pos="verb,transitive" trans="attain" translit=""/><ana lex="ถึง" pos="conjunction" trans="even though" translit=""/><ana lex="ถึง" pos="preposition" trans="to" translit=""/><ana lex="ถึง" pos="verb" trans="reach" translit=""/><ana lex="ถึง" pos="verb" trans="be ...enough" translit=""/><ana lex="ถึง" pos="preposition" trans="to" translit=""/><ana lex="ถึง" pos="conjunction" trans="then" translit=""/></w><w>เสมอ<ana lex="เสมอ" pos="adverb" trans="always" translit=""/><ana lex="เสมอ" pos="verb" trans="be equal" translit=""/><ana lex="เสมอ" pos="adverb" trans="semper" translit=""/><ana lex="เสมอ" pos="adverb" trans="always" translit=""/></w></se><se><w>ปรารถนา<ana lex="ปรารถนา" pos="verb,transitive" trans="wish" translit=""/><ana lex="ปรารถนา" pos="verb,transitive" trans="desire" translit=""/><ana lex="ปรารถนา" pos="verb" trans="desire" translit=""/><ana lex="ปรารถนา" pos="SL" trans="fancy" translit=""/><ana lex="ปรารถนา" pos="PHRV" trans="whore after" translit=""/><ana lex="ปรารถนา" pos="verb,intransitive" trans="itch" translit=""/><ana lex="ปรารถนา" pos="verb,transitive" trans="fancy" translit=""/><ana lex="ปรารถนา" pos="verb,transitive" trans="crave" translit=""/><ana lex="ปรารถนา" pos="verb,intransitive" trans="crave" translit=""/><ana lex="ปรารถนา" pos="verb,intransitive" trans="ache" translit=""/><ana lex="ปรารถนา" pos="PHRV" trans="wish for" translit=""/><ana lex="ปรารถนา" pos="verb,intransitive" trans="thirst" translit=""/><ana lex="ปรารถนา" pos="idiom" trans="have one's heart set on" translit=""/><ana lex="ปรารถนา" pos="verb,intransitive" trans="long" translit=""/><ana lex="ปรารถนา" pos="verb,intransitive" trans="yearn" translit=""/></w><w>ดี<ana lex="ดี" pos="adjective" trans="fine" translit=""/><ana lex="ดี" pos="adjective" trans="braw" translit=""/><ana lex="ดี" pos="SL" trans="hunky-dory" translit=""/><ana lex="ดี" pos="adjective" trans="useful" translit=""/><ana lex="ดี" pos="noun" trans="gallbladder" translit=""/><ana lex="ดี" pos="adjective" trans="nice" translit=""/><ana lex="ดี" pos="adjective" trans="fine" translit=""/><ana lex="ดี" pos="adjective" trans="tidy" translit=""/><ana lex="ดี" pos="SL" trans="kushty" translit=""/><ana lex="ดี" pos="SL" trans="tickety-boo" translit=""/><ana lex="ดี" pos="adjective" trans="well" translit=""/><ana lex="ดี" pos="PRF" trans="eu-" translit=""/><ana lex="ดี" pos="idiom" trans="Well and good" translit=""/><ana lex="ดี" pos="adjective" trans="good" translit=""/><ana lex="ดี" pos="adverb" trans="well" translit=""/><ana lex="ดี" pos="adjective" trans="high" translit=""/><ana lex="ดี" pos="adjective" trans="nice" translit=""/><ana lex="ดี" pos="adjective" trans="nice" translit=""/><ana lex="ดี" pos="adjective" trans="well" translit=""/></w><w>หมาย<ana lex="หมาย" pos="noun" trans="warrant" translit=""/><ana lex="หมาย" pos="verb" trans="aim" translit=""/></w><w>ประสบ<ana lex="ประสบ" pos="verb,transitive" trans="sustain" translit=""/><ana lex="ประสบ" pos="verb,transitive,intransitive,formal" trans="to encounter; meet; find; face; confront" translit="bpraL sohpL"/><ana lex="ประสบ" pos="verb,transitive" trans="live" translit=""/><ana lex="ประสบ" pos="verb" trans="face" translit=""/></w><w>ให้<ana lex="ให้" pos="verb,transitive" trans="afford" translit=""/><ana lex="ให้" pos="verb" trans="give" translit=""/><ana lex="ให้" pos="verb,transitive" trans="give" translit=""/><ana lex="ให้" pos="verb,transitive" trans="dispense" translit=""/><ana lex="ให้" pos="verb,transitive" trans="bestow" translit=""/><ana lex="ให้" pos="verb" trans="give" translit=""/><ana lex="ให้" pos="verb,transitive" trans="accord" translit=""/><ana lex="ให้" pos="auxiliary verb" trans="to" translit=""/><ana lex="ให้" pos="verb" trans="permit" translit=""/></w><w>พบ<ana lex="พบ" pos="PHRV" trans="run up against" translit=""/><ana lex="พบ" pos="verb" trans="meet" translit=""/><ana lex="พบ" pos="PHRV" trans="catch up with" translit=""/><ana lex="พบ" pos="verb,transitive" trans="see" translit=""/><ana lex="พบ" pos="verb" trans="find" translit=""/><ana lex="พบ" pos="PHRV" trans="find in1" translit=""/><ana lex="พบ" pos="idiom" trans="lay one's hands on" translit=""/></w><w>เจอ<ana lex="เจอ" pos="PHRV" trans="run into" translit=""/><ana lex="เจอ" pos="PHRV" trans="drop on" translit=""/><ana lex="เจอ" pos="verb" trans="meet" translit=""/></w></se><se><w>หวัง<ana lex="หวัง" pos="verb,transitive" trans="hope" translit=""/><ana lex="หวัง" pos="verb,intransitive" trans="hope" translit=""/></w><w>ปรนเปรอ<ana lex="ปรนเปรอ" pos="verb" trans="satiate" translit=""/><ana lex="ปรนเปรอ" pos="verb" trans="to satiate; pamper; take good care of" translit="bprohnM bpruuhrM"/></w><w>ความ<ana lex="ความ" pos="noun" trans="case" translit=""/><ana lex="ความ" pos="noun" trans="content" translit=""/></w><w>สุข<ana lex="สุข" pos="noun" trans="happiness" translit=""/><ana lex="สุข" pos="verb" trans="be happy" translit=""/><ana lex="สุข" pos="" trans="[alternate pronunciation of สุข ]" translit="sookL khaL"/></w><w>ทุก<ana lex="ทุก" pos="DET" trans="every" translit=""/></w><w>ช่วง<ana lex="ช่วง" pos="noun" trans="gamut" translit=""/><ana lex="ช่วง" pos="noun" trans="period" translit=""/></w><w>วัน<ana lex="วัน" pos="" trans="[alternate pronunciation of วัน ]" translit="wanM naH"/><ana lex="วัน" pos="noun" trans="day" translit=""/><ana lex="วัน" pos="noun" trans="diem" translit=""/><ana lex="วัน" pos="noun" trans="day" translit=""/></w></se><se><w>เกิด<ana lex="เกิด" pos="verb,intransitive" trans="arrive" translit=""/><ana lex="เกิด" pos="verb" trans="be born" translit=""/><ana lex="เกิด" pos="verb" trans="happen" translit=""/></w><w>ผล<ana lex="ผล" pos="noun" trans="outcome" translit=""/><ana lex="ผล" pos="noun" trans="advantage" translit=""/><ana lex="ผล" pos="" trans="[alternate pronunciation of ผล ]" translit="phohnR laH"/><ana lex="ผล" pos="noun" trans="achievement" translit=""/><ana lex="ผล" pos="noun" trans="result" translit=""/><ana lex="ผล" pos="noun" trans="fruit" translit=""/><ana lex="ผล" pos="classifier" trans="fruit" translit=""/><ana lex="ผล" pos="noun" trans="consequence" translit=""/><ana lex="ผล" pos="noun" trans="issue" translit=""/></w><w>งาน<ana lex="งาน" pos="noun" trans="job" translit=""/><ana lex="งาน" pos="noun" trans="task" translit=""/><ana lex="งาน" pos="noun" trans="job" translit=""/><ana lex="งาน" pos="noun" trans="assignment" translit=""/><ana lex="งาน" pos="noun" trans="festivity" translit=""/><ana lex="งาน" pos="noun" trans="work" translit=""/><ana lex="งาน" pos="SUF" trans="-urgy" translit=""/></w><w>แทน<ana lex="แทน" pos="preposition" trans="for" translit=""/><ana lex="แทน" pos="adverb" trans="instead" translit=""/><ana lex="แทน" pos="PHRV" trans="stand for" translit=""/></w><w>ใจ<ana lex="ใจ" pos="noun" trans="heart" translit=""/><ana lex="ใจ" pos="noun" trans="mind" translit=""/></w><w>ให้<ana lex="ให้" pos="verb,transitive" trans="afford" translit=""/><ana lex="ให้" pos="verb" trans="give" translit=""/><ana lex="ให้" pos="verb,transitive" trans="give" translit=""/><ana lex="ให้" pos="verb,transitive" trans="dispense" translit=""/><ana lex="ให้" pos="verb,transitive" trans="bestow" translit=""/><ana lex="ให้" pos="verb" trans="give" translit=""/><ana lex="ให้" pos="verb,transitive" trans="accord" translit=""/><ana lex="ให้" pos="auxiliary verb" trans="to" translit=""/><ana lex="ให้" pos="verb" trans="permit" translit=""/></w><w>มิ่งมิตร<ana lex="มิ่งมิตร" pos="noun" trans="beloved woman" translit=""/><ana lex="มิ่งมิตร" pos="noun" trans="beloved woman" translit=""/><ana lex="มิ่งมิตร" pos="noun" trans="valued friend" translit=""/><ana lex="มิ่งมิตร" pos="noun" trans="valued friend" translit=""/></w></se><se><w>ที่<ana lex="ที่" pos="PRON" trans="that" translit=""/><ana lex="ที่" pos="preposition" trans="at" translit=""/><ana lex="ที่" pos="noun" trans="word for utensil" translit=""/><ana lex="ที่" pos="preposition" trans="at" translit=""/><ana lex="ที่" pos="noun" trans="place" translit=""/><ana lex="ที่" pos="classifier" trans="qualifiers for places" translit=""/><ana lex="ที่" pos="noun" trans="ordinal number" translit=""/><ana lex="ที่" pos="preposition" trans="to" translit=""/><ana lex="ที่" pos="noun" trans="land" translit=""/></w><w>สนิท<ana lex="สนิท" pos="verb" trans="be close to" translit=""/><ana lex="สนิท" pos="adverb" trans="tight" translit=""/><ana lex="สนิท" pos="adjective" trans="close" translit=""/><ana lex="สนิท" pos="verb" trans="intimate" translit=""/></w><w>ชิด<ana lex="ชิด" pos="verb,transitive" trans="abut" translit=""/><ana lex="ชิด" pos="verb" trans="be close" translit=""/><ana lex="ชิด" pos="verb,intransitive" trans="abut" translit=""/><ana lex="ชิด" pos="adverb" trans="close" translit=""/><ana lex="ชิด" pos="noun" trans="nipa palm" translit=""/></w><w>ใกล้<ana lex="ใกล้" pos="adjective" trans="near" translit=""/><ana lex="ใกล้" pos="preposition" trans="near" translit=""/><ana lex="ใกล้" pos="preposition" trans="on" translit=""/><ana lex="ใกล้" pos="adverb" trans="anear" translit=""/><ana lex="ใกล้" pos="adjective" trans="proximate" translit=""/><ana lex="ใกล้" pos="preposition" trans="anear" translit=""/><ana lex="ใกล้" pos="adjective" trans="close" translit=""/><ana lex="ใกล้" pos="preposition" trans="be-" translit=""/><ana lex="ใกล้" pos="preposition" trans="by" translit=""/><ana lex="ใกล้" pos="adverb" trans="close" translit=""/><ana lex="ใกล้" pos="verb" trans="come near" translit=""/><ana lex="ใกล้" pos="PRF" trans="juxta-" translit=""/></w><w>ดวงใจ<ana lex="ดวงใจ" pos="proper noun" trans="Duangjai [a Thai given name]" translit="duaangM jaiM"/><ana lex="ดวงใจ" pos="noun" trans="dearest" translit=""/><ana lex="ดวงใจ" pos="noun" trans="heart" translit=""/></w><w>ฉัน<ana lex="ฉัน" pos="" trans="[alternate pronunciation of ฉัน ]" translit="chanH"/><ana lex="ฉัน" pos="pronoun" trans="me" translit=""/></w></se><se><w>ตุ๊กตา<ana lex="ตุ๊กตา" pos="noun" trans="doll" translit=""/><ana lex="ตุ๊กตา" pos="noun" trans="doll" translit=""/></w><w>เจ้าสาว<ana lex="เจ้าสาว" pos="noun" trans="bride" translit=""/><ana lex="เจ้าสาว" pos="noun" trans="bride" translit=""/></w><w>พริ้ง<ana lex="พริ้ง" pos="adjective,adverb,colloquial" trans="pretty; beautiful; spiffy" translit="phringH"/><ana lex="พริ้ง" pos="adjective" trans="beautiful" translit=""/></w><w>พราว<ana lex="พราว" pos="adjective" trans="full of; bristling with" translit="phraaoM"/><ana lex="พราว" pos="adverb" trans="dazzling" translit=""/><ana lex="พราว" pos="adjective" trans="dazzling" translit=""/><ana lex="พราว" pos="adjective" trans="[is] sparkling; glittering" translit="phraaoM"/><ana lex="พราว" pos="verb" trans="dazzle" translit=""/></w><w>พรรณ<ana lex="พรรณ" pos="noun" trans="kind" translit=""/><ana lex="พรรณ" pos="noun" trans="complexion" translit="phanM"/><ana lex="พรรณ" pos="noun" trans="complexion" translit=""/><ana lex="พรรณ" pos="noun" trans="category; type; variety; kind" translit="phanM"/></w></se><se><w>ความหมาย<ana lex="ความหมาย" pos="noun" trans="importance" translit=""/><ana lex="ความหมาย" pos="noun" trans="meaning" translit=""/><ana lex="ความหมาย" pos="noun" trans="meaning" translit=""/><ana lex="ความหมาย" pos="noun" trans="significance" translit=""/><ana lex="ความหมาย" pos="noun" trans="purport" translit=""/><ana lex="ความหมาย" pos="noun" trans="drift" translit=""/><ana lex="ความหมาย" pos="noun" trans="[ความหมาย] meaning; definition; meaningfulness" translit="khwaamM maaiR"/></w><w>นั่น<ana lex="นั่น" pos="DET" trans="that" translit=""/></w><w>ให้<ana lex="ให้" pos="verb,transitive" trans="afford" translit=""/><ana lex="ให้" pos="verb" trans="give" translit=""/><ana lex="ให้" pos="verb,transitive" trans="give" translit=""/><ana lex="ให้" pos="verb,transitive" trans="dispense" translit=""/><ana lex="ให้" pos="verb,transitive" trans="bestow" translit=""/><ana lex="ให้" pos="verb" trans="give" translit=""/><ana lex="ให้" pos="verb,transitive" trans="accord" translit=""/><ana lex="ให้" pos="auxiliary verb" trans="to" translit=""/><ana lex="ให้" pos="verb" trans="permit" translit=""/></w><w>เธอ<ana lex="เธอ" pos="PRON" trans="you" translit=""/><ana lex="เธอ" pos="pronoun" trans="she" translit=""/><ana lex="เธอ" pos="pronoun" trans="her" translit=""/><ana lex="เธอ" pos="PRON" trans="she" translit=""/></w><w>เจอ<ana lex="เจอ" pos="PHRV" trans="run into" translit=""/><ana lex="เจอ" pos="PHRV" trans="drop on" translit=""/><ana lex="เจอ" pos="verb" trans="meet" translit=""/></w><w>คู่<ana lex="คู่" pos="PRF" trans="di-" translit=""/><ana lex="คู่" pos="adjective" trans="even" translit=""/><ana lex="คู่" pos="noun" trans="pair" translit=""/><ana lex="คู่" pos="noun" trans="pair" translit=""/><ana lex="คู่" pos="noun" trans="dyad" translit=""/><ana lex="คู่" pos="verb" trans="match" translit=""/><ana lex="คู่" pos="classifier" trans="pair" translit=""/><ana lex="คู่" pos="noun" trans="couple" translit=""/></w><w>ดี<ana lex="ดี" pos="adjective" trans="fine" translit=""/><ana lex="ดี" pos="adjective" trans="braw" translit=""/><ana lex="ดี" pos="SL" trans="hunky-dory" translit=""/><ana lex="ดี" pos="adjective" trans="useful" translit=""/><ana lex="ดี" pos="noun" trans="gallbladder" translit=""/><ana lex="ดี" pos="adjective" trans="nice" translit=""/><ana lex="ดี" pos="adjective" trans="fine" translit=""/><ana lex="ดี" pos="adjective" trans="tidy" translit=""/><ana lex="ดี" pos="SL" trans="kushty" translit=""/><ana lex="ดี" pos="SL" trans="tickety-boo" translit=""/><ana lex="ดี" pos="adjective" trans="well" translit=""/><ana lex="ดี" pos="PRF" trans="eu-" translit=""/><ana lex="ดี" pos="idiom" trans="Well and good" translit=""/><ana lex="ดี" pos="adjective" trans="good" translit=""/><ana lex="ดี" pos="adverb" trans="well" translit=""/><ana lex="ดี" pos="adjective" trans="high" translit=""/><ana lex="ดี" pos="adjective" trans="nice" translit=""/><ana lex="ดี" pos="adjective" trans="nice" translit=""/><ana lex="ดี" pos="adjective" trans="well" translit=""/></w></se><se><w>ส่วน<ana lex="ส่วน" pos="conjunction" trans="as for" translit=""/><ana lex="ส่วน" pos="noun" trans="part" translit=""/><ana lex="ส่วน" pos="noun" trans="part" translit=""/><ana lex="ส่วน" pos="noun" trans="piece" translit=""/><ana lex="ส่วน" pos="noun" trans="share" translit=""/><ana lex="ส่วน" pos="noun" trans="fraction" translit=""/><ana lex="ส่วน" pos="noun" trans="equivalence" translit=""/><ana lex="ส่วน" pos="noun" trans="part" translit=""/><ana lex="ส่วน" pos="noun" trans="part" translit=""/></w><w>ทิช</w><w>ชู<ana lex="ชู" pos="verb" trans="raise" translit=""/><ana lex="ชู" pos="verb" trans="nourish" translit=""/></w><w>แทน<ana lex="แทน" pos="preposition" trans="for" translit=""/><ana lex="แทน" pos="adverb" trans="instead" translit=""/><ana lex="แทน" pos="PHRV" trans="stand for" translit=""/></w><w>ใจ<ana lex="ใจ" pos="noun" trans="heart" translit=""/><ana lex="ใจ" pos="noun" trans="mind" translit=""/></w><w>นัย<ana lex="นัย" pos="verb" trans="seem" translit=""/><ana lex="นัย" pos="noun,Pali" trans="sense; meaning; significance; connotation" translit="naiM"/><ana lex="นัย" pos="noun" trans="significance" translit=""/><ana lex="นัย" pos="noun" trans="[ความนัย] implication; meaning; sense" translit="naiM"/><ana lex="นัย" pos="verb,intransitive" trans="imply; allude (to); hint (at)" translit="naiM"/><ana lex="นัย" pos="noun,Pali" trans="method; system; form" translit="naiM"/></w><w>ภาษา<ana lex="ภาษา" pos="noun" trans="lingo" translit=""/><ana lex="ภาษา" pos="noun" trans="language" translit=""/><ana lex="ภาษา" pos="noun" trans="tongue" translit=""/><ana lex="ภาษา" pos="noun" trans="language" translit=""/></w></se><se><w>หาก<ana lex="หาก" pos="conjunction" trans="if" translit=""/></w><w>น้ำตา<ana lex="น้ำตา" pos="noun" trans="tear" translit=""/><ana lex="น้ำตา" pos="noun" trans="tear" translit=""/></w><w>เธอ<ana lex="เธอ" pos="PRON" trans="you" translit=""/><ana lex="เธอ" pos="pronoun" trans="she" translit=""/><ana lex="เธอ" pos="pronoun" trans="her" translit=""/><ana lex="เธอ" pos="PRON" trans="she" translit=""/></w><w>ท้น<ana lex="ท้น" pos="adjective" trans="[is] flooded" translit="thohnH"/><ana lex="ท้น" pos="verb" trans="to swim against the current, to swim upstream, to move or be moved upstream" translit="thohnH"/><ana lex="ท้น" pos="verb" trans="overflow" translit=""/><ana lex="ท้น" pos="verb" trans="protrude" translit=""/></w><w>จน<ana lex="จน" pos="conjunction" trans="until" translit=""/><ana lex="จน" pos="adjective" trans="bad-off" translit=""/><ana lex="จน" pos="verb" trans="be poor" translit=""/><ana lex="จน" pos="adjective" trans="badly-off" translit=""/></w><w>ล้น<ana lex="ล้น" pos="verb" trans="overflow" translit=""/><ana lex="ล้น" pos="PHRV" trans="spill over" translit=""/><ana lex="ล้น" pos="verb" trans="be excessive" translit=""/><ana lex="ล้น" pos="PHRV" trans="brim over" translit=""/><ana lex="ล้น" pos="PHRV" trans="bubble over" translit=""/></w><w>ปรี</w></se><se><w>พร้อม<ana lex="พร้อม" pos="PHRV" trans="watch out" translit=""/><ana lex="พร้อม" pos="adjective" trans="due" translit=""/><ana lex="พร้อม" pos="adjective" trans="trim" translit=""/><ana lex="พร้อม" pos="adverb" trans="at the same time" translit=""/><ana lex="พร้อม" pos="verb" trans="be ready" translit=""/></w><w>จะ<ana lex="จะ" pos="auxiliary verb" trans="will" translit=""/><ana lex="จะ" pos="auxiliary verb" trans="will" translit=""/><ana lex="จะ" pos="" trans="[alternate spelling of จ้ะ]" translit="jaL"/></w><w>ซับ<ana lex="ซับ" pos="verb" trans="absorb" translit=""/></w><w>น้ำตา<ana lex="น้ำตา" pos="noun" trans="tear" translit=""/><ana lex="น้ำตา" pos="noun" trans="tear" translit=""/></w><w>ทุก<ana lex="ทุก" pos="DET" trans="every" translit=""/></w><w>นาที<ana lex="นาที" pos="classifier" trans="minute" translit=""/><ana lex="นาที" pos="noun" trans="minute" translit=""/></w></se><se><w>เพื่อน<ana lex="เพื่อน" pos="PRF" trans="socio-" translit=""/><ana lex="เพื่อน" pos="noun" trans="peer" translit=""/><ana lex="เพื่อน" pos="SL" trans="amigo" translit=""/><ana lex="เพื่อน" pos="noun" trans="friend" translit=""/><ana lex="เพื่อน" pos="noun" trans="companion" translit=""/><ana lex="เพื่อน" pos="noun" trans="compeer" translit=""/><ana lex="เพื่อน" pos="SL" trans="homie" translit=""/><ana lex="เพื่อน" pos="noun" trans="mate" translit=""/><ana lex="เพื่อน" pos="noun" trans="fellow" translit=""/></w><w>คน<ana lex="คน" pos="noun" trans="bloke" translit=""/><ana lex="คน" pos="verb,transitive" trans="mill" translit=""/><ana lex="คน" pos="PRF" trans="anthropo-" translit=""/><ana lex="คน" pos="noun" trans="human" translit=""/><ana lex="คน" pos="noun" trans="people" translit=""/><ana lex="คน" pos="noun" trans="being" translit=""/><ana lex="คน" pos="PHRV" trans="stir about" translit=""/><ana lex="คน" pos="PHRV" trans="stir around" translit=""/><ana lex="คน" pos="SL" trans="bod" translit=""/><ana lex="คน" pos="classifier" trans="person" translit=""/><ana lex="คน" pos="verb" trans="stir" translit=""/></w><w>นี้</w></se><se><w>.<ana lex="" pos="" trans="" translit=""/></w></se><se><w>เคียง<ana lex="เคียง" pos="adverb" trans="closely" translit=""/></w><w>ข้าง<ana lex="ข้าง" pos="PRF" trans="par-" translit=""/><ana lex="ข้าง" pos="PRF" trans="para-" translit=""/><ana lex="ข้าง" pos="PRF" trans="para-" translit=""/><ana lex="ข้าง" pos="noun" trans="side" translit=""/><ana lex="ข้าง" pos="preposition" trans="next to" translit=""/><ana lex="ข้าง" pos="noun" trans="side" translit=""/><ana lex="ข้าง" pos="noun" trans="side" translit=""/><ana lex="ข้าง" pos="PRF" trans="par-" translit=""/><ana lex="ข้าง" pos="noun" trans="side" translit=""/></w><w>มิ<ana lex="มิ" pos="NEG" trans="not" translit=""/><ana lex="มิ" pos="" trans="[alternate spelling of ไม่ ]" translit="miH"/><ana lex="มิ" pos="NEG" trans="not" translit=""/></w><w>ร้าง<ana lex="ร้าง" pos="verb" trans="be deserted" translit=""/><ana lex="ร้าง" pos="adjective" trans="deserted" translit=""/></w><w>ลา<ana lex="ลา" pos="noun" trans="ass" translit=""/><ana lex="ลา" pos="verb" trans="say goodbye" translit=""/><ana lex="ลา" pos="noun" trans="donkey" translit=""/><ana lex="ลา" pos="noun" trans="donkey" translit=""/></w></se><se><w>.<ana lex="" pos="" trans="" translit=""/></w></se><se><w>ใคร<ana lex="ใคร" pos="PRON" trans="who" translit=""/><ana lex="ใคร" pos="pronoun" trans="who" translit=""/></w><w>ได้<ana lex="ได้" pos="PHRV" trans="get out of" translit=""/><ana lex="ได้" pos="auxiliary verb" trans="be able to" translit=""/><ana lex="ได้" pos="verb" trans="get" translit=""/><ana lex="ได้" pos="" trans="[alternate pronunciation of ได้ ]" translit="daaiF"/><ana lex="ได้" pos="auxiliary verb" trans="used as an auxiliary verb before a principal verb to indicate the past tense" translit=""/><ana lex="ได้" pos="verb,transitive" trans="get" translit=""/><ana lex="ได้" pos="adverb" trans="can" translit=""/></w><w>รับ<ana lex="รับ" pos="verb,transitive" trans="receive" translit=""/><ana lex="รับ" pos="verb" trans="withstand" translit=""/><ana lex="รับ" pos="verb" trans="receive" translit=""/><ana lex="รับ" pos="verb,intransitive" trans="receive" translit=""/><ana lex="รับ" pos="verb" trans="rhyme" translit=""/><ana lex="รับ" pos="verb" trans="take up" translit=""/><ana lex="รับ" pos="verb" trans="accept" translit=""/><ana lex="รับ" pos="verb,transitive" trans="accept" translit=""/><ana lex="รับ" pos="verb" trans="confess" translit=""/><ana lex="รับ" pos="verb" trans="match" translit=""/><ana lex="รับ" pos="verb,transitive" trans="intromit" translit=""/><ana lex="รับ" pos="verb,transitive" trans="assume" translit=""/><ana lex="รับ" pos="PHRV" trans="call for" translit=""/></w><w>ของขวัญ<ana lex="ของขวัญ" pos="noun" trans="favour" translit=""/><ana lex="ของขวัญ" pos="noun" trans="gift" translit=""/><ana lex="ของขวัญ" pos="noun" trans="present" translit=""/><ana lex="ของขวัญ" pos="noun" trans="favor" translit=""/><ana lex="ของขวัญ" pos="noun" trans="gift" translit=""/></w><w>นั้น<ana lex="นั้น" pos="pronoun" trans="that" translit=""/><ana lex="นั้น" pos="PRON" trans="that" translit=""/></w><w>พิเศษ<ana lex="พิเศษ" pos="noun,formal,loanword,Pali" trans="Emeritus" translit="phiH saehtL"/><ana lex="พิเศษ" pos="adjective" trans="special; particular; unique; extraordinary; extra" translit="phiH saehtL"/><ana lex="พิเศษ" pos="noun" trans="distinction; uniqueness; peculiarity; oddity" translit="phiH saehtL"/><ana lex="พิเศษ" pos="adverb" trans="specially" translit=""/><ana lex="พิเศษ" pos="adjective" trans="special" translit=""/></w></se><se><w>จำนง<ana lex="จำนง" pos="verb" trans="desire" translit=""/></w><w>เจตน์</w><w>หมาย<ana lex="หมาย" pos="noun" trans="warrant" translit=""/><ana lex="หมาย" pos="verb" trans="aim" translit=""/></w><w>มาด<ana lex="มาด" pos="verb" trans="intend; to fix one's mind" translit="maatF"/><ana lex="มาด" pos="noun" trans="demeanor; style; presence" translit="maatF"/></w><w>ปรารถนา<ana lex="ปรารถนา" pos="verb,transitive" trans="wish" translit=""/><ana lex="ปรารถนา" pos="verb,transitive" trans="desire" translit=""/><ana lex="ปรารถนา" pos="verb" trans="desire" translit=""/><ana lex="ปรารถนา" pos="SL" trans="fancy" translit=""/><ana lex="ปรารถนา" pos="PHRV" trans="whore after" translit=""/><ana lex="ปรารถนา" pos="verb,intransitive" trans="itch" translit=""/><ana lex="ปรารถนา" pos="verb,transitive" trans="fancy" translit=""/><ana lex="ปรารถนา" pos="verb,transitive" trans="crave" translit=""/><ana lex="ปรารถนา" pos="verb,intransitive" trans="crave" translit=""/><ana lex="ปรารถนา" pos="verb,intransitive" trans="ache" translit=""/><ana lex="ปรารถนา" pos="PHRV" trans="wish for" translit=""/><ana lex="ปรารถนา" pos="verb,intransitive" trans="thirst" translit=""/><ana lex="ปรารถนา" pos="idiom" trans="have one's heart set on" translit=""/><ana lex="ปรารถนา" pos="verb,intransitive" trans="long" translit=""/><ana lex="ปรารถนา" pos="verb,intransitive" trans="yearn" translit=""/></w></se><se><w>แทน<ana lex="แทน" pos="preposition" trans="for" translit=""/><ana lex="แทน" pos="adverb" trans="instead" translit=""/><ana lex="แทน" pos="PHRV" trans="stand for" translit=""/></w><w>ไมตรี<ana lex="ไมตรี" pos="noun,adjective,verb" trans="amicability; friendship; goodwill; (to be on) good terms" translit="maiM dtreeM"/><ana lex="ไมตรี" pos="noun" trans="friendship" translit=""/><ana lex="ไมตรี" pos="noun" trans="[พระราชไมตรี] friendly relations" translit="maiM dtreeM"/><ana lex="ไมตรี" pos="noun" trans="friendship" translit=""/></w><w>มิตรภาพ<ana lex="มิตรภาพ" pos="noun" trans="friendship" translit=""/><ana lex="มิตรภาพ" pos="noun" trans="friendship" translit=""/><ana lex="มิตรภาพ" pos="noun" trans="amity" translit=""/></w><w>ที่<ana lex="ที่" pos="PRON" trans="that" translit=""/><ana lex="ที่" pos="preposition" trans="at" translit=""/><ana lex="ที่" pos="noun" trans="word for utensil" translit=""/><ana lex="ที่" pos="preposition" trans="at" translit=""/><ana lex="ที่" pos="noun" trans="place" translit=""/><ana lex="ที่" pos="classifier" trans="qualifiers for places" translit=""/><ana lex="ที่" pos="noun" trans="ordinal number" translit=""/><ana lex="ที่" pos="preposition" trans="to" translit=""/><ana lex="ที่" pos="noun" trans="land" translit=""/></w><w>ทาบ<ana lex="ทาบ" pos="preposition" trans="against" translit=""/><ana lex="ทาบ" pos="verb" trans="put over" translit=""/></w><w>ทา<ana lex="ทา" pos="verb" trans="paint" translit=""/><ana lex="ทา" pos="verb,transitive" trans="apply" translit=""/></w></se><se><w>เสมือน<ana lex="เสมือน" pos="adverb" trans="likewise" translit=""/></w><w>ว่า</w><w>ได้ใจ<ana lex="ได้ใจ" pos="verb" trans="become conceited" translit=""/></w><w>ไป<ana lex="ไป" pos="PRF" trans="ad-" translit=""/><ana lex="ไป" pos="verb" trans="go" translit=""/><ana lex="ไป" pos="SL" trans="chip" translit=""/><ana lex="ไป" pos="SL" trans="gone for a Burton" translit=""/><ana lex="ไป" pos="verb,intransitive" trans="go" translit=""/></w><w>ทั้ง<ana lex="ทั้ง" pos="DET" trans="both" translit=""/><ana lex="ทั้ง" pos="PRON" trans="whole" translit=""/></w><w>ดวง<ana lex="ดวง" pos="classifier" trans="numerative noun for things" translit=""/><ana lex="ดวง" pos="noun" trans="disk/disc" translit=""/></w></se><se><w>อิอิ<ana lex="อิอิ" pos="interjection" trans="[sound of laughter; cuter than หุหุ]" translit="iL iL"/></w></se></body>