<body><meta><link>http://www.thaipoem.com/poem/145854</link><title>เคียงข้างเธอ</title><genre>poem</genre></meta><se><w>หาก<ana lex="หาก" pos="conjunction" trans="if" translit=""/></w><w>เธอ<ana lex="เธอ" pos="PRON" trans="you" translit=""/><ana lex="เธอ" pos="pronoun" trans="she" translit=""/><ana lex="เธอ" pos="pronoun" trans="her" translit=""/><ana lex="เธอ" pos="PRON" trans="she" translit=""/></w><w>คิด<ana lex="คิด" pos="verb,transitive" trans="reckon" translit=""/><ana lex="คิด" pos="verb,intransitive" trans="cerebrate" translit=""/><ana lex="คิด" pos="verb,transitive" trans="conceive" translit=""/><ana lex="คิด" pos="verb,transitive" trans="conceit" translit=""/><ana lex="คิด" pos="PHRV" trans="go over2" translit=""/><ana lex="คิด" pos="verb" trans="create" translit=""/><ana lex="คิด" pos="verb" trans="estimate" translit=""/><ana lex="คิด" pos="verb" trans="want" translit=""/><ana lex="คิด" pos="verb" trans="think" translit=""/><ana lex="คิด" pos="verb" trans="consider" translit=""/><ana lex="คิด" pos="verb" trans="calculate" translit=""/><ana lex="คิด" pos="verb,transitive" trans="think" translit=""/><ana lex="คิด" pos="verb,intransitive" trans="think" translit=""/></w><w>ฉัน<ana lex="ฉัน" pos="" trans="[alternate pronunciation of ฉัน ]" translit="chanH"/><ana lex="ฉัน" pos="pronoun" trans="me" translit=""/></w><w>ไกล<ana lex="ไกล" pos="adverb" trans="far" translit=""/><ana lex="ไกล" pos="PRF" trans="tele-" translit=""/><ana lex="ไกล" pos="adverb" trans="far" translit=""/><ana lex="ไกล" pos="adjective" trans="remote" translit=""/><ana lex="ไกล" pos="adjective" trans="far-off" translit=""/></w><w>ปัน<ana lex="ปัน" pos="verb" trans="divide" translit=""/></w><w>ใจ<ana lex="ใจ" pos="noun" trans="heart" translit=""/><ana lex="ใจ" pos="noun" trans="mind" translit=""/></w><w>ห่าง<ana lex="ห่าง" pos="verb" trans="separate oneself from" translit=""/><ana lex="ห่าง" pos="adverb" trans="far" translit=""/><ana lex="ห่าง" pos="verb" trans="be different" translit=""/></w></se><se><w>ฉัน<ana lex="ฉัน" pos="" trans="[alternate pronunciation of ฉัน ]" translit="chanH"/><ana lex="ฉัน" pos="pronoun" trans="me" translit=""/></w><w>รัก<ana lex="รัก" pos="verb,transitive" trans="treasure" translit=""/><ana lex="รัก" pos="verb,transitive" trans="adore" translit=""/><ana lex="รัก" pos="PRF" trans="phil-" translit=""/><ana lex="รัก" pos="PRF" trans="philo-" translit=""/><ana lex="รัก" pos="PHRV" trans="be attached to" translit=""/></w><w>เธอ<ana lex="เธอ" pos="PRON" trans="you" translit=""/><ana lex="เธอ" pos="pronoun" trans="she" translit=""/><ana lex="เธอ" pos="pronoun" trans="her" translit=""/><ana lex="เธอ" pos="PRON" trans="she" translit=""/></w><w>เสีย<ana lex="เสีย" pos="PHRV" trans="go on2" translit=""/><ana lex="เสีย" pos="SL" trans="knackered" translit=""/><ana lex="เสีย" pos="SL" trans="on the fritz" translit=""/><ana lex="เสีย" pos="SL" trans="all over the shop1" translit=""/><ana lex="เสีย" pos="PHRV" trans="pass away" translit=""/><ana lex="เสีย" pos="verb" trans="lose" translit=""/><ana lex="เสีย" pos="adverb" trans="really" translit=""/><ana lex="เสีย" pos="SL" trans="knacked" translit=""/><ana lex="เสีย" pos="verb" trans="be rotten" translit=""/></w><w>อย่าง<ana lex="อย่าง" pos="noun" trans="method" translit=""/><ana lex="อย่าง" pos="adverb" trans="severely" translit=""/><ana lex="อย่าง" pos="noun" trans="type" translit=""/></w><w>อย่า<ana lex="อย่า" pos="auxiliary verb" trans="do not" translit=""/></w><w>สงสัย<ana lex="สงสัย" pos="verb" trans="wonder" translit=""/><ana lex="สงสัย" pos="verb,transitive" trans="wonder" translit=""/><ana lex="สงสัย" pos="verb,transitive" trans="doubt" translit=""/><ana lex="สงสัย" pos="verb" trans="suspect" translit=""/><ana lex="สงสัย" pos="idiom" trans="have misgivings / inclination about" translit=""/><ana lex="สงสัย" pos="idiom" trans="have reservations about" translit=""/><ana lex="สงสัย" pos="idiom" trans="have misgivings about" translit=""/><ana lex="สงสัย" pos="adjective" trans="doubtful" translit=""/><ana lex="สงสัย" pos="verb,transitive" trans="suspect" translit=""/><ana lex="สงสัย" pos="verb,intransitive" trans="wonder" translit=""/><ana lex="สงสัย" pos="adjective" trans="dubious" translit=""/><ana lex="สงสัย" pos="verb,transitive" trans="question" translit=""/><ana lex="สงสัย" pos="verb" trans="doubt" translit=""/></w></se><se><w>เถิด<ana lex="เถิด" pos="END" trans="let's" translit=""/></w><w>ที่<ana lex="ที่" pos="PRON" trans="that" translit=""/><ana lex="ที่" pos="preposition" trans="at" translit=""/><ana lex="ที่" pos="noun" trans="word for utensil" translit=""/><ana lex="ที่" pos="preposition" trans="at" translit=""/><ana lex="ที่" pos="noun" trans="place" translit=""/><ana lex="ที่" pos="classifier" trans="qualifiers for places" translit=""/><ana lex="ที่" pos="noun" trans="ordinal number" translit=""/><ana lex="ที่" pos="preposition" trans="to" translit=""/><ana lex="ที่" pos="noun" trans="land" translit=""/></w><w>รัก<ana lex="รัก" pos="verb,transitive" trans="treasure" translit=""/><ana lex="รัก" pos="verb,transitive" trans="adore" translit=""/><ana lex="รัก" pos="PRF" trans="phil-" translit=""/><ana lex="รัก" pos="PRF" trans="philo-" translit=""/><ana lex="รัก" pos="PHRV" trans="be attached to" translit=""/></w><w>โปรด<ana lex="โปรด" pos="verb" trans="love" translit=""/><ana lex="โปรด" pos="verb" trans="help" translit=""/><ana lex="โปรด" pos="adjective" trans="favorite" translit=""/><ana lex="โปรด" pos="auxiliary verb" trans="please" translit=""/></w><w>อย่า<ana lex="อย่า" pos="auxiliary verb" trans="do not" translit=""/></w><w>หมอง<ana lex="หมอง" pos="verb" trans="become dull" translit=""/><ana lex="หมอง" pos="adjective" trans="[is] dull; tarnished; darkened; sad" translit="maawngR"/><ana lex="หมอง" pos="verb" trans="look sad" translit=""/></w><w>เศร้า<ana lex="เศร้า" pos="adjective" trans="sad" translit=""/><ana lex="เศร้า" pos="adjective" trans="melancholy" translit=""/><ana lex="เศร้า" pos="adjective" trans="lowdown" translit=""/><ana lex="เศร้า" pos="adjective" trans="sad" translit=""/><ana lex="เศร้า" pos="adverb" trans="sadly" translit=""/><ana lex="เศร้า" pos="adjective" trans="heavy" translit=""/><ana lex="เศร้า" pos="verb" trans="be sad" translit=""/><ana lex="เศร้า" pos="adjective" trans="heavy-hearted" translit=""/></w><w>ไป<ana lex="ไป" pos="PRF" trans="ad-" translit=""/><ana lex="ไป" pos="verb" trans="go" translit=""/><ana lex="ไป" pos="SL" trans="chip" translit=""/><ana lex="ไป" pos="SL" trans="gone for a Burton" translit=""/><ana lex="ไป" pos="verb,intransitive" trans="go" translit=""/></w></se><se><w>จะ<ana lex="จะ" pos="auxiliary verb" trans="will" translit=""/><ana lex="จะ" pos="auxiliary verb" trans="will" translit=""/><ana lex="จะ" pos="" trans="[alternate spelling of จ้ะ]" translit="jaL"/></w><w>ห่าง<ana lex="ห่าง" pos="verb" trans="separate oneself from" translit=""/><ana lex="ห่าง" pos="adverb" trans="far" translit=""/><ana lex="ห่าง" pos="verb" trans="be different" translit=""/></w><w>เธอ<ana lex="เธอ" pos="PRON" trans="you" translit=""/><ana lex="เธอ" pos="pronoun" trans="she" translit=""/><ana lex="เธอ" pos="pronoun" trans="her" translit=""/><ana lex="เธอ" pos="PRON" trans="she" translit=""/></w><w>อย่างไร<ana lex="อย่างไร" pos="noun,pronoun" trans="[อย่างไร] anything; whatever" translit="yaangL raiM"/><ana lex="อย่างไร" pos="QUES" trans="how" translit=""/><ana lex="อย่างไร" pos="adverb" trans="[อย่างไร] like what; anyhow; how" translit="yaangL raiM"/></w><w>ให้<ana lex="ให้" pos="verb,transitive" trans="afford" translit=""/><ana lex="ให้" pos="verb" trans="give" translit=""/><ana lex="ให้" pos="verb,transitive" trans="give" translit=""/><ana lex="ให้" pos="verb,transitive" trans="dispense" translit=""/><ana lex="ให้" pos="verb,transitive" trans="bestow" translit=""/><ana lex="ให้" pos="verb" trans="give" translit=""/><ana lex="ให้" pos="verb,transitive" trans="accord" translit=""/><ana lex="ให้" pos="auxiliary verb" trans="to" translit=""/><ana lex="ให้" pos="verb" trans="permit" translit=""/></w><w>ไกล<ana lex="ไกล" pos="adverb" trans="far" translit=""/><ana lex="ไกล" pos="PRF" trans="tele-" translit=""/><ana lex="ไกล" pos="adverb" trans="far" translit=""/><ana lex="ไกล" pos="adjective" trans="remote" translit=""/><ana lex="ไกล" pos="adjective" trans="far-off" translit=""/></w><w>กัน<ana lex="กัน" pos="verb" trans="keep out" translit=""/><ana lex="กัน" pos="PRON" trans="one another" translit=""/><ana lex="กัน" pos="PHRV" trans="screen off" translit=""/><ana lex="กัน" pos="adverb" trans="together" translit=""/><ana lex="กัน" pos="verb" trans="shave" translit=""/><ana lex="กัน" pos="verb" trans="separate" translit=""/></w></se><se><w>หาก<ana lex="หาก" pos="conjunction" trans="if" translit=""/></w><w>เธอ<ana lex="เธอ" pos="PRON" trans="you" translit=""/><ana lex="เธอ" pos="pronoun" trans="she" translit=""/><ana lex="เธอ" pos="pronoun" trans="her" translit=""/><ana lex="เธอ" pos="PRON" trans="she" translit=""/></w><w>นั้น<ana lex="นั้น" pos="pronoun" trans="that" translit=""/><ana lex="นั้น" pos="PRON" trans="that" translit=""/></w><w>ชี้<ana lex="ชี้" pos="verb,intransitive" trans="point" translit=""/><ana lex="ชี้" pos="verb" trans="indicate" translit=""/><ana lex="ชี้" pos="verb" trans="point" translit=""/></w><w>นก<ana lex="นก" pos="noun" trans="bird" translit=""/><ana lex="นก" pos="noun" trans="bird" translit=""/></w><w>ฉัน<ana lex="ฉัน" pos="" trans="[alternate pronunciation of ฉัน ]" translit="chanH"/><ana lex="ฉัน" pos="pronoun" trans="me" translit=""/></w><w>ว่า</w><w>นก<ana lex="นก" pos="noun" trans="bird" translit=""/><ana lex="นก" pos="noun" trans="bird" translit=""/></w></se><se><w>อย่า<ana lex="อย่า" pos="auxiliary verb" trans="do not" translit=""/></w><w>ตระหนก<ana lex="ตระหนก" pos="verb,intransitive,formal" trans="to be frightened; to be alarmed" translit="dtraL nohkL"/><ana lex="ตระหนก" pos="verb" trans="alarm" translit=""/><ana lex="ตระหนก" pos="adverb" trans="frighteningly" translit=""/><ana lex="ตระหนก" pos="adjective" trans="frightened" translit=""/></w><w>รัก<ana lex="รัก" pos="verb,transitive" trans="treasure" translit=""/><ana lex="รัก" pos="verb,transitive" trans="adore" translit=""/><ana lex="รัก" pos="PRF" trans="phil-" translit=""/><ana lex="รัก" pos="PRF" trans="philo-" translit=""/><ana lex="รัก" pos="PHRV" trans="be attached to" translit=""/></w><w>แน่</w><w>มิ<ana lex="มิ" pos="NEG" trans="not" translit=""/><ana lex="มิ" pos="" trans="[alternate spelling of ไม่ ]" translit="miH"/><ana lex="มิ" pos="NEG" trans="not" translit=""/></w><w>แปรผัน<ana lex="แปรผัน" pos="verb" trans="change" translit=""/><ana lex="แปรผัน" pos="" trans="to change; vary; fluctuate; modify; alter" translit="bpraaeM phanR"/></w></se><se><w>หาก<ana lex="หาก" pos="conjunction" trans="if" translit=""/></w><w>เหน็บ<ana lex="เหน็บ" pos="noun" trans="beriberi" translit=""/><ana lex="เหน็บ" pos="verb" trans="insert" translit=""/><ana lex="เหน็บ" pos="verb" trans="carp at" translit=""/><ana lex="เหน็บ" pos="verb,figurative" trans="[fig.] to make piercing remarks or jabs; to carp, snipe, or insult; to make indignant or sarcastic remarks" translit="nepL"/><ana lex="เหน็บ" pos="adjective" trans="[is] numb; tingling" translit="nepL"/><ana lex="เหน็บ" pos="verb" trans="to jab; to stick (i.e. a knife); to stab at; to pierce; to thrust" translit="nepL"/></w><w>หนาว<ana lex="หนาว" pos="verb" trans="be cold" translit=""/><ana lex="หนาว" pos="adjective" trans="cold" translit=""/></w><w>หัวใจ<ana lex="หัวใจ" pos="SL" trans="tick-tock" translit=""/></w><w>อย่างไร<ana lex="อย่างไร" pos="noun,pronoun" trans="[อย่างไร] anything; whatever" translit="yaangL raiM"/><ana lex="อย่างไร" pos="QUES" trans="how" translit=""/><ana lex="อย่างไร" pos="adverb" trans="[อย่างไร] like what; anyhow; how" translit="yaangL raiM"/></w><w>กัน<ana lex="กัน" pos="verb" trans="keep out" translit=""/><ana lex="กัน" pos="PRON" trans="one another" translit=""/><ana lex="กัน" pos="PHRV" trans="screen off" translit=""/><ana lex="กัน" pos="adverb" trans="together" translit=""/><ana lex="กัน" pos="verb" trans="shave" translit=""/><ana lex="กัน" pos="verb" trans="separate" translit=""/></w></se><se><w>จะ<ana lex="จะ" pos="auxiliary verb" trans="will" translit=""/><ana lex="จะ" pos="auxiliary verb" trans="will" translit=""/><ana lex="จะ" pos="" trans="[alternate spelling of จ้ะ]" translit="jaL"/></w><w>มี<ana lex="มี" pos="verb" trans="consist of" translit=""/><ana lex="มี" pos="verb" trans="there is/are" translit=""/><ana lex="มี" pos="verb" trans="have" translit=""/><ana lex="มี" pos="verb,transitive" trans="contain" translit=""/><ana lex="มี" pos="verb,transitive" trans="has" translit=""/><ana lex="มี" pos="verb,transitive" trans="have" translit=""/><ana lex="มี" pos="adjective" trans="rich" translit=""/></w><w>ฉัน<ana lex="ฉัน" pos="" trans="[alternate pronunciation of ฉัน ]" translit="chanH"/><ana lex="ฉัน" pos="pronoun" trans="me" translit=""/></w><w>เคียง<ana lex="เคียง" pos="adverb" trans="closely" translit=""/></w><w>ข้าง<ana lex="ข้าง" pos="PRF" trans="par-" translit=""/><ana lex="ข้าง" pos="PRF" trans="para-" translit=""/><ana lex="ข้าง" pos="PRF" trans="para-" translit=""/><ana lex="ข้าง" pos="noun" trans="side" translit=""/><ana lex="ข้าง" pos="preposition" trans="next to" translit=""/><ana lex="ข้าง" pos="noun" trans="side" translit=""/><ana lex="ข้าง" pos="noun" trans="side" translit=""/><ana lex="ข้าง" pos="PRF" trans="par-" translit=""/><ana lex="ข้าง" pos="noun" trans="side" translit=""/></w><w>ไม่<ana lex="ไม่" pos="adverb" trans="not" translit=""/><ana lex="ไม่" pos="PRF" trans="an-" translit=""/><ana lex="ไม่" pos="PRF" trans="un-" translit=""/><ana lex="ไม่" pos="PRF" trans="un-" translit=""/><ana lex="ไม่" pos="adjective" trans="nary" translit=""/><ana lex="ไม่" pos="NEG" trans="not" translit=""/><ana lex="ไม่" pos="PRF" trans="in-" translit=""/><ana lex="ไม่" pos="adverb" trans="no" translit=""/><ana lex="ไม่" pos="PRF" trans="non-" translit=""/><ana lex="ไม่" pos="PRF" trans="non-" translit=""/><ana lex="ไม่" pos="PRF" trans="in-" translit=""/><ana lex="ไม่" pos="SL" trans="no soup" translit=""/><ana lex="ไม่" pos="SL" trans="no sale" translit=""/><ana lex="ไม่" pos="SL" trans="nope" translit=""/><ana lex="ไม่" pos="SL" trans="No way!" translit=""/><ana lex="ไม่" pos="NEG" trans="not" translit=""/><ana lex="ไม่" pos="SL" trans="Nuts!" translit=""/></w><w>ห่าง<ana lex="ห่าง" pos="verb" trans="separate oneself from" translit=""/><ana lex="ห่าง" pos="adverb" trans="far" translit=""/><ana lex="ห่าง" pos="verb" trans="be different" translit=""/></w><w>ไกล<ana lex="ไกล" pos="adverb" trans="far" translit=""/><ana lex="ไกล" pos="PRF" trans="tele-" translit=""/><ana lex="ไกล" pos="adverb" trans="far" translit=""/><ana lex="ไกล" pos="adjective" trans="remote" translit=""/><ana lex="ไกล" pos="adjective" trans="far-off" translit=""/></w></se><se><w>บน<ana lex="บน" pos="PRF" trans="a-" translit=""/><ana lex="บน" pos="verb" trans="vow" translit=""/><ana lex="บน" pos="preposition" trans="upon" translit=""/><ana lex="บน" pos="preposition" trans="on" translit=""/><ana lex="บน" pos="preposition" trans="on" translit=""/></w><w>หนทาง<ana lex="หนทาง" pos="noun" trans="track" translit=""/><ana lex="หนทาง" pos="noun" trans="way; route; course; path" translit="hohnR thaangM"/><ana lex="หนทาง" pos="noun" trans="trail" translit=""/><ana lex="หนทาง" pos="noun" trans="way" translit=""/></w><w>หวัง<ana lex="หวัง" pos="verb,transitive" trans="hope" translit=""/><ana lex="หวัง" pos="verb,intransitive" trans="hope" translit=""/></w><w>ไว้<ana lex="ไว้" pos="verb" trans="keep" translit=""/></w><w>ดั่ง<ana lex="ดั่ง" pos="preposition" trans="like" translit=""/></w><w>ใจ<ana lex="ใจ" pos="noun" trans="heart" translit=""/><ana lex="ใจ" pos="noun" trans="mind" translit=""/></w><w>ฝัน<ana lex="ฝัน" pos="verb,transitive" trans="dream" translit=""/><ana lex="ฝัน" pos="verb,intransitive" trans="dream" translit=""/><ana lex="ฝัน" pos="verb" trans="dream" translit=""/></w></se><se><w>จง<ana lex="จง" pos="auxiliary verb" trans="must" translit=""/></w><w>เชื่อ<ana lex="เชื่อ" pos="PHRV" trans="go away with" translit=""/><ana lex="เชื่อ" pos="verb,transitive" trans="believe" translit=""/><ana lex="เชื่อ" pos="verb,transitive" trans="accept" translit=""/><ana lex="เชื่อ" pos="verb" trans="believe" translit=""/><ana lex="เชื่อ" pos="verb" trans="believe in" translit=""/><ana lex="เชื่อ" pos="SL" trans="Adam and Eve" translit=""/><ana lex="เชื่อ" pos="verb" trans="buy on credit" translit=""/><ana lex="เชื่อ" pos="verb,transitive" trans="see" translit=""/></w><w>มั่น</w><w>หนักแน่น<ana lex="หนักแน่น" pos="adjective" trans="firm" translit=""/><ana lex="หนักแน่น" pos="adjective" trans="self-composed" translit=""/><ana lex="หนักแน่น" pos="adjective" trans="forceful" translit=""/><ana lex="หนักแน่น" pos="adjective" trans="unfaltering" translit=""/><ana lex="หนักแน่น" pos="adjective,phrase" trans="[is] firm" translit="nakL naaenF"/><ana lex="หนักแน่น" pos="adverb" trans="surely" translit=""/><ana lex="หนักแน่น" pos="verb" trans="be firm" translit=""/></w><w>อย่า<ana lex="อย่า" pos="auxiliary verb" trans="do not" translit=""/></w><w>หวั่นไหว<ana lex="หวั่นไหว" pos="verb" trans="be shaken" translit=""/></w></se><se><w>หาก<ana lex="หาก" pos="conjunction" trans="if" translit=""/></w><w>เธอ<ana lex="เธอ" pos="PRON" trans="you" translit=""/><ana lex="เธอ" pos="pronoun" trans="she" translit=""/><ana lex="เธอ" pos="pronoun" trans="her" translit=""/><ana lex="เธอ" pos="PRON" trans="she" translit=""/></w><w>ล้ม<ana lex="ล้ม" pos="verb" trans="fall" translit=""/><ana lex="ล้ม" pos="verb" trans="cancel" translit=""/><ana lex="ล้ม" pos="verb" trans="slaughter" translit=""/><ana lex="ล้ม" pos="verb" trans="cancel" translit=""/><ana lex="ล้ม" pos="verb" trans="give up" translit=""/><ana lex="ล้ม" pos="verb" trans="die" translit=""/><ana lex="ล้ม" pos="verb" trans="cancel" translit=""/><ana lex="ล้ม" pos="verb,intransitive" trans="tumble" translit=""/><ana lex="ล้ม" pos="verb" trans="cut down" translit=""/><ana lex="ล้ม" pos="verb" trans="die" translit=""/><ana lex="ล้ม" pos="verb" trans="overthrow" translit=""/><ana lex="ล้ม" pos="verb" trans="slaughter" translit=""/></w><w>พลาดพลั้ง<ana lex="พลาดพลั้ง" pos="verb" trans="to err; to blunder; to make a mistake" translit="phlaatF phlangH"/><ana lex="พลาดพลั้ง" pos="verb" trans="err" translit=""/></w><w>ใน<ana lex="ใน" pos="preposition" trans="in" translit=""/><ana lex="ใน" pos="adjective" trans="in" translit=""/><ana lex="ใน" pos="PRF" trans="em-" translit=""/><ana lex="ใน" pos="PRF" trans="en-" translit=""/><ana lex="ใน" pos="PRF" trans="en-" translit=""/><ana lex="ใน" pos="PRF" trans="il-" translit=""/><ana lex="ใน" pos="preposition" trans="of" translit=""/><ana lex="ใน" pos="PRF" trans="in-" translit=""/><ana lex="ใน" pos="PRF" trans="im-" translit=""/><ana lex="ใน" pos="adverb" trans="in" translit=""/><ana lex="ใน" pos="preposition" trans="in" translit=""/></w><w>ครั้ง<ana lex="ครั้ง" pos="noun" trans="clip" translit=""/><ana lex="ครั้ง" pos="classifier" trans="time" translit=""/><ana lex="ครั้ง" pos="noun" trans="time" translit=""/><ana lex="ครั้ง" pos="noun" trans="time" translit=""/><ana lex="ครั้ง" pos="noun" trans="play" translit=""/></w><w>ใด<ana lex="ใด" pos="DET" trans="any" translit=""/><ana lex="ใด" pos="DET" trans="which" translit=""/></w></se><se><w>กลับ<ana lex="กลับ" pos="PRF" trans="un-" translit=""/><ana lex="กลับ" pos="verb" trans="become to" translit=""/><ana lex="กลับ" pos="verb" trans="reverse" translit=""/><ana lex="กลับ" pos="PHRV" trans="be back" translit=""/><ana lex="กลับ" pos="verb" trans="return" translit=""/></w><w>มา<ana lex="มา" pos="PHRV" trans="get in1" translit=""/><ana lex="มา" pos="adverb" trans="coming (toward the present; or toward the focal time)" translit=""/><ana lex="มา" pos="verb,intransitive" trans="come" translit=""/><ana lex="มา" pos="verb" trans="arrive" translit=""/></w><w>หา<ana lex="หา" pos="verb" trans="grope" translit=""/><ana lex="หา" pos="verb" trans="accuse" translit=""/><ana lex="หา" pos="verb" trans="see" translit=""/><ana lex="หา" pos="verb,transitive" trans="find" translit=""/><ana lex="หา" pos="verb" trans="search for" translit=""/></w><w>ฉัน<ana lex="ฉัน" pos="" trans="[alternate pronunciation of ฉัน ]" translit="chanH"/><ana lex="ฉัน" pos="pronoun" trans="me" translit=""/></w><w>ได้<ana lex="ได้" pos="PHRV" trans="get out of" translit=""/><ana lex="ได้" pos="auxiliary verb" trans="be able to" translit=""/><ana lex="ได้" pos="verb" trans="get" translit=""/><ana lex="ได้" pos="" trans="[alternate pronunciation of ได้ ]" translit="daaiF"/><ana lex="ได้" pos="auxiliary verb" trans="used as an auxiliary verb before a principal verb to indicate the past tense" translit=""/><ana lex="ได้" pos="verb,transitive" trans="get" translit=""/><ana lex="ได้" pos="adverb" trans="can" translit=""/></w><w>ใน<ana lex="ใน" pos="preposition" trans="in" translit=""/><ana lex="ใน" pos="adjective" trans="in" translit=""/><ana lex="ใน" pos="PRF" trans="em-" translit=""/><ana lex="ใน" pos="PRF" trans="en-" translit=""/><ana lex="ใน" pos="PRF" trans="en-" translit=""/><ana lex="ใน" pos="PRF" trans="il-" translit=""/><ana lex="ใน" pos="preposition" trans="of" translit=""/><ana lex="ใน" pos="PRF" trans="in-" translit=""/><ana lex="ใน" pos="PRF" trans="im-" translit=""/><ana lex="ใน" pos="adverb" trans="in" translit=""/><ana lex="ใน" pos="preposition" trans="in" translit=""/></w><w>ทันที<ana lex="ทันที" pos="SL" trans="in a flash" translit=""/><ana lex="ทันที" pos="adjective" trans="instantaneous" translit=""/><ana lex="ทันที" pos="adverb" trans="immediately" translit=""/><ana lex="ทันที" pos="idiom" trans="in a spilt second" translit=""/><ana lex="ทันที" pos="adjective" trans="direct" translit=""/><ana lex="ทันที" pos="adverb" trans="straightaway" translit=""/><ana lex="ทันที" pos="adverb" trans="split second" translit=""/><ana lex="ทันที" pos="adverb" trans="straightway" translit=""/></w></se><se><w>หรือ<ana lex="หรือ" pos="conjunction" trans="or" translit=""/><ana lex="หรือ" pos="conjunction" trans="or" translit=""/><ana lex="หรือ" pos="END" trans="isn't it" translit=""/></w><w>พลัด<ana lex="พลัด" pos="adverb" trans="astray" translit=""/><ana lex="พลัด" pos="verb" trans="fall" translit=""/><ana lex="พลัด" pos="verb" trans="be separated (from)" translit=""/></w><w>หลง<ana lex="หลง" pos="verb" trans="be misled" translit=""/><ana lex="หลง" pos="verb" trans="lose one's way" translit=""/><ana lex="หลง" pos="verb" trans="remain" translit=""/><ana lex="หลง" pos="verb,intransitive" trans="drift" translit=""/><ana lex="หลง" pos="verb" trans="be infatuated" translit=""/></w><w>เผลอไผล<ana lex="เผลอไผล" pos="verb" trans="to do something without thinking, unconsciously; hastily; mindlessly" translit="phluuhrR phlaiR"/><ana lex="เผลอไผล" pos="verb" trans="unconscious" translit=""/><ana lex="เผลอไผล" pos="verb" trans="be unaware" translit=""/><ana lex="เผลอไผล" pos="verb" trans="to be careless" translit=""/></w><w>ใน<ana lex="ใน" pos="preposition" trans="in" translit=""/><ana lex="ใน" pos="adjective" trans="in" translit=""/><ana lex="ใน" pos="PRF" trans="em-" translit=""/><ana lex="ใน" pos="PRF" trans="en-" translit=""/><ana lex="ใน" pos="PRF" trans="en-" translit=""/><ana lex="ใน" pos="PRF" trans="il-" translit=""/><ana lex="ใน" pos="preposition" trans="of" translit=""/><ana lex="ใน" pos="PRF" trans="in-" translit=""/><ana lex="ใน" pos="PRF" trans="im-" translit=""/><ana lex="ใน" pos="adverb" trans="in" translit=""/><ana lex="ใน" pos="preposition" trans="in" translit=""/></w><w>บาง<ana lex="บาง" pos="adjective" trans="subtle" translit=""/><ana lex="บาง" pos="adjective" trans="thin" translit=""/><ana lex="บาง" pos="adjective" trans="fine" translit=""/><ana lex="บาง" pos="noun" trans="settlement" translit=""/><ana lex="บาง" pos="adjective" trans="thin" translit=""/><ana lex="บาง" pos="DET" trans="some" translit=""/><ana lex="บาง" pos="adjective" trans="thin" translit=""/><ana lex="บาง" pos="adjective" trans="thin" translit=""/><ana lex="บาง" pos="noun" trans="village" translit=""/></w><w>ครา<ana lex="ครา" pos="classifier" trans="time" translit=""/><ana lex="ครา" pos="noun" trans="time; occasion; event" translit="khraaM"/><ana lex="ครา" pos="noun" trans="time" translit=""/></w></se><se><w>ฉัน<ana lex="ฉัน" pos="" trans="[alternate pronunciation of ฉัน ]" translit="chanH"/><ana lex="ฉัน" pos="pronoun" trans="me" translit=""/></w><w>จะ<ana lex="จะ" pos="auxiliary verb" trans="will" translit=""/><ana lex="จะ" pos="auxiliary verb" trans="will" translit=""/><ana lex="จะ" pos="" trans="[alternate spelling of จ้ะ]" translit="jaL"/></w><w>ออก<ana lex="ออก" pos="PRF" trans="ec-" translit=""/><ana lex="ออก" pos="PRF" trans="ex-" translit=""/><ana lex="ออก" pos="PRF" trans="ex-" translit=""/><ana lex="ออก" pos="PRF" trans="a-" translit=""/><ana lex="ออก" pos="PRF" trans="out-" translit=""/></w><w>ตาม<ana lex="ตาม" pos="verb,intransitive" trans="trail" translit=""/><ana lex="ตาม" pos="verb" trans="invite" translit=""/><ana lex="ตาม" pos="verb" trans="pursue" translit=""/><ana lex="ตาม" pos="preposition" trans="along" translit=""/><ana lex="ตาม" pos="verb" trans="follow" translit=""/><ana lex="ตาม" pos="verb,transitive" trans="follow" translit=""/><ana lex="ตาม" pos="preposition" trans="in accordance with" translit=""/><ana lex="ตาม" pos="adverb" trans="fatefully" translit=""/><ana lex="ตาม" pos="adverb" trans="follow" translit=""/></w><w>หา<ana lex="หา" pos="verb" trans="grope" translit=""/><ana lex="หา" pos="verb" trans="accuse" translit=""/><ana lex="หา" pos="verb" trans="see" translit=""/><ana lex="หา" pos="verb,transitive" trans="find" translit=""/><ana lex="หา" pos="verb" trans="search for" translit=""/></w><w>เธอ<ana lex="เธอ" pos="PRON" trans="you" translit=""/><ana lex="เธอ" pos="pronoun" trans="she" translit=""/><ana lex="เธอ" pos="pronoun" trans="her" translit=""/><ana lex="เธอ" pos="PRON" trans="she" translit=""/></w><w>ทุก<ana lex="ทุก" pos="DET" trans="every" translit=""/></w><w>ที่<ana lex="ที่" pos="PRON" trans="that" translit=""/><ana lex="ที่" pos="preposition" trans="at" translit=""/><ana lex="ที่" pos="noun" trans="word for utensil" translit=""/><ana lex="ที่" pos="preposition" trans="at" translit=""/><ana lex="ที่" pos="noun" trans="place" translit=""/><ana lex="ที่" pos="classifier" trans="qualifiers for places" translit=""/><ana lex="ที่" pos="noun" trans="ordinal number" translit=""/><ana lex="ที่" pos="preposition" trans="to" translit=""/><ana lex="ที่" pos="noun" trans="land" translit=""/></w></se><se><w>หาก<ana lex="หาก" pos="conjunction" trans="if" translit=""/></w><w>ชอกช้ำ<ana lex="ชอกช้ำ" pos="verb" trans="hurt" translit=""/><ana lex="ชอกช้ำ" pos="adjective" trans="[ชอกช้ำ] [is] hurt; bruised; shattered" translit="chaawkF chamH"/></w><w>ปวดร้าว<ana lex="ปวดร้าว" pos="verb" trans="be heart-broken" translit=""/><ana lex="ปวดร้าว" pos="verb" trans="have a vague feeling of pain" translit=""/></w><w>ล้น<ana lex="ล้น" pos="verb" trans="overflow" translit=""/><ana lex="ล้น" pos="PHRV" trans="spill over" translit=""/><ana lex="ล้น" pos="verb" trans="be excessive" translit=""/><ana lex="ล้น" pos="PHRV" trans="brim over" translit=""/><ana lex="ล้น" pos="PHRV" trans="bubble over" translit=""/></w><w>ฤดี<ana lex="ฤดี" pos="proper noun,person,formal,loanword,Pali" trans="Rudee [a Thai female given name] (pleasure, delight)" translit="reuH deeM"/><ana lex="ฤดี" pos="noun,poetic,loanword,Sanskrit" trans="pleasure; delight; gladness" translit="reuH deeM"/></w></se><se><w>ฉัน<ana lex="ฉัน" pos="" trans="[alternate pronunciation of ฉัน ]" translit="chanH"/><ana lex="ฉัน" pos="pronoun" trans="me" translit=""/></w><w>จะ<ana lex="จะ" pos="auxiliary verb" trans="will" translit=""/><ana lex="จะ" pos="auxiliary verb" trans="will" translit=""/><ana lex="จะ" pos="" trans="[alternate spelling of จ้ะ]" translit="jaL"/></w><w>อยู่<ana lex="อยู่" pos="verb,intransitive" trans="abide" translit=""/><ana lex="อยู่" pos="auxiliary verb" trans="be" translit=""/></w><w>ตรง<ana lex="ตรง" pos="adverb" trans="straightly" translit=""/><ana lex="ตรง" pos="preposition" trans="at" translit=""/><ana lex="ตรง" pos="adjective" trans="straight" translit=""/><ana lex="ตรง" pos="verb" trans="be straight" translit=""/><ana lex="ตรง" pos="adjective" trans="dead" translit=""/><ana lex="ตรง" pos="PRF" trans="orth-" translit=""/><ana lex="ตรง" pos="verb,intransitive" trans="unbend" translit=""/><ana lex="ตรง" pos="PRF" trans="ortho-" translit=""/><ana lex="ตรง" pos="adverb" trans="straightforwardly" translit=""/><ana lex="ตรง" pos="verb" trans="be precise at" translit=""/><ana lex="ตรง" pos="adjective" trans="straight" translit=""/><ana lex="ตรง" pos="verb" trans="be in accordance with" translit=""/><ana lex="ตรง" pos="adverb" trans="rush" translit=""/><ana lex="ตรง" pos="adverb" trans="punctually" translit=""/></w><w>นี้</w><w>ซับ<ana lex="ซับ" pos="verb" trans="absorb" translit=""/></w><w>น้ำตา<ana lex="น้ำตา" pos="noun" trans="tear" translit=""/><ana lex="น้ำตา" pos="noun" trans="tear" translit=""/></w></se><se><w>ไม่<ana lex="ไม่" pos="adverb" trans="not" translit=""/><ana lex="ไม่" pos="PRF" trans="an-" translit=""/><ana lex="ไม่" pos="PRF" trans="un-" translit=""/><ana lex="ไม่" pos="PRF" trans="un-" translit=""/><ana lex="ไม่" pos="adjective" trans="nary" translit=""/><ana lex="ไม่" pos="NEG" trans="not" translit=""/><ana lex="ไม่" pos="PRF" trans="in-" translit=""/><ana lex="ไม่" pos="adverb" trans="no" translit=""/><ana lex="ไม่" pos="PRF" trans="non-" translit=""/><ana lex="ไม่" pos="PRF" trans="non-" translit=""/><ana lex="ไม่" pos="PRF" trans="in-" translit=""/><ana lex="ไม่" pos="SL" trans="no soup" translit=""/><ana lex="ไม่" pos="SL" trans="no sale" translit=""/><ana lex="ไม่" pos="SL" trans="nope" translit=""/><ana lex="ไม่" pos="SL" trans="No way!" translit=""/><ana lex="ไม่" pos="NEG" trans="not" translit=""/><ana lex="ไม่" pos="SL" trans="Nuts!" translit=""/></w><w>มี<ana lex="มี" pos="verb" trans="consist of" translit=""/><ana lex="มี" pos="verb" trans="there is/are" translit=""/><ana lex="มี" pos="verb" trans="have" translit=""/><ana lex="มี" pos="verb,transitive" trans="contain" translit=""/><ana lex="มี" pos="verb,transitive" trans="has" translit=""/><ana lex="มี" pos="verb,transitive" trans="have" translit=""/><ana lex="มี" pos="adjective" trans="rich" translit=""/></w><w>หรอก<ana lex="หรอก" pos="END" trans="particle used after a negative statement to make the sense milder" translit=""/></w><w>วัน<ana lex="วัน" pos="" trans="[alternate pronunciation of วัน ]" translit="wanM naH"/><ana lex="วัน" pos="noun" trans="day" translit=""/><ana lex="วัน" pos="noun" trans="diem" translit=""/><ana lex="วัน" pos="noun" trans="day" translit=""/></w><w>ใด<ana lex="ใด" pos="DET" trans="any" translit=""/><ana lex="ใด" pos="DET" trans="which" translit=""/></w><w>ปัน<ana lex="ปัน" pos="verb" trans="divide" translit=""/></w><w>ใจ<ana lex="ใจ" pos="noun" trans="heart" translit=""/><ana lex="ใจ" pos="noun" trans="mind" translit=""/></w><w>ห่าง<ana lex="ห่าง" pos="verb" trans="separate oneself from" translit=""/><ana lex="ห่าง" pos="adverb" trans="far" translit=""/><ana lex="ห่าง" pos="verb" trans="be different" translit=""/></w></se><se><w>รู้<ana lex="รู้" pos="verb,transitive" trans="tell" translit=""/><ana lex="รู้" pos="verb,transitive" trans="ken" translit=""/><ana lex="รู้" pos="verb,intransitive" trans="ken" translit=""/><ana lex="รู้" pos="PHRV" trans="hear about" translit=""/><ana lex="รู้" pos="verb,transitive" trans="know" translit=""/><ana lex="รู้" pos="verb" trans="know" translit=""/></w><w>เสีย<ana lex="เสีย" pos="PHRV" trans="go on2" translit=""/><ana lex="เสีย" pos="SL" trans="knackered" translit=""/><ana lex="เสีย" pos="SL" trans="on the fritz" translit=""/><ana lex="เสีย" pos="SL" trans="all over the shop1" translit=""/><ana lex="เสีย" pos="PHRV" trans="pass away" translit=""/><ana lex="เสีย" pos="verb" trans="lose" translit=""/><ana lex="เสีย" pos="adverb" trans="really" translit=""/><ana lex="เสีย" pos="SL" trans="knacked" translit=""/><ana lex="เสีย" pos="verb" trans="be rotten" translit=""/></w><w>บ้าง<ana lex="บ้าง" pos="adjective" trans="certain" translit=""/><ana lex="บ้าง" pos="adjective" trans="any" translit=""/><ana lex="บ้าง" pos="adverb" trans="any" translit=""/><ana lex="บ้าง" pos="PRON" trans="else" translit=""/></w><w>ฉัน<ana lex="ฉัน" pos="" trans="[alternate pronunciation of ฉัน ]" translit="chanH"/><ana lex="ฉัน" pos="pronoun" trans="me" translit=""/></w><w>รัก<ana lex="รัก" pos="verb,transitive" trans="treasure" translit=""/><ana lex="รัก" pos="verb,transitive" trans="adore" translit=""/><ana lex="รัก" pos="PRF" trans="phil-" translit=""/><ana lex="รัก" pos="PRF" trans="philo-" translit=""/><ana lex="รัก" pos="PHRV" trans="be attached to" translit=""/></w><w>เธอ<ana lex="เธอ" pos="PRON" trans="you" translit=""/><ana lex="เธอ" pos="pronoun" trans="she" translit=""/><ana lex="เธอ" pos="pronoun" trans="her" translit=""/><ana lex="เธอ" pos="PRON" trans="she" translit=""/></w><w>ยิ่ง<ana lex="ยิ่ง" pos="adverb" trans="more" translit=""/><ana lex="ยิ่ง" pos="adverb" trans="extremely" translit=""/><ana lex="ยิ่ง" pos="auxiliary verb" trans="much" translit=""/><ana lex="ยิ่ง" pos="adverb" trans="the more" translit=""/></w><w>กว่า<ana lex="กว่า" pos="adverb" trans="more" translit=""/><ana lex="กว่า" pos="DET" trans="over" translit=""/><ana lex="กว่า" pos="preposition" trans="till" translit=""/></w></se><se><w>จะ<ana lex="จะ" pos="auxiliary verb" trans="will" translit=""/><ana lex="จะ" pos="auxiliary verb" trans="will" translit=""/><ana lex="จะ" pos="" trans="[alternate spelling of จ้ะ]" translit="jaL"/></w><w>โอบ<ana lex="โอบ" pos="verb" trans="encircle" translit=""/><ana lex="โอบ" pos="verb" trans="embrace" translit=""/><ana lex="โอบ" pos="verb" trans="encircle; surround; enfold; embrace; hug; clasp; outflank" translit="o:hpL"/><ana lex="โอบ" pos="verb" trans="outflank" translit=""/></w><w>กอด<ana lex="กอด" pos="PHRV" trans="cuddle up" translit=""/><ana lex="กอด" pos="verb" trans="embrace" translit=""/><ana lex="กอด" pos="PHRV" trans="press to" translit=""/><ana lex="กอด" pos="verb,intransitive" trans="hug" translit=""/><ana lex="กอด" pos="verb,transitive" trans="hold" translit=""/></w><w>เธอ<ana lex="เธอ" pos="PRON" trans="you" translit=""/><ana lex="เธอ" pos="pronoun" trans="she" translit=""/><ana lex="เธอ" pos="pronoun" trans="her" translit=""/><ana lex="เธอ" pos="PRON" trans="she" translit=""/></w><w>ไว้<ana lex="ไว้" pos="verb" trans="keep" translit=""/></w><w>ทุก<ana lex="ทุก" pos="DET" trans="every" translit=""/></w><w>เวลา<ana lex="เวลา" pos="PRF" trans="chrono-" translit=""/><ana lex="เวลา" pos="conjunction" trans="when" translit=""/><ana lex="เวลา" pos="noun" trans="chance" translit=""/><ana lex="เวลา" pos="noun" trans="time" translit=""/><ana lex="เวลา" pos="noun" trans="time" translit=""/><ana lex="เวลา" pos="noun" trans="duration" translit=""/></w></se><se><w>คอย<ana lex="คอย" pos="PHRV" trans="wait behind" translit=""/><ana lex="คอย" pos="PHRV" trans="stick around" translit=""/><ana lex="คอย" pos="PHRV" trans="stick about" translit=""/><ana lex="คอย" pos="verb,transitive" trans="tarry" translit=""/><ana lex="คอย" pos="verb" trans="wait" translit=""/><ana lex="คอย" pos="verb,transitive" trans="bide" translit=""/></w><w>ห่วงใย<ana lex="ห่วงใย" pos="verb" trans="worry" translit=""/><ana lex="ห่วงใย" pos="PHRV" trans="devour with" translit=""/><ana lex="ห่วงใย" pos="verb" trans="to worry (about)" translit="huaangL yaiM"/><ana lex="ห่วงใย" pos="verb,transitive" trans="care" translit=""/><ana lex="ห่วงใย" pos="verb,intransitive" trans="care" translit=""/></w><w>ห่วง<ana lex="ห่วง" pos="noun" trans="hoop" translit=""/><ana lex="ห่วง" pos="verb" trans="be concerned with/about" translit=""/><ana lex="ห่วง" pos="noun" trans="ring" translit=""/><ana lex="ห่วง" pos="noun" trans="ring" translit=""/><ana lex="ห่วง" pos="noun" trans="loop" translit=""/></w><w>หา<ana lex="หา" pos="verb" trans="grope" translit=""/><ana lex="หา" pos="verb" trans="accuse" translit=""/><ana lex="หา" pos="verb" trans="see" translit=""/><ana lex="หา" pos="verb,transitive" trans="find" translit=""/><ana lex="หา" pos="verb" trans="search for" translit=""/></w><w>ทุก<ana lex="ทุก" pos="DET" trans="every" translit=""/></w><w>ครา<ana lex="ครา" pos="classifier" trans="time" translit=""/><ana lex="ครา" pos="noun" trans="time; occasion; event" translit="khraaM"/><ana lex="ครา" pos="noun" trans="time" translit=""/></w><w>ไป<ana lex="ไป" pos="PRF" trans="ad-" translit=""/><ana lex="ไป" pos="verb" trans="go" translit=""/><ana lex="ไป" pos="SL" trans="chip" translit=""/><ana lex="ไป" pos="SL" trans="gone for a Burton" translit=""/><ana lex="ไป" pos="verb,intransitive" trans="go" translit=""/></w></se></body>