<body><meta><link>http://www.thaipoem.com/%E0%B8%81%E0%B8%A5%E0%B8%AD%E0%B8%99/%E0%B8%81%E0%B8%A5%E0%B8%AD%E0%B8%99%E0%B8%81%E0%B8%B3%E0%B8%A5%E0%B8%B1%E0%B8%87%E0%B9%83%E0%B8%88/125600</link><title>สร้างโลก..โยกกังวล (ด้วยกลบทกบเต้นสลักเพชร)</title><genre>poem</genre></meta><se><w>พิรุณ<ana lex="พิรุณ" pos="noun" trans="rain" translit=""/><ana lex="พิรุณ" pos="noun,poetic" trans="rain" translit="phiH roonM"/></w><w>ร่าย<ana lex="ร่าย" pos="verb,transitive" trans="to read, recite or utter magic formulas or incantations, incant" translit="raaiF"/><ana lex="ร่าย" pos="verb" trans="recite or utter magic formula" translit=""/><ana lex="ร่าย" pos="noun,proper noun,formal" trans="[a type of Thai versification]" translit="raaiF"/><ana lex="ร่าย" pos="noun" trans="kind of Thai verse" translit=""/><ana lex="ร่าย" pos="verb,intransitive" trans="to dance or strut about rhythmically" translit="raaiF"/></w></se><se><w>พาย<ana lex="พาย" pos="verb,transitive" trans="paddle" translit=""/><ana lex="พาย" pos="noun" trans="pie" translit=""/><ana lex="พาย" pos="noun" trans="paddle" translit=""/><ana lex="พาย" pos="verb,intransitive" trans="row" translit=""/><ana lex="พาย" pos="verb" trans="row" translit=""/><ana lex="พาย" pos="verb,transitive" trans="row" translit=""/></w><w>เรือ<ana lex="เรือ" pos="noun" trans="boat" translit=""/><ana lex="เรือ" pos="noun" trans="rook" translit=""/><ana lex="เรือ" pos="noun" trans="ship" translit=""/><ana lex="เรือ" pos="noun" trans="boat" translit=""/></w><w>หลบ<ana lex="หลบ" pos="verb,intransitive" trans="lurk" translit=""/><ana lex="หลบ" pos="verb,intransitive" trans="dodge" translit=""/><ana lex="หลบ" pos="verb,transitive" trans="fudge" translit=""/><ana lex="หลบ" pos="PHRV" trans="duck into" translit=""/><ana lex="หลบ" pos="PHRV" trans="duck down" translit=""/><ana lex="หลบ" pos="verb,intransitive" trans="skulk" translit=""/></w></se><se><w>พบ<ana lex="พบ" pos="PHRV" trans="run up against" translit=""/><ana lex="พบ" pos="verb" trans="meet" translit=""/><ana lex="พบ" pos="PHRV" trans="catch up with" translit=""/><ana lex="พบ" pos="verb,transitive" trans="see" translit=""/><ana lex="พบ" pos="verb" trans="find" translit=""/><ana lex="พบ" pos="PHRV" trans="find in1" translit=""/><ana lex="พบ" pos="idiom" trans="lay one's hands on" translit=""/></w><w>โลก<ana lex="โลก" pos="PRF" trans="cosmo-" translit=""/><ana lex="โลก" pos="noun" trans="planet" translit=""/><ana lex="โลก" pos="noun" trans="world" translit=""/><ana lex="โลก" pos="noun" trans="globe" translit=""/><ana lex="โลก" pos="noun" trans="sphere" translit=""/><ana lex="โลก" pos="noun" trans="earth" translit=""/><ana lex="โลก" pos="" trans="[alternate pronunciation of โลก ]" translit="lo:hkF gaL"/><ana lex="โลก" pos="noun" trans="world" translit=""/><ana lex="โลก" pos="noun" trans="earth" translit=""/></w><w>เร้น<ana lex="เร้น" pos="verb" trans="to hide; conceal; evade" translit="renH"/><ana lex="เร้น" pos="verb" trans="hide" translit=""/></w></se><se><w>ระรัว<ana lex="ระรัว" pos="verb" trans="beat rapidly" translit=""/><ana lex="ระรัว" pos="adjective" trans="[is] trembling; shivering" translit="raH ruaaM"/><ana lex="ระรัว" pos="adverb" trans="tremblingly" translit=""/><ana lex="ระรัว" pos="verb" trans="to beat rapidly" translit="raH ruaaM"/></w><w>ตื่น<ana lex="ตื่น" pos="verb" trans="be alert" translit=""/><ana lex="ตื่น" pos="adjective" trans="awake" translit=""/><ana lex="ตื่น" pos="verb" trans="wake up" translit=""/><ana lex="ตื่น" pos="verb,intransitive" trans="rouse" translit=""/><ana lex="ตื่น" pos="verb,intransitive" trans="awake" translit=""/><ana lex="ตื่น" pos="verb" trans="be alarmed" translit=""/><ana lex="ตื่น" pos="verb" trans="be aware of" translit=""/></w></se><se><w>รื่น<ana lex="รื่น" pos="adjective" trans="[is] joyful; joyous; (feeling) fresh or refreshing; comfortable; enjoyable" translit="reuunF"/><ana lex="รื่น" pos="proper noun,person,formal,colloquial" trans="Rune [a Thai male or female given name or nickname] (happy, refreshing)" translit="reuunF"/><ana lex="รื่น" pos="adjective" trans="[is] smooth; trouble-free" translit="reuunF"/><ana lex="รื่น" pos="verb" trans="be happy" translit=""/></w><w>ลม<ana lex="ลม" pos="noun" trans="fall" translit=""/><ana lex="ลม" pos="noun" trans="swift land crab" translit=""/><ana lex="ลม" pos="noun" trans="breath" translit=""/><ana lex="ลม" pos="noun" trans="wind" translit=""/><ana lex="ลม" pos="noun" trans="wind" translit=""/><ana lex="ลม" pos="noun" trans="Panus polychrous (Lev.) Sing." translit=""/><ana lex="ลม" pos="noun" trans="air" translit=""/></w><w>เต้น<ana lex="เต้น" pos="verb" trans="dance" translit=""/><ana lex="เต้น" pos="verb,intransitive" trans="palpitate" translit=""/><ana lex="เต้น" pos="verb" trans="beat" translit=""/></w></se><se><w>เล่น</w><w>รอบ<ana lex="รอบ" pos="PRF" trans="circum-" translit=""/><ana lex="รอบ" pos="PRF" trans="peri-" translit=""/><ana lex="รอบ" pos="classifier" trans="cycle" translit=""/><ana lex="รอบ" pos="preposition" trans="about" translit=""/><ana lex="รอบ" pos="preposition" trans="around" translit=""/></w><w>ต้น<ana lex="ต้น" pos="noun" trans="beginning" translit=""/><ana lex="ต้น" pos="noun" trans="name of Thai song" translit=""/><ana lex="ต้น" pos="adjective" trans="royal" translit=""/><ana lex="ต้น" pos="noun" trans="the initial word for calling monk" translit=""/><ana lex="ต้น" pos="noun" trans="upper" translit=""/><ana lex="ต้น" pos="noun" trans="stem" translit=""/><ana lex="ต้น" pos="noun" trans="head" translit=""/><ana lex="ต้น" pos="classifier" trans="numerical designatory particle for trees" translit=""/><ana lex="ต้น" pos="noun" trans="origin" translit=""/></w></se><se><w>ไม้<ana lex="ไม้" pos="" trans="[alternate pronunciation of ไม้ ]" translit="maiH"/><ana lex="ไม้" pos="noun" trans="wood" translit=""/><ana lex="ไม้" pos="noun" trans="log" translit=""/><ana lex="ไม้" pos="noun" trans="plant" translit=""/></w><w>ลูก<ana lex="ลูก" pos="noun" trans="fruit" translit=""/><ana lex="ลูก" pos="noun" trans="child" translit=""/><ana lex="ลูก" pos="noun" trans="brood" translit=""/><ana lex="ลูก" pos="noun" trans="child" translit=""/><ana lex="ลูก" pos="classifier" trans="numerative noun for fruits, mountain ranges, etc." translit=""/></w><w>ดื่น<ana lex="ดื่น" pos="verb" trans="be plentiful" translit=""/><ana lex="ดื่น" pos="adjective" trans="[is] plentiful; abundant; numerous; bountiful" translit="deuunL"/></w></se><se><w>หมื่น<ana lex="หมื่น" pos="noun" trans="ten thousand" translit=""/></w><w>ลูก<ana lex="ลูก" pos="noun" trans="fruit" translit=""/><ana lex="ลูก" pos="noun" trans="child" translit=""/><ana lex="ลูก" pos="noun" trans="brood" translit=""/><ana lex="ลูก" pos="noun" trans="child" translit=""/><ana lex="ลูก" pos="classifier" trans="numerative noun for fruits, mountain ranges, etc." translit=""/></w><w>ได้<ana lex="ได้" pos="PHRV" trans="get out of" translit=""/><ana lex="ได้" pos="auxiliary verb" trans="be able to" translit=""/><ana lex="ได้" pos="verb" trans="get" translit=""/><ana lex="ได้" pos="" trans="[alternate pronunciation of ได้ ]" translit="daaiF"/><ana lex="ได้" pos="auxiliary verb" trans="used as an auxiliary verb before a principal verb to indicate the past tense" translit=""/><ana lex="ได้" pos="verb,transitive" trans="get" translit=""/><ana lex="ได้" pos="adverb" trans="can" translit=""/></w></se><se><w>ไหม้<ana lex="ไหม้" pos="adjective" trans="ablaze" translit=""/><ana lex="ไหม้" pos="verb" trans="burn" translit=""/><ana lex="ไหม้" pos="verb" trans="burn" translit=""/><ana lex="ไหม้" pos="verb,transitive" trans="burn" translit=""/><ana lex="ไหม้" pos="adjective" trans="burnt" translit=""/></w><w>หล่น<ana lex="หล่น" pos="PHRV" trans="go over1" translit=""/><ana lex="หล่น" pos="verb" trans="fall" translit=""/><ana lex="หล่น" pos="PHRV" trans="drop out" translit=""/></w><w>ดล<ana lex="ดล" pos="verb,loanword,Pali,Sanskrit" trans="floor; ground" translit="dohnM"/><ana lex="ดล" pos="verb" trans="[ดลใจ] to inspire; effect supernaturally" translit="dohnM"/><ana lex="ดล" pos="verb" trans="to influence; to motivate; to inspire; to cause" translit="dohnM"/><ana lex="ดล" pos="noun" trans="floor" translit=""/><ana lex="ดล" pos="verb,loanword,Cambodian" trans="to reach; to attain" translit="dohnM"/></w></se><se><w>สัก<ana lex="สัก" pos="noun" trans="teak" translit=""/><ana lex="สัก" pos="verb" trans="tattoo" translit=""/><ana lex="สัก" pos="verb" trans="stretch" translit=""/><ana lex="สัก" pos="adverb" trans="just" translit=""/></w><w>พัก<ana lex="พัก" pos="verb" trans="break" translit=""/><ana lex="พัก" pos="PHRV" trans="abide at" translit=""/><ana lex="พัก" pos="idiom" trans="put one's feet up" translit=""/><ana lex="พัก" pos="noun" trans="break" translit=""/><ana lex="พัก" pos="PHRV" trans="get off2" translit=""/><ana lex="พัก" pos="PHRV" trans="lay off1" translit=""/><ana lex="พัก" pos="verb" trans="stay" translit=""/><ana lex="พัก" pos="adverb" trans="for a while" translit=""/><ana lex="พัก" pos="adjective" trans="resting" translit=""/><ana lex="พัก" pos="idiom" trans="take break" translit=""/></w><w>พลัน<ana lex="พลัน" pos="adverb" trans="at once" translit=""/></w></se><se><w>สรรค์<ana lex="สรรค์" pos="verb,poetic" trans="to build" translit="sanR"/></w><w>เพิ่ม<ana lex="เพิ่ม" pos="verb,transitive" trans="pad" translit=""/><ana lex="เพิ่ม" pos="PHRV" trans="add to" translit=""/><ana lex="เพิ่ม" pos="PHRV" trans="put on1" translit=""/><ana lex="เพิ่ม" pos="PHRV" trans="put into" translit=""/><ana lex="เพิ่ม" pos="verb,transitive" trans="aggrandize" translit=""/><ana lex="เพิ่ม" pos="verb,intransitive" trans="increase" translit=""/><ana lex="เพิ่ม" pos="PHRV" trans="scale up" translit=""/><ana lex="เพิ่ม" pos="verb,transitive" trans="attach" translit=""/><ana lex="เพิ่ม" pos="verb,transitive" trans="heighten" translit=""/><ana lex="เพิ่ม" pos="verb,transitive" trans="gain" translit=""/><ana lex="เพิ่ม" pos="PHRV" trans="append to" translit=""/><ana lex="เพิ่ม" pos="verb,transitive" trans="increase" translit=""/><ana lex="เพิ่ม" pos="verb,transitive" trans="introduce" translit=""/><ana lex="เพิ่ม" pos="PHRV" trans="put to2" translit=""/><ana lex="เพิ่ม" pos="adjective" trans="plus" translit=""/></w><w>ผล<ana lex="ผล" pos="noun" trans="outcome" translit=""/><ana lex="ผล" pos="noun" trans="advantage" translit=""/><ana lex="ผล" pos="" trans="[alternate pronunciation of ผล ]" translit="phohnR laH"/><ana lex="ผล" pos="noun" trans="achievement" translit=""/><ana lex="ผล" pos="noun" trans="result" translit=""/><ana lex="ผล" pos="noun" trans="fruit" translit=""/><ana lex="ผล" pos="classifier" trans="fruit" translit=""/><ana lex="ผล" pos="noun" trans="consequence" translit=""/><ana lex="ผล" pos="noun" trans="issue" translit=""/></w></se><se><w>สน</w><w>พอก<ana lex="พอก" pos="verb" trans="cover" translit=""/></w><w>พัน<ana lex="พัน" pos="verb" trans="involve" translit=""/><ana lex="พัน" pos="verb,transitive" trans="swaddle" translit=""/><ana lex="พัน" pos="verb,intransitive" trans="wind" translit=""/><ana lex="พัน" pos="PRF" trans="kilo-" translit=""/><ana lex="พัน" pos="verb" trans="bind" translit=""/><ana lex="พัน" pos="verb,transitive" trans="wind" translit=""/><ana lex="พัน" pos="PRF" trans="milli-" translit=""/><ana lex="พัน" pos="verb,transitive" trans="intwine" translit=""/><ana lex="พัน" pos="noun" trans="thousand" translit=""/><ana lex="พัน" pos="verb,intransitive" trans="intwine" translit=""/></w></se><se><w>เตร่<ana lex="เตร่" pos="verb" trans="stroll" translit=""/><ana lex="เตร่" pos="verb" trans="to wander or stroll about" translit="dtrehL"/><ana lex="เตร่" pos="adverb" trans="wanderingly" translit=""/></w><w>ไป<ana lex="ไป" pos="PRF" trans="ad-" translit=""/><ana lex="ไป" pos="verb" trans="go" translit=""/><ana lex="ไป" pos="SL" trans="chip" translit=""/><ana lex="ไป" pos="SL" trans="gone for a Burton" translit=""/><ana lex="ไป" pos="verb,intransitive" trans="go" translit=""/></w><w>รอ<ana lex="รอ" pos="verb" trans="wait for" translit=""/><ana lex="รอ" pos="verb" trans="await (for something to happen)" translit=""/><ana lex="รอ" pos="noun" trans="embankment" translit=""/></w></se><se><w>ตอ<ana lex="ตอ" pos="noun" trans="stump" translit=""/><ana lex="ตอ" pos="noun" trans="base" translit=""/></w><w>เปื่อย<ana lex="เปื่อย" pos="verb,intransitive" trans="macerate" translit=""/><ana lex="เปื่อย" pos="verb" trans="rot" translit=""/></w><w>รก<ana lex="รก" pos="adjective" trans="disordered" translit=""/><ana lex="รก" pos="adjective" trans="overgrown" translit=""/><ana lex="รก" pos="noun" trans="placenta" translit=""/><ana lex="รก" pos="idiom" trans="be out of order" translit=""/></w></se><se><w>ตก<ana lex="ตก" pos="verb" trans="come to" translit=""/><ana lex="ตก" pos="verb,intransitive" trans="drop" translit=""/><ana lex="ตก" pos="verb" trans="fall" translit=""/><ana lex="ตก" pos="verb" trans="fall into" translit=""/><ana lex="ตก" pos="verb" trans="come" translit=""/><ana lex="ตก" pos="verb" trans="fall (on)" translit=""/><ana lex="ตก" pos="verb" trans="fade (colours)" translit=""/><ana lex="ตก" pos="verb" trans="fish (with a hook and line)" translit=""/><ana lex="ตก" pos="verb" trans="fail (an examination)" translit=""/><ana lex="ตก" pos="verb" trans="fall" translit=""/><ana lex="ตก" pos="verb" trans="make a success of" translit=""/><ana lex="ตก" pos="verb" trans="be crestfallen" translit=""/><ana lex="ตก" pos="verb" trans="miss" translit=""/><ana lex="ตก" pos="verb" trans="miss" translit=""/></w><w>ปริ<ana lex="ปริ" pos="verb" trans="split" translit=""/><ana lex="ปริ" pos="preposition,particle,formal,loanword,Pali" trans="[a prefix meaning] around" translit="bpriL"/><ana lex="ปริ" pos="verb" trans="to part or open slightly; to open by separating the enclosing part" translit="bpriL"/><ana lex="ปริ" pos="" trans="[alternate pronunciation of ปริ]" translit="bpaL riH"/></w><w>รุ่น<ana lex="รุ่น" pos="noun" trans="age" translit=""/><ana lex="รุ่น" pos="adjective" trans="young" translit=""/><ana lex="รุ่น" pos="noun" trans="age" translit=""/></w></se><se><w>กลิ่น<ana lex="กลิ่น" pos="noun" trans="odour" translit=""/><ana lex="กลิ่น" pos="noun" trans="scent" translit=""/><ana lex="กลิ่น" pos="noun" trans="smell" translit=""/><ana lex="กลิ่น" pos="noun" trans="olfaction" translit=""/><ana lex="กลิ่น" pos="noun" trans="smell" translit=""/><ana lex="กลิ่น" pos="noun" trans="odor" translit=""/></w><w>เหม็น<ana lex="เหม็น" pos="adjective" trans="foetid" translit=""/><ana lex="เหม็น" pos="adjective" trans="rank" translit=""/><ana lex="เหม็น" pos="adjective" trans="malodorous" translit=""/><ana lex="เหม็น" pos="adjective" trans="stinking" translit=""/><ana lex="เหม็น" pos="verb" trans="smell" translit=""/><ana lex="เหม็น" pos="verb" trans="be notorious" translit=""/></w><w>ขื่น<ana lex="ขื่น" pos="verb" trans="be bitter" translit=""/><ana lex="ขื่น" pos="adjective" trans="[is] bitter-sour tasting" translit="kheuunL"/></w></se><se><w>กลืน<ana lex="กลืน" pos="PHRV" trans="go down1" translit=""/><ana lex="กลืน" pos="verb,transitive" trans="merge" translit=""/><ana lex="กลืน" pos="verb" trans="blend" translit=""/><ana lex="กลืน" pos="verb,transitive" trans="swallow" translit=""/><ana lex="กลืน" pos="verb" trans="swallow" translit=""/><ana lex="กลืน" pos="verb,transitive" trans="gulf" translit=""/><ana lex="กลืน" pos="verb,transitive" trans="engulf" translit=""/></w><w>หมอง<ana lex="หมอง" pos="verb" trans="become dull" translit=""/><ana lex="หมอง" pos="adjective" trans="[is] dull; tarnished; darkened; sad" translit="maawngR"/><ana lex="หมอง" pos="verb" trans="look sad" translit=""/></w><w>คุ้น<ana lex="คุ้น" pos="verb" trans="be familiar" translit=""/><ana lex="คุ้น" pos="" trans="[คุ้นตา] be familiar; appear familiar; look familiar" translit="khoonH"/><ana lex="คุ้น" pos="adjective" trans="[is] conversant in; familiar with; used to; intimate with" translit="khoonH"/></w></se><se><w>กรุ่น<ana lex="กรุ่น" pos="verb" trans="smoulder" translit=""/><ana lex="กรุ่น" pos="verb" trans="smolder" translit=""/><ana lex="กรุ่น" pos="adverb" trans="fragrantly" translit=""/></w><w>หมาย<ana lex="หมาย" pos="noun" trans="warrant" translit=""/><ana lex="หมาย" pos="verb" trans="aim" translit=""/></w><w>คั่น<ana lex="คั่น" pos="verb,transitive,intransitive" trans="to set a limit to; separate; place in between; interpose; divide; stop; confine" translit="khanF"/><ana lex="คั่น" pos="verb" trans="separate" translit=""/></w></se><se><w>พา<ana lex="พา" pos="" trans="[alternate spelling of ภา]" translit="phaaM"/><ana lex="พา" pos="verb" trans="bring" translit=""/></w><w>รำลึก<ana lex="รำลึก" pos="verb" trans="recall" translit=""/></w></se><se><w>พฤกษ์<ana lex="พฤกษ์" pos="noun,formal,loanword,Sanskrit" trans="tree; plant; flora" translit="phreukH"/></w><w>หลอน<ana lex="หลอน" pos="verb" trans="haunt" translit=""/><ana lex="หลอน" pos="verb,transitive,intransitive" trans="to scare; haunt; spook; intimidate (by teasing)" translit="laawnR"/></w><w>หลง<ana lex="หลง" pos="verb" trans="be misled" translit=""/><ana lex="หลง" pos="verb" trans="lose one's way" translit=""/><ana lex="หลง" pos="verb" trans="remain" translit=""/><ana lex="หลง" pos="verb,intransitive" trans="drift" translit=""/><ana lex="หลง" pos="verb" trans="be infatuated" translit=""/></w></se><se><w>พง<ana lex="พง" pos="noun" trans="thicket" translit=""/></w><w>ร้อย<ana lex="ร้อย" pos="noun" trans="hundred" translit=""/><ana lex="ร้อย" pos="verb" trans="thread" translit=""/><ana lex="ร้อย" pos="noun" trans="lieutenant" translit=""/><ana lex="ร้อย" pos="PRF" trans="centi-" translit=""/></w><w>รั้น<ana lex="รั้น" pos="adjective" trans="stubborn" translit=""/></w></se><se><w>ของ<ana lex="ของ" pos="noun" trans="thing" translit=""/><ana lex="ของ" pos="PRF" trans="a-" translit=""/><ana lex="ของ" pos="noun" trans="item" translit=""/><ana lex="ของ" pos="preposition" trans="of" translit=""/><ana lex="ของ" pos="preposition" trans="of" translit=""/></w><w>วิถี<ana lex="วิถี" pos="noun" trans="path" translit=""/><ana lex="วิถี" pos="noun" trans="way; course; path; road; route; direction" translit="wiH theeR"/><ana lex="วิถี" pos="noun" trans="way" translit=""/></w></se><se><w>คลี่<ana lex="คลี่" pos="verb,transitive" trans="lay" translit=""/><ana lex="คลี่" pos="verb,transitive" trans="unfold" translit=""/><ana lex="คลี่" pos="verb" trans="spread out" translit=""/></w><w>วาง<ana lex="วาง" pos="verb,intransitive" trans="lie" translit=""/><ana lex="วาง" pos="verb,transitive" trans="put" translit=""/><ana lex="วาง" pos="verb,transitive" trans="set" translit=""/><ana lex="วาง" pos="verb" trans="lay (down)" translit=""/></w><w>ทัน<ana lex="ทัน" pos="verb" trans="overtake" translit=""/><ana lex="ทัน" pos="adjective" trans="in time" translit=""/><ana lex="ทัน" pos="adverb" trans="in time" translit=""/><ana lex="ทัน" pos="verb" trans="catch up with" translit=""/><ana lex="ทัน" pos="verb,transitive" trans="make" translit=""/><ana lex="ทัน" pos="adverb" trans="in time" translit=""/></w></se><se><w>ครั้น<ana lex="ครั้น" pos="conjunction" trans="when" translit=""/></w><w>หวั่น<ana lex="หวั่น" pos="verb" trans="[ประหวั่น] to fear" translit="wanL"/><ana lex="หวั่น" pos="verb,intransitive" trans="to fear; be afraid" translit="wanL"/><ana lex="หวั่น" pos="adjective" trans="[หวั่นใจ] [is] afraid (apprehensive, anxious, concerned, worried, nervous, uneasy) that something bad may happen; on tenderhooks" translit="wanL"/><ana lex="หวั่น" pos="verb" trans="be afraid of" translit=""/></w><w>ทัก<ana lex="ทัก" pos="noun" trans="a kind of basket made of bamboo used to collect salt" translit=""/><ana lex="ทัก" pos="verb" trans="warn" translit=""/><ana lex="ทัก" pos="verb" trans="greet" translit=""/><ana lex="ทัก" pos="verb" trans="to greet" translit="thakH"/></w></se><se><w>ทุกข์<ana lex="ทุกข์" pos="PRF" trans="path-" translit=""/><ana lex="ทุกข์" pos="PRF" trans="patho-" translit=""/></w><w>รื่น<ana lex="รื่น" pos="adjective" trans="[is] joyful; joyous; (feeling) fresh or refreshing; comfortable; enjoyable" translit="reuunF"/><ana lex="รื่น" pos="proper noun,person,formal,colloquial" trans="Rune [a Thai male or female given name or nickname] (happy, refreshing)" translit="reuunF"/><ana lex="รื่น" pos="adjective" trans="[is] smooth; trouble-free" translit="reuunF"/><ana lex="รื่น" pos="verb" trans="be happy" translit=""/></w><w>ลาม<ana lex="ลาม" pos="verb" trans="spread" translit=""/><ana lex="ลาม" pos="verb" trans="take liberties with" translit=""/></w></se><se><w>ท่า<ana lex="ท่า" pos="noun" trans="wharf" translit=""/><ana lex="ท่า" pos="noun" trans="posture" translit=""/></w><w>ม</w><w>ร้อง<ana lex="ร้อง" pos="verb" trans="ask for" translit=""/><ana lex="ร้อง" pos="verb" trans="cry" translit=""/><ana lex="ร้อง" pos="verb" trans="sing" translit=""/><ana lex="ร้อง" pos="verb" trans="complain" translit=""/><ana lex="ร้อง" pos="verb" trans="sing" translit=""/><ana lex="ร้อง" pos="verb" trans="cry out" translit=""/><ana lex="ร้อง" pos="verb" trans="cry" translit=""/></w><w>ลบ<ana lex="ลบ" pos="preposition" trans="minus" translit=""/><ana lex="ลบ" pos="verb" trans="subtract" translit=""/><ana lex="ลบ" pos="verb" trans="obliterate" translit=""/><ana lex="ลบ" pos="noun" trans="minus" translit=""/><ana lex="ลบ" pos="verb,transitive" trans="erase" translit=""/><ana lex="ลบ" pos="adjective" trans="negative" translit=""/></w></se><se><w>ทบ<ana lex="ทบ" pos="classifier" trans="fold" translit=""/><ana lex="ทบ" pos="verb" trans="compound" translit=""/><ana lex="ทบ" pos="verb" trans="fold" translit=""/></w><w>ไหล<ana lex="ไหล" pos="noun" trans="root" translit=""/><ana lex="ไหล" pos="noun" trans="eel" translit=""/><ana lex="ไหล" pos="verb" trans="flow" translit=""/><ana lex="ไหล" pos="verb,transitive" trans="run" translit=""/><ana lex="ไหล" pos="verb,intransitive" trans="run" translit=""/><ana lex="ไหล" pos="verb,intransitive" trans="stream" translit=""/><ana lex="ไหล" pos="verb,transitive" trans="stream" translit=""/><ana lex="ไหล" pos="verb,intransitive" trans="flux" translit=""/><ana lex="ไหล" pos="verb,intransitive" trans="flow" translit=""/></w><w>หลอม<ana lex="หลอม" pos="verb,transitive" trans="[of a metal] to melt; to smelt; to fuse (together)" translit="laawmR"/><ana lex="หลอม" pos="verb,transitive" trans="found" translit=""/><ana lex="หลอม" pos="verb" trans="melt" translit=""/><ana lex="หลอม" pos="verb,transitive" trans="smelt" translit=""/><ana lex="หลอม" pos="verb,transitive" trans="cast" translit=""/></w></se><se><w>คือ<ana lex="คือ" pos="verb" trans="be" translit=""/><ana lex="คือ" pos="adverb" trans="namely" translit=""/></w><w>วลี<ana lex="วลี" pos="noun" trans="phrase" translit=""/><ana lex="วลี" pos="" trans="[grammar] a phrase or portion of a sentence" translit="waH leeM"/><ana lex="วลี" pos="classifier" trans="[numerical classifier for a phrase or portion of a sentence]" translit="waH leeM"/><ana lex="วลี" pos="noun,loanword,Pali" trans="line; streak; fold" translit="waH leeM"/></w></se><se><w>คลี่<ana lex="คลี่" pos="verb,transitive" trans="lay" translit=""/><ana lex="คลี่" pos="verb,transitive" trans="unfold" translit=""/><ana lex="คลี่" pos="verb" trans="spread out" translit=""/></w><w>แวดล้อม<ana lex="แวดล้อม" pos="adjective" trans="surrounding" translit=""/><ana lex="แวดล้อม" pos="adjective" trans="surrounding" translit=""/><ana lex="แวดล้อม" pos="PHRV" trans="hang over2" translit=""/><ana lex="แวดล้อม" pos="verb" trans="surround" translit=""/><ana lex="แวดล้อม" pos="verb" trans="surround" translit=""/></w></se><se><w>ค่อม<ana lex="ค่อม" pos="adjective" trans="dwarf" translit=""/><ana lex="ค่อม" pos="adjective" trans="hunchbacked" translit=""/><ana lex="ค่อม" pos="noun" trans="Hypomesecs squamosus" translit=""/></w><w>วาง<ana lex="วาง" pos="verb,intransitive" trans="lie" translit=""/><ana lex="วาง" pos="verb,transitive" trans="put" translit=""/><ana lex="วาง" pos="verb,transitive" trans="set" translit=""/><ana lex="วาง" pos="verb" trans="lay (down)" translit=""/></w><w>หลัก<ana lex="หลัก" pos="noun" trans="principal" translit=""/><ana lex="หลัก" pos="noun" trans="main principle" translit=""/><ana lex="หลัก" pos="noun" trans="pole" translit=""/><ana lex="หลัก" pos="adjective" trans="main" translit=""/><ana lex="หลัก" pos="noun" trans="stake" translit=""/><ana lex="หลัก" pos="noun" trans="keystone" translit=""/><ana lex="หลัก" pos="noun" trans="principle" translit=""/></w></se><se><w>สร้อย<ana lex="สร้อย" pos="noun" trans="flower" translit=""/><ana lex="สร้อย" pos="noun" trans="minnow" translit=""/><ana lex="สร้อย" pos="noun" trans="suffix in verse or poem for euphony" translit=""/><ana lex="สร้อย" pos="noun" trans="mane" translit=""/><ana lex="สร้อย" pos="noun" trans="necklace" translit=""/></w><w>แล้ว<ana lex="แล้ว" pos="adverb" trans="already" translit=""/><ana lex="แล้ว" pos="adverb" trans="already" translit=""/><ana lex="แล้ว" pos="adverb" trans="by now" translit=""/><ana lex="แล้ว" pos="adverb" trans="already" translit=""/></w><w>ลุก<ana lex="ลุก" pos="verb" trans="burn" translit=""/><ana lex="ลุก" pos="verb" trans="get up" translit=""/></w></se><se><w>สุข<ana lex="สุข" pos="noun" trans="happiness" translit=""/><ana lex="สุข" pos="verb" trans="be happy" translit=""/><ana lex="สุข" pos="" trans="[alternate pronunciation of สุข ]" translit="sookL khaL"/></w><w>แล้ว<ana lex="แล้ว" pos="adverb" trans="already" translit=""/><ana lex="แล้ว" pos="adverb" trans="already" translit=""/><ana lex="แล้ว" pos="adverb" trans="by now" translit=""/><ana lex="แล้ว" pos="adverb" trans="already" translit=""/></w><w>รอน<ana lex="รอน" pos="verb,transitive,intransitive,formal" trans="to cut; cut down; reduce; reduce strength; trim; curtail; undermine; sever" translit="raawnM"/><ana lex="รอน" pos="adjective" trans="[นอน ] sleeping" translit="raawnM"/><ana lex="รอน" pos="proper noun,loanword,English" trans="Ron [an English given name]" translit="raawnM"/></w></se><se><w>ซ่อน<ana lex="ซ่อน" pos="idiom" trans="rout out" translit=""/><ana lex="ซ่อน" pos="PHRV" trans="plant on" translit=""/><ana lex="ซ่อน" pos="verb" trans="hide" translit=""/><ana lex="ซ่อน" pos="verb,transitive" trans="hide" translit=""/><ana lex="ซ่อน" pos="verb,transitive" trans="shroud" translit=""/><ana lex="ซ่อน" pos="PHRV" trans="blot out" translit=""/><ana lex="ซ่อน" pos="verb,intransitive" trans="hide" translit=""/><ana lex="ซ่อน" pos="PHRV" trans="cover up" translit=""/><ana lex="ซ่อน" pos="verb,transitive" trans="occult" translit=""/></w><w>ล้อ<ana lex="ล้อ" pos="noun" trans="wheel" translit=""/><ana lex="ล้อ" pos="verb" trans="tease" translit=""/><ana lex="ล้อ" pos="noun" trans="wheel" translit=""/></w><w>ลัก</w></se><se><w>กังวล<ana lex="กังวล" pos="PHRV" trans="carry on" translit=""/><ana lex="กังวล" pos="verb" trans="worry" translit=""/><ana lex="กังวล" pos="idiom" trans="tear one's hair" translit=""/><ana lex="กังวล" pos="adjective" trans="concerned" translit=""/><ana lex="กังวล" pos="idiom" trans="ill at ease" translit=""/></w><w>กราย<ana lex="กราย" pos="verb" trans="to pass closely" translit="graaiM"/><ana lex="กราย" pos="verb" trans="pass closely" translit=""/><ana lex="กราย" pos="verb" trans="to pass too close" translit="graaiM"/><ana lex="กราย" pos="noun" trans="Spotted featherback" translit=""/><ana lex="กราย" pos="verb" trans="swagger" translit=""/></w></se><se><w>ก่าย<ana lex="ก่าย" pos="verb" trans="rest on" translit=""/></w><w>วัก<ana lex="วัก" pos="verb,transitive" trans="to use one's hand to bail or hurl water" translit="wakH"/><ana lex="วัก" pos="verb" trans="to appease (the) spirits" translit="wakH"/></w><w>กัก<ana lex="กัก" pos="verb" trans="dam up" translit=""/><ana lex="กัก" pos="verb" trans="confine" translit=""/></w></se><se><w>กวัก<ana lex="กวัก" pos="verb,transitive" trans="to call or beckon" translit="gwakL"/><ana lex="กวัก" pos="verb" trans="beckon" translit=""/><ana lex="กวัก" pos="" trans="[นกกวัก] a white-breasted waterhen, Amaurornis phoenicurus" translit="gwakL"/><ana lex="กวัก" pos="noun" trans="[แมวกวัก] Beckoning Cat" translit="gwakL"/><ana lex="กวัก" pos="" trans="[นางกวัก] a [specific type of] talismanic statue that is used widely in Thai convenience stores and believed to pull or draw wealth to the owners" translit="gwakL"/></w><w>หวาน<ana lex="หวาน" pos="verb" trans="keep turning" translit=""/><ana lex="หวาน" pos="adjective" trans="sweet-sounding" translit=""/><ana lex="หวาน" pos="adverb" trans="as easy as pie" translit=""/><ana lex="หวาน" pos="adjective" trans="sweet" translit=""/></w><w>เกลา<ana lex="เกลา" pos="verb" trans="edit" translit=""/><ana lex="เกลา" pos="verb" trans="smooth" translit=""/></w></se><se><w>โลก<ana lex="โลก" pos="PRF" trans="cosmo-" translit=""/><ana lex="โลก" pos="noun" trans="planet" translit=""/><ana lex="โลก" pos="noun" trans="world" translit=""/><ana lex="โลก" pos="noun" trans="globe" translit=""/><ana lex="โลก" pos="noun" trans="sphere" translit=""/><ana lex="โลก" pos="noun" trans="earth" translit=""/><ana lex="โลก" pos="" trans="[alternate pronunciation of โลก ]" translit="lo:hkF gaL"/><ana lex="โลก" pos="noun" trans="world" translit=""/><ana lex="โลก" pos="noun" trans="earth" translit=""/></w><w>เร้นลับ<ana lex="เร้นลับ" pos="adjective" trans="[is] mysterious; unknown; hidden" translit="renH lapH"/><ana lex="เร้นลับ" pos="adjective" trans="mysterious" translit=""/></w></se><se><w>หลับ<ana lex="หลับ" pos="SL" trans="kip" translit=""/><ana lex="หลับ" pos="PHRV" trans="get off1" translit=""/><ana lex="หลับ" pos="PHRV" trans="go off1" translit=""/><ana lex="หลับ" pos="SL" trans="zeds" translit=""/><ana lex="หลับ" pos="PHRV" trans="sack out" translit=""/><ana lex="หลับ" pos="PHRV" trans="drop off" translit=""/><ana lex="หลับ" pos="SL" trans="Z's" translit=""/><ana lex="หลับ" pos="SL" trans="Bo Bo’s" translit=""/><ana lex="หลับ" pos="verb,intransitive" trans="drop off" translit=""/><ana lex="หลับ" pos="verb,intransitive" trans="sleep" translit=""/><ana lex="หลับ" pos="SL" trans="Bo Peep" translit=""/></w><w>เลย<ana lex="เลย" pos="PRF" trans="extra-" translit=""/><ana lex="เลย" pos="auxiliary verb" trans="have to" translit=""/><ana lex="เลย" pos="verb" trans="pass" translit=""/><ana lex="เลย" pos="adverb" trans="really" translit=""/><ana lex="เลย" pos="noun" trans="Loei" translit=""/><ana lex="เลย" pos="adverb" trans="completely" translit=""/></w><w>ร้อน<ana lex="ร้อน" pos="adjective" trans="hot" translit=""/><ana lex="ร้อน" pos="verb" trans="be hot" translit=""/><ana lex="ร้อน" pos="adjective" trans="tropical" translit=""/><ana lex="ร้อน" pos="PRF" trans="thermo-" translit=""/><ana lex="ร้อน" pos="PRF" trans="therme-" translit=""/></w></se><se><w>หลอน<ana lex="หลอน" pos="verb" trans="haunt" translit=""/><ana lex="หลอน" pos="verb,transitive,intransitive" trans="to scare; haunt; spook; intimidate (by teasing)" translit="laawnR"/></w><w>ลืม<ana lex="ลืม" pos="verb,transitive" trans="forget" translit=""/><ana lex="ลืม" pos="PHRV" trans="get off2" translit=""/><ana lex="ลืม" pos="verb,intransitive" trans="forget" translit=""/><ana lex="ลืม" pos="verb" trans="forget" translit=""/><ana lex="ลืม" pos="verb,intransitive" trans="unlearn" translit=""/><ana lex="ลืม" pos="idiom" trans="go out of someone's mind" translit=""/></w><w>ร่ำ<ana lex="ร่ำ" pos="verb" trans="hit hard" translit=""/><ana lex="ร่ำ" pos="verb" trans="talk repeatedly" translit=""/></w></se><se><w>บาง<ana lex="บาง" pos="adjective" trans="subtle" translit=""/><ana lex="บาง" pos="adjective" trans="thin" translit=""/><ana lex="บาง" pos="adjective" trans="fine" translit=""/><ana lex="บาง" pos="noun" trans="settlement" translit=""/><ana lex="บาง" pos="adjective" trans="thin" translit=""/><ana lex="บาง" pos="DET" trans="some" translit=""/><ana lex="บาง" pos="adjective" trans="thin" translit=""/><ana lex="บาง" pos="adjective" trans="thin" translit=""/><ana lex="บาง" pos="noun" trans="village" translit=""/></w><w>เวลา<ana lex="เวลา" pos="PRF" trans="chrono-" translit=""/><ana lex="เวลา" pos="conjunction" trans="when" translit=""/><ana lex="เวลา" pos="noun" trans="chance" translit=""/><ana lex="เวลา" pos="noun" trans="time" translit=""/><ana lex="เวลา" pos="noun" trans="time" translit=""/><ana lex="เวลา" pos="noun" trans="duration" translit=""/></w></se><se><w>บ่าว<ana lex="บ่าว" pos="noun" trans="servant" translit=""/></w><w>อด<ana lex="อด" pos="verb" trans="abstain" translit=""/><ana lex="อด" pos="verb" trans="bear" translit=""/><ana lex="อด" pos="verb" trans="miss" translit=""/></w><w>ล้ำ<ana lex="ล้ำ" pos="adverb" trans="extremely; very; exceptionally; surpassing; superior" translit="lamH"/><ana lex="ล้ำ" pos="verb" trans="infringe" translit=""/><ana lex="ล้ำ" pos="verb" trans="to transgress; to infringe; to overstep; to go beyond; to encroach upon" translit="lamH"/><ana lex="ล้ำ" pos="adverb" trans="exceedingly" translit=""/></w></se><se><w>บ๋ำ</w><w>วิ่ง<ana lex="วิ่ง" pos="verb" trans="run" translit=""/><ana lex="วิ่ง" pos="verb,intransitive" trans="rush" translit=""/><ana lex="วิ่ง" pos="verb,intransitive" trans="run" translit=""/></w><w>เร่า<ana lex="เร่า" pos="adverb" trans="repeatedly" translit=""/><ana lex="เร่า" pos="verb,intransitive,formal" trans="to be hot and bothered, to be hot, to be impatient, to tremble, to squirm, to writhe" translit="raoF"/><ana lex="เร่า" pos="adverb" trans="tremblingly" translit=""/></w></se><se><w>ลอง<ana lex="ลอง" pos="verb" trans="taste" translit=""/></w><w>จ่อม<ana lex="จ่อม" pos="verb" trans="grovel" translit=""/><ana lex="จ่อม" pos="verb" trans="sit" translit=""/></w><w>บ่อ</w></se><se><w>ล่อ<ana lex="ล่อ" pos="verb,transitive" trans="angle" translit=""/><ana lex="ล่อ" pos="noun" trans="mule" translit=""/><ana lex="ล่อ" pos="noun" trans="mule" translit=""/><ana lex="ล่อ" pos="verb" trans="gulp" translit=""/><ana lex="ล่อ" pos="verb" trans="delude" translit=""/></w><w>เจ็บ<ana lex="เจ็บ" pos="verb" trans="be sick" translit=""/><ana lex="เจ็บ" pos="verb" trans="be pained" translit=""/><ana lex="เจ็บ" pos="verb" trans="hurt" translit=""/></w><w>ใบ้<ana lex="ใบ้" pos="verb" trans="signal" translit=""/><ana lex="ใบ้" pos="adverb" trans="dumbly" translit=""/><ana lex="ใบ้" pos="adjective" trans="mute" translit=""/><ana lex="ใบ้" pos="adjective" trans="mute" translit=""/><ana lex="ใบ้" pos="adjective" trans="deaf" translit=""/></w></se><se><w>ไล่</w><w>จาง<ana lex="จาง" pos="verb" trans="fade" translit=""/><ana lex="จาง" pos="verb" trans="decrease" translit=""/></w><w>เบา<ana lex="เบา" pos="adjective" trans="thin" translit=""/><ana lex="เบา" pos="verb" trans="slow down" translit=""/><ana lex="เบา" pos="adverb" trans="softly" translit=""/><ana lex="เบา" pos="verb" trans="relieve" translit=""/><ana lex="เบา" pos="adjective" trans="soft" translit=""/><ana lex="เบา" pos="adjective" trans="light" translit=""/><ana lex="เบา" pos="adjective" trans="lightweight" translit=""/><ana lex="เบา" pos="adjective" trans="featherweight" translit=""/></w></se><se><w>สติ<ana lex="สติ" pos="noun" trans="consciousness" translit=""/><ana lex="สติ" pos="noun" trans="reason" translit=""/></w><w>ต้อง<ana lex="ต้อง" pos="auxiliary verb" trans="must" translit=""/><ana lex="ต้อง" pos="" trans="[alternate pronunciation of ต้อง ]" translit="dtaawngF"/><ana lex="ต้อง" pos="verb" trans="fall into" translit=""/><ana lex="ต้อง" pos="verb" trans="touch" translit=""/><ana lex="ต้อง" pos="auxiliary verb" trans="must" translit=""/></w></se><se><w>ส้อง</w><w>ติด<ana lex="ติด" pos="verb,transitive" trans="fix" translit=""/><ana lex="ติด" pos="verb,intransitive" trans="fasten" translit=""/><ana lex="ติด" pos="verb,transitive" trans="adjoin" translit=""/><ana lex="ติด" pos="verb" trans="become a habit" translit=""/><ana lex="ติด" pos="verb" trans="addicted to" translit=""/><ana lex="ติด" pos="verb" trans="contain" translit=""/><ana lex="ติด" pos="verb" trans="accompany" translit=""/><ana lex="ติด" pos="verb" trans="next to" translit=""/><ana lex="ติด" pos="verb" trans="light" translit=""/><ana lex="ติด" pos="verb" trans="bear" translit=""/><ana lex="ติด" pos="verb" trans="owe" translit=""/><ana lex="ติด" pos="verb" trans="stick" translit=""/><ana lex="ติด" pos="verb" trans="hang" translit=""/><ana lex="ติด" pos="verb" trans="catch" translit=""/><ana lex="ติด" pos="verb" trans="get stuck" translit=""/><ana lex="ติด" pos="verb" trans="close" translit=""/><ana lex="ติด" pos="verb" trans="addicted to" translit=""/><ana lex="ติด" pos="verb" trans="be stained" translit=""/><ana lex="ติด" pos="verb,intransitive" trans="jam" translit=""/><ana lex="ติด" pos="PHRV" trans="affix to" translit=""/><ana lex="ติด" pos="verb" trans="start" translit=""/><ana lex="ติด" pos="verb,transitive" trans="fit" translit=""/><ana lex="ติด" pos="PHRV" trans="go aground" translit=""/><ana lex="ติด" pos="verb,intransitive" trans="adhere" translit=""/><ana lex="ติด" pos="noun" trans="Echeneidae" translit=""/></w><w>เตา<ana lex="เตา" pos="noun" trans="stove" translit=""/></w></se><se><w>เศร้า<ana lex="เศร้า" pos="adjective" trans="sad" translit=""/><ana lex="เศร้า" pos="adjective" trans="melancholy" translit=""/><ana lex="เศร้า" pos="adjective" trans="lowdown" translit=""/><ana lex="เศร้า" pos="adjective" trans="sad" translit=""/><ana lex="เศร้า" pos="adverb" trans="sadly" translit=""/><ana lex="เศร้า" pos="adjective" trans="heavy" translit=""/><ana lex="เศร้า" pos="verb" trans="be sad" translit=""/><ana lex="เศร้า" pos="adjective" trans="heavy-hearted" translit=""/></w><w>ต้อง<ana lex="ต้อง" pos="auxiliary verb" trans="must" translit=""/><ana lex="ต้อง" pos="" trans="[alternate pronunciation of ต้อง ]" translit="dtaawngF"/><ana lex="ต้อง" pos="verb" trans="fall into" translit=""/><ana lex="ต้อง" pos="verb" trans="touch" translit=""/><ana lex="ต้อง" pos="auxiliary verb" trans="must" translit=""/></w><w>ตัด<ana lex="ตัด" pos="verb,transitive" trans="trim" translit=""/><ana lex="ตัด" pos="verb,transitive" trans="hack" translit=""/><ana lex="ตัด" pos="PHRV" trans="prune down" translit=""/><ana lex="ตัด" pos="PHRV" trans="prune away" translit=""/><ana lex="ตัด" pos="verb,intransitive" trans="shear" translit=""/><ana lex="ตัด" pos="verb,transitive" trans="carve" translit=""/><ana lex="ตัด" pos="verb" trans="cut out" translit=""/><ana lex="ตัด" pos="verb" trans="cut off" translit=""/><ana lex="ตัด" pos="verb" trans="reduce" translit=""/><ana lex="ตัด" pos="verb,transitive" trans="cut" translit=""/><ana lex="ตัด" pos="verb" trans="cut" translit=""/><ana lex="ตัด" pos="verb" trans="contrast with" translit=""/><ana lex="ตัด" pos="verb,intransitive" trans="cut" translit=""/><ana lex="ตัด" pos="verb,transitive" trans="shear" translit=""/><ana lex="ตัด" pos="PHRV" trans="cut at" translit=""/></w></se><se><w>ผ่าน<ana lex="ผ่าน" pos="PHRV" trans="get by1" translit=""/><ana lex="ผ่าน" pos="verb" trans="ask a high price" translit=""/><ana lex="ผ่าน" pos="verb" trans="pass" translit=""/><ana lex="ผ่าน" pos="verb" trans="change" translit=""/><ana lex="ผ่าน" pos="PHRV" trans="enter by" translit=""/><ana lex="ผ่าน" pos="verb" trans="overcome" translit=""/><ana lex="ผ่าน" pos="verb,transitive" trans="passage" translit=""/><ana lex="ผ่าน" pos="verb,intransitive" trans="passage" translit=""/><ana lex="ผ่าน" pos="adverb" trans="thru" translit=""/><ana lex="ผ่าน" pos="preposition" trans="thru" translit=""/><ana lex="ผ่าน" pos="PRF" trans="dia-" translit=""/><ana lex="ผ่าน" pos="verb" trans="carry" translit=""/><ana lex="ผ่าน" pos="PRF" trans="per-" translit=""/><ana lex="ผ่าน" pos="PHRV" trans="get through2" translit=""/><ana lex="ผ่าน" pos="PHRV" trans="go past" translit=""/><ana lex="ผ่าน" pos="verb" trans="be used to" translit=""/><ana lex="ผ่าน" pos="adjective" trans="thru" translit=""/><ana lex="ผ่าน" pos="PHRV" trans="be past" translit=""/><ana lex="ผ่าน" pos="preposition" trans="by" translit=""/></w><w>โลก<ana lex="โลก" pos="PRF" trans="cosmo-" translit=""/><ana lex="โลก" pos="noun" trans="planet" translit=""/><ana lex="โลก" pos="noun" trans="world" translit=""/><ana lex="โลก" pos="noun" trans="globe" translit=""/><ana lex="โลก" pos="noun" trans="sphere" translit=""/><ana lex="โลก" pos="noun" trans="earth" translit=""/><ana lex="โลก" pos="" trans="[alternate pronunciation of โลก ]" translit="lo:hkF gaL"/><ana lex="โลก" pos="noun" trans="world" translit=""/><ana lex="โลก" pos="noun" trans="earth" translit=""/></w><w>เร้น<ana lex="เร้น" pos="verb" trans="to hide; conceal; evade" translit="renH"/><ana lex="เร้น" pos="verb" trans="hide" translit=""/></w></se><se><w>เพ็ญ</w><w>ลอย<ana lex="ลอย" pos="verb,intransitive" trans="drift" translit=""/><ana lex="ลอย" pos="adjective" trans="afloat" translit=""/><ana lex="ลอย" pos="PHRV" trans="float into" translit=""/><ana lex="ลอย" pos="verb,transitive" trans="whiff" translit=""/><ana lex="ลอย" pos="verb" trans="soar" translit=""/><ana lex="ลอย" pos="PHRV" trans="float through" translit=""/><ana lex="ลอย" pos="verb,intransitive" trans="ride" translit=""/><ana lex="ลอย" pos="adverb" trans="[ลอย ๆ] thoughtlessly; heedlessly; irresponsibly; without thinking; off the cuff" translit="laawyM"/><ana lex="ลอย" pos="adverb" trans="[ลอย ๆ] absently; vacantly; without provocation" translit="laawyM"/><ana lex="ลอย" pos="adverb" trans="[ลอย ๆ] indistinctly; vaguely; unclearly; in a circuitous or rambling fashion" translit="laawyM"/><ana lex="ลอย" pos="verb" trans="drift (from job to job)" translit=""/><ana lex="ลอย" pos="verb,intransitive" trans="whiff" translit=""/><ana lex="ลอย" pos="verb" trans="drift (from job to job)" translit=""/><ana lex="ลอย" pos="verb,intransitive" trans="swim" translit=""/><ana lex="ลอย" pos="adverb" trans="afloat" translit=""/><ana lex="ลอย" pos="verb,intransitive" trans="levitate" translit=""/></w><w>ล่อง<ana lex="ล่อง" pos="noun" trans="space or hole (between floor board)" translit=""/><ana lex="ล่อง" pos="verb" trans="float" translit=""/><ana lex="ล่อง" pos="adjective" trans="down (train)" translit=""/><ana lex="ล่อง" pos="verb" trans="travel through forests" translit=""/><ana lex="ล่อง" pos="verb" trans="float" translit=""/></w></se><se><w>พร่อง<ana lex="พร่อง" pos="verb" trans="be depleted" translit=""/></w><w>รอน<ana lex="รอน" pos="verb,transitive,intransitive,formal" trans="to cut; cut down; reduce; reduce strength; trim; curtail; undermine; sever" translit="raawnM"/><ana lex="รอน" pos="adjective" trans="[นอน ] sleeping" translit="raawnM"/><ana lex="รอน" pos="proper noun,loanword,English" trans="Ron [an English given name]" translit="raawnM"/></w><w>ร่วง<ana lex="ร่วง" pos="PHRV" trans="rot off" translit=""/><ana lex="ร่วง" pos="verb,intransitive" trans="fall" translit=""/><ana lex="ร่วง" pos="verb" trans="drop" translit=""/></w></se><se><w>กาย<ana lex="กาย" pos="" trans="[alternate pronunciation of กาย ]" translit="gaaiM yaH"/><ana lex="กาย" pos="noun" trans="body" translit=""/></w><w>ซ่าน<ana lex="ซ่าน" pos="verb" trans="diffuse" translit=""/></w><w>ซ่า<ana lex="ซ่า" pos="verb" trans="show off" translit=""/><ana lex="ซ่า" pos="adverb" trans="sound loudly of the waterfall" translit=""/><ana lex="ซ่า" pos="verb" trans="tingle" translit=""/></w></se><se><w>กล้า<ana lex="กล้า" pos="verb,intransitive" trans="brave" translit=""/><ana lex="กล้า" pos="adjective" trans="adventuresome" translit=""/><ana lex="กล้า" pos="PHRV" trans="screw one's courage to the sticking-place" translit=""/><ana lex="กล้า" pos="idiom" trans="take heart" translit=""/><ana lex="กล้า" pos="idiom" trans="make bold" translit=""/><ana lex="กล้า" pos="verb,intransitive" trans="dare" translit=""/><ana lex="กล้า" pos="noun" trans="seedling" translit=""/><ana lex="กล้า" pos="adjective" trans="brave" translit=""/><ana lex="กล้า" pos="adjective" trans="bold" translit=""/><ana lex="กล้า" pos="adjective" trans="hardened" translit=""/></w><w>สุม<ana lex="สุม" pos="verb,transitive" trans="pile" translit=""/><ana lex="สุม" pos="PHRV" trans="heap up" translit=""/><ana lex="สุม" pos="verb" trans="pile up" translit=""/></w><w>ทรวง<ana lex="ทรวง" pos="noun" trans="[body] chest, bosom" translit="suaangM"/><ana lex="ทรวง" pos="noun" trans="chest" translit=""/></w></se><se><w>กลวง<ana lex="กลวง" pos="adjective" trans="hollow; empty; unfilled; vacant; void" translit="gluaangM"/><ana lex="กลวง" pos="adjective" trans="hollow" translit=""/></w><w>ส่อง<ana lex="ส่อง" pos="verb" trans="shine" translit=""/><ana lex="ส่อง" pos="verb" trans="look through" translit=""/></w><w>สัตย์<ana lex="สัตย์" pos="noun,loanword,Pali" trans="truth; honesty" translit="satL"/><ana lex="สัตย์" pos="noun" trans="promise" translit="satL"/><ana lex="สัตย์" pos="" trans="[ความสัตย์] honesty; truth" translit="satL"/><ana lex="สัตย์" pos="noun" trans="honest" translit=""/><ana lex="สัตย์" pos="noun" trans="promise" translit=""/><ana lex="สัตย์" pos="adjective" trans="honest" translit=""/></w></se><se><w>กลัว<ana lex="กลัว" pos="verb" trans="fear" translit=""/><ana lex="กลัว" pos="adjective" trans="afraid" translit=""/><ana lex="กลัว" pos="verb,intransitive" trans="fear" translit=""/><ana lex="กลัว" pos="PHRV" trans="take fright at" translit=""/><ana lex="กลัว" pos="idiom" trans="have one's tail between one's legs" translit=""/><ana lex="กลัว" pos="verb,intransitive" trans="shrink" translit=""/><ana lex="กลัว" pos="PHRV" trans="chicken out" translit=""/></w><w>ต้อง<ana lex="ต้อง" pos="auxiliary verb" trans="must" translit=""/><ana lex="ต้อง" pos="" trans="[alternate pronunciation of ต้อง ]" translit="dtaawngF"/><ana lex="ต้อง" pos="verb" trans="fall into" translit=""/><ana lex="ต้อง" pos="verb" trans="touch" translit=""/><ana lex="ต้อง" pos="auxiliary verb" trans="must" translit=""/></w><w>มี<ana lex="มี" pos="verb" trans="consist of" translit=""/><ana lex="มี" pos="verb" trans="there is/are" translit=""/><ana lex="มี" pos="verb" trans="have" translit=""/><ana lex="มี" pos="verb,transitive" trans="contain" translit=""/><ana lex="มี" pos="verb,transitive" trans="has" translit=""/><ana lex="มี" pos="verb,transitive" trans="have" translit=""/><ana lex="มี" pos="adjective" trans="rich" translit=""/></w></se><se><w>กี่<ana lex="กี่" pos="QUES" trans="how much" translit=""/><ana lex="กี่" pos="noun" trans="loom" translit=""/></w><w>ตรม<ana lex="ตรม" pos="verb" trans="to grieve; mourn" translit="dtrohmM"/></w><w>มา<ana lex="มา" pos="PHRV" trans="get in1" translit=""/><ana lex="มา" pos="adverb" trans="coming (toward the present; or toward the focal time)" translit=""/><ana lex="มา" pos="verb,intransitive" trans="come" translit=""/><ana lex="มา" pos="verb" trans="arrive" translit=""/></w></se><se><w>กล้า<ana lex="กล้า" pos="verb,intransitive" trans="brave" translit=""/><ana lex="กล้า" pos="adjective" trans="adventuresome" translit=""/><ana lex="กล้า" pos="PHRV" trans="screw one's courage to the sticking-place" translit=""/><ana lex="กล้า" pos="idiom" trans="take heart" translit=""/><ana lex="กล้า" pos="idiom" trans="make bold" translit=""/><ana lex="กล้า" pos="verb,intransitive" trans="dare" translit=""/><ana lex="กล้า" pos="noun" trans="seedling" translit=""/><ana lex="กล้า" pos="adjective" trans="brave" translit=""/><ana lex="กล้า" pos="adjective" trans="bold" translit=""/><ana lex="กล้า" pos="adjective" trans="hardened" translit=""/></w><w>ตาม<ana lex="ตาม" pos="verb,intransitive" trans="trail" translit=""/><ana lex="ตาม" pos="verb" trans="invite" translit=""/><ana lex="ตาม" pos="verb" trans="pursue" translit=""/><ana lex="ตาม" pos="preposition" trans="along" translit=""/><ana lex="ตาม" pos="verb" trans="follow" translit=""/><ana lex="ตาม" pos="verb,transitive" trans="follow" translit=""/><ana lex="ตาม" pos="preposition" trans="in accordance with" translit=""/><ana lex="ตาม" pos="adverb" trans="fatefully" translit=""/><ana lex="ตาม" pos="adverb" trans="follow" translit=""/></w><w>มัด<ana lex="มัด" pos="verb,transitive" trans="bunch" translit=""/><ana lex="มัด" pos="verb,transitive" trans="parcel" translit=""/><ana lex="มัด" pos="verb,transitive" trans="bind" translit=""/><ana lex="มัด" pos="verb,transitive" trans="infix" translit=""/><ana lex="มัด" pos="classifier" trans="bundle" translit=""/><ana lex="มัด" pos="verb,transitive" trans="truss" translit=""/><ana lex="มัด" pos="verb,transitive" trans="sheave" translit=""/><ana lex="มัด" pos="noun" trans="sheaf" translit=""/><ana lex="มัด" pos="verb" trans="bind" translit=""/><ana lex="มัด" pos="noun" trans="wad" translit=""/></w></se><se><w>แต่<ana lex="แต่" pos="adverb" trans="only" translit=""/><ana lex="แต่" pos="conjunction" trans="but" translit=""/><ana lex="แต่" pos="conjunction" trans="but" translit=""/><ana lex="แต่" pos="conjunction" trans="but" translit=""/><ana lex="แต่" pos="preposition" trans="earlier" translit=""/><ana lex="แต่" pos="conjunction" trans="only" translit=""/></w><w>ต้อง<ana lex="ต้อง" pos="auxiliary verb" trans="must" translit=""/><ana lex="ต้อง" pos="" trans="[alternate pronunciation of ต้อง ]" translit="dtaawngF"/><ana lex="ต้อง" pos="verb" trans="fall into" translit=""/><ana lex="ต้อง" pos="verb" trans="touch" translit=""/><ana lex="ต้อง" pos="auxiliary verb" trans="must" translit=""/></w><w>พัก<ana lex="พัก" pos="verb" trans="break" translit=""/><ana lex="พัก" pos="PHRV" trans="abide at" translit=""/><ana lex="พัก" pos="idiom" trans="put one's feet up" translit=""/><ana lex="พัก" pos="noun" trans="break" translit=""/><ana lex="พัก" pos="PHRV" trans="get off2" translit=""/><ana lex="พัก" pos="PHRV" trans="lay off1" translit=""/><ana lex="พัก" pos="verb" trans="stay" translit=""/><ana lex="พัก" pos="adverb" trans="for a while" translit=""/><ana lex="พัก" pos="adjective" trans="resting" translit=""/><ana lex="พัก" pos="idiom" trans="take break" translit=""/></w></se><se><w>ตักตวง<ana lex="ตักตวง" pos="verb" trans="grab" translit=""/><ana lex="ตักตวง" pos="verb" trans="to grab; seize; take a lot of" translit="dtakL dtuaangM"/></w><w>ผลัด<ana lex="ผลัด" pos="verb" trans="to delay; postpone; defer; put off" translit="phlatL"/><ana lex="ผลัด" pos="noun" trans="a turn (to do something); a (workday) shift" translit="phlatL"/><ana lex="ผลัด" pos="verb,intransitive" trans="alternate" translit=""/><ana lex="ผลัด" pos="verb" trans="alternate" translit=""/><ana lex="ผลัด" pos="verb" trans="delay" translit=""/><ana lex="ผลัด" pos="verb" trans="to take turns; to switch or change off" translit="phlatL"/><ana lex="ผลัด" pos="noun" trans="shift" translit=""/><ana lex="ผลัด" pos="verb" trans="change" translit=""/></w></se><se><w>ตัดตอน<ana lex="ตัดตอน" pos="verb" trans="extract" translit=""/><ana lex="ตัดตอน" pos="verb" trans="to extract; excerpt; quote" translit="dtatL dtaawnM"/><ana lex="ตัดตอน" pos="noun" trans="an excerpt; out-take" translit="dtatL dtaawnM"/></w><w>พร้อม<ana lex="พร้อม" pos="PHRV" trans="watch out" translit=""/><ana lex="พร้อม" pos="adjective" trans="due" translit=""/><ana lex="พร้อม" pos="adjective" trans="trim" translit=""/><ana lex="พร้อม" pos="adverb" trans="at the same time" translit=""/><ana lex="พร้อม" pos="verb" trans="be ready" translit=""/></w></se><se><w>.<ana lex="" pos="" trans="" translit=""/></w></se><se><w>กลบท<ana lex="กลบท" pos="noun" trans="Thai jingle" translit=""/></w><w>กบ<ana lex="กบ" pos="noun" trans="frog" translit=""/><ana lex="กบ" pos="noun" trans="frog" translit=""/><ana lex="กบ" pos="verb" trans="overfill" translit=""/><ana lex="กบ" pos="noun" trans="sharpener" translit=""/><ana lex="กบ" pos="noun" trans="plane" translit=""/></w><w>เต้น<ana lex="เต้น" pos="verb" trans="dance" translit=""/><ana lex="เต้น" pos="verb,intransitive" trans="palpitate" translit=""/><ana lex="เต้น" pos="verb" trans="beat" translit=""/></w><w>สลัก<ana lex="สลัก" pos="verb,transitive" trans="inscribe" translit=""/><ana lex="สลัก" pos="verb,transitive" trans="engrave" translit=""/><ana lex="สลัก" pos="noun" trans="toggle" translit=""/><ana lex="สลัก" pos="verb" trans="carve" translit=""/><ana lex="สลัก" pos="noun" trans="bolt" translit=""/><ana lex="สลัก" pos="noun" trans="spline" translit=""/></w><w>เพชร<ana lex="เพชร" pos="noun" trans="diamond" translit=""/><ana lex="เพชร" pos="" trans="[alternate pronunciation of เพชร ]" translit="phetH chaH"/><ana lex="เพชร" pos="noun" trans="diamond" translit=""/><ana lex="เพชร" pos="noun" trans="rock" translit=""/><ana lex="เพชร" pos="noun" trans="bijou" translit=""/></w></se><se><w>เป็น<ana lex="เป็น" pos="auxiliary verb" trans="are" translit=""/><ana lex="เป็น" pos="verb,intransitive" trans="been" translit=""/><ana lex="เป็น" pos="verb,intransitive" trans="come" translit=""/><ana lex="เป็น" pos="verb" trans="be able to" translit=""/><ana lex="เป็น" pos="verb" trans="be" translit=""/><ana lex="เป็น" pos="adjective" trans="alive" translit=""/></w><w>กลอน<ana lex="กลอน" pos="noun" trans="bolt" translit=""/><ana lex="กลอน" pos="noun" trans="latch" translit=""/><ana lex="กลอน" pos="noun" trans="verse" translit=""/></w></se><se><w>๙</w></se><se><w>คำ<ana lex="คำ" pos="noun" trans="word" translit=""/><ana lex="คำ" pos="noun" trans="vocable" translit=""/><ana lex="คำ" pos="noun" trans="word" translit=""/></w></se><se><w>ที่<ana lex="ที่" pos="PRON" trans="that" translit=""/><ana lex="ที่" pos="preposition" trans="at" translit=""/><ana lex="ที่" pos="noun" trans="word for utensil" translit=""/><ana lex="ที่" pos="preposition" trans="at" translit=""/><ana lex="ที่" pos="noun" trans="place" translit=""/><ana lex="ที่" pos="classifier" trans="qualifiers for places" translit=""/><ana lex="ที่" pos="noun" trans="ordinal number" translit=""/><ana lex="ที่" pos="preposition" trans="to" translit=""/><ana lex="ที่" pos="noun" trans="land" translit=""/></w><w>บังคับ<ana lex="บังคับ" pos="PHRV" trans="pull in" translit=""/><ana lex="บังคับ" pos="PHRV" trans="shove around" translit=""/><ana lex="บังคับ" pos="verb,transitive" trans="oblige" translit=""/><ana lex="บังคับ" pos="verb,transitive" trans="reduce" translit=""/><ana lex="บังคับ" pos="PHRV" trans="lead on" translit=""/><ana lex="บังคับ" pos="idiom" trans="twist someone's arm" translit=""/><ana lex="บังคับ" pos="PHRV" trans="roll back" translit=""/><ana lex="บังคับ" pos="verb,transitive" trans="pin" translit=""/><ana lex="บังคับ" pos="PHRV" trans="impel to" translit=""/><ana lex="บังคับ" pos="verb,transitive" trans="compel" translit=""/><ana lex="บังคับ" pos="verb" trans="force" translit=""/><ana lex="บังคับ" pos="PHRV" trans="force on" translit=""/><ana lex="บังคับ" pos="verb,transitive" trans="force" translit=""/><ana lex="บังคับ" pos="PHRV" trans="break in" translit=""/><ana lex="บังคับ" pos="verb,transitive" trans="make" translit=""/><ana lex="บังคับ" pos="PHRV" trans="force onto" translit=""/><ana lex="บังคับ" pos="PHRV" trans="force from" translit=""/><ana lex="บังคับ" pos="PHRV" trans="force upon" translit=""/><ana lex="บังคับ" pos="PHRV" trans="force out of" translit=""/><ana lex="บังคับ" pos="verb,transitive" trans="constrain" translit=""/><ana lex="บังคับ" pos="verb,transitive" trans="drive" translit=""/><ana lex="บังคับ" pos="PHRV" trans="push about / around" translit=""/><ana lex="บังคับ" pos="PHRV" trans="shove about" translit=""/></w><w>ให้<ana lex="ให้" pos="verb,transitive" trans="afford" translit=""/><ana lex="ให้" pos="verb" trans="give" translit=""/><ana lex="ให้" pos="verb,transitive" trans="give" translit=""/><ana lex="ให้" pos="verb,transitive" trans="dispense" translit=""/><ana lex="ให้" pos="verb,transitive" trans="bestow" translit=""/><ana lex="ให้" pos="verb" trans="give" translit=""/><ana lex="ให้" pos="verb,transitive" trans="accord" translit=""/><ana lex="ให้" pos="auxiliary verb" trans="to" translit=""/><ana lex="ให้" pos="verb" trans="permit" translit=""/></w><w>ใช้<ana lex="ใช้" pos="PHRV" trans="call on" translit=""/><ana lex="ใช้" pos="verb,transitive" trans="use" translit=""/><ana lex="ใช้" pos="PHRV" trans="call upon" translit=""/><ana lex="ใช้" pos="verb,transitive" trans="employ" translit=""/><ana lex="ใช้" pos="verb,transitive" trans="ply" translit=""/><ana lex="ใช้" pos="verb,transitive" trans="take" translit=""/><ana lex="ใช้" pos="verb,transitive" trans="apply" translit=""/><ana lex="ใช้" pos="PHRV" trans="manage with" translit=""/></w></se><se><w>เสียง<ana lex="เสียง" pos="SUF" trans="-phone" translit=""/><ana lex="เสียง" pos="noun" trans="vote" translit=""/><ana lex="เสียง" pos="noun" trans="voice" translit=""/><ana lex="เสียง" pos="PRF" trans="phono-" translit=""/><ana lex="เสียง" pos="PRF" trans="phon-" translit=""/><ana lex="เสียง" pos="noun" trans="sound" translit=""/><ana lex="เสียง" pos="idiom" trans="place all one's eggs in one basket" translit=""/><ana lex="เสียง" pos="noun" trans="sonancy" translit=""/><ana lex="เสียง" pos="noun" trans="sonance" translit=""/></w><w>พยัญชนะ<ana lex="พยัญชนะ" pos="noun" trans="consonant" translit=""/></w></se><se><w>ซ้ำ<ana lex="ซ้ำ" pos="adverb" trans="repeatedly" translit=""/><ana lex="ซ้ำ" pos="adjective" trans="iterative" translit=""/></w><w>เสียง<ana lex="เสียง" pos="SUF" trans="-phone" translit=""/><ana lex="เสียง" pos="noun" trans="vote" translit=""/><ana lex="เสียง" pos="noun" trans="voice" translit=""/><ana lex="เสียง" pos="PRF" trans="phono-" translit=""/><ana lex="เสียง" pos="PRF" trans="phon-" translit=""/><ana lex="เสียง" pos="noun" trans="sound" translit=""/><ana lex="เสียง" pos="idiom" trans="place all one's eggs in one basket" translit=""/><ana lex="เสียง" pos="noun" trans="sonancy" translit=""/><ana lex="เสียง" pos="noun" trans="sonance" translit=""/></w><w>ถึง<ana lex="ถึง" pos="verb" trans="be skillful" translit=""/><ana lex="ถึง" pos="verb,transitive" trans="attain" translit=""/><ana lex="ถึง" pos="conjunction" trans="even though" translit=""/><ana lex="ถึง" pos="preposition" trans="to" translit=""/><ana lex="ถึง" pos="verb" trans="reach" translit=""/><ana lex="ถึง" pos="verb" trans="be ...enough" translit=""/><ana lex="ถึง" pos="preposition" trans="to" translit=""/><ana lex="ถึง" pos="conjunction" trans="then" translit=""/></w></se><se><w>๓</w><w>ชุดๆ</w><w>ละ<ana lex="ละ" pos="verb" trans="etc." translit=""/><ana lex="ละ" pos="verb" trans="etc." translit=""/><ana lex="ละ" pos="verb" trans="vacate" translit=""/><ana lex="ละ" pos="DET" trans="each" translit=""/><ana lex="ละ" pos="verb" trans="vacate" translit=""/><ana lex="ละ" pos="END" trans="particle used at the end of a simple statement" translit=""/></w></se><se><w>๓</w></se><se><w>เสียง<ana lex="เสียง" pos="SUF" trans="-phone" translit=""/><ana lex="เสียง" pos="noun" trans="vote" translit=""/><ana lex="เสียง" pos="noun" trans="voice" translit=""/><ana lex="เสียง" pos="PRF" trans="phono-" translit=""/><ana lex="เสียง" pos="PRF" trans="phon-" translit=""/><ana lex="เสียง" pos="noun" trans="sound" translit=""/><ana lex="เสียง" pos="idiom" trans="place all one's eggs in one basket" translit=""/><ana lex="เสียง" pos="noun" trans="sonancy" translit=""/><ana lex="เสียง" pos="noun" trans="sonance" translit=""/></w></se><se><w>สลับ</w><w>กัน<ana lex="กัน" pos="verb" trans="keep out" translit=""/><ana lex="กัน" pos="PRON" trans="one another" translit=""/><ana lex="กัน" pos="PHRV" trans="screen off" translit=""/><ana lex="กัน" pos="adverb" trans="together" translit=""/><ana lex="กัน" pos="verb" trans="shave" translit=""/><ana lex="กัน" pos="verb" trans="separate" translit=""/></w><w>ตลอด<ana lex="ตลอด" pos="PRF" trans="be-" translit=""/><ana lex="ตลอด" pos="preposition" trans="through" translit=""/><ana lex="ตลอด" pos="adverb" trans="thoroughly" translit=""/><ana lex="ตลอด" pos="preposition" trans="over" translit=""/><ana lex="ตลอด" pos="idiom" trans="from top to bottom" translit=""/><ana lex="ตลอด" pos="adverb" trans="ever" translit=""/><ana lex="ตลอด" pos="adverb" trans="across" translit=""/></w><w>วรรค<ana lex="วรรค" pos="noun" trans="space" translit=""/><ana lex="วรรค" pos="verb" trans="leave a space" translit=""/></w></se><se><w>และ<ana lex="และ" pos="conjunction" trans="and" translit=""/><ana lex="และ" pos="conjunction" trans="and" translit=""/></w><w>ต้อง<ana lex="ต้อง" pos="auxiliary verb" trans="must" translit=""/><ana lex="ต้อง" pos="" trans="[alternate pronunciation of ต้อง ]" translit="dtaawngF"/><ana lex="ต้อง" pos="verb" trans="fall into" translit=""/><ana lex="ต้อง" pos="verb" trans="touch" translit=""/><ana lex="ต้อง" pos="auxiliary verb" trans="must" translit=""/></w><w>ซ้ำ<ana lex="ซ้ำ" pos="adverb" trans="repeatedly" translit=""/><ana lex="ซ้ำ" pos="adjective" trans="iterative" translit=""/></w><w>เสียง<ana lex="เสียง" pos="SUF" trans="-phone" translit=""/><ana lex="เสียง" pos="noun" trans="vote" translit=""/><ana lex="เสียง" pos="noun" trans="voice" translit=""/><ana lex="เสียง" pos="PRF" trans="phono-" translit=""/><ana lex="เสียง" pos="PRF" trans="phon-" translit=""/><ana lex="เสียง" pos="noun" trans="sound" translit=""/><ana lex="เสียง" pos="idiom" trans="place all one's eggs in one basket" translit=""/><ana lex="เสียง" pos="noun" trans="sonancy" translit=""/><ana lex="เสียง" pos="noun" trans="sonance" translit=""/></w><w>สระ<ana lex="สระ" pos="noun" trans="pool" translit=""/><ana lex="สระ" pos="verb" trans="wash" translit=""/><ana lex="สระ" pos="noun" trans="vowel" translit=""/><ana lex="สระ" pos="" trans="[alternate pronunciation of สระ ]" translit="saL"/></w><w>อีก<ana lex="อีก" pos="adverb" trans="afresh" translit=""/><ana lex="อีก" pos="adjective" trans="second" translit=""/><ana lex="อีก" pos="adjective" trans="another" translit=""/><ana lex="อีก" pos="adverb" trans="again" translit=""/></w></se><se><w>๒</w></se><se><w>ที่<ana lex="ที่" pos="PRON" trans="that" translit=""/><ana lex="ที่" pos="preposition" trans="at" translit=""/><ana lex="ที่" pos="noun" trans="word for utensil" translit=""/><ana lex="ที่" pos="preposition" trans="at" translit=""/><ana lex="ที่" pos="noun" trans="place" translit=""/><ana lex="ที่" pos="classifier" trans="qualifiers for places" translit=""/><ana lex="ที่" pos="noun" trans="ordinal number" translit=""/><ana lex="ที่" pos="preposition" trans="to" translit=""/><ana lex="ที่" pos="noun" trans="land" translit=""/></w><w>ตรง<ana lex="ตรง" pos="adverb" trans="straightly" translit=""/><ana lex="ตรง" pos="preposition" trans="at" translit=""/><ana lex="ตรง" pos="adjective" trans="straight" translit=""/><ana lex="ตรง" pos="verb" trans="be straight" translit=""/><ana lex="ตรง" pos="adjective" trans="dead" translit=""/><ana lex="ตรง" pos="PRF" trans="orth-" translit=""/><ana lex="ตรง" pos="verb,intransitive" trans="unbend" translit=""/><ana lex="ตรง" pos="PRF" trans="ortho-" translit=""/><ana lex="ตรง" pos="adverb" trans="straightforwardly" translit=""/><ana lex="ตรง" pos="verb" trans="be precise at" translit=""/><ana lex="ตรง" pos="adjective" trans="straight" translit=""/><ana lex="ตรง" pos="verb" trans="be in accordance with" translit=""/><ana lex="ตรง" pos="adverb" trans="rush" translit=""/><ana lex="ตรง" pos="adverb" trans="punctually" translit=""/></w><w>คำ<ana lex="คำ" pos="noun" trans="word" translit=""/><ana lex="คำ" pos="noun" trans="vocable" translit=""/><ana lex="คำ" pos="noun" trans="word" translit=""/></w><w>ที่<ana lex="ที่" pos="PRON" trans="that" translit=""/><ana lex="ที่" pos="preposition" trans="at" translit=""/><ana lex="ที่" pos="noun" trans="word for utensil" translit=""/><ana lex="ที่" pos="preposition" trans="at" translit=""/><ana lex="ที่" pos="noun" trans="place" translit=""/><ana lex="ที่" pos="classifier" trans="qualifiers for places" translit=""/><ana lex="ที่" pos="noun" trans="ordinal number" translit=""/><ana lex="ที่" pos="preposition" trans="to" translit=""/><ana lex="ที่" pos="noun" trans="land" translit=""/></w><w>๓</w></se><se><w>-<ana lex="" pos="" trans="" translit=""/></w></se><se><w>๔</w></se><se><w>และ<ana lex="และ" pos="conjunction" trans="and" translit=""/><ana lex="และ" pos="conjunction" trans="and" translit=""/></w><w>๖</w></se><se><w>-<ana lex="" pos="" trans="" translit=""/></w></se><se><w>๗</w><w>ทุก<ana lex="ทุก" pos="DET" trans="every" translit=""/></w><w>วรรค<ana lex="วรรค" pos="noun" trans="space" translit=""/><ana lex="วรรค" pos="verb" trans="leave a space" translit=""/></w><w>เช่น<ana lex="เช่น" pos="preposition" trans="like" translit=""/><ana lex="เช่น" pos="conjunction" trans="such as" translit=""/><ana lex="เช่น" pos="preposition" trans="like" translit=""/></w><w>กัน<ana lex="กัน" pos="verb" trans="keep out" translit=""/><ana lex="กัน" pos="PRON" trans="one another" translit=""/><ana lex="กัน" pos="PHRV" trans="screen off" translit=""/><ana lex="กัน" pos="adverb" trans="together" translit=""/><ana lex="กัน" pos="verb" trans="shave" translit=""/><ana lex="กัน" pos="verb" trans="separate" translit=""/></w></se><se><w>อีก<ana lex="อีก" pos="adverb" trans="afresh" translit=""/><ana lex="อีก" pos="adjective" trans="second" translit=""/><ana lex="อีก" pos="adjective" trans="another" translit=""/><ana lex="อีก" pos="adverb" trans="again" translit=""/></w><w>ข้อ<ana lex="ข้อ" pos="noun" trans="item" translit=""/><ana lex="ข้อ" pos="noun" trans="item" translit=""/><ana lex="ข้อ" pos="noun" trans="item" translit=""/><ana lex="ข้อ" pos="noun" trans="item" translit=""/></w><w>บังคับ<ana lex="บังคับ" pos="PHRV" trans="pull in" translit=""/><ana lex="บังคับ" pos="PHRV" trans="shove around" translit=""/><ana lex="บังคับ" pos="verb,transitive" trans="oblige" translit=""/><ana lex="บังคับ" pos="verb,transitive" trans="reduce" translit=""/><ana lex="บังคับ" pos="PHRV" trans="lead on" translit=""/><ana lex="บังคับ" pos="idiom" trans="twist someone's arm" translit=""/><ana lex="บังคับ" pos="PHRV" trans="roll back" translit=""/><ana lex="บังคับ" pos="verb,transitive" trans="pin" translit=""/><ana lex="บังคับ" pos="PHRV" trans="impel to" translit=""/><ana lex="บังคับ" pos="verb,transitive" trans="compel" translit=""/><ana lex="บังคับ" pos="verb" trans="force" translit=""/><ana lex="บังคับ" pos="PHRV" trans="force on" translit=""/><ana lex="บังคับ" pos="verb,transitive" trans="force" translit=""/><ana lex="บังคับ" pos="PHRV" trans="break in" translit=""/><ana lex="บังคับ" pos="verb,transitive" trans="make" translit=""/><ana lex="บังคับ" pos="PHRV" trans="force onto" translit=""/><ana lex="บังคับ" pos="PHRV" trans="force from" translit=""/><ana lex="บังคับ" pos="PHRV" trans="force upon" translit=""/><ana lex="บังคับ" pos="PHRV" trans="force out of" translit=""/><ana lex="บังคับ" pos="verb,transitive" trans="constrain" translit=""/><ana lex="บังคับ" pos="verb,transitive" trans="drive" translit=""/><ana lex="บังคับ" pos="PHRV" trans="push about / around" translit=""/><ana lex="บังคับ" pos="PHRV" trans="shove about" translit=""/></w><w>คือ<ana lex="คือ" pos="verb" trans="be" translit=""/><ana lex="คือ" pos="adverb" trans="namely" translit=""/></w></se><se><w>เลื่อน<ana lex="เลื่อน" pos="PHRV" trans="rain off" translit=""/><ana lex="เลื่อน" pos="PHRV" trans="move up" translit=""/><ana lex="เลื่อน" pos="verb,transitive" trans="suspend" translit=""/><ana lex="เลื่อน" pos="PHRV" trans="postpone to / till / until" translit=""/><ana lex="เลื่อน" pos="PHRV" trans="call off" translit=""/><ana lex="เลื่อน" pos="PHRV" trans="put back" translit=""/><ana lex="เลื่อน" pos="verb,transitive" trans="remit" translit=""/></w><w>คำ<ana lex="คำ" pos="noun" trans="word" translit=""/><ana lex="คำ" pos="noun" trans="vocable" translit=""/><ana lex="คำ" pos="noun" trans="word" translit=""/></w><w>รับ<ana lex="รับ" pos="verb,transitive" trans="receive" translit=""/><ana lex="รับ" pos="verb" trans="withstand" translit=""/><ana lex="รับ" pos="verb" trans="receive" translit=""/><ana lex="รับ" pos="verb,intransitive" trans="receive" translit=""/><ana lex="รับ" pos="verb" trans="rhyme" translit=""/><ana lex="รับ" pos="verb" trans="take up" translit=""/><ana lex="รับ" pos="verb" trans="accept" translit=""/><ana lex="รับ" pos="verb,transitive" trans="accept" translit=""/><ana lex="รับ" pos="verb" trans="confess" translit=""/><ana lex="รับ" pos="verb" trans="match" translit=""/><ana lex="รับ" pos="verb,transitive" trans="intromit" translit=""/><ana lex="รับ" pos="verb,transitive" trans="assume" translit=""/><ana lex="รับ" pos="PHRV" trans="call for" translit=""/></w><w>สัมผัส<ana lex="สัมผัส" pos="verb,transitive" trans="touch" translit=""/><ana lex="สัมผัส" pos="verb,intransitive" trans="contact" translit=""/><ana lex="สัมผัส" pos="verb,intransitive" trans="touch" translit=""/><ana lex="สัมผัส" pos="verb" trans="touch" translit=""/><ana lex="สัมผัส" pos="verb" trans="connect" translit=""/><ana lex="สัมผัส" pos="verb" trans="rhyme" translit=""/><ana lex="สัมผัส" pos="noun" trans="rhyme" translit=""/><ana lex="สัมผัส" pos="verb,transitive" trans="sense" translit=""/><ana lex="สัมผัส" pos="noun" trans="sense" translit=""/><ana lex="สัมผัส" pos="verb" trans="feel" translit=""/><ana lex="สัมผัส" pos="verb,transitive" trans="contact" translit=""/><ana lex="สัมผัส" pos="verb" trans="touch" translit=""/></w><w>จาก<ana lex="จาก" pos="preposition" trans="von" translit=""/><ana lex="จาก" pos="PRF" trans="dis-" translit=""/><ana lex="จาก" pos="verb" trans="depart" translit=""/><ana lex="จาก" pos="preposition" trans="at" translit=""/><ana lex="จาก" pos="PRF" trans="a-" translit=""/><ana lex="จาก" pos="preposition" trans="from" translit=""/><ana lex="จาก" pos="preposition" trans="from" translit=""/><ana lex="จาก" pos="PRF" trans="ab-" translit=""/><ana lex="จาก" pos="noun" trans="a kind of Thai dessert" translit=""/><ana lex="จาก" pos="noun" trans="nipa palm" translit=""/></w><w>คำ<ana lex="คำ" pos="noun" trans="word" translit=""/><ana lex="คำ" pos="noun" trans="vocable" translit=""/><ana lex="คำ" pos="noun" trans="word" translit=""/></w><w>ที่<ana lex="ที่" pos="PRON" trans="that" translit=""/><ana lex="ที่" pos="preposition" trans="at" translit=""/><ana lex="ที่" pos="noun" trans="word for utensil" translit=""/><ana lex="ที่" pos="preposition" trans="at" translit=""/><ana lex="ที่" pos="noun" trans="place" translit=""/><ana lex="ที่" pos="classifier" trans="qualifiers for places" translit=""/><ana lex="ที่" pos="noun" trans="ordinal number" translit=""/><ana lex="ที่" pos="preposition" trans="to" translit=""/><ana lex="ที่" pos="noun" trans="land" translit=""/></w><w>๓</w><w>ไป<ana lex="ไป" pos="PRF" trans="ad-" translit=""/><ana lex="ไป" pos="verb" trans="go" translit=""/><ana lex="ไป" pos="SL" trans="chip" translit=""/><ana lex="ไป" pos="SL" trans="gone for a Burton" translit=""/><ana lex="ไป" pos="verb,intransitive" trans="go" translit=""/></w><w>สัมผัส<ana lex="สัมผัส" pos="verb,transitive" trans="touch" translit=""/><ana lex="สัมผัส" pos="verb,intransitive" trans="contact" translit=""/><ana lex="สัมผัส" pos="verb,intransitive" trans="touch" translit=""/><ana lex="สัมผัส" pos="verb" trans="touch" translit=""/><ana lex="สัมผัส" pos="verb" trans="connect" translit=""/><ana lex="สัมผัส" pos="verb" trans="rhyme" translit=""/><ana lex="สัมผัส" pos="noun" trans="rhyme" translit=""/><ana lex="สัมผัส" pos="verb,transitive" trans="sense" translit=""/><ana lex="สัมผัส" pos="noun" trans="sense" translit=""/><ana lex="สัมผัส" pos="verb" trans="feel" translit=""/><ana lex="สัมผัส" pos="verb,transitive" trans="contact" translit=""/><ana lex="สัมผัส" pos="verb" trans="touch" translit=""/></w><w>ระหว่าง<ana lex="ระหว่าง" pos="adverb" trans="during" translit=""/><ana lex="ระหว่าง" pos="PRF" trans="inter-" translit=""/><ana lex="ระหว่าง" pos="preposition" trans="twixt" translit=""/><ana lex="ระหว่าง" pos="preposition" trans="during" translit=""/><ana lex="ระหว่าง" pos="adverb" trans="betwixt" translit=""/><ana lex="ระหว่าง" pos="preposition" trans="betwixt" translit=""/><ana lex="ระหว่าง" pos="preposition" trans="by" translit=""/><ana lex="ระหว่าง" pos="PRF" trans="inter-" translit=""/><ana lex="ระหว่าง" pos="preposition" trans="between" translit=""/><ana lex="ระหว่าง" pos="preposition" trans="among" translit=""/></w><w>วรรค<ana lex="วรรค" pos="noun" trans="space" translit=""/><ana lex="วรรค" pos="verb" trans="leave a space" translit=""/></w><w>ตรง<ana lex="ตรง" pos="adverb" trans="straightly" translit=""/><ana lex="ตรง" pos="preposition" trans="at" translit=""/><ana lex="ตรง" pos="adjective" trans="straight" translit=""/><ana lex="ตรง" pos="verb" trans="be straight" translit=""/><ana lex="ตรง" pos="adjective" trans="dead" translit=""/><ana lex="ตรง" pos="PRF" trans="orth-" translit=""/><ana lex="ตรง" pos="verb,intransitive" trans="unbend" translit=""/><ana lex="ตรง" pos="PRF" trans="ortho-" translit=""/><ana lex="ตรง" pos="adverb" trans="straightforwardly" translit=""/><ana lex="ตรง" pos="verb" trans="be precise at" translit=""/><ana lex="ตรง" pos="adjective" trans="straight" translit=""/><ana lex="ตรง" pos="verb" trans="be in accordance with" translit=""/><ana lex="ตรง" pos="adverb" trans="rush" translit=""/><ana lex="ตรง" pos="adverb" trans="punctually" translit=""/></w><w>คำ<ana lex="คำ" pos="noun" trans="word" translit=""/><ana lex="คำ" pos="noun" trans="vocable" translit=""/><ana lex="คำ" pos="noun" trans="word" translit=""/></w><w>ที่<ana lex="ที่" pos="PRON" trans="that" translit=""/><ana lex="ที่" pos="preposition" trans="at" translit=""/><ana lex="ที่" pos="noun" trans="word for utensil" translit=""/><ana lex="ที่" pos="preposition" trans="at" translit=""/><ana lex="ที่" pos="noun" trans="place" translit=""/><ana lex="ที่" pos="classifier" trans="qualifiers for places" translit=""/><ana lex="ที่" pos="noun" trans="ordinal number" translit=""/><ana lex="ที่" pos="preposition" trans="to" translit=""/><ana lex="ที่" pos="noun" trans="land" translit=""/></w><w>๖</w></se></body>