<body><meta><link>http://www.thaipoem.com/%E0%B9%80%E0%B8%A3%E0%B8%B7%E0%B9%88%E0%B8%AD%E0%B8%87%E0%B8%AA%E0%B8%B1%E0%B9%89%E0%B8%99-%E0%B8%99%E0%B8%B4%E0%B8%A2%E0%B8%B2%E0%B8%A2/%E0%B8%95%E0%B8%B2%E0%B8%A1%E0%B9%83%E0%B8%88%E0%B8%84%E0%B8%99%E0%B9%80%E0%B8%82%E0%B8%B5%E0%B8%A2%E0%B8%99/10970</link><title>สี่แยกมาลัยหลังเที่ยงคืน</title><genre>poem</genre></meta><se><w>คืน<ana lex="คืน" pos="PHRV" trans="give back" translit=""/><ana lex="คืน" pos="classifier" trans="night" translit=""/><ana lex="คืน" pos="PHRV" trans="carry back" translit=""/><ana lex="คืน" pos="verb" trans="return" translit=""/><ana lex="คืน" pos="PHRV" trans="give in to" translit=""/><ana lex="คืน" pos="noun" trans="night" translit=""/><ana lex="คืน" pos="adverb" trans="back" translit=""/></w><w>หนึ่ง<ana lex="หนึ่ง" pos="adjective" trans="ae" translit=""/><ana lex="หนึ่ง" pos="PRF" trans="uni-" translit=""/></w><w>หลัง<ana lex="หลัง" pos="noun" trans="back" translit=""/><ana lex="หลัง" pos="PRF" trans="met-" translit=""/><ana lex="หลัง" pos="PRF" trans="re-" translit=""/><ana lex="หลัง" pos="PRF" trans="meta-" translit=""/><ana lex="หลัง" pos="classifier" trans="dwelling" translit=""/><ana lex="หลัง" pos="adverb" trans="after" translit=""/><ana lex="หลัง" pos="adjective" trans="rear" translit=""/><ana lex="หลัง" pos="adjective" trans="next" translit=""/><ana lex="หลัง" pos="adverb" trans="behind" translit=""/><ana lex="หลัง" pos="noun" trans="back (of body)" translit=""/></w><w>เที่ยงคืน<ana lex="เที่ยงคืน" pos="noun" trans="midnight" translit=""/></w><w>ตรง<ana lex="ตรง" pos="adverb" trans="straightly" translit=""/><ana lex="ตรง" pos="preposition" trans="at" translit=""/><ana lex="ตรง" pos="adjective" trans="straight" translit=""/><ana lex="ตรง" pos="verb" trans="be straight" translit=""/><ana lex="ตรง" pos="adjective" trans="dead" translit=""/><ana lex="ตรง" pos="PRF" trans="orth-" translit=""/><ana lex="ตรง" pos="verb,intransitive" trans="unbend" translit=""/><ana lex="ตรง" pos="PRF" trans="ortho-" translit=""/><ana lex="ตรง" pos="adverb" trans="straightforwardly" translit=""/><ana lex="ตรง" pos="verb" trans="be precise at" translit=""/><ana lex="ตรง" pos="adjective" trans="straight" translit=""/><ana lex="ตรง" pos="verb" trans="be in accordance with" translit=""/><ana lex="ตรง" pos="adverb" trans="rush" translit=""/><ana lex="ตรง" pos="adverb" trans="punctually" translit=""/></w><w>สี่แยก<ana lex="สี่แยก" pos="noun" trans="square" translit=""/></w><w>ไฟ<ana lex="ไฟ" pos="noun" trans="fire" translit=""/><ana lex="ไฟ" pos="noun" trans="fire" translit=""/><ana lex="ไฟ" pos="PRF" trans="pyro-" translit=""/></w><w>แดง<ana lex="แดง" pos="verb" trans="be revealed" translit=""/><ana lex="แดง" pos="noun" trans="red" translit=""/></w></se><se><w>.<ana lex="" pos="" trans="" translit=""/></w></se><se><w>ว้า</w></se><se><w>.<ana lex="" pos="" trans="" translit=""/></w></se><se><w>เบื่อ<ana lex="เบื่อ" pos="verb" trans="be bored with" translit=""/><ana lex="เบื่อ" pos="verb,intransitive" trans="tire" translit=""/><ana lex="เบื่อ" pos="verb" trans="be poisoned" translit=""/></w><w>จัง<ana lex="จัง" pos="adverb" trans="greatly" translit=""/></w></se><se><w>.<ana lex="" pos="" trans="" translit=""/></w></se><se><w>ป่านนี้<ana lex="ป่านนี้" pos="adverb" trans="even now" translit=""/><ana lex="ป่านนี้" pos="adverb" trans="even now; thus far; by now; until now" translit="bpaanL neeH"/></w><w>แล้ว<ana lex="แล้ว" pos="adverb" trans="already" translit=""/><ana lex="แล้ว" pos="adverb" trans="already" translit=""/><ana lex="แล้ว" pos="adverb" trans="by now" translit=""/><ana lex="แล้ว" pos="adverb" trans="already" translit=""/></w><w>ยัง<ana lex="ยัง" pos="preposition" trans="to" translit=""/><ana lex="ยัง" pos="adverb" trans="also" translit=""/><ana lex="ยัง" pos="adverb" trans="yet" translit=""/><ana lex="ยัง" pos="adverb" trans="still" translit=""/></w><w>ไม่<ana lex="ไม่" pos="adverb" trans="not" translit=""/><ana lex="ไม่" pos="PRF" trans="an-" translit=""/><ana lex="ไม่" pos="PRF" trans="un-" translit=""/><ana lex="ไม่" pos="PRF" trans="un-" translit=""/><ana lex="ไม่" pos="adjective" trans="nary" translit=""/><ana lex="ไม่" pos="NEG" trans="not" translit=""/><ana lex="ไม่" pos="PRF" trans="in-" translit=""/><ana lex="ไม่" pos="adverb" trans="no" translit=""/><ana lex="ไม่" pos="PRF" trans="non-" translit=""/><ana lex="ไม่" pos="PRF" trans="non-" translit=""/><ana lex="ไม่" pos="PRF" trans="in-" translit=""/><ana lex="ไม่" pos="SL" trans="no soup" translit=""/><ana lex="ไม่" pos="SL" trans="no sale" translit=""/><ana lex="ไม่" pos="SL" trans="nope" translit=""/><ana lex="ไม่" pos="SL" trans="No way!" translit=""/><ana lex="ไม่" pos="NEG" trans="not" translit=""/><ana lex="ไม่" pos="SL" trans="Nuts!" translit=""/></w><w>ถึง<ana lex="ถึง" pos="verb" trans="be skillful" translit=""/><ana lex="ถึง" pos="verb,transitive" trans="attain" translit=""/><ana lex="ถึง" pos="conjunction" trans="even though" translit=""/><ana lex="ถึง" pos="preposition" trans="to" translit=""/><ana lex="ถึง" pos="verb" trans="reach" translit=""/><ana lex="ถึง" pos="verb" trans="be ...enough" translit=""/><ana lex="ถึง" pos="preposition" trans="to" translit=""/><ana lex="ถึง" pos="conjunction" trans="then" translit=""/></w><w>บ้าน<ana lex="บ้าน" pos="SL" trans="drum" translit=""/><ana lex="บ้าน" pos="noun" trans="home" translit=""/><ana lex="บ้าน" pos="SL" trans="yam" translit=""/><ana lex="บ้าน" pos="noun" trans="house" translit=""/><ana lex="บ้าน" pos="noun" trans="home" translit=""/><ana lex="บ้าน" pos="SL" trans="gaff" translit=""/><ana lex="บ้าน" pos="noun" trans="dwelling" translit=""/><ana lex="บ้าน" pos="noun" trans="abode" translit=""/></w><w>เลย<ana lex="เลย" pos="PRF" trans="extra-" translit=""/><ana lex="เลย" pos="auxiliary verb" trans="have to" translit=""/><ana lex="เลย" pos="verb" trans="pass" translit=""/><ana lex="เลย" pos="adverb" trans="really" translit=""/><ana lex="เลย" pos="noun" trans="Loei" translit=""/><ana lex="เลย" pos="adverb" trans="completely" translit=""/></w><w>เหนื่อย<ana lex="เหนื่อย" pos="PHRV" trans="be play out" translit=""/><ana lex="เหนื่อย" pos="PHRV" trans="look washed out" translit=""/><ana lex="เหนื่อย" pos="adjective" trans="jaded" translit=""/><ana lex="เหนื่อย" pos="verb" trans="be tired" translit=""/><ana lex="เหนื่อย" pos="adjective" trans="tired of" translit=""/><ana lex="เหนื่อย" pos="PHRV" trans="seem washed out" translit=""/><ana lex="เหนื่อย" pos="PHRV" trans="look washed up" translit=""/><ana lex="เหนื่อย" pos="PHRV" trans="feel washed out" translit=""/><ana lex="เหนื่อย" pos="PHRV" trans="seem washed up" translit=""/><ana lex="เหนื่อย" pos="verb,intransitive" trans="tire" translit=""/><ana lex="เหนื่อย" pos="PHRV" trans="feel washed up" translit=""/><ana lex="เหนื่อย" pos="PHRV" trans="be washed up" translit=""/><ana lex="เหนื่อย" pos="PHRV" trans="be washed out" translit=""/></w><w>แล้ว<ana lex="แล้ว" pos="adverb" trans="already" translit=""/><ana lex="แล้ว" pos="adverb" trans="already" translit=""/><ana lex="แล้ว" pos="adverb" trans="by now" translit=""/><ana lex="แล้ว" pos="adverb" trans="already" translit=""/></w><w>ก็<ana lex="ก็" pos="adverb" trans="also" translit=""/><ana lex="ก็" pos="conjunction" trans="as a result" translit=""/></w><w>ง่วง<ana lex="ง่วง" pos="verb" trans="be sleepy" translit=""/></w><w>ชะมัด<ana lex="ชะมัด" pos="adverb" trans="extremely" translit=""/><ana lex="ชะมัด" pos="adverb,colloquial,idiom" trans="[ชะมัดยาด] strongly; extremely; vigorously" translit="chaH matH"/><ana lex="ชะมัด" pos="adverb,colloquial,idiom" trans="strongly; extremely; vigorously" translit="chaH matH"/></w></se><se><w>เอ้า</w><w>ไฟ<ana lex="ไฟ" pos="noun" trans="fire" translit=""/><ana lex="ไฟ" pos="noun" trans="fire" translit=""/><ana lex="ไฟ" pos="PRF" trans="pyro-" translit=""/></w><w>แดง<ana lex="แดง" pos="verb" trans="be revealed" translit=""/><ana lex="แดง" pos="noun" trans="red" translit=""/></w><w>อีก<ana lex="อีก" pos="adverb" trans="afresh" translit=""/><ana lex="อีก" pos="adjective" trans="second" translit=""/><ana lex="อีก" pos="adjective" trans="another" translit=""/><ana lex="อีก" pos="adverb" trans="again" translit=""/></w></se><se><w>.<ana lex="" pos="" trans="" translit=""/></w></se><se><w>เอ้<ana lex="เอ้" pos="adjective" trans="important" translit=""/></w><w>อ<ana lex="อ" pos="prefix" trans="[a prefix meaning] non-; un-; im-; anti-" translit="aL"/></w></se><se><w>!<ana lex="" pos="" trans="" translit=""/></w></se><se><w>รถ<ana lex="รถ" pos="noun" trans="car" translit=""/></w><w>ไม่<ana lex="ไม่" pos="adverb" trans="not" translit=""/><ana lex="ไม่" pos="PRF" trans="an-" translit=""/><ana lex="ไม่" pos="PRF" trans="un-" translit=""/><ana lex="ไม่" pos="PRF" trans="un-" translit=""/><ana lex="ไม่" pos="adjective" trans="nary" translit=""/><ana lex="ไม่" pos="NEG" trans="not" translit=""/><ana lex="ไม่" pos="PRF" trans="in-" translit=""/><ana lex="ไม่" pos="adverb" trans="no" translit=""/><ana lex="ไม่" pos="PRF" trans="non-" translit=""/><ana lex="ไม่" pos="PRF" trans="non-" translit=""/><ana lex="ไม่" pos="PRF" trans="in-" translit=""/><ana lex="ไม่" pos="SL" trans="no soup" translit=""/><ana lex="ไม่" pos="SL" trans="no sale" translit=""/><ana lex="ไม่" pos="SL" trans="nope" translit=""/><ana lex="ไม่" pos="SL" trans="No way!" translit=""/><ana lex="ไม่" pos="NEG" trans="not" translit=""/><ana lex="ไม่" pos="SL" trans="Nuts!" translit=""/></w><w>มี<ana lex="มี" pos="verb" trans="consist of" translit=""/><ana lex="มี" pos="verb" trans="there is/are" translit=""/><ana lex="มี" pos="verb" trans="have" translit=""/><ana lex="มี" pos="verb,transitive" trans="contain" translit=""/><ana lex="มี" pos="verb,transitive" trans="has" translit=""/><ana lex="มี" pos="verb,transitive" trans="have" translit=""/><ana lex="มี" pos="adjective" trans="rich" translit=""/></w><w>เลย<ana lex="เลย" pos="PRF" trans="extra-" translit=""/><ana lex="เลย" pos="auxiliary verb" trans="have to" translit=""/><ana lex="เลย" pos="verb" trans="pass" translit=""/><ana lex="เลย" pos="adverb" trans="really" translit=""/><ana lex="เลย" pos="noun" trans="Loei" translit=""/><ana lex="เลย" pos="adverb" trans="completely" translit=""/></w><w>ผ่า<ana lex="ผ่า" pos="PHRV" trans="rend in" translit=""/><ana lex="ผ่า" pos="verb" trans="chop" translit=""/><ana lex="ผ่า" pos="verb,transitive" trans="split" translit=""/></w><w>ไฟ<ana lex="ไฟ" pos="noun" trans="fire" translit=""/><ana lex="ไฟ" pos="noun" trans="fire" translit=""/><ana lex="ไฟ" pos="PRF" trans="pyro-" translit=""/></w><w>แดง<ana lex="แดง" pos="verb" trans="be revealed" translit=""/><ana lex="แดง" pos="noun" trans="red" translit=""/></w><w>ซะ<ana lex="ซะ" pos="particle,colloquial" trans="[colloquial version of เสีย —a word placed after a verb or at the end of a sentence to add emphasis or indicate a command]" translit="saH"/></w><w>ดี<ana lex="ดี" pos="adjective" trans="fine" translit=""/><ana lex="ดี" pos="adjective" trans="braw" translit=""/><ana lex="ดี" pos="SL" trans="hunky-dory" translit=""/><ana lex="ดี" pos="adjective" trans="useful" translit=""/><ana lex="ดี" pos="noun" trans="gallbladder" translit=""/><ana lex="ดี" pos="adjective" trans="nice" translit=""/><ana lex="ดี" pos="adjective" trans="fine" translit=""/><ana lex="ดี" pos="adjective" trans="tidy" translit=""/><ana lex="ดี" pos="SL" trans="kushty" translit=""/><ana lex="ดี" pos="SL" trans="tickety-boo" translit=""/><ana lex="ดี" pos="adjective" trans="well" translit=""/><ana lex="ดี" pos="PRF" trans="eu-" translit=""/><ana lex="ดี" pos="idiom" trans="Well and good" translit=""/><ana lex="ดี" pos="adjective" trans="good" translit=""/><ana lex="ดี" pos="adverb" trans="well" translit=""/><ana lex="ดี" pos="adjective" trans="high" translit=""/><ana lex="ดี" pos="adjective" trans="nice" translit=""/><ana lex="ดี" pos="adjective" trans="nice" translit=""/><ana lex="ดี" pos="adjective" trans="well" translit=""/></w><w>มั๊ยนี่่</w></se><se><w>.<ana lex="" pos="" trans="" translit=""/></w></se><se><w>ฮื่อ<ana lex="ฮื่อ" pos="interjection" trans="yes" translit=""/><ana lex="ฮื่อ" pos="interjection,onomatopoeia" trans="[growling sound of a dog]" translit="heuuF"/><ana lex="ฮื่อ" pos="interjection" trans="[indicating affirmation] uh; yes" translit="heuuF"/><ana lex="ฮื่อ" pos="" trans="[response of recognition on seeing a friend, e.g.]" translit="heuuF"/></w><w>อย่า<ana lex="อย่า" pos="auxiliary verb" trans="do not" translit=""/></w><w>เลย<ana lex="เลย" pos="PRF" trans="extra-" translit=""/><ana lex="เลย" pos="auxiliary verb" trans="have to" translit=""/><ana lex="เลย" pos="verb" trans="pass" translit=""/><ana lex="เลย" pos="adverb" trans="really" translit=""/><ana lex="เลย" pos="noun" trans="Loei" translit=""/><ana lex="เลย" pos="adverb" trans="completely" translit=""/></w><w>เรา<ana lex="เรา" pos="pronoun" trans="us" translit=""/><ana lex="เรา" pos="PRON" trans="I" translit=""/><ana lex="เรา" pos="pronoun" trans="we" translit=""/><ana lex="เรา" pos="PRON" trans="you" translit=""/><ana lex="เรา" pos="PRON" trans="we" translit=""/></w><w>ต้อง<ana lex="ต้อง" pos="auxiliary verb" trans="must" translit=""/><ana lex="ต้อง" pos="" trans="[alternate pronunciation of ต้อง ]" translit="dtaawngF"/><ana lex="ต้อง" pos="verb" trans="fall into" translit=""/><ana lex="ต้อง" pos="verb" trans="touch" translit=""/><ana lex="ต้อง" pos="auxiliary verb" trans="must" translit=""/></w><w>เป็น<ana lex="เป็น" pos="auxiliary verb" trans="are" translit=""/><ana lex="เป็น" pos="verb,intransitive" trans="been" translit=""/><ana lex="เป็น" pos="verb,intransitive" trans="come" translit=""/><ana lex="เป็น" pos="verb" trans="be able to" translit=""/><ana lex="เป็น" pos="verb" trans="be" translit=""/><ana lex="เป็น" pos="adjective" trans="alive" translit=""/></w><w>คน<ana lex="คน" pos="noun" trans="bloke" translit=""/><ana lex="คน" pos="verb,transitive" trans="mill" translit=""/><ana lex="คน" pos="PRF" trans="anthropo-" translit=""/><ana lex="คน" pos="noun" trans="human" translit=""/><ana lex="คน" pos="noun" trans="people" translit=""/><ana lex="คน" pos="noun" trans="being" translit=""/><ana lex="คน" pos="PHRV" trans="stir about" translit=""/><ana lex="คน" pos="PHRV" trans="stir around" translit=""/><ana lex="คน" pos="SL" trans="bod" translit=""/><ana lex="คน" pos="classifier" trans="person" translit=""/><ana lex="คน" pos="verb" trans="stir" translit=""/></w><w>ดี<ana lex="ดี" pos="adjective" trans="fine" translit=""/><ana lex="ดี" pos="adjective" trans="braw" translit=""/><ana lex="ดี" pos="SL" trans="hunky-dory" translit=""/><ana lex="ดี" pos="adjective" trans="useful" translit=""/><ana lex="ดี" pos="noun" trans="gallbladder" translit=""/><ana lex="ดี" pos="adjective" trans="nice" translit=""/><ana lex="ดี" pos="adjective" trans="fine" translit=""/><ana lex="ดี" pos="adjective" trans="tidy" translit=""/><ana lex="ดี" pos="SL" trans="kushty" translit=""/><ana lex="ดี" pos="SL" trans="tickety-boo" translit=""/><ana lex="ดี" pos="adjective" trans="well" translit=""/><ana lex="ดี" pos="PRF" trans="eu-" translit=""/><ana lex="ดี" pos="idiom" trans="Well and good" translit=""/><ana lex="ดี" pos="adjective" trans="good" translit=""/><ana lex="ดี" pos="adverb" trans="well" translit=""/><ana lex="ดี" pos="adjective" trans="high" translit=""/><ana lex="ดี" pos="adjective" trans="nice" translit=""/><ana lex="ดี" pos="adjective" trans="nice" translit=""/><ana lex="ดี" pos="adjective" trans="well" translit=""/></w><w>ยึด<ana lex="ยึด" pos="idiom" trans="lay hold of" translit=""/><ana lex="ยึด" pos="verb,transitive" trans="take" translit=""/><ana lex="ยึด" pos="verb" trans="confiscate" translit=""/><ana lex="ยึด" pos="PHRV" trans="hold by" translit=""/><ana lex="ยึด" pos="verb,transitive" trans="grip" translit=""/><ana lex="ยึด" pos="idiom" trans="relax one's grip / hold on" translit=""/><ana lex="ยึด" pos="idiom" trans="lay hold on" translit=""/><ana lex="ยึด" pos="PHRV" trans="catch of" translit=""/><ana lex="ยึด" pos="verb" trans="fix" translit=""/></w><w>หลัก<ana lex="หลัก" pos="noun" trans="principal" translit=""/><ana lex="หลัก" pos="noun" trans="main principle" translit=""/><ana lex="หลัก" pos="noun" trans="pole" translit=""/><ana lex="หลัก" pos="adjective" trans="main" translit=""/><ana lex="หลัก" pos="noun" trans="stake" translit=""/><ana lex="หลัก" pos="noun" trans="keystone" translit=""/><ana lex="หลัก" pos="noun" trans="principle" translit=""/></w><w>กฏ</w><w>จราจร<ana lex="จราจร" pos="noun" trans="traffic police" translit=""/><ana lex="จราจร" pos="verb" trans="traffic" translit=""/></w><w>เป็น<ana lex="เป็น" pos="auxiliary verb" trans="are" translit=""/><ana lex="เป็น" pos="verb,intransitive" trans="been" translit=""/><ana lex="เป็น" pos="verb,intransitive" trans="come" translit=""/><ana lex="เป็น" pos="verb" trans="be able to" translit=""/><ana lex="เป็น" pos="verb" trans="be" translit=""/><ana lex="เป็น" pos="adjective" trans="alive" translit=""/></w><w>พลเมือง<ana lex="พลเมือง" pos="noun" trans="population" translit=""/></w><w>ดี<ana lex="ดี" pos="adjective" trans="fine" translit=""/><ana lex="ดี" pos="adjective" trans="braw" translit=""/><ana lex="ดี" pos="SL" trans="hunky-dory" translit=""/><ana lex="ดี" pos="adjective" trans="useful" translit=""/><ana lex="ดี" pos="noun" trans="gallbladder" translit=""/><ana lex="ดี" pos="adjective" trans="nice" translit=""/><ana lex="ดี" pos="adjective" trans="fine" translit=""/><ana lex="ดี" pos="adjective" trans="tidy" translit=""/><ana lex="ดี" pos="SL" trans="kushty" translit=""/><ana lex="ดี" pos="SL" trans="tickety-boo" translit=""/><ana lex="ดี" pos="adjective" trans="well" translit=""/><ana lex="ดี" pos="PRF" trans="eu-" translit=""/><ana lex="ดี" pos="idiom" trans="Well and good" translit=""/><ana lex="ดี" pos="adjective" trans="good" translit=""/><ana lex="ดี" pos="adverb" trans="well" translit=""/><ana lex="ดี" pos="adjective" trans="high" translit=""/><ana lex="ดี" pos="adjective" trans="nice" translit=""/><ana lex="ดี" pos="adjective" trans="nice" translit=""/><ana lex="ดี" pos="adjective" trans="well" translit=""/></w><w>ท่า<ana lex="ท่า" pos="noun" trans="wharf" translit=""/><ana lex="ท่า" pos="noun" trans="posture" translit=""/></w><w>จะ<ana lex="จะ" pos="auxiliary verb" trans="will" translit=""/><ana lex="จะ" pos="auxiliary verb" trans="will" translit=""/><ana lex="จะ" pos="" trans="[alternate spelling of จ้ะ]" translit="jaL"/></w><w>ดี<ana lex="ดี" pos="adjective" trans="fine" translit=""/><ana lex="ดี" pos="adjective" trans="braw" translit=""/><ana lex="ดี" pos="SL" trans="hunky-dory" translit=""/><ana lex="ดี" pos="adjective" trans="useful" translit=""/><ana lex="ดี" pos="noun" trans="gallbladder" translit=""/><ana lex="ดี" pos="adjective" trans="nice" translit=""/><ana lex="ดี" pos="adjective" trans="fine" translit=""/><ana lex="ดี" pos="adjective" trans="tidy" translit=""/><ana lex="ดี" pos="SL" trans="kushty" translit=""/><ana lex="ดี" pos="SL" trans="tickety-boo" translit=""/><ana lex="ดี" pos="adjective" trans="well" translit=""/><ana lex="ดี" pos="PRF" trans="eu-" translit=""/><ana lex="ดี" pos="idiom" trans="Well and good" translit=""/><ana lex="ดี" pos="adjective" trans="good" translit=""/><ana lex="ดี" pos="adverb" trans="well" translit=""/><ana lex="ดี" pos="adjective" trans="high" translit=""/><ana lex="ดี" pos="adjective" trans="nice" translit=""/><ana lex="ดี" pos="adjective" trans="nice" translit=""/><ana lex="ดี" pos="adjective" trans="well" translit=""/></w><w>กว่า<ana lex="กว่า" pos="adverb" trans="more" translit=""/><ana lex="กว่า" pos="DET" trans="over" translit=""/><ana lex="กว่า" pos="preposition" trans="till" translit=""/></w><w>นะ<ana lex="นะ" pos="END" trans="particle used at the end of a clause" translit=""/></w></se><se><w>ฮิ</w><w>ฮิ</w></se><se><w>พี่ๆๆ</w></se><se><w>ซื้อ<ana lex="ซื้อ" pos="verb" trans="buy" translit=""/><ana lex="ซื้อ" pos="verb,intransitive" trans="purchase" translit=""/><ana lex="ซื้อ" pos="verb,transitive" trans="purchase" translit=""/><ana lex="ซื้อ" pos="verb,transitive" trans="consume" translit=""/><ana lex="ซื้อ" pos="verb,transitive" trans="buy" translit=""/></w><w>พวงมาลัย<ana lex="พวงมาลัย" pos="noun" trans="garland" translit=""/><ana lex="พวงมาลัย" pos="noun" trans="garland (of flowers) worn around the neck" translit="phuaangM maaM laiM"/><ana lex="พวงมาลัย" pos="noun" trans="steering wheel (car)" translit=""/><ana lex="พวงมาลัย" pos="noun" trans="festoon" translit=""/></w><w>หนู<ana lex="หนู" pos="noun" trans="rat" translit=""/><ana lex="หนู" pos="noun" trans="rat" translit=""/><ana lex="หนู" pos="noun" trans="mouse" translit=""/></w><w>หน่อย<ana lex="หน่อย" pos="adverb" trans="a little while" translit=""/><ana lex="หน่อย" pos="adverb" trans="slightly" translit=""/></w></se><se><w>.<ana lex="" pos="" trans="" translit=""/></w></se><se><w>ได้ยิน<ana lex="ได้ยิน" pos="verb,transitive" trans="catch" translit=""/><ana lex="ได้ยิน" pos="verb" trans="hear" translit=""/><ana lex="ได้ยิน" pos="verb,intransitive" trans="hear" translit=""/><ana lex="ได้ยิน" pos="verb,transitive" trans="hear" translit=""/><ana lex="ได้ยิน" pos="verb,transitive" trans="read" translit=""/></w><w>เสียง<ana lex="เสียง" pos="SUF" trans="-phone" translit=""/><ana lex="เสียง" pos="noun" trans="vote" translit=""/><ana lex="เสียง" pos="noun" trans="voice" translit=""/><ana lex="เสียง" pos="PRF" trans="phono-" translit=""/><ana lex="เสียง" pos="PRF" trans="phon-" translit=""/><ana lex="เสียง" pos="noun" trans="sound" translit=""/><ana lex="เสียง" pos="idiom" trans="place all one's eggs in one basket" translit=""/><ana lex="เสียง" pos="noun" trans="sonancy" translit=""/><ana lex="เสียง" pos="noun" trans="sonance" translit=""/></w><w>เรียก<ana lex="เรียก" pos="PHRV" trans="get in1" translit=""/><ana lex="เรียก" pos="verb,transitive" trans="call" translit=""/><ana lex="เรียก" pos="verb,transitive" trans="page" translit=""/><ana lex="เรียก" pos="verb" trans="call" translit=""/><ana lex="เรียก" pos="verb,intransitive" trans="call" translit=""/></w><w>อยู่<ana lex="อยู่" pos="verb,intransitive" trans="abide" translit=""/><ana lex="อยู่" pos="auxiliary verb" trans="be" translit=""/></w><w>ข้าง<ana lex="ข้าง" pos="PRF" trans="par-" translit=""/><ana lex="ข้าง" pos="PRF" trans="para-" translit=""/><ana lex="ข้าง" pos="PRF" trans="para-" translit=""/><ana lex="ข้าง" pos="noun" trans="side" translit=""/><ana lex="ข้าง" pos="preposition" trans="next to" translit=""/><ana lex="ข้าง" pos="noun" trans="side" translit=""/><ana lex="ข้าง" pos="noun" trans="side" translit=""/><ana lex="ข้าง" pos="PRF" trans="par-" translit=""/><ana lex="ข้าง" pos="noun" trans="side" translit=""/></w><w>หู<ana lex="หู" pos="noun" trans="ear" translit=""/><ana lex="หู" pos="noun" trans="handle" translit=""/><ana lex="หู" pos="SL" trans="shell-like" translit=""/><ana lex="หู" pos="noun" trans="ear" translit=""/></w></se><se><w>แหม<ana lex="แหม" pos="interjection,colloquial" trans="[an interjection used to express surprise, coyness or shyness, and discontent]" translit="maaeR"/><ana lex="แหม" pos="interjection" trans="oh!" translit=""/><ana lex="แหม" pos="interjection" trans="Upon my word!" translit="maaeR"/></w><w>ทำ<ana lex="ทำ" pos="verb" trans="make" translit=""/><ana lex="ทำ" pos="PHRV" trans="get in1" translit=""/><ana lex="ทำ" pos="PHRV" trans="get on with" translit=""/><ana lex="ทำ" pos="SUF" trans="-fy" translit=""/><ana lex="ทำ" pos="verb" trans="observe" translit=""/><ana lex="ทำ" pos="verb,transitive" trans="take" translit=""/><ana lex="ทำ" pos="verb" trans="act" translit=""/><ana lex="ทำ" pos="verb" trans="do" translit=""/><ana lex="ทำ" pos="verb" trans="work" translit=""/><ana lex="ทำ" pos="verb" trans="commit" translit=""/><ana lex="ทำ" pos="verb" trans="have plastic surgery" translit=""/><ana lex="ทำ" pos="PHRV" trans="be about2" translit=""/><ana lex="ทำ" pos="verb,transitive" trans="make" translit=""/></w><w>เอา</w><w>สะดุ้ง<ana lex="สะดุ้ง" pos="PHRV" trans="wince at" translit=""/><ana lex="สะดุ้ง" pos="verb" trans="shudder" translit=""/><ana lex="สะดุ้ง" pos="noun" trans="kind of fish trap" translit=""/><ana lex="สะดุ้ง" pos="verb" trans="be startled" translit=""/><ana lex="สะดุ้ง" pos="verb,intransitive" trans="startle" translit=""/></w><w>กำลัง<ana lex="กำลัง" pos="noun" trans="power" translit=""/><ana lex="กำลัง" pos="auxiliary verb" trans="being" translit=""/><ana lex="กำลัง" pos="noun" trans="force" translit=""/><ana lex="กำลัง" pos="noun" trans="power" translit=""/><ana lex="กำลัง" pos="noun" trans="circumference of the tree" translit=""/></w><w>พัก<ana lex="พัก" pos="verb" trans="break" translit=""/><ana lex="พัก" pos="PHRV" trans="abide at" translit=""/><ana lex="พัก" pos="idiom" trans="put one's feet up" translit=""/><ana lex="พัก" pos="noun" trans="break" translit=""/><ana lex="พัก" pos="PHRV" trans="get off2" translit=""/><ana lex="พัก" pos="PHRV" trans="lay off1" translit=""/><ana lex="พัก" pos="verb" trans="stay" translit=""/><ana lex="พัก" pos="adverb" trans="for a while" translit=""/><ana lex="พัก" pos="adjective" trans="resting" translit=""/><ana lex="พัก" pos="idiom" trans="take break" translit=""/></w><w>สายตา<ana lex="สายตา" pos="noun" trans="eyesight" translit=""/></w><w>เชียว<ana lex="เชียว" pos="adverb" trans="indeed" translit=""/><ana lex="เชียว" pos="particle" trans="at once; absolutely; immediately; quite certainly; right now; surely; very very sure, quite sure" translit="chiaaoM"/></w></se><se><w>หัน<ana lex="หัน" pos="verb" trans="redirect" translit=""/><ana lex="หัน" pos="verb" trans="turn around" translit=""/></w><w>ไป<ana lex="ไป" pos="PRF" trans="ad-" translit=""/><ana lex="ไป" pos="verb" trans="go" translit=""/><ana lex="ไป" pos="SL" trans="chip" translit=""/><ana lex="ไป" pos="SL" trans="gone for a Burton" translit=""/><ana lex="ไป" pos="verb,intransitive" trans="go" translit=""/></w><w>ตาม<ana lex="ตาม" pos="verb,intransitive" trans="trail" translit=""/><ana lex="ตาม" pos="verb" trans="invite" translit=""/><ana lex="ตาม" pos="verb" trans="pursue" translit=""/><ana lex="ตาม" pos="preposition" trans="along" translit=""/><ana lex="ตาม" pos="verb" trans="follow" translit=""/><ana lex="ตาม" pos="verb,transitive" trans="follow" translit=""/><ana lex="ตาม" pos="preposition" trans="in accordance with" translit=""/><ana lex="ตาม" pos="adverb" trans="fatefully" translit=""/><ana lex="ตาม" pos="adverb" trans="follow" translit=""/></w><w>เสียง<ana lex="เสียง" pos="SUF" trans="-phone" translit=""/><ana lex="เสียง" pos="noun" trans="vote" translit=""/><ana lex="เสียง" pos="noun" trans="voice" translit=""/><ana lex="เสียง" pos="PRF" trans="phono-" translit=""/><ana lex="เสียง" pos="PRF" trans="phon-" translit=""/><ana lex="เสียง" pos="noun" trans="sound" translit=""/><ana lex="เสียง" pos="idiom" trans="place all one's eggs in one basket" translit=""/><ana lex="เสียง" pos="noun" trans="sonancy" translit=""/><ana lex="เสียง" pos="noun" trans="sonance" translit=""/></w><w>เห็น<ana lex="เห็น" pos="PHRV" trans="clap on2" translit=""/><ana lex="เห็น" pos="SL" trans="clock" translit=""/><ana lex="เห็น" pos="verb,transitive" trans="behold" translit=""/><ana lex="เห็น" pos="verb,intransitive" trans="see" translit=""/><ana lex="เห็น" pos="verb,transitive" trans="see" translit=""/><ana lex="เห็น" pos="verb,transitive" trans="sight" translit=""/><ana lex="เห็น" pos="verb,transitive" trans="twig" translit=""/><ana lex="เห็น" pos="verb,transitive" trans="vide" translit=""/></w><w>เด็ก<ana lex="เด็ก" pos="PRF" trans="pedo-" translit=""/><ana lex="เด็ก" pos="SL" trans="wee 'un" translit=""/><ana lex="เด็ก" pos="SL" trans="snotnose(d) (kid)" translit=""/><ana lex="เด็ก" pos="noun" trans="child" translit=""/><ana lex="เด็ก" pos="SL" trans="wean" translit=""/><ana lex="เด็ก" pos="noun" trans="child" translit=""/><ana lex="เด็ก" pos="noun" trans="bairn" translit=""/><ana lex="เด็ก" pos="SL" trans="chavvy" translit=""/></w><w>หญิง<ana lex="หญิง" pos="noun" trans="female" translit=""/></w><w>ชาย<ana lex="ชาย" pos="noun" trans="edge" translit=""/><ana lex="ชาย" pos="verb" trans="glance" translit=""/><ana lex="ชาย" pos="noun" trans="man" translit=""/></w><w>สอง<ana lex="สอง" pos="PRF" trans="bis-" translit=""/><ana lex="สอง" pos="adjective" trans="twain" translit=""/><ana lex="สอง" pos="PRF" trans="bi-" translit=""/><ana lex="สอง" pos="pronoun" trans="two" translit=""/><ana lex="สอง" pos="adjective" trans="two" translit=""/></w><w>คน<ana lex="คน" pos="noun" trans="bloke" translit=""/><ana lex="คน" pos="verb,transitive" trans="mill" translit=""/><ana lex="คน" pos="PRF" trans="anthropo-" translit=""/><ana lex="คน" pos="noun" trans="human" translit=""/><ana lex="คน" pos="noun" trans="people" translit=""/><ana lex="คน" pos="noun" trans="being" translit=""/><ana lex="คน" pos="PHRV" trans="stir about" translit=""/><ana lex="คน" pos="PHRV" trans="stir around" translit=""/><ana lex="คน" pos="SL" trans="bod" translit=""/><ana lex="คน" pos="classifier" trans="person" translit=""/><ana lex="คน" pos="verb" trans="stir" translit=""/></w><w>อายุ<ana lex="อายุ" pos="noun" trans="age" translit=""/><ana lex="อายุ" pos="noun" trans="age" translit=""/><ana lex="อายุ" pos="noun" trans="years" translit=""/><ana lex="อายุ" pos="noun" trans="year" translit=""/></w><w>สัก<ana lex="สัก" pos="noun" trans="teak" translit=""/><ana lex="สัก" pos="verb" trans="tattoo" translit=""/><ana lex="สัก" pos="verb" trans="stretch" translit=""/><ana lex="สัก" pos="adverb" trans="just" translit=""/></w></se><se><w>10<ana lex="" pos="" trans="" translit=""/></w></se><se><w>ขวบ</w><w>ใน<ana lex="ใน" pos="preposition" trans="in" translit=""/><ana lex="ใน" pos="adjective" trans="in" translit=""/><ana lex="ใน" pos="PRF" trans="em-" translit=""/><ana lex="ใน" pos="PRF" trans="en-" translit=""/><ana lex="ใน" pos="PRF" trans="en-" translit=""/><ana lex="ใน" pos="PRF" trans="il-" translit=""/><ana lex="ใน" pos="preposition" trans="of" translit=""/><ana lex="ใน" pos="PRF" trans="in-" translit=""/><ana lex="ใน" pos="PRF" trans="im-" translit=""/><ana lex="ใน" pos="adverb" trans="in" translit=""/><ana lex="ใน" pos="preposition" trans="in" translit=""/></w><w>ใน<ana lex="ใน" pos="preposition" trans="in" translit=""/><ana lex="ใน" pos="adjective" trans="in" translit=""/><ana lex="ใน" pos="PRF" trans="em-" translit=""/><ana lex="ใน" pos="PRF" trans="en-" translit=""/><ana lex="ใน" pos="PRF" trans="en-" translit=""/><ana lex="ใน" pos="PRF" trans="il-" translit=""/><ana lex="ใน" pos="preposition" trans="of" translit=""/><ana lex="ใน" pos="PRF" trans="in-" translit=""/><ana lex="ใน" pos="PRF" trans="im-" translit=""/><ana lex="ใน" pos="adverb" trans="in" translit=""/><ana lex="ใน" pos="preposition" trans="in" translit=""/></w><w>แขน<ana lex="แขน" pos="noun" trans="arm" translit=""/><ana lex="แขน" pos="noun" trans="arm" translit=""/></w><w>มี<ana lex="มี" pos="verb" trans="consist of" translit=""/><ana lex="มี" pos="verb" trans="there is/are" translit=""/><ana lex="มี" pos="verb" trans="have" translit=""/><ana lex="มี" pos="verb,transitive" trans="contain" translit=""/><ana lex="มี" pos="verb,transitive" trans="has" translit=""/><ana lex="มี" pos="verb,transitive" trans="have" translit=""/><ana lex="มี" pos="adjective" trans="rich" translit=""/></w><w>พวงมาลัย<ana lex="พวงมาลัย" pos="noun" trans="garland" translit=""/><ana lex="พวงมาลัย" pos="noun" trans="garland (of flowers) worn around the neck" translit="phuaangM maaM laiM"/><ana lex="พวงมาลัย" pos="noun" trans="steering wheel (car)" translit=""/><ana lex="พวงมาลัย" pos="noun" trans="festoon" translit=""/></w><w>ดอก<ana lex="ดอก" pos="noun" trans="interest" translit=""/><ana lex="ดอก" pos="noun" trans="decorative pattern" translit=""/><ana lex="ดอก" pos="noun" trans="flower" translit=""/><ana lex="ดอก" pos="classifier" trans="numerative noun for flowers" translit=""/><ana lex="ดอก" pos="interjection" trans="unquestionable" translit=""/></w><w>มะลิ<ana lex="มะลิ" pos="noun" trans="jessamine" translit=""/></w><w>พวง<ana lex="พวง" pos="noun" trans="string" translit=""/><ana lex="พวง" pos="classifier" trans="bunch" translit=""/></w><w>โต<ana lex="โต" pos="verb" trans="be big" translit=""/><ana lex="โต" pos="verb" trans="grow up" translit=""/></w><w>คล้อง<ana lex="คล้อง" pos="verb,transitive,intransitive" trans="to rope; to lasso; to slip a noose over; to catch with a loop; to put around; to loop" translit="khlaawngH"/><ana lex="คล้อง" pos="verb" trans="hook" translit=""/><ana lex="คล้อง" pos="verb,transitive,intransitive" trans="to rhyme" translit="khlaawngH"/><ana lex="คล้อง" pos="verb" trans="rhyme with" translit=""/><ana lex="คล้อง" pos="verb" trans="wear" translit=""/><ana lex="คล้อง" pos="verb,transitive" trans="sling" translit=""/></w><w>อยู่<ana lex="อยู่" pos="verb,intransitive" trans="abide" translit=""/><ana lex="อยู่" pos="auxiliary verb" trans="be" translit=""/></w><w>หลาย<ana lex="หลาย" pos="adjective" trans="several" translit=""/><ana lex="หลาย" pos="adverb" trans="much" translit=""/></w><w>พวง<ana lex="พวง" pos="noun" trans="string" translit=""/><ana lex="พวง" pos="classifier" trans="bunch" translit=""/></w></se><se><w>พี่ๆๆ</w><w>พร้อม<ana lex="พร้อม" pos="PHRV" trans="watch out" translit=""/><ana lex="พร้อม" pos="adjective" trans="due" translit=""/><ana lex="พร้อม" pos="adjective" trans="trim" translit=""/><ana lex="พร้อม" pos="adverb" trans="at the same time" translit=""/><ana lex="พร้อม" pos="verb" trans="be ready" translit=""/></w><w>ชู<ana lex="ชู" pos="verb" trans="raise" translit=""/><ana lex="ชู" pos="verb" trans="nourish" translit=""/></w><w>พวงมาลัย<ana lex="พวงมาลัย" pos="noun" trans="garland" translit=""/><ana lex="พวงมาลัย" pos="noun" trans="garland (of flowers) worn around the neck" translit="phuaangM maaM laiM"/><ana lex="พวงมาลัย" pos="noun" trans="steering wheel (car)" translit=""/><ana lex="พวงมาลัย" pos="noun" trans="festoon" translit=""/></w><w>พร้อม<ana lex="พร้อม" pos="PHRV" trans="watch out" translit=""/><ana lex="พร้อม" pos="adjective" trans="due" translit=""/><ana lex="พร้อม" pos="adjective" trans="trim" translit=""/><ana lex="พร้อม" pos="adverb" trans="at the same time" translit=""/><ana lex="พร้อม" pos="verb" trans="be ready" translit=""/></w><w>พยัก<ana lex="พยัก" pos="verb" trans="nod" translit=""/></w><w>หน้า<ana lex="หน้า" pos="adjective" trans="next" translit=""/><ana lex="หน้า" pos="noun" trans="surface" translit=""/><ana lex="หน้า" pos="adjective" trans="front" translit=""/><ana lex="หน้า" pos="adjective" trans="top" translit=""/><ana lex="หน้า" pos="noun" trans="topping" translit=""/><ana lex="หน้า" pos="adjective" trans="front" translit=""/><ana lex="หน้า" pos="classifier" trans="page" translit=""/><ana lex="หน้า" pos="noun" trans="reputation" translit=""/><ana lex="หน้า" pos="SL" trans="kipper" translit=""/><ana lex="หน้า" pos="SL" trans="kip" translit=""/><ana lex="หน้า" pos="SL" trans="coupon" translit=""/><ana lex="หน้า" pos="SL" trans="mug" translit=""/><ana lex="หน้า" pos="noun" trans="face" translit=""/><ana lex="หน้า" pos="noun" trans="season" translit=""/><ana lex="หน้า" pos="SL" trans="mush" translit=""/><ana lex="หน้า" pos="noun" trans="face" translit=""/><ana lex="หน้า" pos="PRON" trans="anyone" translit=""/><ana lex="หน้า" pos="noun" trans="width" translit=""/><ana lex="หน้า" pos="preposition" trans="in front of" translit=""/></w><w>หงึก</w><w>เป็น<ana lex="เป็น" pos="auxiliary verb" trans="are" translit=""/><ana lex="เป็น" pos="verb,intransitive" trans="been" translit=""/><ana lex="เป็น" pos="verb,intransitive" trans="come" translit=""/><ana lex="เป็น" pos="verb" trans="be able to" translit=""/><ana lex="เป็น" pos="verb" trans="be" translit=""/><ana lex="เป็น" pos="adjective" trans="alive" translit=""/></w><w>เชิง<ana lex="เชิง" pos="noun" trans="manner" translit=""/><ana lex="เชิง" pos="noun" trans="foot" translit=""/></w><w>ขอร้อง<ana lex="ขอร้อง" pos="verb,transitive" trans="invocate" translit=""/><ana lex="ขอร้อง" pos="verb,transitive" trans="summon" translit=""/><ana lex="ขอร้อง" pos="verb,intransitive" trans="ask" translit=""/><ana lex="ขอร้อง" pos="PHRV" trans="plead for" translit=""/><ana lex="ขอร้อง" pos="verb" trans="beg" translit=""/><ana lex="ขอร้อง" pos="verb,transitive" trans="ask" translit=""/><ana lex="ขอร้อง" pos="verb,transitive" trans="hustle" translit=""/><ana lex="ขอร้อง" pos="verb,transitive" trans="beg" translit=""/><ana lex="ขอร้อง" pos="verb,transitive" trans="request" translit=""/><ana lex="ขอร้อง" pos="verb,transitive" trans="obsecrate" translit=""/></w></se><se><w>.<ana lex="" pos="" trans="" translit=""/></w></se><se><w>ฉัน<ana lex="ฉัน" pos="" trans="[alternate pronunciation of ฉัน ]" translit="chanH"/><ana lex="ฉัน" pos="pronoun" trans="me" translit=""/></w><w>ส่าย<ana lex="ส่าย" pos="verb" trans="swing" translit=""/></w><w>หน้า<ana lex="หน้า" pos="adjective" trans="next" translit=""/><ana lex="หน้า" pos="noun" trans="surface" translit=""/><ana lex="หน้า" pos="adjective" trans="front" translit=""/><ana lex="หน้า" pos="adjective" trans="top" translit=""/><ana lex="หน้า" pos="noun" trans="topping" translit=""/><ana lex="หน้า" pos="adjective" trans="front" translit=""/><ana lex="หน้า" pos="classifier" trans="page" translit=""/><ana lex="หน้า" pos="noun" trans="reputation" translit=""/><ana lex="หน้า" pos="SL" trans="kipper" translit=""/><ana lex="หน้า" pos="SL" trans="kip" translit=""/><ana lex="หน้า" pos="SL" trans="coupon" translit=""/><ana lex="หน้า" pos="SL" trans="mug" translit=""/><ana lex="หน้า" pos="noun" trans="face" translit=""/><ana lex="หน้า" pos="noun" trans="season" translit=""/><ana lex="หน้า" pos="SL" trans="mush" translit=""/><ana lex="หน้า" pos="noun" trans="face" translit=""/><ana lex="หน้า" pos="PRON" trans="anyone" translit=""/><ana lex="หน้า" pos="noun" trans="width" translit=""/><ana lex="หน้า" pos="preposition" trans="in front of" translit=""/></w></se><se><w>.<ana lex="" pos="" trans="" translit=""/></w></se><se><w>ใน<ana lex="ใน" pos="preposition" trans="in" translit=""/><ana lex="ใน" pos="adjective" trans="in" translit=""/><ana lex="ใน" pos="PRF" trans="em-" translit=""/><ana lex="ใน" pos="PRF" trans="en-" translit=""/><ana lex="ใน" pos="PRF" trans="en-" translit=""/><ana lex="ใน" pos="PRF" trans="il-" translit=""/><ana lex="ใน" pos="preposition" trans="of" translit=""/><ana lex="ใน" pos="PRF" trans="in-" translit=""/><ana lex="ใน" pos="PRF" trans="im-" translit=""/><ana lex="ใน" pos="adverb" trans="in" translit=""/><ana lex="ใน" pos="preposition" trans="in" translit=""/></w><w>ใจ<ana lex="ใจ" pos="noun" trans="heart" translit=""/><ana lex="ใจ" pos="noun" trans="mind" translit=""/></w><w>ก็<ana lex="ก็" pos="adverb" trans="also" translit=""/><ana lex="ก็" pos="conjunction" trans="as a result" translit=""/></w><w>คิด<ana lex="คิด" pos="verb,transitive" trans="reckon" translit=""/><ana lex="คิด" pos="verb,intransitive" trans="cerebrate" translit=""/><ana lex="คิด" pos="verb,transitive" trans="conceive" translit=""/><ana lex="คิด" pos="verb,transitive" trans="conceit" translit=""/><ana lex="คิด" pos="PHRV" trans="go over2" translit=""/><ana lex="คิด" pos="verb" trans="create" translit=""/><ana lex="คิด" pos="verb" trans="estimate" translit=""/><ana lex="คิด" pos="verb" trans="want" translit=""/><ana lex="คิด" pos="verb" trans="think" translit=""/><ana lex="คิด" pos="verb" trans="consider" translit=""/><ana lex="คิด" pos="verb" trans="calculate" translit=""/><ana lex="คิด" pos="verb,transitive" trans="think" translit=""/><ana lex="คิด" pos="verb,intransitive" trans="think" translit=""/></w><w>ว่า</w><w>ป่านนี้<ana lex="ป่านนี้" pos="adverb" trans="even now" translit=""/><ana lex="ป่านนี้" pos="adverb" trans="even now; thus far; by now; until now" translit="bpaanL neeH"/></w><w>แล้ว<ana lex="แล้ว" pos="adverb" trans="already" translit=""/><ana lex="แล้ว" pos="adverb" trans="already" translit=""/><ana lex="แล้ว" pos="adverb" trans="by now" translit=""/><ana lex="แล้ว" pos="adverb" trans="already" translit=""/></w><w>ไม่<ana lex="ไม่" pos="adverb" trans="not" translit=""/><ana lex="ไม่" pos="PRF" trans="an-" translit=""/><ana lex="ไม่" pos="PRF" trans="un-" translit=""/><ana lex="ไม่" pos="PRF" trans="un-" translit=""/><ana lex="ไม่" pos="adjective" trans="nary" translit=""/><ana lex="ไม่" pos="NEG" trans="not" translit=""/><ana lex="ไม่" pos="PRF" trans="in-" translit=""/><ana lex="ไม่" pos="adverb" trans="no" translit=""/><ana lex="ไม่" pos="PRF" trans="non-" translit=""/><ana lex="ไม่" pos="PRF" trans="non-" translit=""/><ana lex="ไม่" pos="PRF" trans="in-" translit=""/><ana lex="ไม่" pos="SL" trans="no soup" translit=""/><ana lex="ไม่" pos="SL" trans="no sale" translit=""/><ana lex="ไม่" pos="SL" trans="nope" translit=""/><ana lex="ไม่" pos="SL" trans="No way!" translit=""/><ana lex="ไม่" pos="NEG" trans="not" translit=""/><ana lex="ไม่" pos="SL" trans="Nuts!" translit=""/></w><w>ยัง<ana lex="ยัง" pos="preposition" trans="to" translit=""/><ana lex="ยัง" pos="adverb" trans="also" translit=""/><ana lex="ยัง" pos="adverb" trans="yet" translit=""/><ana lex="ยัง" pos="adverb" trans="still" translit=""/></w><w>มา<ana lex="มา" pos="PHRV" trans="get in1" translit=""/><ana lex="มา" pos="adverb" trans="coming (toward the present; or toward the focal time)" translit=""/><ana lex="มา" pos="verb,intransitive" trans="come" translit=""/><ana lex="มา" pos="verb" trans="arrive" translit=""/></w><w>ขาย<ana lex="ขาย" pos="PHRV" trans="be up for" translit=""/><ana lex="ขาย" pos="verb,transitive" trans="fetch" translit=""/><ana lex="ขาย" pos="verb,transitive" trans="sell" translit=""/><ana lex="ขาย" pos="PHRV" trans="sell short" translit=""/><ana lex="ขาย" pos="verb" trans="sell" translit=""/><ana lex="ขาย" pos="idiom" trans="for sale" translit=""/><ana lex="ขาย" pos="idiom" trans="on sale" translit=""/><ana lex="ขาย" pos="SL" trans="flog" translit=""/><ana lex="ขาย" pos="verb,transitive" trans="market" translit=""/></w><w>อยู่<ana lex="อยู่" pos="verb,intransitive" trans="abide" translit=""/><ana lex="อยู่" pos="auxiliary verb" trans="be" translit=""/></w><w>จะ<ana lex="จะ" pos="auxiliary verb" trans="will" translit=""/><ana lex="จะ" pos="auxiliary verb" trans="will" translit=""/><ana lex="จะ" pos="" trans="[alternate spelling of จ้ะ]" translit="jaL"/></w><w>ตี<ana lex="ตี" pos="verb,transitive" trans="paddle" translit=""/><ana lex="ตี" pos="verb,transitive" trans="dub" translit=""/><ana lex="ตี" pos="verb,transitive" trans="boom" translit=""/><ana lex="ตี" pos="PHRV" trans="wear out" translit=""/><ana lex="ตี" pos="verb" trans="forge" translit=""/><ana lex="ตี" pos="noun" trans="an hour counting after midnight" translit=""/><ana lex="ตี" pos="verb,transitive" trans="mill" translit=""/><ana lex="ตี" pos="verb,transitive" trans="catch" translit=""/><ana lex="ตี" pos="verb,transitive" trans="strike" translit=""/><ana lex="ตี" pos="verb" trans="record" translit=""/><ana lex="ตี" pos="verb" trans="hit" translit=""/><ana lex="ตี" pos="verb" trans="whip" translit=""/><ana lex="ตี" pos="verb" trans="value" translit=""/><ana lex="ตี" pos="PHRV" trans="smite on" translit=""/><ana lex="ตี" pos="verb" trans="batter" translit=""/><ana lex="ตี" pos="PHRV" trans="strike at" translit=""/><ana lex="ตี" pos="verb,transitive" trans="whale" translit=""/><ana lex="ตี" pos="verb,transitive" trans="zonk" translit=""/><ana lex="ตี" pos="PHRV" trans="smite upon" translit=""/><ana lex="ตี" pos="PHRV" trans="pound at" translit=""/><ana lex="ตี" pos="verb,transitive" trans="drub" translit=""/><ana lex="ตี" pos="PHRV" trans="knock against" translit=""/><ana lex="ตี" pos="idiom" trans="raise a hand to" translit=""/><ana lex="ตี" pos="verb,transitive" trans="clout" translit=""/><ana lex="ตี" pos="verb,transitive" trans="beat" translit=""/><ana lex="ตี" pos="verb,intransitive" trans="hit" translit=""/><ana lex="ตี" pos="verb,transitive" trans="hit" translit=""/><ana lex="ตี" pos="verb" trans="bang" translit=""/><ana lex="ตี" pos="verb,transitive" trans="pummel" translit=""/></w><w>สอง<ana lex="สอง" pos="PRF" trans="bis-" translit=""/><ana lex="สอง" pos="adjective" trans="twain" translit=""/><ana lex="สอง" pos="PRF" trans="bi-" translit=""/><ana lex="สอง" pos="pronoun" trans="two" translit=""/><ana lex="สอง" pos="adjective" trans="two" translit=""/></w><w>แล้ว<ana lex="แล้ว" pos="adverb" trans="already" translit=""/><ana lex="แล้ว" pos="adverb" trans="already" translit=""/><ana lex="แล้ว" pos="adverb" trans="by now" translit=""/><ana lex="แล้ว" pos="adverb" trans="already" translit=""/></w><w>นี่</w></se><se><w>รถ<ana lex="รถ" pos="noun" trans="car" translit=""/></w><w>รา<ana lex="รา" pos="noun" trans="mould" translit=""/><ana lex="รา" pos="verb" trans="cease" translit=""/><ana lex="รา" pos="noun" trans="fungus" translit=""/><ana lex="รา" pos="noun" trans="mold" translit=""/></w><w>ก็<ana lex="ก็" pos="adverb" trans="also" translit=""/><ana lex="ก็" pos="conjunction" trans="as a result" translit=""/></w><w>ไม่<ana lex="ไม่" pos="adverb" trans="not" translit=""/><ana lex="ไม่" pos="PRF" trans="an-" translit=""/><ana lex="ไม่" pos="PRF" trans="un-" translit=""/><ana lex="ไม่" pos="PRF" trans="un-" translit=""/><ana lex="ไม่" pos="adjective" trans="nary" translit=""/><ana lex="ไม่" pos="NEG" trans="not" translit=""/><ana lex="ไม่" pos="PRF" trans="in-" translit=""/><ana lex="ไม่" pos="adverb" trans="no" translit=""/><ana lex="ไม่" pos="PRF" trans="non-" translit=""/><ana lex="ไม่" pos="PRF" trans="non-" translit=""/><ana lex="ไม่" pos="PRF" trans="in-" translit=""/><ana lex="ไม่" pos="SL" trans="no soup" translit=""/><ana lex="ไม่" pos="SL" trans="no sale" translit=""/><ana lex="ไม่" pos="SL" trans="nope" translit=""/><ana lex="ไม่" pos="SL" trans="No way!" translit=""/><ana lex="ไม่" pos="NEG" trans="not" translit=""/><ana lex="ไม่" pos="SL" trans="Nuts!" translit=""/></w><w>ค่อย<ana lex="ค่อย" pos="auxiliary verb" trans="gradually" translit=""/><ana lex="ค่อย" pos="adverb" trans="quietly" translit=""/><ana lex="ค่อย" pos="auxiliary verb" trans="slowly" translit=""/><ana lex="ค่อย" pos="conjunction" trans="then" translit=""/></w><w>จะ<ana lex="จะ" pos="auxiliary verb" trans="will" translit=""/><ana lex="จะ" pos="auxiliary verb" trans="will" translit=""/><ana lex="จะ" pos="" trans="[alternate spelling of จ้ะ]" translit="jaL"/></w><w>มี<ana lex="มี" pos="verb" trans="consist of" translit=""/><ana lex="มี" pos="verb" trans="there is/are" translit=""/><ana lex="มี" pos="verb" trans="have" translit=""/><ana lex="มี" pos="verb,transitive" trans="contain" translit=""/><ana lex="มี" pos="verb,transitive" trans="has" translit=""/><ana lex="มี" pos="verb,transitive" trans="have" translit=""/><ana lex="มี" pos="adjective" trans="rich" translit=""/></w><w>แล้ว<ana lex="แล้ว" pos="adverb" trans="already" translit=""/><ana lex="แล้ว" pos="adverb" trans="already" translit=""/><ana lex="แล้ว" pos="adverb" trans="by now" translit=""/><ana lex="แล้ว" pos="adverb" trans="already" translit=""/></w><w>จะ<ana lex="จะ" pos="auxiliary verb" trans="will" translit=""/><ana lex="จะ" pos="auxiliary verb" trans="will" translit=""/><ana lex="จะ" pos="" trans="[alternate spelling of จ้ะ]" translit="jaL"/></w><w>ขาย<ana lex="ขาย" pos="PHRV" trans="be up for" translit=""/><ana lex="ขาย" pos="verb,transitive" trans="fetch" translit=""/><ana lex="ขาย" pos="verb,transitive" trans="sell" translit=""/><ana lex="ขาย" pos="PHRV" trans="sell short" translit=""/><ana lex="ขาย" pos="verb" trans="sell" translit=""/><ana lex="ขาย" pos="idiom" trans="for sale" translit=""/><ana lex="ขาย" pos="idiom" trans="on sale" translit=""/><ana lex="ขาย" pos="SL" trans="flog" translit=""/><ana lex="ขาย" pos="verb,transitive" trans="market" translit=""/></w><w>ได้<ana lex="ได้" pos="PHRV" trans="get out of" translit=""/><ana lex="ได้" pos="auxiliary verb" trans="be able to" translit=""/><ana lex="ได้" pos="verb" trans="get" translit=""/><ana lex="ได้" pos="" trans="[alternate pronunciation of ได้ ]" translit="daaiF"/><ana lex="ได้" pos="auxiliary verb" trans="used as an auxiliary verb before a principal verb to indicate the past tense" translit=""/><ana lex="ได้" pos="verb,transitive" trans="get" translit=""/><ana lex="ได้" pos="adverb" trans="can" translit=""/></w><w>รึ<ana lex="รึ" pos="conjunction,colloquial" trans="[colloquial shortening of] หรือ , [the word] or" translit="reuH"/><ana lex="รึ" pos="" trans="[alternate spelling of หรือ ]" translit="reuH"/><ana lex="รึ" pos="particle,colloquial" trans="[a particle indicating a question, informal pronunciation of] หรือ " translit="reuH"/></w></se><se><w>.<ana lex="" pos="" trans="" translit=""/></w></se><se><w>ก็<ana lex="ก็" pos="adverb" trans="also" translit=""/><ana lex="ก็" pos="conjunction" trans="as a result" translit=""/></w><w>คิด<ana lex="คิด" pos="verb,transitive" trans="reckon" translit=""/><ana lex="คิด" pos="verb,intransitive" trans="cerebrate" translit=""/><ana lex="คิด" pos="verb,transitive" trans="conceive" translit=""/><ana lex="คิด" pos="verb,transitive" trans="conceit" translit=""/><ana lex="คิด" pos="PHRV" trans="go over2" translit=""/><ana lex="คิด" pos="verb" trans="create" translit=""/><ana lex="คิด" pos="verb" trans="estimate" translit=""/><ana lex="คิด" pos="verb" trans="want" translit=""/><ana lex="คิด" pos="verb" trans="think" translit=""/><ana lex="คิด" pos="verb" trans="consider" translit=""/><ana lex="คิด" pos="verb" trans="calculate" translit=""/><ana lex="คิด" pos="verb,transitive" trans="think" translit=""/><ana lex="คิด" pos="verb,intransitive" trans="think" translit=""/></w><w>ได้<ana lex="ได้" pos="PHRV" trans="get out of" translit=""/><ana lex="ได้" pos="auxiliary verb" trans="be able to" translit=""/><ana lex="ได้" pos="verb" trans="get" translit=""/><ana lex="ได้" pos="" trans="[alternate pronunciation of ได้ ]" translit="daaiF"/><ana lex="ได้" pos="auxiliary verb" trans="used as an auxiliary verb before a principal verb to indicate the past tense" translit=""/><ana lex="ได้" pos="verb,transitive" trans="get" translit=""/><ana lex="ได้" pos="adverb" trans="can" translit=""/></w><w>แค่<ana lex="แค่" pos="adverb" trans="only" translit=""/></w><w>นั่น<ana lex="นั่น" pos="DET" trans="that" translit=""/></w></se><se><w>.<ana lex="" pos="" trans="" translit=""/></w></se><se><w>เงย<ana lex="เงย" pos="verb" trans="look up" translit=""/><ana lex="เงย" pos="verb" trans="[of one's head] to raise; lift; look upwards" translit="ngeeuyM"/></w><w>หน้า<ana lex="หน้า" pos="adjective" trans="next" translit=""/><ana lex="หน้า" pos="noun" trans="surface" translit=""/><ana lex="หน้า" pos="adjective" trans="front" translit=""/><ana lex="หน้า" pos="adjective" trans="top" translit=""/><ana lex="หน้า" pos="noun" trans="topping" translit=""/><ana lex="หน้า" pos="adjective" trans="front" translit=""/><ana lex="หน้า" pos="classifier" trans="page" translit=""/><ana lex="หน้า" pos="noun" trans="reputation" translit=""/><ana lex="หน้า" pos="SL" trans="kipper" translit=""/><ana lex="หน้า" pos="SL" trans="kip" translit=""/><ana lex="หน้า" pos="SL" trans="coupon" translit=""/><ana lex="หน้า" pos="SL" trans="mug" translit=""/><ana lex="หน้า" pos="noun" trans="face" translit=""/><ana lex="หน้า" pos="noun" trans="season" translit=""/><ana lex="หน้า" pos="SL" trans="mush" translit=""/><ana lex="หน้า" pos="noun" trans="face" translit=""/><ana lex="หน้า" pos="PRON" trans="anyone" translit=""/><ana lex="หน้า" pos="noun" trans="width" translit=""/><ana lex="หน้า" pos="preposition" trans="in front of" translit=""/></w><w>ไฟ<ana lex="ไฟ" pos="noun" trans="fire" translit=""/><ana lex="ไฟ" pos="noun" trans="fire" translit=""/><ana lex="ไฟ" pos="PRF" trans="pyro-" translit=""/></w><w>เหลือง</w><w>แล้ว<ana lex="แล้ว" pos="adverb" trans="already" translit=""/><ana lex="แล้ว" pos="adverb" trans="already" translit=""/><ana lex="แล้ว" pos="adverb" trans="by now" translit=""/><ana lex="แล้ว" pos="adverb" trans="already" translit=""/></w></se><se><w>ทันใด<ana lex="ทันใด" pos="adverb" trans="promptly; quickly; at once; at the same moment" translit="thanM daiM"/><ana lex="ทันใด" pos="adverb" trans="suddenly" translit=""/></w><w>นั่น<ana lex="นั่น" pos="DET" trans="that" translit=""/></w></se><se><w>.!!!<ana lex="" pos="" trans="" translit=""/></w></se><se><w>ว๊าก<ana lex="ว๊าก" pos="verb,colloquial" trans="to yell loudly as part of hazing rituals at a Thai university (slang)" translit="waakH"/></w></se><se><w>.<ana lex="" pos="" trans="" translit=""/></w></se><se><w>แขน<ana lex="แขน" pos="noun" trans="arm" translit=""/><ana lex="แขน" pos="noun" trans="arm" translit=""/></w><w>นั่น<ana lex="นั่น" pos="DET" trans="that" translit=""/></w><w>มาลัย<ana lex="มาลัย" pos="noun" trans="garland" translit=""/><ana lex="มาลัย" pos="noun" trans="garland" translit=""/></w><w>ด้วย<ana lex="ด้วย" pos="PRF" trans="com-" translit=""/><ana lex="ด้วย" pos="adverb" trans="along" translit=""/><ana lex="ด้วย" pos="conjunction" trans="plus" translit=""/><ana lex="ด้วย" pos="preposition" trans="with" translit=""/><ana lex="ด้วย" pos="adverb" trans="also" translit=""/><ana lex="ด้วย" pos="conjunction" trans="because" translit=""/><ana lex="ด้วย" pos="preposition" trans="by" translit=""/><ana lex="ด้วย" pos="adverb" trans="so" translit=""/></w><w>ยื่น<ana lex="ยื่น" pos="PHRV" trans="give in" translit=""/><ana lex="ยื่น" pos="verb,intransitive" trans="extend" translit=""/><ana lex="ยื่น" pos="verb,intransitive" trans="protrude" translit=""/><ana lex="ยื่น" pos="verb,transitive" trans="lodge" translit=""/></w><w>มา<ana lex="มา" pos="PHRV" trans="get in1" translit=""/><ana lex="มา" pos="adverb" trans="coming (toward the present; or toward the focal time)" translit=""/><ana lex="มา" pos="verb,intransitive" trans="come" translit=""/><ana lex="มา" pos="verb" trans="arrive" translit=""/></w><w>ตรง<ana lex="ตรง" pos="adverb" trans="straightly" translit=""/><ana lex="ตรง" pos="preposition" trans="at" translit=""/><ana lex="ตรง" pos="adjective" trans="straight" translit=""/><ana lex="ตรง" pos="verb" trans="be straight" translit=""/><ana lex="ตรง" pos="adjective" trans="dead" translit=""/><ana lex="ตรง" pos="PRF" trans="orth-" translit=""/><ana lex="ตรง" pos="verb,intransitive" trans="unbend" translit=""/><ana lex="ตรง" pos="PRF" trans="ortho-" translit=""/><ana lex="ตรง" pos="adverb" trans="straightforwardly" translit=""/><ana lex="ตรง" pos="verb" trans="be precise at" translit=""/><ana lex="ตรง" pos="adjective" trans="straight" translit=""/><ana lex="ตรง" pos="verb" trans="be in accordance with" translit=""/><ana lex="ตรง" pos="adverb" trans="rush" translit=""/><ana lex="ตรง" pos="adverb" trans="punctually" translit=""/></w><w>หน้า<ana lex="หน้า" pos="adjective" trans="next" translit=""/><ana lex="หน้า" pos="noun" trans="surface" translit=""/><ana lex="หน้า" pos="adjective" trans="front" translit=""/><ana lex="หน้า" pos="adjective" trans="top" translit=""/><ana lex="หน้า" pos="noun" trans="topping" translit=""/><ana lex="หน้า" pos="adjective" trans="front" translit=""/><ana lex="หน้า" pos="classifier" trans="page" translit=""/><ana lex="หน้า" pos="noun" trans="reputation" translit=""/><ana lex="หน้า" pos="SL" trans="kipper" translit=""/><ana lex="หน้า" pos="SL" trans="kip" translit=""/><ana lex="หน้า" pos="SL" trans="coupon" translit=""/><ana lex="หน้า" pos="SL" trans="mug" translit=""/><ana lex="หน้า" pos="noun" trans="face" translit=""/><ana lex="หน้า" pos="noun" trans="season" translit=""/><ana lex="หน้า" pos="SL" trans="mush" translit=""/><ana lex="หน้า" pos="noun" trans="face" translit=""/><ana lex="หน้า" pos="PRON" trans="anyone" translit=""/><ana lex="หน้า" pos="noun" trans="width" translit=""/><ana lex="หน้า" pos="preposition" trans="in front of" translit=""/></w><w>ชิด<ana lex="ชิด" pos="verb,transitive" trans="abut" translit=""/><ana lex="ชิด" pos="verb" trans="be close" translit=""/><ana lex="ชิด" pos="verb,intransitive" trans="abut" translit=""/><ana lex="ชิด" pos="adverb" trans="close" translit=""/><ana lex="ชิด" pos="noun" trans="nipa palm" translit=""/></w><w>ติด<ana lex="ติด" pos="verb,transitive" trans="fix" translit=""/><ana lex="ติด" pos="verb,intransitive" trans="fasten" translit=""/><ana lex="ติด" pos="verb,transitive" trans="adjoin" translit=""/><ana lex="ติด" pos="verb" trans="become a habit" translit=""/><ana lex="ติด" pos="verb" trans="addicted to" translit=""/><ana lex="ติด" pos="verb" trans="contain" translit=""/><ana lex="ติด" pos="verb" trans="accompany" translit=""/><ana lex="ติด" pos="verb" trans="next to" translit=""/><ana lex="ติด" pos="verb" trans="light" translit=""/><ana lex="ติด" pos="verb" trans="bear" translit=""/><ana lex="ติด" pos="verb" trans="owe" translit=""/><ana lex="ติด" pos="verb" trans="stick" translit=""/><ana lex="ติด" pos="verb" trans="hang" translit=""/><ana lex="ติด" pos="verb" trans="catch" translit=""/><ana lex="ติด" pos="verb" trans="get stuck" translit=""/><ana lex="ติด" pos="verb" trans="close" translit=""/><ana lex="ติด" pos="verb" trans="addicted to" translit=""/><ana lex="ติด" pos="verb" trans="be stained" translit=""/><ana lex="ติด" pos="verb,intransitive" trans="jam" translit=""/><ana lex="ติด" pos="PHRV" trans="affix to" translit=""/><ana lex="ติด" pos="verb" trans="start" translit=""/><ana lex="ติด" pos="verb,transitive" trans="fit" translit=""/><ana lex="ติด" pos="PHRV" trans="go aground" translit=""/><ana lex="ติด" pos="verb,intransitive" trans="adhere" translit=""/><ana lex="ติด" pos="noun" trans="Echeneidae" translit=""/></w><w>จมูก<ana lex="จมูก" pos="SL" trans="conk" translit=""/><ana lex="จมูก" pos="noun" trans="nose" translit=""/><ana lex="จมูก" pos="noun" trans="snoot" translit=""/><ana lex="จมูก" pos="noun" trans="nose" translit=""/><ana lex="จมูก" pos="SL" trans="hooter" translit=""/></w><w>เลย<ana lex="เลย" pos="PRF" trans="extra-" translit=""/><ana lex="เลย" pos="auxiliary verb" trans="have to" translit=""/><ana lex="เลย" pos="verb" trans="pass" translit=""/><ana lex="เลย" pos="adverb" trans="really" translit=""/><ana lex="เลย" pos="noun" trans="Loei" translit=""/><ana lex="เลย" pos="adverb" trans="completely" translit=""/></w></se><se><w>!!!<ana lex="" pos="" trans="" translit=""/></w></se><se><w>เสียง<ana lex="เสียง" pos="SUF" trans="-phone" translit=""/><ana lex="เสียง" pos="noun" trans="vote" translit=""/><ana lex="เสียง" pos="noun" trans="voice" translit=""/><ana lex="เสียง" pos="PRF" trans="phono-" translit=""/><ana lex="เสียง" pos="PRF" trans="phon-" translit=""/><ana lex="เสียง" pos="noun" trans="sound" translit=""/><ana lex="เสียง" pos="idiom" trans="place all one's eggs in one basket" translit=""/><ana lex="เสียง" pos="noun" trans="sonancy" translit=""/><ana lex="เสียง" pos="noun" trans="sonance" translit=""/></w><w>ตาม<ana lex="ตาม" pos="verb,intransitive" trans="trail" translit=""/><ana lex="ตาม" pos="verb" trans="invite" translit=""/><ana lex="ตาม" pos="verb" trans="pursue" translit=""/><ana lex="ตาม" pos="preposition" trans="along" translit=""/><ana lex="ตาม" pos="verb" trans="follow" translit=""/><ana lex="ตาม" pos="verb,transitive" trans="follow" translit=""/><ana lex="ตาม" pos="preposition" trans="in accordance with" translit=""/><ana lex="ตาม" pos="adverb" trans="fatefully" translit=""/><ana lex="ตาม" pos="adverb" trans="follow" translit=""/></w><w>มา<ana lex="มา" pos="PHRV" trans="get in1" translit=""/><ana lex="มา" pos="adverb" trans="coming (toward the present; or toward the focal time)" translit=""/><ana lex="มา" pos="verb,intransitive" trans="come" translit=""/><ana lex="มา" pos="verb" trans="arrive" translit=""/></w></se><se><w>.<ana lex="" pos="" trans="" translit=""/></w></se><se><w>ซื้อ<ana lex="ซื้อ" pos="verb" trans="buy" translit=""/><ana lex="ซื้อ" pos="verb,intransitive" trans="purchase" translit=""/><ana lex="ซื้อ" pos="verb,transitive" trans="purchase" translit=""/><ana lex="ซื้อ" pos="verb,transitive" trans="consume" translit=""/><ana lex="ซื้อ" pos="verb,transitive" trans="buy" translit=""/></w></se><se><w>.<ana lex="" pos="" trans="" translit=""/></w></se><se><w>หน่อย<ana lex="หน่อย" pos="adverb" trans="a little while" translit=""/><ana lex="หน่อย" pos="adverb" trans="slightly" translit=""/></w></se><se><w>.<ana lex="" pos="" trans="" translit=""/></w></se><se><w>ซิ<ana lex="ซิ" pos="END" trans="particle" translit=""/><ana lex="ซิ" pos="" trans="[alternate spelling of ซี่ ]" translit="siH"/></w></se><se><w>.(<ana lex="" pos="" trans="" translit=""/></w></se><se><w>ยะ<ana lex="ยะ" pos="particle,colloquial" trans="[colloquial particle used at the end of a question]" translit="yaH"/><ana lex="ยะ" pos="prefix" trans="[euphonious prefix]" translit="yaH"/></w></se><se><w>.<ana lex="" pos="" trans="" translit=""/></w></se><se><w>เยือก</w></se><se><w>.<ana lex="" pos="" trans="" translit=""/></w></se><se><w>เสียง<ana lex="เสียง" pos="SUF" trans="-phone" translit=""/><ana lex="เสียง" pos="noun" trans="vote" translit=""/><ana lex="เสียง" pos="noun" trans="voice" translit=""/><ana lex="เสียง" pos="PRF" trans="phono-" translit=""/><ana lex="เสียง" pos="PRF" trans="phon-" translit=""/><ana lex="เสียง" pos="noun" trans="sound" translit=""/><ana lex="เสียง" pos="idiom" trans="place all one's eggs in one basket" translit=""/><ana lex="เสียง" pos="noun" trans="sonancy" translit=""/><ana lex="เสียง" pos="noun" trans="sonance" translit=""/></w><w>นั้น<ana lex="นั้น" pos="pronoun" trans="that" translit=""/><ana lex="นั้น" pos="PRON" trans="that" translit=""/></w><w>เย็น<ana lex="เย็น" pos="verb" trans="be cold" translit=""/><ana lex="เย็น" pos="adjective" trans="cool" translit=""/><ana lex="เย็น" pos="adjective" trans="cold" translit=""/><ana lex="เย็น" pos="noun" trans="evening" translit=""/><ana lex="เย็น" pos="verb" trans="cool" translit=""/></w></se><se><w>.<ana lex="" pos="" trans="" translit=""/></w></se><se><w>น่า<ana lex="น่า" pos="auxiliary verb" trans="should" translit=""/><ana lex="น่า" pos="" trans="[alternate spelling of นะ ]" translit="naaF"/></w><w>กลัว<ana lex="กลัว" pos="verb" trans="fear" translit=""/><ana lex="กลัว" pos="adjective" trans="afraid" translit=""/><ana lex="กลัว" pos="verb,intransitive" trans="fear" translit=""/><ana lex="กลัว" pos="PHRV" trans="take fright at" translit=""/><ana lex="กลัว" pos="idiom" trans="have one's tail between one's legs" translit=""/><ana lex="กลัว" pos="verb,intransitive" trans="shrink" translit=""/><ana lex="กลัว" pos="PHRV" trans="chicken out" translit=""/></w></se><se><w>.)<ana lex="" pos="" trans="" translit=""/></w></se><se><w>เปลี่ยน<ana lex="เปลี่ยน" pos="verb,intransitive" trans="convert" translit=""/><ana lex="เปลี่ยน" pos="verb,transitive" trans="convert" translit=""/><ana lex="เปลี่ยน" pos="verb" trans="vary" translit=""/><ana lex="เปลี่ยน" pos="verb,intransitive" trans="turn" translit=""/><ana lex="เปลี่ยน" pos="verb,transitive" trans="change" translit=""/><ana lex="เปลี่ยน" pos="verb,intransitive" trans="shift" translit=""/><ana lex="เปลี่ยน" pos="verb,transitive" trans="turn" translit=""/><ana lex="เปลี่ยน" pos="verb,transitive" trans="translate" translit=""/><ana lex="เปลี่ยน" pos="verb,transitive" trans="shift" translit=""/><ana lex="เปลี่ยน" pos="verb,transitive" trans="switch" translit=""/><ana lex="เปลี่ยน" pos="verb,transitive" trans="transmute" translit=""/></w><w>เกียร์<ana lex="เกียร์" pos="noun" trans="gear" translit=""/><ana lex="เกียร์" pos="noun" trans="train" translit=""/><ana lex="เกียร์" pos="noun,loanword,English" trans="[Thai transcription of the foreign loanword, gear]" translit="giiaM"/></w><w>กด<ana lex="กด" pos="verb,transitive" trans="jam" translit=""/><ana lex="กด" pos="verb,transitive" trans="press" translit=""/><ana lex="กด" pos="verb,transitive" trans="crush" translit=""/><ana lex="กด" pos="verb,intransitive" trans="press" translit=""/><ana lex="กด" pos="verb,intransitive" trans="crush" translit=""/><ana lex="กด" pos="verb,transitive" trans="punch" translit=""/><ana lex="กด" pos="PHRV" trans="hang on2" translit=""/><ana lex="กด" pos="noun" trans="catfish" translit=""/><ana lex="กด" pos="PHRV" trans="hang upon" translit=""/><ana lex="กด" pos="verb,transitive" trans="impress" translit=""/><ana lex="กด" pos="verb" trans="press" translit=""/></w><w>คันเร่ง<ana lex="คันเร่ง" pos="noun" trans="accelerator" translit=""/><ana lex="คันเร่ง" pos="noun" trans="accelerator" translit=""/><ana lex="คันเร่ง" pos="SL" trans="hammer" translit=""/></w><w>พุ่ง<ana lex="พุ่ง" pos="verb" trans="throw" translit=""/><ana lex="พุ่ง" pos="verb" trans="spout" translit=""/><ana lex="พุ่ง" pos="verb" trans="rush" translit=""/><ana lex="พุ่ง" pos="verb,intransitive" trans="shoot" translit=""/><ana lex="พุ่ง" pos="verb,intransitive" trans="gush" translit=""/><ana lex="พุ่ง" pos="verb,transitive" trans="shoot" translit=""/></w><w>ไป<ana lex="ไป" pos="PRF" trans="ad-" translit=""/><ana lex="ไป" pos="verb" trans="go" translit=""/><ana lex="ไป" pos="SL" trans="chip" translit=""/><ana lex="ไป" pos="SL" trans="gone for a Burton" translit=""/><ana lex="ไป" pos="verb,intransitive" trans="go" translit=""/></w><w>ข้าง<ana lex="ข้าง" pos="PRF" trans="par-" translit=""/><ana lex="ข้าง" pos="PRF" trans="para-" translit=""/><ana lex="ข้าง" pos="PRF" trans="para-" translit=""/><ana lex="ข้าง" pos="noun" trans="side" translit=""/><ana lex="ข้าง" pos="preposition" trans="next to" translit=""/><ana lex="ข้าง" pos="noun" trans="side" translit=""/><ana lex="ข้าง" pos="noun" trans="side" translit=""/><ana lex="ข้าง" pos="PRF" trans="par-" translit=""/><ana lex="ข้าง" pos="noun" trans="side" translit=""/></w><w>หน้า<ana lex="หน้า" pos="adjective" trans="next" translit=""/><ana lex="หน้า" pos="noun" trans="surface" translit=""/><ana lex="หน้า" pos="adjective" trans="front" translit=""/><ana lex="หน้า" pos="adjective" trans="top" translit=""/><ana lex="หน้า" pos="noun" trans="topping" translit=""/><ana lex="หน้า" pos="adjective" trans="front" translit=""/><ana lex="หน้า" pos="classifier" trans="page" translit=""/><ana lex="หน้า" pos="noun" trans="reputation" translit=""/><ana lex="หน้า" pos="SL" trans="kipper" translit=""/><ana lex="หน้า" pos="SL" trans="kip" translit=""/><ana lex="หน้า" pos="SL" trans="coupon" translit=""/><ana lex="หน้า" pos="SL" trans="mug" translit=""/><ana lex="หน้า" pos="noun" trans="face" translit=""/><ana lex="หน้า" pos="noun" trans="season" translit=""/><ana lex="หน้า" pos="SL" trans="mush" translit=""/><ana lex="หน้า" pos="noun" trans="face" translit=""/><ana lex="หน้า" pos="PRON" trans="anyone" translit=""/><ana lex="หน้า" pos="noun" trans="width" translit=""/><ana lex="หน้า" pos="preposition" trans="in front of" translit=""/></w><w>อย่าง<ana lex="อย่าง" pos="noun" trans="method" translit=""/><ana lex="อย่าง" pos="adverb" trans="severely" translit=""/><ana lex="อย่าง" pos="noun" trans="type" translit=""/></w><w>ไม่<ana lex="ไม่" pos="adverb" trans="not" translit=""/><ana lex="ไม่" pos="PRF" trans="an-" translit=""/><ana lex="ไม่" pos="PRF" trans="un-" translit=""/><ana lex="ไม่" pos="PRF" trans="un-" translit=""/><ana lex="ไม่" pos="adjective" trans="nary" translit=""/><ana lex="ไม่" pos="NEG" trans="not" translit=""/><ana lex="ไม่" pos="PRF" trans="in-" translit=""/><ana lex="ไม่" pos="adverb" trans="no" translit=""/><ana lex="ไม่" pos="PRF" trans="non-" translit=""/><ana lex="ไม่" pos="PRF" trans="non-" translit=""/><ana lex="ไม่" pos="PRF" trans="in-" translit=""/><ana lex="ไม่" pos="SL" trans="no soup" translit=""/><ana lex="ไม่" pos="SL" trans="no sale" translit=""/><ana lex="ไม่" pos="SL" trans="nope" translit=""/><ana lex="ไม่" pos="SL" trans="No way!" translit=""/><ana lex="ไม่" pos="NEG" trans="not" translit=""/><ana lex="ไม่" pos="SL" trans="Nuts!" translit=""/></w><w>ต้อง<ana lex="ต้อง" pos="auxiliary verb" trans="must" translit=""/><ana lex="ต้อง" pos="" trans="[alternate pronunciation of ต้อง ]" translit="dtaawngF"/><ana lex="ต้อง" pos="verb" trans="fall into" translit=""/><ana lex="ต้อง" pos="verb" trans="touch" translit=""/><ana lex="ต้อง" pos="auxiliary verb" trans="must" translit=""/></w><w>รอ<ana lex="รอ" pos="verb" trans="wait for" translit=""/><ana lex="รอ" pos="verb" trans="await (for something to happen)" translit=""/><ana lex="รอ" pos="noun" trans="embankment" translit=""/></w><w>คำ<ana lex="คำ" pos="noun" trans="word" translit=""/><ana lex="คำ" pos="noun" trans="vocable" translit=""/><ana lex="คำ" pos="noun" trans="word" translit=""/></w><w>ตอบ<ana lex="ตอบ" pos="adjective" trans="sunken" translit=""/><ana lex="ตอบ" pos="verb" trans="answer" translit=""/><ana lex="ตอบ" pos="verb,transitive" trans="answer" translit=""/><ana lex="ตอบ" pos="verb,intransitive" trans="answer" translit=""/><ana lex="ตอบ" pos="PHRV" trans="reply for" translit=""/><ana lex="ตอบ" pos="verb,transitive" trans="respond" translit=""/><ana lex="ตอบ" pos="verb,transitive" trans="return" translit=""/><ana lex="ตอบ" pos="verb,intransitive" trans="respond" translit=""/><ana lex="ตอบ" pos="verb,transitive" trans="reply" translit=""/><ana lex="ตอบ" pos="verb,intransitive" trans="reply" translit=""/></w></se><se><w>ดี<ana lex="ดี" pos="adjective" trans="fine" translit=""/><ana lex="ดี" pos="adjective" trans="braw" translit=""/><ana lex="ดี" pos="SL" trans="hunky-dory" translit=""/><ana lex="ดี" pos="adjective" trans="useful" translit=""/><ana lex="ดี" pos="noun" trans="gallbladder" translit=""/><ana lex="ดี" pos="adjective" trans="nice" translit=""/><ana lex="ดี" pos="adjective" trans="fine" translit=""/><ana lex="ดี" pos="adjective" trans="tidy" translit=""/><ana lex="ดี" pos="SL" trans="kushty" translit=""/><ana lex="ดี" pos="SL" trans="tickety-boo" translit=""/><ana lex="ดี" pos="adjective" trans="well" translit=""/><ana lex="ดี" pos="PRF" trans="eu-" translit=""/><ana lex="ดี" pos="idiom" trans="Well and good" translit=""/><ana lex="ดี" pos="adjective" trans="good" translit=""/><ana lex="ดี" pos="adverb" trans="well" translit=""/><ana lex="ดี" pos="adjective" trans="high" translit=""/><ana lex="ดี" pos="adjective" trans="nice" translit=""/><ana lex="ดี" pos="adjective" trans="nice" translit=""/><ana lex="ดี" pos="adjective" trans="well" translit=""/></w><w>ที่<ana lex="ที่" pos="PRON" trans="that" translit=""/><ana lex="ที่" pos="preposition" trans="at" translit=""/><ana lex="ที่" pos="noun" trans="word for utensil" translit=""/><ana lex="ที่" pos="preposition" trans="at" translit=""/><ana lex="ที่" pos="noun" trans="place" translit=""/><ana lex="ที่" pos="classifier" trans="qualifiers for places" translit=""/><ana lex="ที่" pos="noun" trans="ordinal number" translit=""/><ana lex="ที่" pos="preposition" trans="to" translit=""/><ana lex="ที่" pos="noun" trans="land" translit=""/></w><w>ไฟ<ana lex="ไฟ" pos="noun" trans="fire" translit=""/><ana lex="ไฟ" pos="noun" trans="fire" translit=""/><ana lex="ไฟ" pos="PRF" trans="pyro-" translit=""/></w><w>เขียว<ana lex="เขียว" pos="adjective" trans="rank" translit=""/><ana lex="เขียว" pos="noun" trans="green" translit=""/><ana lex="เขียว" pos="adjective" trans="stinky" translit=""/></w><w>พอดี<ana lex="พอดี" pos="adverb" trans="[is] likely to occur" translit="phaawM deeM"/><ana lex="พอดี" pos="adjective" trans="trim" translit=""/><ana lex="พอดี" pos="interjection,phrase" trans="as it turns out; in fact" translit="phaawM deeM"/><ana lex="พอดี" pos="adverb" trans="fit" translit=""/><ana lex="พอดี" pos="adverb" trans="just" translit=""/></w></se><se><w>คุณ<ana lex="คุณ" pos="" trans="[alternate pronunciation of คุณ ]" translit="khoonM naH"/><ana lex="คุณ" pos="noun" trans="Miss" translit=""/><ana lex="คุณ" pos="PRON" trans="you" translit=""/><ana lex="คุณ" pos="noun" trans="thou" translit=""/><ana lex="คุณ" pos="noun" trans="Khun" translit=""/><ana lex="คุณ" pos="noun" trans="black magic" translit=""/><ana lex="คุณ" pos="noun" trans="kindness" translit=""/><ana lex="คุณ" pos="noun" trans="advantage" translit=""/></w><w>คิด<ana lex="คิด" pos="verb,transitive" trans="reckon" translit=""/><ana lex="คิด" pos="verb,intransitive" trans="cerebrate" translit=""/><ana lex="คิด" pos="verb,transitive" trans="conceive" translit=""/><ana lex="คิด" pos="verb,transitive" trans="conceit" translit=""/><ana lex="คิด" pos="PHRV" trans="go over2" translit=""/><ana lex="คิด" pos="verb" trans="create" translit=""/><ana lex="คิด" pos="verb" trans="estimate" translit=""/><ana lex="คิด" pos="verb" trans="want" translit=""/><ana lex="คิด" pos="verb" trans="think" translit=""/><ana lex="คิด" pos="verb" trans="consider" translit=""/><ana lex="คิด" pos="verb" trans="calculate" translit=""/><ana lex="คิด" pos="verb,transitive" trans="think" translit=""/><ana lex="คิด" pos="verb,intransitive" trans="think" translit=""/></w><w>ว่า</w><w>อะไร<ana lex="อะไร" pos="DET" trans="any" translit=""/><ana lex="อะไร" pos="adjective" trans="what" translit=""/><ana lex="อะไร" pos="pronoun" trans="what" translit=""/><ana lex="อะไร" pos="QUES" trans="what" translit=""/><ana lex="อะไร" pos="adverb" trans="whatever" translit=""/><ana lex="อะไร" pos="PRON" trans="whatever" translit=""/></w><w>คะ<ana lex="คะ" pos="END" trans="particle" translit=""/></w></se><se><w>???<ana lex="" pos="" trans="" translit=""/></w></se><se><w>มี<ana lex="มี" pos="verb" trans="consist of" translit=""/><ana lex="มี" pos="verb" trans="there is/are" translit=""/><ana lex="มี" pos="verb" trans="have" translit=""/><ana lex="มี" pos="verb,transitive" trans="contain" translit=""/><ana lex="มี" pos="verb,transitive" trans="has" translit=""/><ana lex="มี" pos="verb,transitive" trans="have" translit=""/><ana lex="มี" pos="adjective" trans="rich" translit=""/></w><w>คำ<ana lex="คำ" pos="noun" trans="word" translit=""/><ana lex="คำ" pos="noun" trans="vocable" translit=""/><ana lex="คำ" pos="noun" trans="word" translit=""/></w><w>ตอบ<ana lex="ตอบ" pos="adjective" trans="sunken" translit=""/><ana lex="ตอบ" pos="verb" trans="answer" translit=""/><ana lex="ตอบ" pos="verb,transitive" trans="answer" translit=""/><ana lex="ตอบ" pos="verb,intransitive" trans="answer" translit=""/><ana lex="ตอบ" pos="PHRV" trans="reply for" translit=""/><ana lex="ตอบ" pos="verb,transitive" trans="respond" translit=""/><ana lex="ตอบ" pos="verb,transitive" trans="return" translit=""/><ana lex="ตอบ" pos="verb,intransitive" trans="respond" translit=""/><ana lex="ตอบ" pos="verb,transitive" trans="reply" translit=""/><ana lex="ตอบ" pos="verb,intransitive" trans="reply" translit=""/></w><w>ค่ะ<ana lex="ค่ะ" pos="END" trans="yes" translit=""/></w></se><se><w>.<ana lex="" pos="" trans="" translit=""/></w></se><se><w>มา<ana lex="มา" pos="PHRV" trans="get in1" translit=""/><ana lex="มา" pos="adverb" trans="coming (toward the present; or toward the focal time)" translit=""/><ana lex="มา" pos="verb,intransitive" trans="come" translit=""/><ana lex="มา" pos="verb" trans="arrive" translit=""/></w><w>ตอบ<ana lex="ตอบ" pos="adjective" trans="sunken" translit=""/><ana lex="ตอบ" pos="verb" trans="answer" translit=""/><ana lex="ตอบ" pos="verb,transitive" trans="answer" translit=""/><ana lex="ตอบ" pos="verb,intransitive" trans="answer" translit=""/><ana lex="ตอบ" pos="PHRV" trans="reply for" translit=""/><ana lex="ตอบ" pos="verb,transitive" trans="respond" translit=""/><ana lex="ตอบ" pos="verb,transitive" trans="return" translit=""/><ana lex="ตอบ" pos="verb,intransitive" trans="respond" translit=""/><ana lex="ตอบ" pos="verb,transitive" trans="reply" translit=""/><ana lex="ตอบ" pos="verb,intransitive" trans="reply" translit=""/></w><w>ทีหลัง<ana lex="ทีหลัง" pos="adverb" trans="later" translit=""/></w><w>นะ<ana lex="นะ" pos="END" trans="particle used at the end of a clause" translit=""/></w><w>คะ<ana lex="คะ" pos="END" trans="particle" translit=""/></w></se><se><w>glitter-graphics.com<ana lex="" pos="" trans="" translit=""/></w></se></body>