<body><meta><link>http://www.thaipoem.com/poem/134462</link><title>เราจะรอใครดีนะ!</title><genre>poem</genre></meta><se><w>รอ<ana lex="รอ" pos="verb" trans="wait for" translit=""/><ana lex="รอ" pos="verb" trans="await (for something to happen)" translit=""/><ana lex="รอ" pos="noun" trans="embankment" translit=""/></w></se><se><w>!.<ana lex="" pos="" trans="" translit=""/></w></se><se><w>เฝ้า<ana lex="เฝ้า" pos="verb" trans="have an audience with/of" translit=""/><ana lex="เฝ้า" pos="verb" trans="keep an eye on" translit=""/></w><w>รอ<ana lex="รอ" pos="verb" trans="wait for" translit=""/><ana lex="รอ" pos="verb" trans="await (for something to happen)" translit=""/><ana lex="รอ" pos="noun" trans="embankment" translit=""/></w></se><se><w>เฝ้า<ana lex="เฝ้า" pos="verb" trans="have an audience with/of" translit=""/><ana lex="เฝ้า" pos="verb" trans="keep an eye on" translit=""/></w><w>รัก<ana lex="รัก" pos="verb,transitive" trans="treasure" translit=""/><ana lex="รัก" pos="verb,transitive" trans="adore" translit=""/><ana lex="รัก" pos="PRF" trans="phil-" translit=""/><ana lex="รัก" pos="PRF" trans="philo-" translit=""/><ana lex="รัก" pos="PHRV" trans="be attached to" translit=""/></w></se><se><w>จัก<ana lex="จัก" pos="auxiliary verb" trans="will" translit=""/></w><w>ใจ<ana lex="ใจ" pos="noun" trans="heart" translit=""/><ana lex="ใจ" pos="noun" trans="mind" translit=""/></w><w>หมาย<ana lex="หมาย" pos="noun" trans="warrant" translit=""/><ana lex="หมาย" pos="verb" trans="aim" translit=""/></w></se><se><w>ใคร<ana lex="ใคร" pos="PRON" trans="who" translit=""/><ana lex="ใคร" pos="pronoun" trans="who" translit=""/></w></se><se><w>!.<ana lex="" pos="" trans="" translit=""/></w></se><se><w>นะ<ana lex="นะ" pos="END" trans="particle used at the end of a clause" translit=""/></w><w>ใคร<ana lex="ใคร" pos="PRON" trans="who" translit=""/><ana lex="ใคร" pos="pronoun" trans="who" translit=""/></w></se><se><w>เหมือน<ana lex="เหมือน" pos="PRF" trans="homo-" translit=""/><ana lex="เหมือน" pos="verb,transitive" trans="mirror" translit=""/><ana lex="เหมือน" pos="PHRV" trans="take after" translit=""/><ana lex="เหมือน" pos="conjunction" trans="like" translit=""/><ana lex="เหมือน" pos="SUF" trans="-like" translit=""/><ana lex="เหมือน" pos="SUF" trans="-ly" translit=""/></w><w>พระ<ana lex="พระ" pos="SL" trans="holy Joe" translit=""/><ana lex="พระ" pos="noun" trans="presbyter" translit=""/><ana lex="พระ" pos="noun" trans="monk" translit=""/><ana lex="พระ" pos="noun" trans="leading actor" translit=""/><ana lex="พระ" pos="noun" trans="Buddha image" translit=""/><ana lex="พระ" pos="noun" trans="pastor" translit=""/><ana lex="พระ" pos="noun" trans="priest" translit=""/></w><w>พาย<ana lex="พาย" pos="verb,transitive" trans="paddle" translit=""/><ana lex="พาย" pos="noun" trans="pie" translit=""/><ana lex="พาย" pos="noun" trans="paddle" translit=""/><ana lex="พาย" pos="verb,intransitive" trans="row" translit=""/><ana lex="พาย" pos="verb" trans="row" translit=""/><ana lex="พาย" pos="verb,transitive" trans="row" translit=""/></w></se><se><w>กลาย<ana lex="กลาย" pos="verb" trans="change to" translit=""/><ana lex="กลาย" pos="adjective" trans="last" translit=""/><ana lex="กลาย" pos="verb" trans="change" translit=""/></w><w>ไป<ana lex="ไป" pos="PRF" trans="ad-" translit=""/><ana lex="ไป" pos="verb" trans="go" translit=""/><ana lex="ไป" pos="SL" trans="chip" translit=""/><ana lex="ไป" pos="SL" trans="gone for a Burton" translit=""/><ana lex="ไป" pos="verb,intransitive" trans="go" translit=""/></w><w>แล้ว<ana lex="แล้ว" pos="adverb" trans="already" translit=""/><ana lex="แล้ว" pos="adverb" trans="already" translit=""/><ana lex="แล้ว" pos="adverb" trans="by now" translit=""/><ana lex="แล้ว" pos="adverb" trans="already" translit=""/></w></se><se><w>กัน<ana lex="กัน" pos="verb" trans="keep out" translit=""/><ana lex="กัน" pos="PRON" trans="one another" translit=""/><ana lex="กัน" pos="PHRV" trans="screen off" translit=""/><ana lex="กัน" pos="adverb" trans="together" translit=""/><ana lex="กัน" pos="verb" trans="shave" translit=""/><ana lex="กัน" pos="verb" trans="separate" translit=""/></w></se><se><w>!.<ana lex="" pos="" trans="" translit=""/></w></se><se><w>และ<ana lex="และ" pos="conjunction" trans="and" translit=""/><ana lex="และ" pos="conjunction" trans="and" translit=""/></w><w>กัน<ana lex="กัน" pos="verb" trans="keep out" translit=""/><ana lex="กัน" pos="PRON" trans="one another" translit=""/><ana lex="กัน" pos="PHRV" trans="screen off" translit=""/><ana lex="กัน" pos="adverb" trans="together" translit=""/><ana lex="กัน" pos="verb" trans="shave" translit=""/><ana lex="กัน" pos="verb" trans="separate" translit=""/></w></se><se><w>เคย<ana lex="เคย" pos="verb" trans="be accustomed to" translit=""/><ana lex="เคย" pos="noun" trans="planktonic shrimp" translit=""/><ana lex="เคย" pos="noun" trans="small sized shrimp" translit=""/><ana lex="เคย" pos="adverb" trans="ever" translit=""/><ana lex="เคย" pos="verb,intransitive" trans="be accustomed to" translit=""/><ana lex="เคย" pos="adverb" trans="once" translit=""/></w><w>เป็น<ana lex="เป็น" pos="auxiliary verb" trans="are" translit=""/><ana lex="เป็น" pos="verb,intransitive" trans="been" translit=""/><ana lex="เป็น" pos="verb,intransitive" trans="come" translit=""/><ana lex="เป็น" pos="verb" trans="be able to" translit=""/><ana lex="เป็น" pos="verb" trans="be" translit=""/><ana lex="เป็น" pos="adjective" trans="alive" translit=""/></w></se><se><w>เช่น<ana lex="เช่น" pos="preposition" trans="like" translit=""/><ana lex="เช่น" pos="conjunction" trans="such as" translit=""/><ana lex="เช่น" pos="preposition" trans="like" translit=""/></w><w>เพริด<ana lex="เพริด" pos="adjective" trans="[of an animal] [is] lost; stray; estranged; returned to the wild" translit="phreertF"/></w><w>แพร้ว<ana lex="แพร้ว" pos="adjective" trans="shining" translit=""/></w></se><se><w>นะ<ana lex="นะ" pos="END" trans="particle used at the end of a clause" translit=""/></w></se><se><w>!.<ana lex="" pos="" trans="" translit=""/></w></se><se><w>ไป<ana lex="ไป" pos="PRF" trans="ad-" translit=""/><ana lex="ไป" pos="verb" trans="go" translit=""/><ana lex="ไป" pos="SL" trans="chip" translit=""/><ana lex="ไป" pos="SL" trans="gone for a Burton" translit=""/><ana lex="ไป" pos="verb,intransitive" trans="go" translit=""/></w><w>แล้ว<ana lex="แล้ว" pos="adverb" trans="already" translit=""/><ana lex="แล้ว" pos="adverb" trans="already" translit=""/><ana lex="แล้ว" pos="adverb" trans="by now" translit=""/><ana lex="แล้ว" pos="adverb" trans="already" translit=""/></w></se><se><w>กับ<ana lex="กับ" pos="preposition" trans="with" translit=""/><ana lex="กับ" pos="preposition" trans="with" translit=""/><ana lex="กับ" pos="noun" trans="trap" translit=""/><ana lex="กับ" pos="preposition" trans="on" translit=""/><ana lex="กับ" pos="conjunction" trans="and" translit=""/><ana lex="กับ" pos="preposition" trans="with" translit=""/></w><w>พระ<ana lex="พระ" pos="SL" trans="holy Joe" translit=""/><ana lex="พระ" pos="noun" trans="presbyter" translit=""/><ana lex="พระ" pos="noun" trans="monk" translit=""/><ana lex="พระ" pos="noun" trans="leading actor" translit=""/><ana lex="พระ" pos="noun" trans="Buddha image" translit=""/><ana lex="พระ" pos="noun" trans="pastor" translit=""/><ana lex="พระ" pos="noun" trans="priest" translit=""/></w><w>พาย<ana lex="พาย" pos="verb,transitive" trans="paddle" translit=""/><ana lex="พาย" pos="noun" trans="pie" translit=""/><ana lex="พาย" pos="noun" trans="paddle" translit=""/><ana lex="พาย" pos="verb,intransitive" trans="row" translit=""/><ana lex="พาย" pos="verb" trans="row" translit=""/><ana lex="พาย" pos="verb,transitive" trans="row" translit=""/></w></se><se><w>ทะลาย<ana lex="ทะลาย" pos="classifier" trans="numerative of coconuts" translit=""/><ana lex="ทะลาย" pos="verb" trans="to tumble or fall down or be ruined; to collapse" translit="thaH laaiM"/><ana lex="ทะลาย" pos="noun" trans="coconut cluster" translit=""/><ana lex="ทะลาย" pos="classifier" trans="[numerical classifier for bunches of coconuts; palm oil frut clusters]" translit="thaH laaiM"/><ana lex="ทะลาย" pos="noun" trans="[of coconuts and palm oil clusters, for example] bunch; cluster" translit="thaH laaiM"/><ana lex="ทะลาย" pos="" trans="[is] disillusioned or shattered" translit="thaH laaiM"/></w><w>ใจ<ana lex="ใจ" pos="noun" trans="heart" translit=""/><ana lex="ใจ" pos="noun" trans="mind" translit=""/></w><w>ลง<ana lex="ลง" pos="verb" trans="have diarrhea" translit=""/><ana lex="ลง" pos="verb" trans="yield" translit=""/><ana lex="ลง" pos="verb" trans="write down" translit=""/><ana lex="ลง" pos="verb" trans="land (airplane)" translit=""/><ana lex="ลง" pos="verb" trans="apply" translit=""/><ana lex="ลง" pos="verb" trans="publish" translit=""/><ana lex="ลง" pos="verb" trans="plant" translit=""/><ana lex="ลง" pos="verb" trans="whip" translit=""/><ana lex="ลง" pos="PRF" trans="cat-" translit=""/><ana lex="ลง" pos="verb" trans="drop" translit=""/><ana lex="ลง" pos="PRF" trans="de-" translit=""/><ana lex="ลง" pos="verb" trans="fall" translit=""/><ana lex="ลง" pos="adverb" trans="down" translit=""/><ana lex="ลง" pos="adverb" trans="down" translit=""/><ana lex="ลง" pos="verb" trans="get down" translit=""/><ana lex="ลง" pos="PRF" trans="cath-" translit=""/><ana lex="ลง" pos="PRF" trans="cata-" translit=""/></w></se><se><w>เช้า<ana lex="เช้า" pos="noun" trans="morning" translit=""/></w></se><se><w>!.<ana lex="" pos="" trans="" translit=""/></w></se><se><w>ชะเง้อ<ana lex="ชะเง้อ" pos="verb,intransitive" trans="crane" translit=""/><ana lex="ชะเง้อ" pos="verb" trans="to crane one's head" translit="chaH nguuhrH"/><ana lex="ชะเง้อ" pos="verb,transitive" trans="crane" translit=""/><ana lex="ชะเง้อ" pos="verb" trans="crane (one's head)" translit=""/></w></se><se><w>เย็น<ana lex="เย็น" pos="verb" trans="be cold" translit=""/><ana lex="เย็น" pos="adjective" trans="cool" translit=""/><ana lex="เย็น" pos="adjective" trans="cold" translit=""/><ana lex="เย็น" pos="noun" trans="evening" translit=""/><ana lex="เย็น" pos="verb" trans="cool" translit=""/></w><w>เจ้อง</w><w>หา<ana lex="หา" pos="verb" trans="grope" translit=""/><ana lex="หา" pos="verb" trans="accuse" translit=""/><ana lex="หา" pos="verb" trans="see" translit=""/><ana lex="หา" pos="verb,transitive" trans="find" translit=""/><ana lex="หา" pos="verb" trans="search for" translit=""/></w></se><se><w>ตา<ana lex="ตา" pos="noun" trans="mesh" translit=""/><ana lex="ตา" pos="SL" trans="mince pies" translit=""/><ana lex="ตา" pos="verb" trans="time" translit=""/><ana lex="ตา" pos="noun" trans="maternal grandfather" translit=""/><ana lex="ตา" pos="noun" trans="eye" translit=""/><ana lex="ตา" pos="noun" trans="maternal grandfather" translit=""/><ana lex="ตา" pos="noun" trans="knot" translit=""/><ana lex="ตา" pos="noun" trans="knot" translit=""/><ana lex="ตา" pos="verb" trans="turn" translit=""/><ana lex="ตา" pos="noun" trans="eye" translit=""/><ana lex="ตา" pos="noun" trans="mesh" translit=""/></w><w>เศร้าหมอง<ana lex="เศร้าหมอง" pos="adjective" trans="[is] saddened; gloomy; depressed; sorrowful" translit="saoF maawngR"/><ana lex="เศร้าหมอง" pos="adjective" trans="gloomy" translit=""/><ana lex="เศร้าหมอง" pos="verb" trans="sadden" translit=""/><ana lex="เศร้าหมอง" pos="adjective" trans="dour" translit=""/></w></se><se><w>หา<ana lex="หา" pos="verb" trans="grope" translit=""/><ana lex="หา" pos="verb" trans="accuse" translit=""/><ana lex="หา" pos="verb" trans="see" translit=""/><ana lex="หา" pos="verb,transitive" trans="find" translit=""/><ana lex="หา" pos="verb" trans="search for" translit=""/></w></se><se><w>!.<ana lex="" pos="" trans="" translit=""/></w></se><se><w>คอย<ana lex="คอย" pos="PHRV" trans="wait behind" translit=""/><ana lex="คอย" pos="PHRV" trans="stick around" translit=""/><ana lex="คอย" pos="PHRV" trans="stick about" translit=""/><ana lex="คอย" pos="verb,transitive" trans="tarry" translit=""/><ana lex="คอย" pos="verb" trans="wait" translit=""/><ana lex="คอย" pos="verb,transitive" trans="bide" translit=""/></w><w>จ้อง<ana lex="จ้อง" pos="verb" trans="stare" translit=""/><ana lex="จ้อง" pos="PHRV" trans="fasten on1" translit=""/></w></se><se><w>ใจ<ana lex="ใจ" pos="noun" trans="heart" translit=""/><ana lex="ใจ" pos="noun" trans="mind" translit=""/></w><w>เฝ้า<ana lex="เฝ้า" pos="verb" trans="have an audience with/of" translit=""/><ana lex="เฝ้า" pos="verb" trans="keep an eye on" translit=""/></w><w>บอก<ana lex="บอก" pos="verb" trans="describe" translit=""/><ana lex="บอก" pos="verb" trans="advise" translit=""/><ana lex="บอก" pos="verb" trans="indicate" translit=""/><ana lex="บอก" pos="PHRV" trans="appeal to" translit=""/><ana lex="บอก" pos="verb,transitive" trans="announce" translit=""/><ana lex="บอก" pos="verb,intransitive" trans="tell" translit=""/><ana lex="บอก" pos="verb,transitive" trans="tell" translit=""/><ana lex="บอก" pos="idiom" trans="fill one in" translit=""/></w></se><se><w>อย่า<ana lex="อย่า" pos="auxiliary verb" trans="do not" translit=""/></w><w>ให้<ana lex="ให้" pos="verb,transitive" trans="afford" translit=""/><ana lex="ให้" pos="verb" trans="give" translit=""/><ana lex="ให้" pos="verb,transitive" trans="give" translit=""/><ana lex="ให้" pos="verb,transitive" trans="dispense" translit=""/><ana lex="ให้" pos="verb,transitive" trans="bestow" translit=""/><ana lex="ให้" pos="verb" trans="give" translit=""/><ana lex="ให้" pos="verb,transitive" trans="accord" translit=""/><ana lex="ให้" pos="auxiliary verb" trans="to" translit=""/><ana lex="ให้" pos="verb" trans="permit" translit=""/></w><w>หลง<ana lex="หลง" pos="verb" trans="be misled" translit=""/><ana lex="หลง" pos="verb" trans="lose one's way" translit=""/><ana lex="หลง" pos="verb" trans="remain" translit=""/><ana lex="หลง" pos="verb,intransitive" trans="drift" translit=""/><ana lex="หลง" pos="verb" trans="be infatuated" translit=""/></w></se><se><w>เย็น<ana lex="เย็น" pos="verb" trans="be cold" translit=""/><ana lex="เย็น" pos="adjective" trans="cool" translit=""/><ana lex="เย็น" pos="adjective" trans="cold" translit=""/><ana lex="เย็น" pos="noun" trans="evening" translit=""/><ana lex="เย็น" pos="verb" trans="cool" translit=""/></w></se><se><w>!.<ana lex="" pos="" trans="" translit=""/></w></se><se><w>อีก<ana lex="อีก" pos="adverb" trans="afresh" translit=""/><ana lex="อีก" pos="adjective" trans="second" translit=""/><ana lex="อีก" pos="adjective" trans="another" translit=""/><ana lex="อีก" pos="adverb" trans="again" translit=""/></w><w>แล้ว<ana lex="แล้ว" pos="adverb" trans="already" translit=""/><ana lex="แล้ว" pos="adverb" trans="already" translit=""/><ana lex="แล้ว" pos="adverb" trans="by now" translit=""/><ana lex="แล้ว" pos="adverb" trans="already" translit=""/></w></se><se><w>เฝ้า<ana lex="เฝ้า" pos="verb" trans="have an audience with/of" translit=""/><ana lex="เฝ้า" pos="verb" trans="keep an eye on" translit=""/></w><w>คอย<ana lex="คอย" pos="PHRV" trans="wait behind" translit=""/><ana lex="คอย" pos="PHRV" trans="stick around" translit=""/><ana lex="คอย" pos="PHRV" trans="stick about" translit=""/><ana lex="คอย" pos="verb,transitive" trans="tarry" translit=""/><ana lex="คอย" pos="verb" trans="wait" translit=""/><ana lex="คอย" pos="verb,transitive" trans="bide" translit=""/></w><w>ท่า<ana lex="ท่า" pos="noun" trans="wharf" translit=""/><ana lex="ท่า" pos="noun" trans="posture" translit=""/></w></se><se><w>อย่าง<ana lex="อย่าง" pos="noun" trans="method" translit=""/><ana lex="อย่าง" pos="adverb" trans="severely" translit=""/><ana lex="อย่าง" pos="noun" trans="type" translit=""/></w><w>บรรจง<ana lex="บรรจง" pos="adjective,adverb" trans="elaborate; carefully crafted; laboriously done" translit="banM johngM"/><ana lex="บรรจง" pos="verb" trans="to do something meticulously; do something painstakingly" translit="banM johngM"/></w></se><se><w>เพ้อ<ana lex="เพ้อ" pos="verb,transitive,intransitive" trans="to be delirious; to rave in delirium; to be in a delirium; to be raving; to have hallucination" translit="phuuhrH"/><ana lex="เพ้อ" pos="verb" trans="rave" translit=""/><ana lex="เพ้อ" pos="verb" trans="speak incoherently" translit=""/><ana lex="เพ้อ" pos="verb" trans="[เพ้อเจ้อ] to speak nonsense; to drivel; blather; babble; prate" translit="phuuhrH"/><ana lex="เพ้อ" pos="verb,transitive,intransitive,colloquial" trans="to ramble; to babble, to witter on about; to talk or write in a desultory or long-winded wandering fashion" translit="phuuhrH"/><ana lex="เพ้อ" pos="noun" trans="[ความเพ้อเจ้อ] nonsense; foolishness; drivel" translit="phuuhrH"/></w></se><se><w>!.<ana lex="" pos="" trans="" translit=""/></w></se><se><w>ค่ำ<ana lex="ค่ำ" pos="noun" trans="dark" translit=""/><ana lex="ค่ำ" pos="verb" trans="become dark" translit=""/></w><w>ลง<ana lex="ลง" pos="verb" trans="have diarrhea" translit=""/><ana lex="ลง" pos="verb" trans="yield" translit=""/><ana lex="ลง" pos="verb" trans="write down" translit=""/><ana lex="ลง" pos="verb" trans="land (airplane)" translit=""/><ana lex="ลง" pos="verb" trans="apply" translit=""/><ana lex="ลง" pos="verb" trans="publish" translit=""/><ana lex="ลง" pos="verb" trans="plant" translit=""/><ana lex="ลง" pos="verb" trans="whip" translit=""/><ana lex="ลง" pos="PRF" trans="cat-" translit=""/><ana lex="ลง" pos="verb" trans="drop" translit=""/><ana lex="ลง" pos="PRF" trans="de-" translit=""/><ana lex="ลง" pos="verb" trans="fall" translit=""/><ana lex="ลง" pos="adverb" trans="down" translit=""/><ana lex="ลง" pos="adverb" trans="down" translit=""/><ana lex="ลง" pos="verb" trans="get down" translit=""/><ana lex="ลง" pos="PRF" trans="cath-" translit=""/><ana lex="ลง" pos="PRF" trans="cata-" translit=""/></w></se><se><w>ยัน<ana lex="ยัน" pos="preposition" trans="till" translit=""/><ana lex="ยัน" pos="verb" trans="prop up" translit=""/><ana lex="ยัน" pos="verb" trans="insist" translit=""/><ana lex="ยัน" pos="verb" trans="face" translit=""/></w><w>เช้า<ana lex="เช้า" pos="noun" trans="morning" translit=""/></w></se><se><w>เฝ้า<ana lex="เฝ้า" pos="verb" trans="have an audience with/of" translit=""/><ana lex="เฝ้า" pos="verb" trans="keep an eye on" translit=""/></w><w>คอย<ana lex="คอย" pos="PHRV" trans="wait behind" translit=""/><ana lex="คอย" pos="PHRV" trans="stick around" translit=""/><ana lex="คอย" pos="PHRV" trans="stick about" translit=""/><ana lex="คอย" pos="verb,transitive" trans="tarry" translit=""/><ana lex="คอย" pos="verb" trans="wait" translit=""/><ana lex="คอย" pos="verb,transitive" trans="bide" translit=""/></w><w>เธอ<ana lex="เธอ" pos="PRON" trans="you" translit=""/><ana lex="เธอ" pos="pronoun" trans="she" translit=""/><ana lex="เธอ" pos="pronoun" trans="her" translit=""/><ana lex="เธอ" pos="PRON" trans="she" translit=""/></w></se><se><w>ใคร<ana lex="ใคร" pos="PRON" trans="who" translit=""/><ana lex="ใคร" pos="pronoun" trans="who" translit=""/></w><w>ที่<ana lex="ที่" pos="PRON" trans="that" translit=""/><ana lex="ที่" pos="preposition" trans="at" translit=""/><ana lex="ที่" pos="noun" trans="word for utensil" translit=""/><ana lex="ที่" pos="preposition" trans="at" translit=""/><ana lex="ที่" pos="noun" trans="place" translit=""/><ana lex="ที่" pos="classifier" trans="qualifiers for places" translit=""/><ana lex="ที่" pos="noun" trans="ordinal number" translit=""/><ana lex="ที่" pos="preposition" trans="to" translit=""/><ana lex="ที่" pos="noun" trans="land" translit=""/></w><w>รอ<ana lex="รอ" pos="verb" trans="wait for" translit=""/><ana lex="รอ" pos="verb" trans="await (for something to happen)" translit=""/><ana lex="รอ" pos="noun" trans="embankment" translit=""/></w><w>ใคร<ana lex="ใคร" pos="PRON" trans="who" translit=""/><ana lex="ใคร" pos="pronoun" trans="who" translit=""/></w><w>อยู่<ana lex="อยู่" pos="verb,intransitive" trans="abide" translit=""/><ana lex="อยู่" pos="auxiliary verb" trans="be" translit=""/></w></se><se><w>มา<ana lex="มา" pos="PHRV" trans="get in1" translit=""/><ana lex="มา" pos="adverb" trans="coming (toward the present; or toward the focal time)" translit=""/><ana lex="มา" pos="verb,intransitive" trans="come" translit=""/><ana lex="มา" pos="verb" trans="arrive" translit=""/></w><w>ตั้ง<ana lex="ตั้ง" pos="verb,transitive" trans="plant" translit=""/><ana lex="ตั้ง" pos="verb" trans="establish" translit=""/><ana lex="ตั้ง" pos="adverb" trans="up to" translit=""/><ana lex="ตั้ง" pos="verb" trans="place" translit=""/><ana lex="ตั้ง" pos="verb" trans="fix" translit=""/><ana lex="ตั้ง" pos="classifier" trans="pile" translit=""/><ana lex="ตั้ง" pos="verb" trans="establish" translit=""/><ana lex="ตั้ง" pos="verb" trans="start" translit=""/><ana lex="ตั้ง" pos="verb" trans="stand erect" translit=""/></w><w>แก๊งส์</w><w>รอ<ana lex="รอ" pos="verb" trans="wait for" translit=""/><ana lex="รอ" pos="verb" trans="await (for something to happen)" translit=""/><ana lex="รอ" pos="noun" trans="embankment" translit=""/></w><w>กัน<ana lex="กัน" pos="verb" trans="keep out" translit=""/><ana lex="กัน" pos="PRON" trans="one another" translit=""/><ana lex="กัน" pos="PHRV" trans="screen off" translit=""/><ana lex="กัน" pos="adverb" trans="together" translit=""/><ana lex="กัน" pos="verb" trans="shave" translit=""/><ana lex="กัน" pos="verb" trans="separate" translit=""/></w><w>ตรง<ana lex="ตรง" pos="adverb" trans="straightly" translit=""/><ana lex="ตรง" pos="preposition" trans="at" translit=""/><ana lex="ตรง" pos="adjective" trans="straight" translit=""/><ana lex="ตรง" pos="verb" trans="be straight" translit=""/><ana lex="ตรง" pos="adjective" trans="dead" translit=""/><ana lex="ตรง" pos="PRF" trans="orth-" translit=""/><ana lex="ตรง" pos="verb,intransitive" trans="unbend" translit=""/><ana lex="ตรง" pos="PRF" trans="ortho-" translit=""/><ana lex="ตรง" pos="adverb" trans="straightforwardly" translit=""/><ana lex="ตรง" pos="verb" trans="be precise at" translit=""/><ana lex="ตรง" pos="adjective" trans="straight" translit=""/><ana lex="ตรง" pos="verb" trans="be in accordance with" translit=""/><ana lex="ตรง" pos="adverb" trans="rush" translit=""/><ana lex="ตรง" pos="adverb" trans="punctually" translit=""/></w><w>นี้</w><w>ค่ะ<ana lex="ค่ะ" pos="END" trans="yes" translit=""/></w></se><se><w>.<ana lex="" pos="" trans="" translit=""/></w></se><se><w>เอ</w></se><se><w>.<ana lex="" pos="" trans="" translit=""/></w></se><se><w>รอ<ana lex="รอ" pos="verb" trans="wait for" translit=""/><ana lex="รอ" pos="verb" trans="await (for something to happen)" translit=""/><ana lex="รอ" pos="noun" trans="embankment" translit=""/></w><w>ใคร<ana lex="ใคร" pos="PRON" trans="who" translit=""/><ana lex="ใคร" pos="pronoun" trans="who" translit=""/></w><w>ดี<ana lex="ดี" pos="adjective" trans="fine" translit=""/><ana lex="ดี" pos="adjective" trans="braw" translit=""/><ana lex="ดี" pos="SL" trans="hunky-dory" translit=""/><ana lex="ดี" pos="adjective" trans="useful" translit=""/><ana lex="ดี" pos="noun" trans="gallbladder" translit=""/><ana lex="ดี" pos="adjective" trans="nice" translit=""/><ana lex="ดี" pos="adjective" trans="fine" translit=""/><ana lex="ดี" pos="adjective" trans="tidy" translit=""/><ana lex="ดี" pos="SL" trans="kushty" translit=""/><ana lex="ดี" pos="SL" trans="tickety-boo" translit=""/><ana lex="ดี" pos="adjective" trans="well" translit=""/><ana lex="ดี" pos="PRF" trans="eu-" translit=""/><ana lex="ดี" pos="idiom" trans="Well and good" translit=""/><ana lex="ดี" pos="adjective" trans="good" translit=""/><ana lex="ดี" pos="adverb" trans="well" translit=""/><ana lex="ดี" pos="adjective" trans="high" translit=""/><ana lex="ดี" pos="adjective" trans="nice" translit=""/><ana lex="ดี" pos="adjective" trans="nice" translit=""/><ana lex="ดี" pos="adjective" trans="well" translit=""/></w><w>นะ<ana lex="นะ" pos="END" trans="particle used at the end of a clause" translit=""/></w></se><se><w>?<ana lex="" pos="" trans="" translit=""/></w></se></body>