<body><meta><link>http://www.thaipoem.com/poem/25968</link><title>ความรักคือ...</title><genre>poem</genre></meta><se><w>เมื่อ<ana lex="เมื่อ" pos="adverb" trans="when" translit=""/><ana lex="เมื่อ" pos="adverb" trans="when" translit=""/><ana lex="เมื่อ" pos="conjunction" trans="directly" translit=""/><ana lex="เมื่อ" pos="adverb" trans="in the days of" translit=""/><ana lex="เมื่อ" pos="conjunction" trans="when" translit=""/></w><w>ความ<ana lex="ความ" pos="noun" trans="case" translit=""/><ana lex="ความ" pos="noun" trans="content" translit=""/></w><w>รัก<ana lex="รัก" pos="verb,transitive" trans="treasure" translit=""/><ana lex="รัก" pos="verb,transitive" trans="adore" translit=""/><ana lex="รัก" pos="PRF" trans="phil-" translit=""/><ana lex="รัก" pos="PRF" trans="philo-" translit=""/><ana lex="รัก" pos="PHRV" trans="be attached to" translit=""/></w><w>คือ<ana lex="คือ" pos="verb" trans="be" translit=""/><ana lex="คือ" pos="adverb" trans="namely" translit=""/></w><w>ความ<ana lex="ความ" pos="noun" trans="case" translit=""/><ana lex="ความ" pos="noun" trans="content" translit=""/></w><w>ไว้ใจ<ana lex="ไว้ใจ" pos="verb" trans="believe in" translit=""/><ana lex="ไว้ใจ" pos="verb,intransitive" trans="confide" translit=""/></w></se><se><w>ฉัน<ana lex="ฉัน" pos="" trans="[alternate pronunciation of ฉัน ]" translit="chanH"/><ana lex="ฉัน" pos="pronoun" trans="me" translit=""/></w><w>ขอบใจ<ana lex="ขอบใจ" pos="verb" trans="thank" translit=""/><ana lex="ขอบใจ" pos="example sentence" trans="[Isaan dialect] Thank you." translit="khaawpL jaiM"/></w><w>ที่<ana lex="ที่" pos="PRON" trans="that" translit=""/><ana lex="ที่" pos="preposition" trans="at" translit=""/><ana lex="ที่" pos="noun" trans="word for utensil" translit=""/><ana lex="ที่" pos="preposition" trans="at" translit=""/><ana lex="ที่" pos="noun" trans="place" translit=""/><ana lex="ที่" pos="classifier" trans="qualifiers for places" translit=""/><ana lex="ที่" pos="noun" trans="ordinal number" translit=""/><ana lex="ที่" pos="preposition" trans="to" translit=""/><ana lex="ที่" pos="noun" trans="land" translit=""/></w><w>เธอ<ana lex="เธอ" pos="PRON" trans="you" translit=""/><ana lex="เธอ" pos="pronoun" trans="she" translit=""/><ana lex="เธอ" pos="pronoun" trans="her" translit=""/><ana lex="เธอ" pos="PRON" trans="she" translit=""/></w><w>เชื่อ<ana lex="เชื่อ" pos="PHRV" trans="go away with" translit=""/><ana lex="เชื่อ" pos="verb,transitive" trans="believe" translit=""/><ana lex="เชื่อ" pos="verb,transitive" trans="accept" translit=""/><ana lex="เชื่อ" pos="verb" trans="believe" translit=""/><ana lex="เชื่อ" pos="verb" trans="believe in" translit=""/><ana lex="เชื่อ" pos="SL" trans="Adam and Eve" translit=""/><ana lex="เชื่อ" pos="verb" trans="buy on credit" translit=""/><ana lex="เชื่อ" pos="verb,transitive" trans="see" translit=""/></w><w>มั่น</w><w>ใน<ana lex="ใน" pos="preposition" trans="in" translit=""/><ana lex="ใน" pos="adjective" trans="in" translit=""/><ana lex="ใน" pos="PRF" trans="em-" translit=""/><ana lex="ใน" pos="PRF" trans="en-" translit=""/><ana lex="ใน" pos="PRF" trans="en-" translit=""/><ana lex="ใน" pos="PRF" trans="il-" translit=""/><ana lex="ใน" pos="preposition" trans="of" translit=""/><ana lex="ใน" pos="PRF" trans="in-" translit=""/><ana lex="ใน" pos="PRF" trans="im-" translit=""/><ana lex="ใน" pos="adverb" trans="in" translit=""/><ana lex="ใน" pos="preposition" trans="in" translit=""/></w><w>ตัว<ana lex="ตัว" pos="classifier" trans="numerative noun for animals and things" translit=""/><ana lex="ตัว" pos="classifier" trans="numerative noun for animals and things" translit=""/><ana lex="ตัว" pos="PRON" trans="you" translit=""/><ana lex="ตัว" pos="noun" trans="body" translit=""/><ana lex="ตัว" pos="PRON" trans="you" translit=""/></w><w>ฉัน<ana lex="ฉัน" pos="" trans="[alternate pronunciation of ฉัน ]" translit="chanH"/><ana lex="ฉัน" pos="pronoun" trans="me" translit=""/></w></se><se><w>ขอ<ana lex="ขอ" pos="PHRV" trans="appeal for" translit=""/><ana lex="ขอ" pos="verb" trans="beg" translit=""/><ana lex="ขอ" pos="SL" trans="scrounge" translit=""/><ana lex="ขอ" pos="PHRV" trans="pony up for" translit=""/><ana lex="ขอ" pos="noun" trans="hook" translit=""/><ana lex="ขอ" pos="verb,transitive" trans="cadge" translit=""/><ana lex="ขอ" pos="verb,intransitive" trans="cadge" translit=""/><ana lex="ขอ" pos="PHRV" trans="ask for" translit=""/><ana lex="ขอ" pos="PHRV" trans="tap for" translit=""/></w><w>ขอบใจ<ana lex="ขอบใจ" pos="verb" trans="thank" translit=""/><ana lex="ขอบใจ" pos="example sentence" trans="[Isaan dialect] Thank you." translit="khaawpL jaiM"/></w><w>ที่<ana lex="ที่" pos="PRON" trans="that" translit=""/><ana lex="ที่" pos="preposition" trans="at" translit=""/><ana lex="ที่" pos="noun" trans="word for utensil" translit=""/><ana lex="ที่" pos="preposition" trans="at" translit=""/><ana lex="ที่" pos="noun" trans="place" translit=""/><ana lex="ที่" pos="classifier" trans="qualifiers for places" translit=""/><ana lex="ที่" pos="noun" trans="ordinal number" translit=""/><ana lex="ที่" pos="preposition" trans="to" translit=""/><ana lex="ที่" pos="noun" trans="land" translit=""/></w><w>เธอ<ana lex="เธอ" pos="PRON" trans="you" translit=""/><ana lex="เธอ" pos="pronoun" trans="she" translit=""/><ana lex="เธอ" pos="pronoun" trans="her" translit=""/><ana lex="เธอ" pos="PRON" trans="she" translit=""/></w><w>ไว้<ana lex="ไว้" pos="verb" trans="keep" translit=""/></w><w>เนื้อ<ana lex="เนื้อ" pos="noun" trans="flesh" translit=""/></w><w>เชื่อใจ<ana lex="เชื่อใจ" pos="verb" trans="trust" translit=""/><ana lex="เชื่อใจ" pos="verb,intransitive" trans="repose" translit=""/><ana lex="เชื่อใจ" pos="verb,intransitive" trans="rely" translit=""/></w><w>กัน<ana lex="กัน" pos="verb" trans="keep out" translit=""/><ana lex="กัน" pos="PRON" trans="one another" translit=""/><ana lex="กัน" pos="PHRV" trans="screen off" translit=""/><ana lex="กัน" pos="adverb" trans="together" translit=""/><ana lex="กัน" pos="verb" trans="shave" translit=""/><ana lex="กัน" pos="verb" trans="separate" translit=""/></w></se><se><w>และ<ana lex="และ" pos="conjunction" trans="and" translit=""/><ana lex="และ" pos="conjunction" trans="and" translit=""/></w><w>ฉัน<ana lex="ฉัน" pos="" trans="[alternate pronunciation of ฉัน ]" translit="chanH"/><ana lex="ฉัน" pos="pronoun" trans="me" translit=""/></w><w>จะ<ana lex="จะ" pos="auxiliary verb" trans="will" translit=""/><ana lex="จะ" pos="auxiliary verb" trans="will" translit=""/><ana lex="จะ" pos="" trans="[alternate spelling of จ้ะ]" translit="jaL"/></w><w>มี<ana lex="มี" pos="verb" trans="consist of" translit=""/><ana lex="มี" pos="verb" trans="there is/are" translit=""/><ana lex="มี" pos="verb" trans="have" translit=""/><ana lex="มี" pos="verb,transitive" trans="contain" translit=""/><ana lex="มี" pos="verb,transitive" trans="has" translit=""/><ana lex="มี" pos="verb,transitive" trans="have" translit=""/><ana lex="มี" pos="adjective" trans="rich" translit=""/></w><w>แต่<ana lex="แต่" pos="adverb" trans="only" translit=""/><ana lex="แต่" pos="conjunction" trans="but" translit=""/><ana lex="แต่" pos="conjunction" trans="but" translit=""/><ana lex="แต่" pos="conjunction" trans="but" translit=""/><ana lex="แต่" pos="preposition" trans="earlier" translit=""/><ana lex="แต่" pos="conjunction" trans="only" translit=""/></w><w>ความ<ana lex="ความ" pos="noun" trans="case" translit=""/><ana lex="ความ" pos="noun" trans="content" translit=""/></w><w>มั่นคง<ana lex="มั่นคง" pos="verb,intransitive" trans="stabilize" translit=""/><ana lex="มั่นคง" pos="adjective" trans="stabile" translit=""/><ana lex="มั่นคง" pos="adjective" trans="foursquare" translit=""/><ana lex="มั่นคง" pos="adjective" trans="sure" translit=""/><ana lex="มั่นคง" pos="adverb" trans="foursquare" translit=""/><ana lex="มั่นคง" pos="adjective" trans="stable" translit=""/><ana lex="มั่นคง" pos="adjective" trans="firm" translit=""/><ana lex="มั่นคง" pos="verb" trans="be secure" translit=""/><ana lex="มั่นคง" pos="verb" trans="be secure" translit=""/><ana lex="มั่นคง" pos="adjective" trans="stedfast" translit=""/><ana lex="มั่นคง" pos="adjective" trans="steady" translit=""/></w><w>ต่อ<ana lex="ต่อ" pos="verb" trans="renew" translit=""/><ana lex="ต่อ" pos="preposition" trans="to" translit=""/><ana lex="ต่อ" pos="verb" trans="concede" translit=""/><ana lex="ต่อ" pos="adverb" trans="continue" translit=""/><ana lex="ต่อ" pos="verb" trans="join" translit=""/><ana lex="ต่อ" pos="verb" trans="renew" translit=""/><ana lex="ต่อ" pos="verb" trans="bargain" translit=""/><ana lex="ต่อ" pos="adverb" trans="next" translit=""/><ana lex="ต่อ" pos="verb" trans="transfer" translit=""/><ana lex="ต่อ" pos="verb" trans="teach" translit=""/><ana lex="ต่อ" pos="preposition" trans="against" translit=""/><ana lex="ต่อ" pos="verb" trans="decoy" translit=""/><ana lex="ต่อ" pos="preposition" trans="per" translit=""/><ana lex="ต่อ" pos="preposition" trans="with" translit=""/><ana lex="ต่อ" pos="noun" trans="wasp" translit=""/><ana lex="ต่อ" pos="verb" trans="build" translit=""/></w><w>เธอ<ana lex="เธอ" pos="PRON" trans="you" translit=""/><ana lex="เธอ" pos="pronoun" trans="she" translit=""/><ana lex="เธอ" pos="pronoun" trans="her" translit=""/><ana lex="เธอ" pos="PRON" trans="she" translit=""/></w><w>ตลอด<ana lex="ตลอด" pos="PRF" trans="be-" translit=""/><ana lex="ตลอด" pos="preposition" trans="through" translit=""/><ana lex="ตลอด" pos="adverb" trans="thoroughly" translit=""/><ana lex="ตลอด" pos="preposition" trans="over" translit=""/><ana lex="ตลอด" pos="idiom" trans="from top to bottom" translit=""/><ana lex="ตลอด" pos="adverb" trans="ever" translit=""/><ana lex="ตลอด" pos="adverb" trans="across" translit=""/></w><w>ไป<ana lex="ไป" pos="PRF" trans="ad-" translit=""/><ana lex="ไป" pos="verb" trans="go" translit=""/><ana lex="ไป" pos="SL" trans="chip" translit=""/><ana lex="ไป" pos="SL" trans="gone for a Burton" translit=""/><ana lex="ไป" pos="verb,intransitive" trans="go" translit=""/></w></se><se><w>เมื่อ<ana lex="เมื่อ" pos="adverb" trans="when" translit=""/><ana lex="เมื่อ" pos="adverb" trans="when" translit=""/><ana lex="เมื่อ" pos="conjunction" trans="directly" translit=""/><ana lex="เมื่อ" pos="adverb" trans="in the days of" translit=""/><ana lex="เมื่อ" pos="conjunction" trans="when" translit=""/></w><w>ความ<ana lex="ความ" pos="noun" trans="case" translit=""/><ana lex="ความ" pos="noun" trans="content" translit=""/></w><w>รัก<ana lex="รัก" pos="verb,transitive" trans="treasure" translit=""/><ana lex="รัก" pos="verb,transitive" trans="adore" translit=""/><ana lex="รัก" pos="PRF" trans="phil-" translit=""/><ana lex="รัก" pos="PRF" trans="philo-" translit=""/><ana lex="รัก" pos="PHRV" trans="be attached to" translit=""/></w><w>คือ<ana lex="คือ" pos="verb" trans="be" translit=""/><ana lex="คือ" pos="adverb" trans="namely" translit=""/></w><w>ความ<ana lex="ความ" pos="noun" trans="case" translit=""/><ana lex="ความ" pos="noun" trans="content" translit=""/></w><w>เข้าใจ<ana lex="เข้าใจ" pos="verb,transitive" trans="make" translit=""/><ana lex="เข้าใจ" pos="PHRV" trans="puzzle out" translit=""/><ana lex="เข้าใจ" pos="verb,transitive" trans="dig" translit=""/><ana lex="เข้าใจ" pos="verb,transitive" trans="digest" translit=""/><ana lex="เข้าใจ" pos="verb,transitive" trans="grasp" translit=""/><ana lex="เข้าใจ" pos="verb,transitive" trans="seize" translit=""/><ana lex="เข้าใจ" pos="verb,transitive" trans="twig" translit=""/><ana lex="เข้าใจ" pos="PHRV" trans="pick out" translit=""/><ana lex="เข้าใจ" pos="verb,transitive" trans="think" translit=""/><ana lex="เข้าใจ" pos="verb,transitive" trans="interpret" translit=""/><ana lex="เข้าใจ" pos="verb" trans="understand" translit=""/><ana lex="เข้าใจ" pos="PHRV" trans="go in1" translit=""/><ana lex="เข้าใจ" pos="verb,transitive" trans="realise" translit=""/><ana lex="เข้าใจ" pos="verb,transitive" trans="apprehend" translit=""/><ana lex="เข้าใจ" pos="PHRV" trans="catch on" translit=""/><ana lex="เข้าใจ" pos="verb,transitive" trans="know" translit=""/><ana lex="เข้าใจ" pos="verb,intransitive" trans="apprehend" translit=""/><ana lex="เข้าใจ" pos="verb,intransitive" trans="get" translit=""/><ana lex="เข้าใจ" pos="verb,transitive" trans="penetrate" translit=""/><ana lex="เข้าใจ" pos="verb,transitive" trans="catch" translit=""/><ana lex="เข้าใจ" pos="SL" trans="suss" translit=""/><ana lex="เข้าใจ" pos="verb,transitive" trans="see" translit=""/><ana lex="เข้าใจ" pos="verb,intransitive" trans="understand" translit=""/><ana lex="เข้าใจ" pos="verb,intransitive" trans="think" translit=""/><ana lex="เข้าใจ" pos="idiom" trans="get the feel of" translit=""/><ana lex="เข้าใจ" pos="idiom" trans="make much of" translit=""/><ana lex="เข้าใจ" pos="verb,transitive" trans="fathom" translit=""/><ana lex="เข้าใจ" pos="verb,intransitive" trans="see" translit=""/><ana lex="เข้าใจ" pos="PHRV" trans="make out" translit=""/><ana lex="เข้าใจ" pos="verb,transitive" trans="understand" translit=""/><ana lex="เข้าใจ" pos="PHRV" trans="get it" translit=""/><ana lex="เข้าใจ" pos="verb,transitive" trans="wot" translit=""/><ana lex="เข้าใจ" pos="verb,intransitive" trans="wot" translit=""/><ana lex="เข้าใจ" pos="verb,transitive" trans="conceive" translit=""/><ana lex="เข้าใจ" pos="verb,transitive" trans="compass" translit=""/><ana lex="เข้าใจ" pos="verb,transitive" trans="take" translit=""/><ana lex="เข้าใจ" pos="verb,transitive" trans="realize" translit=""/></w></se><se><w>ฉัน<ana lex="ฉัน" pos="" trans="[alternate pronunciation of ฉัน ]" translit="chanH"/><ana lex="ฉัน" pos="pronoun" trans="me" translit=""/></w><w>ก็<ana lex="ก็" pos="adverb" trans="also" translit=""/><ana lex="ก็" pos="conjunction" trans="as a result" translit=""/></w><w>จะ<ana lex="จะ" pos="auxiliary verb" trans="will" translit=""/><ana lex="จะ" pos="auxiliary verb" trans="will" translit=""/><ana lex="จะ" pos="" trans="[alternate spelling of จ้ะ]" translit="jaL"/></w><w>เข้าใจ<ana lex="เข้าใจ" pos="verb,transitive" trans="make" translit=""/><ana lex="เข้าใจ" pos="PHRV" trans="puzzle out" translit=""/><ana lex="เข้าใจ" pos="verb,transitive" trans="dig" translit=""/><ana lex="เข้าใจ" pos="verb,transitive" trans="digest" translit=""/><ana lex="เข้าใจ" pos="verb,transitive" trans="grasp" translit=""/><ana lex="เข้าใจ" pos="verb,transitive" trans="seize" translit=""/><ana lex="เข้าใจ" pos="verb,transitive" trans="twig" translit=""/><ana lex="เข้าใจ" pos="PHRV" trans="pick out" translit=""/><ana lex="เข้าใจ" pos="verb,transitive" trans="think" translit=""/><ana lex="เข้าใจ" pos="verb,transitive" trans="interpret" translit=""/><ana lex="เข้าใจ" pos="verb" trans="understand" translit=""/><ana lex="เข้าใจ" pos="PHRV" trans="go in1" translit=""/><ana lex="เข้าใจ" pos="verb,transitive" trans="realise" translit=""/><ana lex="เข้าใจ" pos="verb,transitive" trans="apprehend" translit=""/><ana lex="เข้าใจ" pos="PHRV" trans="catch on" translit=""/><ana lex="เข้าใจ" pos="verb,transitive" trans="know" translit=""/><ana lex="เข้าใจ" pos="verb,intransitive" trans="apprehend" translit=""/><ana lex="เข้าใจ" pos="verb,intransitive" trans="get" translit=""/><ana lex="เข้าใจ" pos="verb,transitive" trans="penetrate" translit=""/><ana lex="เข้าใจ" pos="verb,transitive" trans="catch" translit=""/><ana lex="เข้าใจ" pos="SL" trans="suss" translit=""/><ana lex="เข้าใจ" pos="verb,transitive" trans="see" translit=""/><ana lex="เข้าใจ" pos="verb,intransitive" trans="understand" translit=""/><ana lex="เข้าใจ" pos="verb,intransitive" trans="think" translit=""/><ana lex="เข้าใจ" pos="idiom" trans="get the feel of" translit=""/><ana lex="เข้าใจ" pos="idiom" trans="make much of" translit=""/><ana lex="เข้าใจ" pos="verb,transitive" trans="fathom" translit=""/><ana lex="เข้าใจ" pos="verb,intransitive" trans="see" translit=""/><ana lex="เข้าใจ" pos="PHRV" trans="make out" translit=""/><ana lex="เข้าใจ" pos="verb,transitive" trans="understand" translit=""/><ana lex="เข้าใจ" pos="PHRV" trans="get it" translit=""/><ana lex="เข้าใจ" pos="verb,transitive" trans="wot" translit=""/><ana lex="เข้าใจ" pos="verb,intransitive" trans="wot" translit=""/><ana lex="เข้าใจ" pos="verb,transitive" trans="conceive" translit=""/><ana lex="เข้าใจ" pos="verb,transitive" trans="compass" translit=""/><ana lex="เข้าใจ" pos="verb,transitive" trans="take" translit=""/><ana lex="เข้าใจ" pos="verb,transitive" trans="realize" translit=""/></w><w>ตัว<ana lex="ตัว" pos="classifier" trans="numerative noun for animals and things" translit=""/><ana lex="ตัว" pos="classifier" trans="numerative noun for animals and things" translit=""/><ana lex="ตัว" pos="PRON" trans="you" translit=""/><ana lex="ตัว" pos="noun" trans="body" translit=""/><ana lex="ตัว" pos="PRON" trans="you" translit=""/></w><w>เธอ<ana lex="เธอ" pos="PRON" trans="you" translit=""/><ana lex="เธอ" pos="pronoun" trans="she" translit=""/><ana lex="เธอ" pos="pronoun" trans="her" translit=""/><ana lex="เธอ" pos="PRON" trans="she" translit=""/></w><w>ใน<ana lex="ใน" pos="preposition" trans="in" translit=""/><ana lex="ใน" pos="adjective" trans="in" translit=""/><ana lex="ใน" pos="PRF" trans="em-" translit=""/><ana lex="ใน" pos="PRF" trans="en-" translit=""/><ana lex="ใน" pos="PRF" trans="en-" translit=""/><ana lex="ใน" pos="PRF" trans="il-" translit=""/><ana lex="ใน" pos="preposition" trans="of" translit=""/><ana lex="ใน" pos="PRF" trans="in-" translit=""/><ana lex="ใน" pos="PRF" trans="im-" translit=""/><ana lex="ใน" pos="adverb" trans="in" translit=""/><ana lex="ใน" pos="preposition" trans="in" translit=""/></w><w>ทุก<ana lex="ทุก" pos="DET" trans="every" translit=""/></w><w>ทุก<ana lex="ทุก" pos="DET" trans="every" translit=""/></w><w>สิ่ง<ana lex="สิ่ง" pos="noun" trans="thing" translit=""/><ana lex="สิ่ง" pos="noun" trans="thing" translit=""/></w></se><se><w>ฉัน<ana lex="ฉัน" pos="" trans="[alternate pronunciation of ฉัน ]" translit="chanH"/><ana lex="ฉัน" pos="pronoun" trans="me" translit=""/></w><w>จะ<ana lex="จะ" pos="auxiliary verb" trans="will" translit=""/><ana lex="จะ" pos="auxiliary verb" trans="will" translit=""/><ana lex="จะ" pos="" trans="[alternate spelling of จ้ะ]" translit="jaL"/></w><w>เป็น<ana lex="เป็น" pos="auxiliary verb" trans="are" translit=""/><ana lex="เป็น" pos="verb,intransitive" trans="been" translit=""/><ana lex="เป็น" pos="verb,intransitive" trans="come" translit=""/><ana lex="เป็น" pos="verb" trans="be able to" translit=""/><ana lex="เป็น" pos="verb" trans="be" translit=""/><ana lex="เป็น" pos="adjective" trans="alive" translit=""/></w><w>ดั่ง<ana lex="ดั่ง" pos="preposition" trans="like" translit=""/></w><w>หมอน<ana lex="หมอน" pos="noun" trans="pillow" translit=""/><ana lex="หมอน" pos="noun" trans="pillow" translit=""/></w><w>ให้<ana lex="ให้" pos="verb,transitive" trans="afford" translit=""/><ana lex="ให้" pos="verb" trans="give" translit=""/><ana lex="ให้" pos="verb,transitive" trans="give" translit=""/><ana lex="ให้" pos="verb,transitive" trans="dispense" translit=""/><ana lex="ให้" pos="verb,transitive" trans="bestow" translit=""/><ana lex="ให้" pos="verb" trans="give" translit=""/><ana lex="ให้" pos="verb,transitive" trans="accord" translit=""/><ana lex="ให้" pos="auxiliary verb" trans="to" translit=""/><ana lex="ให้" pos="verb" trans="permit" translit=""/></w><w>เธอ<ana lex="เธอ" pos="PRON" trans="you" translit=""/><ana lex="เธอ" pos="pronoun" trans="she" translit=""/><ana lex="เธอ" pos="pronoun" trans="her" translit=""/><ana lex="เธอ" pos="PRON" trans="she" translit=""/></w><w>ได้<ana lex="ได้" pos="PHRV" trans="get out of" translit=""/><ana lex="ได้" pos="auxiliary verb" trans="be able to" translit=""/><ana lex="ได้" pos="verb" trans="get" translit=""/><ana lex="ได้" pos="" trans="[alternate pronunciation of ได้ ]" translit="daaiF"/><ana lex="ได้" pos="auxiliary verb" trans="used as an auxiliary verb before a principal verb to indicate the past tense" translit=""/><ana lex="ได้" pos="verb,transitive" trans="get" translit=""/><ana lex="ได้" pos="adverb" trans="can" translit=""/></w><w>แอบ<ana lex="แอบ" pos="verb" trans="hide" translit=""/><ana lex="แอบ" pos="verb" trans="tuck away" translit=""/></w><w>อิง<ana lex="อิง" pos="verb" trans="be based on" translit=""/><ana lex="อิง" pos="verb" trans="be based on" translit=""/><ana lex="อิง" pos="verb" trans="lean on" translit=""/></w></se><se><w>ยาม<ana lex="ยาม" pos="noun" trans="picket" translit=""/><ana lex="ยาม" pos="noun" trans="watchman" translit=""/><ana lex="ยาม" pos="noun" trans="sentry" translit=""/><ana lex="ยาม" pos="noun" trans="time" translit=""/><ana lex="ยาม" pos="noun" trans="guard" translit=""/><ana lex="ยาม" pos="noun" trans="one of three periods into which the day was traditionally divided" translit=""/><ana lex="ยาม" pos="noun" trans="security guard" translit=""/></w><w>เธอ<ana lex="เธอ" pos="PRON" trans="you" translit=""/><ana lex="เธอ" pos="pronoun" trans="she" translit=""/><ana lex="เธอ" pos="pronoun" trans="her" translit=""/><ana lex="เธอ" pos="PRON" trans="she" translit=""/></w><w>หลับ<ana lex="หลับ" pos="SL" trans="kip" translit=""/><ana lex="หลับ" pos="PHRV" trans="get off1" translit=""/><ana lex="หลับ" pos="PHRV" trans="go off1" translit=""/><ana lex="หลับ" pos="SL" trans="zeds" translit=""/><ana lex="หลับ" pos="PHRV" trans="sack out" translit=""/><ana lex="หลับ" pos="PHRV" trans="drop off" translit=""/><ana lex="หลับ" pos="SL" trans="Z's" translit=""/><ana lex="หลับ" pos="SL" trans="Bo Bo’s" translit=""/><ana lex="หลับ" pos="verb,intransitive" trans="drop off" translit=""/><ana lex="หลับ" pos="verb,intransitive" trans="sleep" translit=""/><ana lex="หลับ" pos="SL" trans="Bo Peep" translit=""/></w><w>พริ้ม<ana lex="พริ้ม" pos="adverb" trans="sweetly" translit=""/><ana lex="พริ้ม" pos="verb" trans="be pretty" translit=""/></w></se><se><w>.<ana lex="" pos="" trans="" translit=""/></w></se><se><w>พิม</w><w>ใจ<ana lex="ใจ" pos="noun" trans="heart" translit=""/><ana lex="ใจ" pos="noun" trans="mind" translit=""/></w></se><se><w>.<ana lex="" pos="" trans="" translit=""/></w></se><se><w>เมื่อ<ana lex="เมื่อ" pos="adverb" trans="when" translit=""/><ana lex="เมื่อ" pos="adverb" trans="when" translit=""/><ana lex="เมื่อ" pos="conjunction" trans="directly" translit=""/><ana lex="เมื่อ" pos="adverb" trans="in the days of" translit=""/><ana lex="เมื่อ" pos="conjunction" trans="when" translit=""/></w><w>ความ<ana lex="ความ" pos="noun" trans="case" translit=""/><ana lex="ความ" pos="noun" trans="content" translit=""/></w><w>รัก<ana lex="รัก" pos="verb,transitive" trans="treasure" translit=""/><ana lex="รัก" pos="verb,transitive" trans="adore" translit=""/><ana lex="รัก" pos="PRF" trans="phil-" translit=""/><ana lex="รัก" pos="PRF" trans="philo-" translit=""/><ana lex="รัก" pos="PHRV" trans="be attached to" translit=""/></w><w>คือ<ana lex="คือ" pos="verb" trans="be" translit=""/><ana lex="คือ" pos="adverb" trans="namely" translit=""/></w><w>การ<ana lex="การ" pos="noun" trans="task" translit=""/><ana lex="การ" pos="SUF" trans="-ment" translit=""/></w><w>มอบ<ana lex="มอบ" pos="verb,transitive" trans="deliver" translit=""/><ana lex="มอบ" pos="noun" trans="muzzle" translit=""/><ana lex="มอบ" pos="verb" trans="give" translit=""/><ana lex="มอบ" pos="verb" trans="fasten" translit=""/><ana lex="มอบ" pos="verb,transitive" trans="charge" translit=""/></w><w>ให้<ana lex="ให้" pos="verb,transitive" trans="afford" translit=""/><ana lex="ให้" pos="verb" trans="give" translit=""/><ana lex="ให้" pos="verb,transitive" trans="give" translit=""/><ana lex="ให้" pos="verb,transitive" trans="dispense" translit=""/><ana lex="ให้" pos="verb,transitive" trans="bestow" translit=""/><ana lex="ให้" pos="verb" trans="give" translit=""/><ana lex="ให้" pos="verb,transitive" trans="accord" translit=""/><ana lex="ให้" pos="auxiliary verb" trans="to" translit=""/><ana lex="ให้" pos="verb" trans="permit" translit=""/></w></se><se><w>ฉัน<ana lex="ฉัน" pos="" trans="[alternate pronunciation of ฉัน ]" translit="chanH"/><ana lex="ฉัน" pos="pronoun" trans="me" translit=""/></w><w>ก็<ana lex="ก็" pos="adverb" trans="also" translit=""/><ana lex="ก็" pos="conjunction" trans="as a result" translit=""/></w><w>ขอม<ana lex="ขอม" pos="noun" trans="Khmer" translit=""/><ana lex="ขอม" pos="proper noun" trans="Khmer; the language and civilization of เขมร " translit="khaawmR"/></w><w>อบ<ana lex="อบ" pos="verb,transitive" trans="bake" translit=""/><ana lex="อบ" pos="verb" trans="perfume" translit=""/><ana lex="อบ" pos="verb" trans="be stuffy" translit=""/><ana lex="อบ" pos="verb" trans="bake" translit=""/></w><w>ใจ<ana lex="ใจ" pos="noun" trans="heart" translit=""/><ana lex="ใจ" pos="noun" trans="mind" translit=""/></w><w>ดวง<ana lex="ดวง" pos="classifier" trans="numerative noun for things" translit=""/><ana lex="ดวง" pos="noun" trans="disk/disc" translit=""/></w><w>นี้</w><w>ของ<ana lex="ของ" pos="noun" trans="thing" translit=""/><ana lex="ของ" pos="PRF" trans="a-" translit=""/><ana lex="ของ" pos="noun" trans="item" translit=""/><ana lex="ของ" pos="preposition" trans="of" translit=""/><ana lex="ของ" pos="preposition" trans="of" translit=""/></w><w>ฉัน<ana lex="ฉัน" pos="" trans="[alternate pronunciation of ฉัน ]" translit="chanH"/><ana lex="ฉัน" pos="pronoun" trans="me" translit=""/></w></se><se><w>และ<ana lex="และ" pos="conjunction" trans="and" translit=""/><ana lex="และ" pos="conjunction" trans="and" translit=""/></w><w>ก็<ana lex="ก็" pos="adverb" trans="also" translit=""/><ana lex="ก็" pos="conjunction" trans="as a result" translit=""/></w><w>หวัง<ana lex="หวัง" pos="verb,transitive" trans="hope" translit=""/><ana lex="หวัง" pos="verb,intransitive" trans="hope" translit=""/></w><w>อยาก<ana lex="อยาก" pos="PHRV" trans="care for" translit=""/><ana lex="อยาก" pos="PHRV" trans="feel like" translit=""/></w><w>จะ<ana lex="จะ" pos="auxiliary verb" trans="will" translit=""/><ana lex="จะ" pos="auxiliary verb" trans="will" translit=""/><ana lex="จะ" pos="" trans="[alternate spelling of จ้ะ]" translit="jaL"/></w><w>ได้ใจ<ana lex="ได้ใจ" pos="verb" trans="become conceited" translit=""/></w><w>เธอ<ana lex="เธอ" pos="PRON" trans="you" translit=""/><ana lex="เธอ" pos="pronoun" trans="she" translit=""/><ana lex="เธอ" pos="pronoun" trans="her" translit=""/><ana lex="เธอ" pos="PRON" trans="she" translit=""/></w><w>เหมือน<ana lex="เหมือน" pos="PRF" trans="homo-" translit=""/><ana lex="เหมือน" pos="verb,transitive" trans="mirror" translit=""/><ana lex="เหมือน" pos="PHRV" trans="take after" translit=""/><ana lex="เหมือน" pos="conjunction" trans="like" translit=""/><ana lex="เหมือน" pos="SUF" trans="-like" translit=""/><ana lex="เหมือน" pos="SUF" trans="-ly" translit=""/></w><w>กัน<ana lex="กัน" pos="verb" trans="keep out" translit=""/><ana lex="กัน" pos="PRON" trans="one another" translit=""/><ana lex="กัน" pos="PHRV" trans="screen off" translit=""/><ana lex="กัน" pos="adverb" trans="together" translit=""/><ana lex="กัน" pos="verb" trans="shave" translit=""/><ana lex="กัน" pos="verb" trans="separate" translit=""/></w></se><se><w>คง<ana lex="คง" pos="auxiliary verb" trans="may" translit=""/></w><w>ไม่<ana lex="ไม่" pos="adverb" trans="not" translit=""/><ana lex="ไม่" pos="PRF" trans="an-" translit=""/><ana lex="ไม่" pos="PRF" trans="un-" translit=""/><ana lex="ไม่" pos="PRF" trans="un-" translit=""/><ana lex="ไม่" pos="adjective" trans="nary" translit=""/><ana lex="ไม่" pos="NEG" trans="not" translit=""/><ana lex="ไม่" pos="PRF" trans="in-" translit=""/><ana lex="ไม่" pos="adverb" trans="no" translit=""/><ana lex="ไม่" pos="PRF" trans="non-" translit=""/><ana lex="ไม่" pos="PRF" trans="non-" translit=""/><ana lex="ไม่" pos="PRF" trans="in-" translit=""/><ana lex="ไม่" pos="SL" trans="no soup" translit=""/><ana lex="ไม่" pos="SL" trans="no sale" translit=""/><ana lex="ไม่" pos="SL" trans="nope" translit=""/><ana lex="ไม่" pos="SL" trans="No way!" translit=""/><ana lex="ไม่" pos="NEG" trans="not" translit=""/><ana lex="ไม่" pos="SL" trans="Nuts!" translit=""/></w><w>เป็น<ana lex="เป็น" pos="auxiliary verb" trans="are" translit=""/><ana lex="เป็น" pos="verb,intransitive" trans="been" translit=""/><ana lex="เป็น" pos="verb,intransitive" trans="come" translit=""/><ana lex="เป็น" pos="verb" trans="be able to" translit=""/><ana lex="เป็น" pos="verb" trans="be" translit=""/><ana lex="เป็น" pos="adjective" trans="alive" translit=""/></w><w>ความ<ana lex="ความ" pos="noun" trans="case" translit=""/><ana lex="ความ" pos="noun" trans="content" translit=""/></w><w>ฝัน<ana lex="ฝัน" pos="verb,transitive" trans="dream" translit=""/><ana lex="ฝัน" pos="verb,intransitive" trans="dream" translit=""/><ana lex="ฝัน" pos="verb" trans="dream" translit=""/></w><w>ใช่<ana lex="ใช่" pos="adverb" trans="yes" translit=""/></w><w>ไหม<ana lex="ไหม" pos="noun" trans="silk thread" translit=""/><ana lex="ไหม" pos="noun" trans="silk" translit="maiR"/><ana lex="ไหม" pos="noun" trans="silk wool" translit=""/><ana lex="ไหม" pos="noun" trans="silk cloth" translit=""/><ana lex="ไหม" pos="noun" trans="silk worm" translit=""/><ana lex="ไหม" pos="QUES" trans="word ending at the end of the question to be answered 'Yes' or 'No'" translit=""/><ana lex="ไหม" pos="noun" trans="[ตัวไหม] silkworm" translit="maiR"/><ana lex="ไหม" pos="particle" trans="[word added at the end of a statement to indicate a question]" translit="maiR"/><ana lex="ไหม" pos="adverb,particle" trans="[alternative, colloquial pronunciation of ไหม, word added at the end of a statement to indicate a question]" translit="maiH"/><ana lex="ไหม" pos="" trans="[alternate pronunciation of ไหม]" translit="maiH"/><ana lex="ไหม" pos="noun" trans="[ผ้าไหม] silk fabric" translit="maiR"/><ana lex="ไหม" pos="adjective" trans="silken; of silk" translit="maiR"/></w></se><se><w>.<ana lex="" pos="" trans="" translit=""/></w></se><se><w>คน<ana lex="คน" pos="noun" trans="bloke" translit=""/><ana lex="คน" pos="verb,transitive" trans="mill" translit=""/><ana lex="คน" pos="PRF" trans="anthropo-" translit=""/><ana lex="คน" pos="noun" trans="human" translit=""/><ana lex="คน" pos="noun" trans="people" translit=""/><ana lex="คน" pos="noun" trans="being" translit=""/><ana lex="คน" pos="PHRV" trans="stir about" translit=""/><ana lex="คน" pos="PHRV" trans="stir around" translit=""/><ana lex="คน" pos="SL" trans="bod" translit=""/><ana lex="คน" pos="classifier" trans="person" translit=""/><ana lex="คน" pos="verb" trans="stir" translit=""/></w><w>ดี<ana lex="ดี" pos="adjective" trans="fine" translit=""/><ana lex="ดี" pos="adjective" trans="braw" translit=""/><ana lex="ดี" pos="SL" trans="hunky-dory" translit=""/><ana lex="ดี" pos="adjective" trans="useful" translit=""/><ana lex="ดี" pos="noun" trans="gallbladder" translit=""/><ana lex="ดี" pos="adjective" trans="nice" translit=""/><ana lex="ดี" pos="adjective" trans="fine" translit=""/><ana lex="ดี" pos="adjective" trans="tidy" translit=""/><ana lex="ดี" pos="SL" trans="kushty" translit=""/><ana lex="ดี" pos="SL" trans="tickety-boo" translit=""/><ana lex="ดี" pos="adjective" trans="well" translit=""/><ana lex="ดี" pos="PRF" trans="eu-" translit=""/><ana lex="ดี" pos="idiom" trans="Well and good" translit=""/><ana lex="ดี" pos="adjective" trans="good" translit=""/><ana lex="ดี" pos="adverb" trans="well" translit=""/><ana lex="ดี" pos="adjective" trans="high" translit=""/><ana lex="ดี" pos="adjective" trans="nice" translit=""/><ana lex="ดี" pos="adjective" trans="nice" translit=""/><ana lex="ดี" pos="adjective" trans="well" translit=""/></w></se><se><w>เมื่อ<ana lex="เมื่อ" pos="adverb" trans="when" translit=""/><ana lex="เมื่อ" pos="adverb" trans="when" translit=""/><ana lex="เมื่อ" pos="conjunction" trans="directly" translit=""/><ana lex="เมื่อ" pos="adverb" trans="in the days of" translit=""/><ana lex="เมื่อ" pos="conjunction" trans="when" translit=""/></w><w>ความ<ana lex="ความ" pos="noun" trans="case" translit=""/><ana lex="ความ" pos="noun" trans="content" translit=""/></w><w>รัก<ana lex="รัก" pos="verb,transitive" trans="treasure" translit=""/><ana lex="รัก" pos="verb,transitive" trans="adore" translit=""/><ana lex="รัก" pos="PRF" trans="phil-" translit=""/><ana lex="รัก" pos="PRF" trans="philo-" translit=""/><ana lex="รัก" pos="PHRV" trans="be attached to" translit=""/></w><w>คือ<ana lex="คือ" pos="verb" trans="be" translit=""/><ana lex="คือ" pos="adverb" trans="namely" translit=""/></w><w>ความ<ana lex="ความ" pos="noun" trans="case" translit=""/><ana lex="ความ" pos="noun" trans="content" translit=""/></w><w>ห่วงใย<ana lex="ห่วงใย" pos="verb" trans="worry" translit=""/><ana lex="ห่วงใย" pos="PHRV" trans="devour with" translit=""/><ana lex="ห่วงใย" pos="verb" trans="to worry (about)" translit="huaangL yaiM"/><ana lex="ห่วงใย" pos="verb,transitive" trans="care" translit=""/><ana lex="ห่วงใย" pos="verb,intransitive" trans="care" translit=""/></w></se><se><w>แม้<ana lex="แม้" pos="conjunction" trans="even" translit=""/><ana lex="แม้" pos="conjunction" trans="though" translit=""/></w><w>อยู่<ana lex="อยู่" pos="verb,intransitive" trans="abide" translit=""/><ana lex="อยู่" pos="auxiliary verb" trans="be" translit=""/></w><w>ไกล<ana lex="ไกล" pos="adverb" trans="far" translit=""/><ana lex="ไกล" pos="PRF" trans="tele-" translit=""/><ana lex="ไกล" pos="adverb" trans="far" translit=""/><ana lex="ไกล" pos="adjective" trans="remote" translit=""/><ana lex="ไกล" pos="adjective" trans="far-off" translit=""/></w><w>ใช่<ana lex="ใช่" pos="adverb" trans="yes" translit=""/></w><w>ว่า</w><w>จะ<ana lex="จะ" pos="auxiliary verb" trans="will" translit=""/><ana lex="จะ" pos="auxiliary verb" trans="will" translit=""/><ana lex="จะ" pos="" trans="[alternate spelling of จ้ะ]" translit="jaL"/></w><w>เปลี่ยว<ana lex="เปลี่ยว" pos="adjective" trans="young" translit=""/><ana lex="เปลี่ยว" pos="adjective" trans="[เปลี่ยว ๆ] [of a place] [is] lonely; deserted; vacant" translit="bpliaaoL"/><ana lex="เปลี่ยว" pos="adjective" trans="[of a place] [is] deserted; void; vacant" translit="bpliaaoL"/><ana lex="เปลี่ยว" pos="adjective" trans="desolate" translit=""/><ana lex="เปลี่ยว" pos="adjective" trans="[เปลี่ยวใจ] [is] (feeling) lonely; lonesome; forlorn" translit="bpliaaoL"/><ana lex="เปลี่ยว" pos="verb" trans="desolate" translit=""/><ana lex="เปลี่ยว" pos="adjective" trans="[of an animal] young; wild; untamed" translit="bpliaaoL"/></w><w>เหงา<ana lex="เหงา" pos="verb" trans="feel lonely" translit=""/><ana lex="เหงา" pos="noun" trans="[ความเหงา] loneliness; solitude; desolation; isolation; seclusion" translit="ngaoR"/><ana lex="เหงา" pos="verb" trans="[เหงาใจ] [is] (feeling) lonely" translit="ngaoR"/><ana lex="เหงา" pos="adjective" trans="[is] lonely" translit="ngaoR"/></w></se><se><w>แม้<ana lex="แม้" pos="conjunction" trans="even" translit=""/><ana lex="แม้" pos="conjunction" trans="though" translit=""/></w><w>อยู่<ana lex="อยู่" pos="verb,intransitive" trans="abide" translit=""/><ana lex="อยู่" pos="auxiliary verb" trans="be" translit=""/></w><w>ไกล<ana lex="ไกล" pos="adverb" trans="far" translit=""/><ana lex="ไกล" pos="PRF" trans="tele-" translit=""/><ana lex="ไกล" pos="adverb" trans="far" translit=""/><ana lex="ไกล" pos="adjective" trans="remote" translit=""/><ana lex="ไกล" pos="adjective" trans="far-off" translit=""/></w><w>ใช่<ana lex="ใช่" pos="adverb" trans="yes" translit=""/></w><w>ว่า</w><w>หัวใจ<ana lex="หัวใจ" pos="SL" trans="tick-tock" translit=""/></w><w>เรา<ana lex="เรา" pos="pronoun" trans="us" translit=""/><ana lex="เรา" pos="PRON" trans="I" translit=""/><ana lex="เรา" pos="pronoun" trans="we" translit=""/><ana lex="เรา" pos="PRON" trans="you" translit=""/><ana lex="เรา" pos="PRON" trans="we" translit=""/></w></se><se><w>จะ<ana lex="จะ" pos="auxiliary verb" trans="will" translit=""/><ana lex="จะ" pos="auxiliary verb" trans="will" translit=""/><ana lex="จะ" pos="" trans="[alternate spelling of จ้ะ]" translit="jaL"/></w><w>อยู่<ana lex="อยู่" pos="verb,intransitive" trans="abide" translit=""/><ana lex="อยู่" pos="auxiliary verb" trans="be" translit=""/></w><w>ห่าง<ana lex="ห่าง" pos="verb" trans="separate oneself from" translit=""/><ana lex="ห่าง" pos="adverb" trans="far" translit=""/><ana lex="ห่าง" pos="verb" trans="be different" translit=""/></w><w>ดัง<ana lex="ดัง" pos="adjective" trans="loud" translit=""/><ana lex="ดัง" pos="preposition" trans="as" translit=""/><ana lex="ดัง" pos="verb" trans="famous" translit=""/></w><w>ขุน<ana lex="ขุน" pos="verb" trans="feed" translit=""/><ana lex="ขุน" pos="noun" trans="titled official" translit=""/></w><w>เขา<ana lex="เขา" pos="noun" trans="dove" translit=""/><ana lex="เขา" pos="" trans="[alternate pronunciation of เขา ]" translit="khaoH"/><ana lex="เขา" pos="noun" trans="dove (a kind of bird)" translit=""/><ana lex="เขา" pos="noun" trans="horn" translit=""/><ana lex="เขา" pos="noun" trans="horn" translit=""/><ana lex="เขา" pos="PRON" trans="he" translit=""/><ana lex="เขา" pos="noun" trans="mountain" translit=""/></w><w>กับ<ana lex="กับ" pos="preposition" trans="with" translit=""/><ana lex="กับ" pos="preposition" trans="with" translit=""/><ana lex="กับ" pos="noun" trans="trap" translit=""/><ana lex="กับ" pos="preposition" trans="on" translit=""/><ana lex="กับ" pos="conjunction" trans="and" translit=""/><ana lex="กับ" pos="preposition" trans="with" translit=""/></w><w>ฟ้า<ana lex="ฟ้า" pos="noun" trans="blue" translit=""/><ana lex="ฟ้า" pos="noun" trans="heaven" translit=""/><ana lex="ฟ้า" pos="noun" trans="sky" translit=""/></w><w>สี<ana lex="สี" pos="PRF" trans="chromo-" translit=""/><ana lex="สี" pos="verb" trans="grind" translit=""/><ana lex="สี" pos="noun" trans="tincture" translit=""/><ana lex="สี" pos="verb" trans="rub" translit=""/><ana lex="สี" pos="noun" trans="color" translit=""/><ana lex="สี" pos="noun" trans="paint" translit=""/><ana lex="สี" pos="noun" trans="color" translit=""/><ana lex="สี" pos="noun" trans="colour" translit=""/></w><w>คราม<ana lex="คราม" pos="noun" trans="indigo" translit=""/><ana lex="คราม" pos="noun" trans="Indigofera tinctoria" translit=""/><ana lex="คราม" pos="noun" trans="indigo" translit=""/><ana lex="คราม" pos="noun" trans="indigo" translit=""/></w></se></body>