<body><meta><link>http://www.thaipoem.com/%E0%B8%81%E0%B8%A5%E0%B8%AD%E0%B8%99/%E0%B8%81%E0%B8%A5%E0%B8%AD%E0%B8%99%E0%B8%AD%E0%B8%81%E0%B8%AB%E0%B8%B1%E0%B8%81-%E0%B8%A3%E0%B8%B1%E0%B8%81%E0%B8%AB%E0%B8%A7%E0%B8%B2%E0%B8%99%E0%B8%8B%E0%B8%B6%E0%B9%89%E0%B8%87/92449</link><title>ไม่มีใคร..อีกแล้ว..</title><genre>poem</genre></meta><se><w>ไม่<ana lex="ไม่" pos="adverb" trans="not" translit=""/><ana lex="ไม่" pos="PRF" trans="an-" translit=""/><ana lex="ไม่" pos="PRF" trans="un-" translit=""/><ana lex="ไม่" pos="PRF" trans="un-" translit=""/><ana lex="ไม่" pos="adjective" trans="nary" translit=""/><ana lex="ไม่" pos="NEG" trans="not" translit=""/><ana lex="ไม่" pos="PRF" trans="in-" translit=""/><ana lex="ไม่" pos="adverb" trans="no" translit=""/><ana lex="ไม่" pos="PRF" trans="non-" translit=""/><ana lex="ไม่" pos="PRF" trans="non-" translit=""/><ana lex="ไม่" pos="PRF" trans="in-" translit=""/><ana lex="ไม่" pos="SL" trans="no soup" translit=""/><ana lex="ไม่" pos="SL" trans="no sale" translit=""/><ana lex="ไม่" pos="SL" trans="nope" translit=""/><ana lex="ไม่" pos="SL" trans="No way!" translit=""/><ana lex="ไม่" pos="NEG" trans="not" translit=""/><ana lex="ไม่" pos="SL" trans="Nuts!" translit=""/></w><w>มี<ana lex="มี" pos="verb" trans="consist of" translit=""/><ana lex="มี" pos="verb" trans="there is/are" translit=""/><ana lex="มี" pos="verb" trans="have" translit=""/><ana lex="มี" pos="verb,transitive" trans="contain" translit=""/><ana lex="มี" pos="verb,transitive" trans="has" translit=""/><ana lex="มี" pos="verb,transitive" trans="have" translit=""/><ana lex="มี" pos="adjective" trans="rich" translit=""/></w><w>คำ<ana lex="คำ" pos="noun" trans="word" translit=""/><ana lex="คำ" pos="noun" trans="vocable" translit=""/><ana lex="คำ" pos="noun" trans="word" translit=""/></w><w>ว่า</w><w>พ่าย<ana lex="พ่าย" pos="verb" trans="lose" translit=""/></w><w>ใจ<ana lex="ใจ" pos="noun" trans="heart" translit=""/><ana lex="ใจ" pos="noun" trans="mind" translit=""/></w><w>นัก<ana lex="นัก" pos="adverb" trans="extremely" translit=""/></w><w>สู้<ana lex="สู้" pos="verb" trans="battle against" translit=""/><ana lex="สู้" pos="verb" trans="fight" translit=""/><ana lex="สู้" pos="verb" trans="be not better than" translit=""/></w></se><se><w>อย่า<ana lex="อย่า" pos="auxiliary verb" trans="do not" translit=""/></w><w>อดสู<ana lex="อดสู" pos="verb,transitive,intransitive,formal" trans="to feel ashamed" translit="ohtL suuR"/><ana lex="อดสู" pos="" trans="[น่าอดสู] shameful; disgraceful" translit="ohtL suuR"/><ana lex="อดสู" pos="adjective" trans="ashamed" translit=""/><ana lex="อดสู" pos="verb" trans="feel ashamed" translit=""/></w><w>โศกเศร้า<ana lex="โศกเศร้า" pos="verb" trans="feel depressed" translit=""/><ana lex="โศกเศร้า" pos="adjective" trans="lamented" translit=""/><ana lex="โศกเศร้า" pos="verb,intransitive" trans="lament" translit=""/><ana lex="โศกเศร้า" pos="adjective" trans="lugubrious" translit=""/><ana lex="โศกเศร้า" pos="adjective" trans="[psychologically] depressed; sorrowful; unhappy" translit="so:hkL saoF"/><ana lex="โศกเศร้า" pos="verb" trans="grieve" translit=""/><ana lex="โศกเศร้า" pos="adjective" trans="depressed; grieving; sad; full of lament; unhappy; dispirited; feeling blue" translit="so:hkL saoF"/><ana lex="โศกเศร้า" pos="adjective" trans="sorrowful" translit=""/></w><w>แต่<ana lex="แต่" pos="adverb" trans="only" translit=""/><ana lex="แต่" pos="conjunction" trans="but" translit=""/><ana lex="แต่" pos="conjunction" trans="but" translit=""/><ana lex="แต่" pos="conjunction" trans="but" translit=""/><ana lex="แต่" pos="preposition" trans="earlier" translit=""/><ana lex="แต่" pos="conjunction" trans="only" translit=""/></w><w>คราว<ana lex="คราว" pos="noun" trans="turn" translit=""/><ana lex="คราว" pos="noun" trans="time" translit=""/><ana lex="คราว" pos="noun" trans="occasion" translit=""/><ana lex="คราว" pos="noun" trans="age" translit=""/><ana lex="คราว" pos="preposition" trans="same as" translit=""/><ana lex="คราว" pos="noun" trans="old tom-cat" translit=""/></w><w>หลัง<ana lex="หลัง" pos="noun" trans="back" translit=""/><ana lex="หลัง" pos="PRF" trans="met-" translit=""/><ana lex="หลัง" pos="PRF" trans="re-" translit=""/><ana lex="หลัง" pos="PRF" trans="meta-" translit=""/><ana lex="หลัง" pos="classifier" trans="dwelling" translit=""/><ana lex="หลัง" pos="adverb" trans="after" translit=""/><ana lex="หลัง" pos="adjective" trans="rear" translit=""/><ana lex="หลัง" pos="adjective" trans="next" translit=""/><ana lex="หลัง" pos="adverb" trans="behind" translit=""/><ana lex="หลัง" pos="noun" trans="back (of body)" translit=""/></w></se><se><w>เป็น<ana lex="เป็น" pos="auxiliary verb" trans="are" translit=""/><ana lex="เป็น" pos="verb,intransitive" trans="been" translit=""/><ana lex="เป็น" pos="verb,intransitive" trans="come" translit=""/><ana lex="เป็น" pos="verb" trans="be able to" translit=""/><ana lex="เป็น" pos="verb" trans="be" translit=""/><ana lex="เป็น" pos="adjective" trans="alive" translit=""/></w><w>บทเรียน<ana lex="บทเรียน" pos="noun" trans="lesson" translit=""/><ana lex="บทเรียน" pos="noun" trans="lesson" translit=""/><ana lex="บทเรียน" pos="noun" trans="experience" translit=""/></w><w>อย่า<ana lex="อย่า" pos="auxiliary verb" trans="do not" translit=""/></w><w>รันทด<ana lex="รันทด" pos="adjective" trans="sad" translit=""/><ana lex="รันทด" pos="adjective" trans="[is] sad; depressed" translit="ranM thohtH"/><ana lex="รันทด" pos="verb" trans="be sad" translit=""/><ana lex="รันทด" pos="adjective" trans="[รันทดใจ] [is] sad; depressed; to feel sad" translit="ranM thohtH"/></w><w>หมด<ana lex="หมด" pos="PHRV" trans="run out" translit=""/><ana lex="หมด" pos="adverb" trans="low" translit=""/><ana lex="หมด" pos="verb,intransitive" trans="run out" translit=""/><ana lex="หมด" pos="verb" trans="be finished" translit=""/><ana lex="หมด" pos="verb,intransitive" trans="go" translit=""/><ana lex="หมด" pos="PHRV" trans="be out" translit=""/><ana lex="หมด" pos="idiom" trans="be at an end" translit=""/><ana lex="หมด" pos="verb,intransitive" trans="drain" translit=""/><ana lex="หมด" pos="PHRV" trans="be out of" translit=""/></w><w>กำลัง<ana lex="กำลัง" pos="noun" trans="power" translit=""/><ana lex="กำลัง" pos="auxiliary verb" trans="being" translit=""/><ana lex="กำลัง" pos="noun" trans="force" translit=""/><ana lex="กำลัง" pos="noun" trans="power" translit=""/><ana lex="กำลัง" pos="noun" trans="circumference of the tree" translit=""/></w></se><se><w>อีก<ana lex="อีก" pos="adverb" trans="afresh" translit=""/><ana lex="อีก" pos="adjective" trans="second" translit=""/><ana lex="อีก" pos="adjective" trans="another" translit=""/><ana lex="อีก" pos="adverb" trans="again" translit=""/></w><w>สัก<ana lex="สัก" pos="noun" trans="teak" translit=""/><ana lex="สัก" pos="verb" trans="tattoo" translit=""/><ana lex="สัก" pos="verb" trans="stretch" translit=""/><ana lex="สัก" pos="adverb" trans="just" translit=""/></w><w>ครั้ง<ana lex="ครั้ง" pos="noun" trans="clip" translit=""/><ana lex="ครั้ง" pos="classifier" trans="time" translit=""/><ana lex="ครั้ง" pos="noun" trans="time" translit=""/><ana lex="ครั้ง" pos="noun" trans="time" translit=""/><ana lex="ครั้ง" pos="noun" trans="play" translit=""/></w><w>เริ่มต้น<ana lex="เริ่มต้น" pos="verb,intransitive" trans="arrive" translit=""/><ana lex="เริ่มต้น" pos="verb" trans="to begin" translit="reermF dtohnF"/><ana lex="เริ่มต้น" pos="idiom" trans="make a beginning / start on" translit=""/><ana lex="เริ่มต้น" pos="adjective" trans="initial" translit=""/><ana lex="เริ่มต้น" pos="PHRV" trans="usher in" translit=""/><ana lex="เริ่มต้น" pos="idiom" trans="be in hand" translit=""/><ana lex="เริ่มต้น" pos="verb" trans="begin" translit=""/><ana lex="เริ่มต้น" pos="verb,transitive" trans="open" translit=""/></w><w>ใหม่<ana lex="ใหม่" pos="adjective" trans="new" translit=""/><ana lex="ใหม่" pos="adverb" trans="newly" translit=""/><ana lex="ใหม่" pos="PRF" trans="neo-" translit=""/><ana lex="ใหม่" pos="adjective" trans="new" translit=""/><ana lex="ใหม่" pos="adjective" trans="new" translit=""/><ana lex="ใหม่" pos="adjective" trans="novel" translit=""/><ana lex="ใหม่" pos="adverb" trans="again" translit=""/><ana lex="ใหม่" pos="adjective" trans="original" translit=""/><ana lex="ใหม่" pos="PRF" trans="neo-" translit=""/></w><w>ไม่<ana lex="ไม่" pos="adverb" trans="not" translit=""/><ana lex="ไม่" pos="PRF" trans="an-" translit=""/><ana lex="ไม่" pos="PRF" trans="un-" translit=""/><ana lex="ไม่" pos="PRF" trans="un-" translit=""/><ana lex="ไม่" pos="adjective" trans="nary" translit=""/><ana lex="ไม่" pos="NEG" trans="not" translit=""/><ana lex="ไม่" pos="PRF" trans="in-" translit=""/><ana lex="ไม่" pos="adverb" trans="no" translit=""/><ana lex="ไม่" pos="PRF" trans="non-" translit=""/><ana lex="ไม่" pos="PRF" trans="non-" translit=""/><ana lex="ไม่" pos="PRF" trans="in-" translit=""/><ana lex="ไม่" pos="SL" trans="no soup" translit=""/><ana lex="ไม่" pos="SL" trans="no sale" translit=""/><ana lex="ไม่" pos="SL" trans="nope" translit=""/><ana lex="ไม่" pos="SL" trans="No way!" translit=""/><ana lex="ไม่" pos="NEG" trans="not" translit=""/><ana lex="ไม่" pos="SL" trans="Nuts!" translit=""/></w><w>สาย<ana lex="สาย" pos="PHRV" trans="be behind1" translit=""/><ana lex="สาย" pos="adjective" trans="tardy" translit=""/><ana lex="สาย" pos="PHRV" trans="be behindhand" translit=""/><ana lex="สาย" pos="noun" trans="strop" translit=""/><ana lex="สาย" pos="adjective" trans="late" translit=""/></w><w>เกิน<ana lex="เกิน" pos="adverb" trans="far" translit=""/><ana lex="เกิน" pos="PRF" trans="ultra-" translit=""/><ana lex="เกิน" pos="adjective" trans="surplus" translit=""/><ana lex="เกิน" pos="PRF" trans="hyper-" translit=""/></w></se></body>