<body><meta><link>http://www.thaipoem.com/%E0%B8%81%E0%B8%A5%E0%B8%AD%E0%B8%99/%E0%B8%81%E0%B8%A5%E0%B8%AD%E0%B8%99%E0%B8%AD%E0%B8%81%E0%B8%AB%E0%B8%B1%E0%B8%81-%E0%B8%A3%E0%B8%B1%E0%B8%81%E0%B8%AB%E0%B8%A7%E0%B8%B2%E0%B8%99%E0%B8%8B%E0%B8%B6%E0%B9%89%E0%B8%87/99503</link><title>รอเพียงเธอ..</title><genre>poem</genre></meta><se><w>มา<ana lex="มา" pos="PHRV" trans="get in1" translit=""/><ana lex="มา" pos="adverb" trans="coming (toward the present; or toward the focal time)" translit=""/><ana lex="มา" pos="verb,intransitive" trans="come" translit=""/><ana lex="มา" pos="verb" trans="arrive" translit=""/></w><w>เช่า<ana lex="เช่า" pos="verb,transitive" trans="charter" translit=""/><ana lex="เช่า" pos="verb" trans="rent" translit=""/><ana lex="เช่า" pos="verb,transitive" trans="rent" translit=""/></w><w>ห้อง<ana lex="ห้อง" pos="noun" trans="room" translit=""/><ana lex="ห้อง" pos="noun" trans="room" translit=""/><ana lex="ห้อง" pos="classifier" trans="room" translit=""/></w></se><se><w>อยู่<ana lex="อยู่" pos="verb,intransitive" trans="abide" translit=""/><ana lex="อยู่" pos="auxiliary verb" trans="be" translit=""/></w><w>กับ<ana lex="กับ" pos="preposition" trans="with" translit=""/><ana lex="กับ" pos="preposition" trans="with" translit=""/><ana lex="กับ" pos="noun" trans="trap" translit=""/><ana lex="กับ" pos="preposition" trans="on" translit=""/><ana lex="กับ" pos="conjunction" trans="and" translit=""/><ana lex="กับ" pos="preposition" trans="with" translit=""/></w><w>พี่<ana lex="พี่" pos="noun" trans="elder sister or brother" translit=""/></w></se><se><w>ดี<ana lex="ดี" pos="adjective" trans="fine" translit=""/><ana lex="ดี" pos="adjective" trans="braw" translit=""/><ana lex="ดี" pos="SL" trans="hunky-dory" translit=""/><ana lex="ดี" pos="adjective" trans="useful" translit=""/><ana lex="ดี" pos="noun" trans="gallbladder" translit=""/><ana lex="ดี" pos="adjective" trans="nice" translit=""/><ana lex="ดี" pos="adjective" trans="fine" translit=""/><ana lex="ดี" pos="adjective" trans="tidy" translit=""/><ana lex="ดี" pos="SL" trans="kushty" translit=""/><ana lex="ดี" pos="SL" trans="tickety-boo" translit=""/><ana lex="ดี" pos="adjective" trans="well" translit=""/><ana lex="ดี" pos="PRF" trans="eu-" translit=""/><ana lex="ดี" pos="idiom" trans="Well and good" translit=""/><ana lex="ดี" pos="adjective" trans="good" translit=""/><ana lex="ดี" pos="adverb" trans="well" translit=""/><ana lex="ดี" pos="adjective" trans="high" translit=""/><ana lex="ดี" pos="adjective" trans="nice" translit=""/><ana lex="ดี" pos="adjective" trans="nice" translit=""/><ana lex="ดี" pos="adjective" trans="well" translit=""/></w><w>ไหม<ana lex="ไหม" pos="noun" trans="silk thread" translit=""/><ana lex="ไหม" pos="noun" trans="silk" translit="maiR"/><ana lex="ไหม" pos="noun" trans="silk wool" translit=""/><ana lex="ไหม" pos="noun" trans="silk cloth" translit=""/><ana lex="ไหม" pos="noun" trans="silk worm" translit=""/><ana lex="ไหม" pos="QUES" trans="word ending at the end of the question to be answered 'Yes' or 'No'" translit=""/><ana lex="ไหม" pos="noun" trans="[ตัวไหม] silkworm" translit="maiR"/><ana lex="ไหม" pos="particle" trans="[word added at the end of a statement to indicate a question]" translit="maiR"/><ana lex="ไหม" pos="adverb,particle" trans="[alternative, colloquial pronunciation of ไหม, word added at the end of a statement to indicate a question]" translit="maiH"/><ana lex="ไหม" pos="" trans="[alternate pronunciation of ไหม]" translit="maiH"/><ana lex="ไหม" pos="noun" trans="[ผ้าไหม] silk fabric" translit="maiR"/><ana lex="ไหม" pos="adjective" trans="silken; of silk" translit="maiR"/></w><w>น้อง<ana lex="น้อง" pos="noun" trans="younger person" translit=""/></w></se><se><w>เช่า<ana lex="เช่า" pos="verb,transitive" trans="charter" translit=""/><ana lex="เช่า" pos="verb" trans="rent" translit=""/><ana lex="เช่า" pos="verb,transitive" trans="rent" translit=""/></w><w>ใกล้<ana lex="ใกล้" pos="adjective" trans="near" translit=""/><ana lex="ใกล้" pos="preposition" trans="near" translit=""/><ana lex="ใกล้" pos="preposition" trans="on" translit=""/><ana lex="ใกล้" pos="adverb" trans="anear" translit=""/><ana lex="ใกล้" pos="adjective" trans="proximate" translit=""/><ana lex="ใกล้" pos="preposition" trans="anear" translit=""/><ana lex="ใกล้" pos="adjective" trans="close" translit=""/><ana lex="ใกล้" pos="preposition" trans="be-" translit=""/><ana lex="ใกล้" pos="preposition" trans="by" translit=""/><ana lex="ใกล้" pos="adverb" trans="close" translit=""/><ana lex="ใกล้" pos="verb" trans="come near" translit=""/><ana lex="ใกล้" pos="PRF" trans="juxta-" translit=""/></w><w>ห้อง<ana lex="ห้อง" pos="noun" trans="room" translit=""/><ana lex="ห้อง" pos="noun" trans="room" translit=""/><ana lex="ห้อง" pos="classifier" trans="room" translit=""/></w></se><se><w>เลข<ana lex="เลข" pos="noun" trans="number" translit=""/><ana lex="เลข" pos="noun" trans="mathematics" translit=""/></w><w>เบอร์<ana lex="เบอร์" pos="noun" trans="number" translit=""/></w><w>ห้า<ana lex="ห้า" pos="PRF" trans="pent-" translit=""/><ana lex="ห้า" pos="PRF" trans="penta-" translit=""/><ana lex="ห้า" pos="noun" trans="five" translit=""/></w></se><se><w>ที่<ana lex="ที่" pos="PRON" trans="that" translit=""/><ana lex="ที่" pos="preposition" trans="at" translit=""/><ana lex="ที่" pos="noun" trans="word for utensil" translit=""/><ana lex="ที่" pos="preposition" trans="at" translit=""/><ana lex="ที่" pos="noun" trans="place" translit=""/><ana lex="ที่" pos="classifier" trans="qualifiers for places" translit=""/><ana lex="ที่" pos="noun" trans="ordinal number" translit=""/><ana lex="ที่" pos="preposition" trans="to" translit=""/><ana lex="ที่" pos="noun" trans="land" translit=""/></w><w>พา<ana lex="พา" pos="" trans="[alternate spelling of ภา]" translit="phaaM"/><ana lex="พา" pos="verb" trans="bring" translit=""/></w><w>เศร้า<ana lex="เศร้า" pos="adjective" trans="sad" translit=""/><ana lex="เศร้า" pos="adjective" trans="melancholy" translit=""/><ana lex="เศร้า" pos="adjective" trans="lowdown" translit=""/><ana lex="เศร้า" pos="adjective" trans="sad" translit=""/><ana lex="เศร้า" pos="adverb" trans="sadly" translit=""/><ana lex="เศร้า" pos="adjective" trans="heavy" translit=""/><ana lex="เศร้า" pos="verb" trans="be sad" translit=""/><ana lex="เศร้า" pos="adjective" trans="heavy-hearted" translit=""/></w></se><se><w>ไม่<ana lex="ไม่" pos="adverb" trans="not" translit=""/><ana lex="ไม่" pos="PRF" trans="an-" translit=""/><ana lex="ไม่" pos="PRF" trans="un-" translit=""/><ana lex="ไม่" pos="PRF" trans="un-" translit=""/><ana lex="ไม่" pos="adjective" trans="nary" translit=""/><ana lex="ไม่" pos="NEG" trans="not" translit=""/><ana lex="ไม่" pos="PRF" trans="in-" translit=""/><ana lex="ไม่" pos="adverb" trans="no" translit=""/><ana lex="ไม่" pos="PRF" trans="non-" translit=""/><ana lex="ไม่" pos="PRF" trans="non-" translit=""/><ana lex="ไม่" pos="PRF" trans="in-" translit=""/><ana lex="ไม่" pos="SL" trans="no soup" translit=""/><ana lex="ไม่" pos="SL" trans="no sale" translit=""/><ana lex="ไม่" pos="SL" trans="nope" translit=""/><ana lex="ไม่" pos="SL" trans="No way!" translit=""/><ana lex="ไม่" pos="NEG" trans="not" translit=""/><ana lex="ไม่" pos="SL" trans="Nuts!" translit=""/></w><w>ต้อง<ana lex="ต้อง" pos="auxiliary verb" trans="must" translit=""/><ana lex="ต้อง" pos="" trans="[alternate pronunciation of ต้อง ]" translit="dtaawngF"/><ana lex="ต้อง" pos="verb" trans="fall into" translit=""/><ana lex="ต้อง" pos="verb" trans="touch" translit=""/><ana lex="ต้อง" pos="auxiliary verb" trans="must" translit=""/></w><w>ช้ำ<ana lex="ช้ำ" pos="adjective" trans="bruised" translit=""/><ana lex="ช้ำ" pos="verb" trans="bruise" translit=""/></w></se><se><w>อีก<ana lex="อีก" pos="adverb" trans="afresh" translit=""/><ana lex="อีก" pos="adjective" trans="second" translit=""/><ana lex="อีก" pos="adjective" trans="another" translit=""/><ana lex="อีก" pos="adverb" trans="again" translit=""/></w><w>แล้ว<ana lex="แล้ว" pos="adverb" trans="already" translit=""/><ana lex="แล้ว" pos="adverb" trans="already" translit=""/><ana lex="แล้ว" pos="adverb" trans="by now" translit=""/><ana lex="แล้ว" pos="adverb" trans="already" translit=""/></w><w>หนอ<ana lex="หนอ" pos="particle" trans="[a word placed at the end of a sentence, after a phrase or behind a question word to show an act of pondering, reflecting, considering or contemplating (รำพึง)]" translit="naawR"/><ana lex="หนอ" pos="QUES" trans="question" translit=""/><ana lex="หนอ" pos="" trans="[alternate spelling of นะ ]" translit="naawR"/><ana lex="หนอ" pos="interjection" trans="um" translit=""/></w></se><se><w>ขอ<ana lex="ขอ" pos="PHRV" trans="appeal for" translit=""/><ana lex="ขอ" pos="verb" trans="beg" translit=""/><ana lex="ขอ" pos="SL" trans="scrounge" translit=""/><ana lex="ขอ" pos="PHRV" trans="pony up for" translit=""/><ana lex="ขอ" pos="noun" trans="hook" translit=""/><ana lex="ขอ" pos="verb,transitive" trans="cadge" translit=""/><ana lex="ขอ" pos="verb,intransitive" trans="cadge" translit=""/><ana lex="ขอ" pos="PHRV" trans="ask for" translit=""/><ana lex="ขอ" pos="PHRV" trans="tap for" translit=""/></w><w>สอง<ana lex="สอง" pos="PRF" trans="bis-" translit=""/><ana lex="สอง" pos="adjective" trans="twain" translit=""/><ana lex="สอง" pos="PRF" trans="bi-" translit=""/><ana lex="สอง" pos="pronoun" trans="two" translit=""/><ana lex="สอง" pos="adjective" trans="two" translit=""/></w><w>เรา<ana lex="เรา" pos="pronoun" trans="us" translit=""/><ana lex="เรา" pos="PRON" trans="I" translit=""/><ana lex="เรา" pos="pronoun" trans="we" translit=""/><ana lex="เรา" pos="PRON" trans="you" translit=""/><ana lex="เรา" pos="PRON" trans="we" translit=""/></w></se><se><w>คน<ana lex="คน" pos="noun" trans="bloke" translit=""/><ana lex="คน" pos="verb,transitive" trans="mill" translit=""/><ana lex="คน" pos="PRF" trans="anthropo-" translit=""/><ana lex="คน" pos="noun" trans="human" translit=""/><ana lex="คน" pos="noun" trans="people" translit=""/><ana lex="คน" pos="noun" trans="being" translit=""/><ana lex="คน" pos="PHRV" trans="stir about" translit=""/><ana lex="คน" pos="PHRV" trans="stir around" translit=""/><ana lex="คน" pos="SL" trans="bod" translit=""/><ana lex="คน" pos="classifier" trans="person" translit=""/><ana lex="คน" pos="verb" trans="stir" translit=""/></w><w>รัก<ana lex="รัก" pos="verb,transitive" trans="treasure" translit=""/><ana lex="รัก" pos="verb,transitive" trans="adore" translit=""/><ana lex="รัก" pos="PRF" trans="phil-" translit=""/><ana lex="รัก" pos="PRF" trans="philo-" translit=""/><ana lex="รัก" pos="PHRV" trans="be attached to" translit=""/></w><w>เก่า<ana lex="เก่า" pos="adjective" trans="old" translit=""/><ana lex="เก่า" pos="adjective" trans="old" translit=""/><ana lex="เก่า" pos="adjective" trans="ancient" translit=""/><ana lex="เก่า" pos="idiom" trans="have seen better days" translit=""/><ana lex="เก่า" pos="adjective" trans="onetime" translit=""/><ana lex="เก่า" pos="verb,intransitive" trans="stale" translit=""/><ana lex="เก่า" pos="SL" trans="has-been" translit=""/></w></se><se><w>อย่า<ana lex="อย่า" pos="auxiliary verb" trans="do not" translit=""/></w><w>สนใจ<ana lex="สนใจ" pos="PHRV" trans="look after" translit=""/><ana lex="สนใจ" pos="adjective" trans="advertent" translit=""/><ana lex="สนใจ" pos="PHRV" trans="give to" translit=""/><ana lex="สนใจ" pos="PHRV" trans="go in for" translit=""/><ana lex="สนใจ" pos="idiom" trans="make a pass at" translit=""/><ana lex="สนใจ" pos="PHRV" trans="bury in" translit=""/><ana lex="สนใจ" pos="idiom" trans="pay heed to" translit=""/><ana lex="สนใจ" pos="PHRV" trans="pay attention to" translit=""/><ana lex="สนใจ" pos="verb,transitive" trans="pay" translit=""/><ana lex="สนใจ" pos="PHRV" trans="play up" translit=""/></w></se><se><w>ใย<ana lex="ใย" pos="noun" trans="web" translit=""/><ana lex="ใย" pos="adjective" trans="bright" translit=""/></w><w>ดี<ana lex="ดี" pos="adjective" trans="fine" translit=""/><ana lex="ดี" pos="adjective" trans="braw" translit=""/><ana lex="ดี" pos="SL" trans="hunky-dory" translit=""/><ana lex="ดี" pos="adjective" trans="useful" translit=""/><ana lex="ดี" pos="noun" trans="gallbladder" translit=""/><ana lex="ดี" pos="adjective" trans="nice" translit=""/><ana lex="ดี" pos="adjective" trans="fine" translit=""/><ana lex="ดี" pos="adjective" trans="tidy" translit=""/><ana lex="ดี" pos="SL" trans="kushty" translit=""/><ana lex="ดี" pos="SL" trans="tickety-boo" translit=""/><ana lex="ดี" pos="adjective" trans="well" translit=""/><ana lex="ดี" pos="PRF" trans="eu-" translit=""/><ana lex="ดี" pos="idiom" trans="Well and good" translit=""/><ana lex="ดี" pos="adjective" trans="good" translit=""/><ana lex="ดี" pos="adverb" trans="well" translit=""/><ana lex="ดี" pos="adjective" trans="high" translit=""/><ana lex="ดี" pos="adjective" trans="nice" translit=""/><ana lex="ดี" pos="adjective" trans="nice" translit=""/><ana lex="ดี" pos="adjective" trans="well" translit=""/></w><w>เลย<ana lex="เลย" pos="PRF" trans="extra-" translit=""/><ana lex="เลย" pos="auxiliary verb" trans="have to" translit=""/><ana lex="เลย" pos="verb" trans="pass" translit=""/><ana lex="เลย" pos="adverb" trans="really" translit=""/><ana lex="เลย" pos="noun" trans="Loei" translit=""/><ana lex="เลย" pos="adverb" trans="completely" translit=""/></w></se></body>