<body><meta><link>http://www.thaipoem.com/poem/147973</link><title>ต่างด้วยเหตุผล</title><genre>poem</genre></meta><se><w>@<ana lex="" pos="" trans="" translit=""/></w></se><se><w>บน<ana lex="บน" pos="PRF" trans="a-" translit=""/><ana lex="บน" pos="verb" trans="vow" translit=""/><ana lex="บน" pos="preposition" trans="upon" translit=""/><ana lex="บน" pos="preposition" trans="on" translit=""/><ana lex="บน" pos="preposition" trans="on" translit=""/></w><w>เส้นทาง<ana lex="เส้นทาง" pos="noun" trans="route" translit=""/><ana lex="เส้นทาง" pos="noun" trans="way" translit=""/><ana lex="เส้นทาง" pos="noun" trans="course" translit=""/><ana lex="เส้นทาง" pos="noun" trans="road" translit=""/><ana lex="เส้นทาง" pos="noun" trans="the route; the way or path; the passage; the course" translit="senF thaangM"/></w><w>แห่ง<ana lex="แห่ง" pos="noun" trans="place" translit=""/><ana lex="แห่ง" pos="preposition" trans="of" translit=""/><ana lex="แห่ง" pos="noun" trans="place" translit=""/></w><w>ห้วง<ana lex="ห้วง" pos="noun" trans="reservoir; reserve" translit="huaangF"/><ana lex="ห้วง" pos="noun" trans="lake; water; pool" translit="huaangF"/><ana lex="ห้วง" pos="noun" trans="expanse; extent; vastness; [i.e. of influence] sphere; confines" translit="huaangF"/><ana lex="ห้วง" pos="noun" trans="period" translit=""/><ana lex="ห้วง" pos="noun" trans="span; portion; division; part; stage" translit="huaangF"/></w></se><se><w>อารมณ์<ana lex="อารมณ์" pos="noun" trans="mood" translit=""/><ana lex="อารมณ์" pos="noun" trans="affection" translit=""/><ana lex="อารมณ์" pos="noun" trans="spirit" translit=""/><ana lex="อารมณ์" pos="noun" trans="emotion" translit=""/><ana lex="อารมณ์" pos="noun" trans="spirits" translit=""/><ana lex="อารมณ์" pos="noun" trans="(taking into) consideration" translit=""/><ana lex="อารมณ์" pos="PRF" trans="patho-" translit=""/><ana lex="อารมณ์" pos="noun" trans="characteristics" translit=""/><ana lex="อารมณ์" pos="noun" trans="temper" translit=""/><ana lex="อารมณ์" pos="noun" trans="temperament" translit=""/><ana lex="อารมณ์" pos="noun" trans="humor" translit=""/><ana lex="อารมณ์" pos="noun" trans="temper" translit=""/><ana lex="อารมณ์" pos="noun" trans="sentiment" translit=""/><ana lex="อารมณ์" pos="noun" trans="sense" translit=""/></w></se><se><w>รอย<ana lex="รอย" pos="noun" trans="scratch" translit=""/><ana lex="รอย" pos="noun" trans="check" translit=""/><ana lex="รอย" pos="noun" trans="trail" translit=""/></w><w>แบ่งแยก<ana lex="แบ่งแยก" pos="verb" trans="be divided" translit=""/><ana lex="แบ่งแยก" pos="adjective" trans="[is] divided; split; separate" translit="baengL yaaekF"/><ana lex="แบ่งแยก" pos="verb" trans="to distinguish between; to divide into" translit="baengL yaaekF"/><ana lex="แบ่งแยก" pos="PHRV" trans="box off" translit=""/><ana lex="แบ่งแยก" pos="PHRV" trans="branch off" translit=""/></w><w>สังคม<ana lex="สังคม" pos="noun" trans="social" translit=""/><ana lex="สังคม" pos="noun" trans="association" translit=""/><ana lex="สังคม" pos="noun" trans="society" translit=""/><ana lex="สังคม" pos="noun" trans="community" translit=""/><ana lex="สังคม" pos="adjective" trans="social" translit=""/><ana lex="สังคม" pos="noun" trans="society" translit=""/></w></se><se><w>แผ่<ana lex="แผ่" pos="adverb" trans="flat" translit=""/><ana lex="แผ่" pos="verb" trans="spread out" translit=""/><ana lex="แผ่" pos="verb" trans="give" translit=""/></w><w>กว้าง<ana lex="กว้าง" pos="verb" trans="be wide" translit=""/><ana lex="กว้าง" pos="adverb" trans="widely" translit=""/><ana lex="กว้าง" pos="noun" trans="width" translit=""/><ana lex="กว้าง" pos="adjective" trans="wide" translit=""/><ana lex="กว้าง" pos="adjective" trans="roomy" translit=""/><ana lex="กว้าง" pos="adverb" trans="wide" translit=""/></w></se><se><w>ความคิด<ana lex="ความคิด" pos="noun" trans="concept" translit=""/><ana lex="ความคิด" pos="PRF" trans="ideo-" translit=""/><ana lex="ความคิด" pos="noun" trans="thought" translit=""/><ana lex="ความคิด" pos="noun" trans="conception" translit=""/><ana lex="ความคิด" pos="noun" trans="soul" translit=""/><ana lex="ความคิด" pos="noun" trans="notion" translit=""/><ana lex="ความคิด" pos="noun" trans="though" translit=""/><ana lex="ความคิด" pos="noun" trans="idea" translit=""/><ana lex="ความคิด" pos="noun" trans="feeling" translit=""/><ana lex="ความคิด" pos="noun" trans="conceit" translit=""/></w><w>บ่<ana lex="บ่" pos="formal,colloquial,poetic,ancient" trans="[Isaan dialect, ancient, poetic] no; not; nay; nah" translit="baawL"/></w><w>เกลียว<ana lex="เกลียว" pos="noun" trans="braid" translit=""/><ana lex="เกลียว" pos="verb" trans="twist" translit=""/><ana lex="เกลียว" pos="noun" trans="strand" translit=""/></w><w>กลม<ana lex="กลม" pos="adjective" trans="round" translit=""/><ana lex="กลม" pos="adjective" trans="spherical" translit=""/><ana lex="กลม" pos="adjective" trans="chubby" translit=""/></w></se><se><w>เห็น<ana lex="เห็น" pos="PHRV" trans="clap on2" translit=""/><ana lex="เห็น" pos="SL" trans="clock" translit=""/><ana lex="เห็น" pos="verb,transitive" trans="behold" translit=""/><ana lex="เห็น" pos="verb,intransitive" trans="see" translit=""/><ana lex="เห็น" pos="verb,transitive" trans="see" translit=""/><ana lex="เห็น" pos="verb,transitive" trans="sight" translit=""/><ana lex="เห็น" pos="verb,transitive" trans="twig" translit=""/><ana lex="เห็น" pos="verb,transitive" trans="vide" translit=""/></w><w>ต่าง<ana lex="ต่าง" pos="adverb" trans="in place of" translit=""/><ana lex="ต่าง" pos="noun" trans="pack-saddle" translit=""/><ana lex="ต่าง" pos="verb" trans="differ" translit=""/><ana lex="ต่าง" pos="verb" trans="carry" translit=""/><ana lex="ต่าง" pos="adverb" trans="take as" translit=""/><ana lex="ต่าง" pos="DET" trans="each" translit=""/><ana lex="ต่าง" pos="adverb" trans="each" translit=""/><ana lex="ต่าง" pos="adjective" trans="foreign" translit=""/><ana lex="ต่าง" pos="DET" trans="each" translit=""/><ana lex="ต่าง" pos="adverb" trans="differ (farther or mother)" translit=""/></w></se><se><w>กัน<ana lex="กัน" pos="verb" trans="keep out" translit=""/><ana lex="กัน" pos="PRON" trans="one another" translit=""/><ana lex="กัน" pos="PHRV" trans="screen off" translit=""/><ana lex="กัน" pos="adverb" trans="together" translit=""/><ana lex="กัน" pos="verb" trans="shave" translit=""/><ana lex="กัน" pos="verb" trans="separate" translit=""/></w><w>นา<ana lex="นา" pos="noun" trans="field" translit=""/><ana lex="นา" pos="" trans="[alternate spelling of นะ ]" translit="naaM"/></w></se><se><w>ยึดมั่น<ana lex="ยึดมั่น" pos="verb" trans="hold fast to" translit=""/><ana lex="ยึดมั่น" pos="PHRV" trans="hold firm" translit=""/><ana lex="ยึดมั่น" pos="verb" trans="to hold fast to; persist in; adhere to; cling to; stick to; insist on" translit="yeutH manF"/><ana lex="ยึดมั่น" pos="PHRV" trans="stand for" translit=""/><ana lex="ยึดมั่น" pos="verb,intransitive" trans="adhere" translit=""/><ana lex="ยึดมั่น" pos="adjective" trans="hard-set" translit=""/></w><w>คน<ana lex="คน" pos="noun" trans="bloke" translit=""/><ana lex="คน" pos="verb,transitive" trans="mill" translit=""/><ana lex="คน" pos="PRF" trans="anthropo-" translit=""/><ana lex="คน" pos="noun" trans="human" translit=""/><ana lex="คน" pos="noun" trans="people" translit=""/><ana lex="คน" pos="noun" trans="being" translit=""/><ana lex="คน" pos="PHRV" trans="stir about" translit=""/><ana lex="คน" pos="PHRV" trans="stir around" translit=""/><ana lex="คน" pos="SL" trans="bod" translit=""/><ana lex="คน" pos="classifier" trans="person" translit=""/><ana lex="คน" pos="verb" trans="stir" translit=""/></w><w>ละ<ana lex="ละ" pos="verb" trans="etc." translit=""/><ana lex="ละ" pos="verb" trans="etc." translit=""/><ana lex="ละ" pos="verb" trans="vacate" translit=""/><ana lex="ละ" pos="DET" trans="each" translit=""/><ana lex="ละ" pos="verb" trans="vacate" translit=""/><ana lex="ละ" pos="END" trans="particle used at the end of a simple statement" translit=""/></w><w>ข้าง<ana lex="ข้าง" pos="PRF" trans="par-" translit=""/><ana lex="ข้าง" pos="PRF" trans="para-" translit=""/><ana lex="ข้าง" pos="PRF" trans="para-" translit=""/><ana lex="ข้าง" pos="noun" trans="side" translit=""/><ana lex="ข้าง" pos="preposition" trans="next to" translit=""/><ana lex="ข้าง" pos="noun" trans="side" translit=""/><ana lex="ข้าง" pos="noun" trans="side" translit=""/><ana lex="ข้าง" pos="PRF" trans="par-" translit=""/><ana lex="ข้าง" pos="noun" trans="side" translit=""/></w></se><se><w>ต่าง<ana lex="ต่าง" pos="adverb" trans="in place of" translit=""/><ana lex="ต่าง" pos="noun" trans="pack-saddle" translit=""/><ana lex="ต่าง" pos="verb" trans="differ" translit=""/><ana lex="ต่าง" pos="verb" trans="carry" translit=""/><ana lex="ต่าง" pos="adverb" trans="take as" translit=""/><ana lex="ต่าง" pos="DET" trans="each" translit=""/><ana lex="ต่าง" pos="adverb" trans="each" translit=""/><ana lex="ต่าง" pos="adjective" trans="foreign" translit=""/><ana lex="ต่าง" pos="DET" trans="each" translit=""/><ana lex="ต่าง" pos="adverb" trans="differ (farther or mother)" translit=""/></w><w>ด้วย<ana lex="ด้วย" pos="PRF" trans="com-" translit=""/><ana lex="ด้วย" pos="adverb" trans="along" translit=""/><ana lex="ด้วย" pos="conjunction" trans="plus" translit=""/><ana lex="ด้วย" pos="preposition" trans="with" translit=""/><ana lex="ด้วย" pos="adverb" trans="also" translit=""/><ana lex="ด้วย" pos="conjunction" trans="because" translit=""/><ana lex="ด้วย" pos="preposition" trans="by" translit=""/><ana lex="ด้วย" pos="adverb" trans="so" translit=""/></w><w>เหตุผล<ana lex="เหตุผล" pos="noun" trans="argument" translit=""/><ana lex="เหตุผล" pos="noun" trans="wherefore" translit=""/><ana lex="เหตุผล" pos="noun" trans="reason" translit=""/><ana lex="เหตุผล" pos="noun" trans="ground" translit=""/><ana lex="เหตุผล" pos="noun" trans="logic" translit=""/><ana lex="เหตุผล" pos="noun" trans="reason" translit=""/></w></se><se><w>@<ana lex="" pos="" trans="" translit=""/></w></se><se><w>เกม<ana lex="เกม" pos="classifier" trans="game" translit=""/><ana lex="เกม" pos="noun" trans="game" translit=""/><ana lex="เกม" pos="verb" trans="be over" translit=""/><ana lex="เกม" pos="noun,loanword,English" trans="[Thai transcription of the foreign loanword, game]" translit="gaehmM"/></w><w>กล<ana lex="กล" pos="" trans="[alternate pronunciation of กล ]" translit="gohnM laH"/><ana lex="กล" pos="noun" trans="magic" translit=""/><ana lex="กล" pos="noun" trans="trick" translit=""/></w><w>การ<ana lex="การ" pos="noun" trans="task" translit=""/><ana lex="การ" pos="SUF" trans="-ment" translit=""/></w><w>แย่ง<ana lex="แย่ง" pos="verb,transitive" trans="reave" translit=""/><ana lex="แย่ง" pos="verb" trans="snatch" translit=""/><ana lex="แย่ง" pos="verb,transitive" trans="to catch; to seize; to scramble for; contend for; compete for; wrest" translit="yaaengF"/><ana lex="แย่ง" pos="verb" trans="catch" translit=""/></w><w>ยื้อ<ana lex="ยื้อ" pos="verb" trans="to wrestle something free; to forcibly wrangle something away" translit="yeuuH"/></w></se><se><w>อำนาจ<ana lex="อำนาจ" pos="noun" trans="puissance" translit=""/><ana lex="อำนาจ" pos="SUF" trans="-dom" translit=""/><ana lex="อำนาจ" pos="noun" trans="influence" translit=""/><ana lex="อำนาจ" pos="noun" trans="authority" translit=""/><ana lex="อำนาจ" pos="noun" trans="power" translit=""/><ana lex="อำนาจ" pos="noun" trans="power" translit=""/><ana lex="อำนาจ" pos="noun" trans="power" translit=""/><ana lex="อำนาจ" pos="noun" trans="power" translit=""/><ana lex="อำนาจ" pos="noun" trans="potence" translit=""/><ana lex="อำนาจ" pos="noun" trans="might" translit=""/><ana lex="อำนาจ" pos="noun" trans="dint" translit=""/></w></se><se><w>เคียง<ana lex="เคียง" pos="adverb" trans="closely" translit=""/></w><w>คู่<ana lex="คู่" pos="PRF" trans="di-" translit=""/><ana lex="คู่" pos="adjective" trans="even" translit=""/><ana lex="คู่" pos="noun" trans="pair" translit=""/><ana lex="คู่" pos="noun" trans="pair" translit=""/><ana lex="คู่" pos="noun" trans="dyad" translit=""/><ana lex="คู่" pos="verb" trans="match" translit=""/><ana lex="คู่" pos="classifier" trans="pair" translit=""/><ana lex="คู่" pos="noun" trans="couple" translit=""/></w><w>ประวัติศาสตร์<ana lex="ประวัติศาสตร์" pos="noun" trans="history" translit=""/><ana lex="ประวัติศาสตร์" pos="noun" trans="history" translit=""/></w></se><se><w>ทั่ว<ana lex="ทั่ว" pos="adverb" trans="thoroughly" translit=""/><ana lex="ทั่ว" pos="preposition" trans="over" translit=""/></w><w>หล้า<ana lex="หล้า" pos="" trans="[alternate spelling of ล่ะ ]" translit="laaF"/></w></se><se><w>ผู้นำ<ana lex="ผู้นำ" pos="noun" trans="leader" translit=""/><ana lex="ผู้นำ" pos="noun" trans="Big Brother" translit=""/><ana lex="ผู้นำ" pos="noun" trans="leader" translit=""/><ana lex="ผู้นำ" pos="SL" trans="top drawer" translit=""/><ana lex="ผู้นำ" pos="SL" trans="top bannana" translit=""/><ana lex="ผู้นำ" pos="SUF" trans="-arch" translit=""/><ana lex="ผู้นำ" pos="noun" trans="chief" translit=""/><ana lex="ผู้นำ" pos="noun" trans="standard-bearer" translit=""/><ana lex="ผู้นำ" pos="noun" trans="helmsman" translit=""/></w><w>มุ่ง<ana lex="มุ่ง" pos="verb" trans="to intend; aim at; set at goal of" translit="moongF"/></w><w>ผูกขาด<ana lex="ผูกขาด" pos="verb,transitive" trans="corner" translit=""/><ana lex="ผูกขาด" pos="verb" trans="to monopolize" translit="phuukL khaatL"/><ana lex="ผูกขาด" pos="verb" trans="to have a monopoly" translit="phuukL khaatL"/><ana lex="ผูกขาด" pos="verb,transitive" trans="retain" translit=""/><ana lex="ผูกขาด" pos="verb,transitive" trans="monopolize" translit=""/></w></se><se><w>สาน<ana lex="สาน" pos="verb" trans="weave" translit=""/></w><w>ต่อ<ana lex="ต่อ" pos="verb" trans="renew" translit=""/><ana lex="ต่อ" pos="preposition" trans="to" translit=""/><ana lex="ต่อ" pos="verb" trans="concede" translit=""/><ana lex="ต่อ" pos="adverb" trans="continue" translit=""/><ana lex="ต่อ" pos="verb" trans="join" translit=""/><ana lex="ต่อ" pos="verb" trans="renew" translit=""/><ana lex="ต่อ" pos="verb" trans="bargain" translit=""/><ana lex="ต่อ" pos="adverb" trans="next" translit=""/><ana lex="ต่อ" pos="verb" trans="transfer" translit=""/><ana lex="ต่อ" pos="verb" trans="teach" translit=""/><ana lex="ต่อ" pos="preposition" trans="against" translit=""/><ana lex="ต่อ" pos="verb" trans="decoy" translit=""/><ana lex="ต่อ" pos="preposition" trans="per" translit=""/><ana lex="ต่อ" pos="preposition" trans="with" translit=""/><ana lex="ต่อ" pos="noun" trans="wasp" translit=""/><ana lex="ต่อ" pos="verb" trans="build" translit=""/></w></se><se><w>กัน<ana lex="กัน" pos="verb" trans="keep out" translit=""/><ana lex="กัน" pos="PRON" trans="one another" translit=""/><ana lex="กัน" pos="PHRV" trans="screen off" translit=""/><ana lex="กัน" pos="adverb" trans="together" translit=""/><ana lex="กัน" pos="verb" trans="shave" translit=""/><ana lex="กัน" pos="verb" trans="separate" translit=""/></w><w>เฮย</w></se><se><w>บาง<ana lex="บาง" pos="adjective" trans="subtle" translit=""/><ana lex="บาง" pos="adjective" trans="thin" translit=""/><ana lex="บาง" pos="adjective" trans="fine" translit=""/><ana lex="บาง" pos="noun" trans="settlement" translit=""/><ana lex="บาง" pos="adjective" trans="thin" translit=""/><ana lex="บาง" pos="DET" trans="some" translit=""/><ana lex="บาง" pos="adjective" trans="thin" translit=""/><ana lex="บาง" pos="adjective" trans="thin" translit=""/><ana lex="บาง" pos="noun" trans="village" translit=""/></w><w>กลุ่ม<ana lex="กลุ่ม" pos="noun" trans="collective" translit=""/><ana lex="กลุ่ม" pos="noun" trans="group" translit=""/><ana lex="กลุ่ม" pos="noun" trans="troop" translit=""/><ana lex="กลุ่ม" pos="noun" trans="group" translit=""/><ana lex="กลุ่ม" pos="classifier" trans="group" translit=""/><ana lex="กลุ่ม" pos="noun" trans="bunch" translit=""/><ana lex="กลุ่ม" pos="noun" trans="colony" translit=""/><ana lex="กลุ่ม" pos="noun" trans="race" translit=""/><ana lex="กลุ่ม" pos="noun" trans="constellation" translit=""/><ana lex="กลุ่ม" pos="noun" trans="covey" translit=""/><ana lex="กลุ่ม" pos="noun" trans="association" translit=""/><ana lex="กลุ่ม" pos="noun" trans="crop" translit=""/><ana lex="กลุ่ม" pos="noun" trans="troops" translit=""/><ana lex="กลุ่ม" pos="noun" trans="kingdom" translit=""/><ana lex="กลุ่ม" pos="noun" trans="section" translit=""/><ana lex="กลุ่ม" pos="noun" trans="army" translit=""/><ana lex="กลุ่ม" pos="noun" trans="segment" translit=""/><ana lex="กลุ่ม" pos="noun" trans="caboodle" translit=""/></w><w>ดัง<ana lex="ดัง" pos="adjective" trans="loud" translit=""/><ana lex="ดัง" pos="preposition" trans="as" translit=""/><ana lex="ดัง" pos="verb" trans="famous" translit=""/></w><w>คน<ana lex="คน" pos="noun" trans="bloke" translit=""/><ana lex="คน" pos="verb,transitive" trans="mill" translit=""/><ana lex="คน" pos="PRF" trans="anthropo-" translit=""/><ana lex="คน" pos="noun" trans="human" translit=""/><ana lex="คน" pos="noun" trans="people" translit=""/><ana lex="คน" pos="noun" trans="being" translit=""/><ana lex="คน" pos="PHRV" trans="stir about" translit=""/><ana lex="คน" pos="PHRV" trans="stir around" translit=""/><ana lex="คน" pos="SL" trans="bod" translit=""/><ana lex="คน" pos="classifier" trans="person" translit=""/><ana lex="คน" pos="verb" trans="stir" translit=""/></w><w>บ้า<ana lex="บ้า" pos="adjective" trans="maddening" translit=""/><ana lex="บ้า" pos="SL" trans="gonzo" translit=""/><ana lex="บ้า" pos="idiom" trans="lose one's marbles" translit=""/><ana lex="บ้า" pos="idiom" trans="lose one's mind" translit=""/><ana lex="บ้า" pos="idiom" trans="(as) mad as a hatter" translit=""/><ana lex="บ้า" pos="idiom" trans="(as) mad as a March hare" translit=""/><ana lex="บ้า" pos="adjective" trans="loco" translit=""/><ana lex="บ้า" pos="SL" trans="off your rocker" translit=""/><ana lex="บ้า" pos="SL" trans="off your trolley" translit=""/><ana lex="บ้า" pos="SL" trans="out of your tree1" translit=""/><ana lex="บ้า" pos="idiom" trans="off one's rocker" translit=""/><ana lex="บ้า" pos="SL" trans="loony" translit=""/><ana lex="บ้า" pos="verb,intransitive" trans="madden" translit=""/><ana lex="บ้า" pos="idiom" trans="off one's nut" translit=""/><ana lex="บ้า" pos="SL" trans="wacko" translit=""/><ana lex="บ้า" pos="SL" trans="wacky" translit=""/><ana lex="บ้า" pos="verb" trans="be wild about" translit=""/><ana lex="บ้า" pos="adjective" trans="madding" translit=""/><ana lex="บ้า" pos="idiom" trans="out of one's head" translit=""/><ana lex="บ้า" pos="idiom" trans="touched (in the head)" translit=""/><ana lex="บ้า" pos="idiom" trans="out of one's mind" translit=""/><ana lex="บ้า" pos="adjective" trans="cracked" translit=""/><ana lex="บ้า" pos="adjective" trans="crackers" translit=""/><ana lex="บ้า" pos="SL" trans="radge" translit=""/><ana lex="บ้า" pos="verb" trans="be mad" translit=""/><ana lex="บ้า" pos="PHRV" trans="go off2" translit=""/><ana lex="บ้า" pos="adjective" trans="crazy" translit=""/><ana lex="บ้า" pos="idiom" trans="off one's trolley" translit=""/><ana lex="บ้า" pos="idiom" trans="be out of one's mind" translit=""/><ana lex="บ้า" pos="SL" trans="crackers" translit=""/><ana lex="บ้า" pos="SL" trans="bonzo" translit=""/><ana lex="บ้า" pos="SL" trans="kooky" translit=""/><ana lex="บ้า" pos="idiom" trans="(as) nutty as a fruit-cake" translit=""/><ana lex="บ้า" pos="SL" trans="meshuga" translit=""/><ana lex="บ้า" pos="SL" trans="loonie" translit=""/><ana lex="บ้า" pos="SL" trans="gaga" translit=""/><ana lex="บ้า" pos="SL" trans="not all there" translit=""/><ana lex="บ้า" pos="SL" trans="barmy" translit=""/><ana lex="บ้า" pos="SL" trans="squirrely" translit=""/><ana lex="บ้า" pos="adjective" trans="maddeningly" translit=""/><ana lex="บ้า" pos="adjective" trans="mad" translit=""/><ana lex="บ้า" pos="adjective" trans="lunatic" translit=""/><ana lex="บ้า" pos="SL" trans="meshugah" translit=""/><ana lex="บ้า" pos="SL" trans="loco" translit=""/><ana lex="บ้า" pos="noun" trans="psycho" translit=""/><ana lex="บ้า" pos="verb" trans="be crazy about" translit=""/><ana lex="บ้า" pos="SL" trans="cockeyed" translit=""/></w></se><se><w>ฆ่า<ana lex="ฆ่า" pos="idiom" trans="do someone to death" translit=""/><ana lex="ฆ่า" pos="verb" trans="assassinate" translit=""/><ana lex="ฆ่า" pos="verb" trans="cancel" translit=""/><ana lex="ฆ่า" pos="SL" trans="croak" translit=""/><ana lex="ฆ่า" pos="verb,transitive" trans="bag" translit=""/><ana lex="ฆ่า" pos="SL" trans="waste" translit=""/><ana lex="ฆ่า" pos="verb,transitive" trans="shed blood" translit=""/><ana lex="ฆ่า" pos="verb,transitive" trans="destroy" translit=""/><ana lex="ฆ่า" pos="PHRV" trans="carry off1" translit=""/><ana lex="ฆ่า" pos="PHRV" trans="make away with" translit=""/><ana lex="ฆ่า" pos="PHRV" trans="kill off" translit=""/><ana lex="ฆ่า" pos="PHRV" trans="cut down" translit=""/><ana lex="ฆ่า" pos="idiom" trans="lay violent hands on oneself" translit=""/><ana lex="ฆ่า" pos="verb,transitive" trans="kill" translit=""/><ana lex="ฆ่า" pos="PHRV" trans="cut down" translit=""/><ana lex="ฆ่า" pos="PHRV" trans="cut off" translit=""/><ana lex="ฆ่า" pos="PHRV" trans="account for" translit=""/><ana lex="ฆ่า" pos="PHRV" trans="polish of" translit=""/><ana lex="ฆ่า" pos="verb,transitive" trans="despatch" translit=""/></w><w>ล้าง<ana lex="ล้าง" pos="verb,transitive" trans="lave" translit=""/><ana lex="ล้าง" pos="verb" trans="wash clothes" translit=""/><ana lex="ล้าง" pos="verb,intransitive" trans="lave" translit=""/></w><w>เผ่าพันธุ์<ana lex="เผ่าพันธุ์" pos="" trans="lineage; ethnic group; origin; stock; clan" translit="phaoL phanM"/><ana lex="เผ่าพันธุ์" pos="noun" trans="lineage" translit=""/></w></se><se><w>@<ana lex="" pos="" trans="" translit=""/></w></se><se><w>ขาย<ana lex="ขาย" pos="PHRV" trans="be up for" translit=""/><ana lex="ขาย" pos="verb,transitive" trans="fetch" translit=""/><ana lex="ขาย" pos="verb,transitive" trans="sell" translit=""/><ana lex="ขาย" pos="PHRV" trans="sell short" translit=""/><ana lex="ขาย" pos="verb" trans="sell" translit=""/><ana lex="ขาย" pos="idiom" trans="for sale" translit=""/><ana lex="ขาย" pos="idiom" trans="on sale" translit=""/><ana lex="ขาย" pos="SL" trans="flog" translit=""/><ana lex="ขาย" pos="verb,transitive" trans="market" translit=""/></w><w>ฝัน<ana lex="ฝัน" pos="verb,transitive" trans="dream" translit=""/><ana lex="ฝัน" pos="verb,intransitive" trans="dream" translit=""/><ana lex="ฝัน" pos="verb" trans="dream" translit=""/></w><w>หลอกล่อ<ana lex="หลอกล่อ" pos="verb" trans="deceive" translit=""/><ana lex="หลอกล่อ" pos="verb,transitive" trans="inveigle" translit=""/><ana lex="หลอกล่อ" pos="verb" trans="to deceive; lure; entice; tempt; seduce; fool" translit="laawkL laawF"/></w><w>ให้<ana lex="ให้" pos="verb,transitive" trans="afford" translit=""/><ana lex="ให้" pos="verb" trans="give" translit=""/><ana lex="ให้" pos="verb,transitive" trans="give" translit=""/><ana lex="ให้" pos="verb,transitive" trans="dispense" translit=""/><ana lex="ให้" pos="verb,transitive" trans="bestow" translit=""/><ana lex="ให้" pos="verb" trans="give" translit=""/><ana lex="ให้" pos="verb,transitive" trans="accord" translit=""/><ana lex="ให้" pos="auxiliary verb" trans="to" translit=""/><ana lex="ให้" pos="verb" trans="permit" translit=""/></w></se><se><w>เห็น<ana lex="เห็น" pos="PHRV" trans="clap on2" translit=""/><ana lex="เห็น" pos="SL" trans="clock" translit=""/><ana lex="เห็น" pos="verb,transitive" trans="behold" translit=""/><ana lex="เห็น" pos="verb,intransitive" trans="see" translit=""/><ana lex="เห็น" pos="verb,transitive" trans="see" translit=""/><ana lex="เห็น" pos="verb,transitive" trans="sight" translit=""/><ana lex="เห็น" pos="verb,transitive" trans="twig" translit=""/><ana lex="เห็น" pos="verb,transitive" trans="vide" translit=""/></w><w>งาม<ana lex="งาม" pos="verb" trans="be beautiful" translit=""/><ana lex="งาม" pos="adjective" trans="aesthetic" translit=""/></w></se><se><w>มวล<ana lex="มวล" pos="adjective" trans="entire" translit=""/><ana lex="มวล" pos="noun" trans="mass" translit=""/></w><w>หมู่<ana lex="หมู่" pos="noun" trans="at the present time" translit=""/><ana lex="หมู่" pos="noun" trans="batch" translit=""/><ana lex="หมู่" pos="classifier" trans="group" translit=""/><ana lex="หมู่" pos="noun" trans="group" translit=""/></w><w>ชน<ana lex="ชน" pos="PHRV" trans="run down1" translit=""/><ana lex="ชน" pos="PHRV" trans="bump into" translit=""/><ana lex="ชน" pos="verb" trans="complete" translit=""/><ana lex="ชน" pos="verb" trans="fight" translit=""/><ana lex="ชน" pos="PHRV" trans="go into" translit=""/><ana lex="ชน" pos="noun" trans="people" translit=""/><ana lex="ชน" pos="verb,transitive" trans="hit" translit=""/><ana lex="ชน" pos="PHRV" trans="dash against" translit=""/><ana lex="ชน" pos="verb,intransitive" trans="bump" translit=""/><ana lex="ชน" pos="verb,intransitive" trans="hit" translit=""/><ana lex="ชน" pos="verb,intransitive" trans="cannon" translit=""/><ana lex="ชน" pos="verb" trans="collide with" translit=""/></w><w>หลง<ana lex="หลง" pos="verb" trans="be misled" translit=""/><ana lex="หลง" pos="verb" trans="lose one's way" translit=""/><ana lex="หลง" pos="verb" trans="remain" translit=""/><ana lex="หลง" pos="verb,intransitive" trans="drift" translit=""/><ana lex="หลง" pos="verb" trans="be infatuated" translit=""/></w><w>ตาม<ana lex="ตาม" pos="verb,intransitive" trans="trail" translit=""/><ana lex="ตาม" pos="verb" trans="invite" translit=""/><ana lex="ตาม" pos="verb" trans="pursue" translit=""/><ana lex="ตาม" pos="preposition" trans="along" translit=""/><ana lex="ตาม" pos="verb" trans="follow" translit=""/><ana lex="ตาม" pos="verb,transitive" trans="follow" translit=""/><ana lex="ตาม" pos="preposition" trans="in accordance with" translit=""/><ana lex="ตาม" pos="adverb" trans="fatefully" translit=""/><ana lex="ตาม" pos="adverb" trans="follow" translit=""/></w></se><se><w>เชื่อ<ana lex="เชื่อ" pos="PHRV" trans="go away with" translit=""/><ana lex="เชื่อ" pos="verb,transitive" trans="believe" translit=""/><ana lex="เชื่อ" pos="verb,transitive" trans="accept" translit=""/><ana lex="เชื่อ" pos="verb" trans="believe" translit=""/><ana lex="เชื่อ" pos="verb" trans="believe in" translit=""/><ana lex="เชื่อ" pos="SL" trans="Adam and Eve" translit=""/><ana lex="เชื่อ" pos="verb" trans="buy on credit" translit=""/><ana lex="เชื่อ" pos="verb,transitive" trans="see" translit=""/></w><w>ถ้อย<ana lex="ถ้อย" pos="noun" trans="speech" translit=""/><ana lex="ถ้อย" pos="noun" trans="words; wording; speech; utterance; diction; verbal expression; statement; terms" translit="thaawyF"/></w></se><se><w>ความ<ana lex="ความ" pos="noun" trans="case" translit=""/><ana lex="ความ" pos="noun" trans="content" translit=""/></w><w>จริง<ana lex="จริง" pos="adverb" trans="really" translit=""/><ana lex="จริง" pos="adjective" trans="veritable" translit=""/><ana lex="จริง" pos="adjective" trans="real" translit=""/></w><w>สิ่ง<ana lex="สิ่ง" pos="noun" trans="thing" translit=""/><ana lex="สิ่ง" pos="noun" trans="thing" translit=""/></w><w>เลว<ana lex="เลว" pos="adjective" trans="bad" translit=""/><ana lex="เลว" pos="verb" trans="be bad" translit=""/><ana lex="เลว" pos="adjective" trans="bad" translit=""/><ana lex="เลว" pos="adjective" trans="ill" translit=""/><ana lex="เลว" pos="adverb" trans="badly" translit=""/></w><w>ทราม<ana lex="ทราม" pos="adjective" trans="bad" translit=""/><ana lex="ทราม" pos="adjective" trans="[ใจทราม] [is] immoral; evil of heart; mean" translit="saamM"/><ana lex="ทราม" pos="adverb" trans="profusely; vastly; extensively" translit="saamM"/><ana lex="ทราม" pos="adjective,formal" trans="[showing strong disapproval] low; mean; base; degraded; menial; servile; inferior" translit="saamM"/><ana lex="ทราม" pos="adverb" trans="profusely" translit=""/></w></se><se><w>แอบ<ana lex="แอบ" pos="verb" trans="hide" translit=""/><ana lex="แอบ" pos="verb" trans="tuck away" translit=""/></w><w>ซ่อน<ana lex="ซ่อน" pos="idiom" trans="rout out" translit=""/><ana lex="ซ่อน" pos="PHRV" trans="plant on" translit=""/><ana lex="ซ่อน" pos="verb" trans="hide" translit=""/><ana lex="ซ่อน" pos="verb,transitive" trans="hide" translit=""/><ana lex="ซ่อน" pos="verb,transitive" trans="shroud" translit=""/><ana lex="ซ่อน" pos="PHRV" trans="blot out" translit=""/><ana lex="ซ่อน" pos="verb,intransitive" trans="hide" translit=""/><ana lex="ซ่อน" pos="PHRV" trans="cover up" translit=""/><ana lex="ซ่อน" pos="verb,transitive" trans="occult" translit=""/></w></se><se><w>ไว้<ana lex="ไว้" pos="verb" trans="keep" translit=""/></w><w>นา<ana lex="นา" pos="noun" trans="field" translit=""/><ana lex="นา" pos="" trans="[alternate spelling of นะ ]" translit="naaM"/></w></se><se><w>เผยแผ่</w><w>ภาพ<ana lex="ภาพ" pos="noun" trans="tableau" translit=""/><ana lex="ภาพ" pos="noun" trans="sight" translit=""/><ana lex="ภาพ" pos="" trans="[alternate pronunciation of ภาพ ]" translit="phaapF phaH"/><ana lex="ภาพ" pos="noun" trans="picture" translit=""/></w><w>เรียง<ana lex="เรียง" pos="PHRV" trans="line up" translit=""/><ana lex="เรียง" pos="verb,transitive" trans="to arrange; place in order; line up" translit="riiangM"/><ana lex="เรียง" pos="verb" trans="arrange" translit=""/><ana lex="เรียง" pos="noun" trans="[ความเรียง] essay; article; composition" translit="riiangM"/><ana lex="เรียง" pos="verb" trans="to compose" translit="riiangM"/><ana lex="เรียง" pos="noun" trans="[การเรียง] arrangement" translit="riiangM"/></w><w>ร้อย<ana lex="ร้อย" pos="noun" trans="hundred" translit=""/><ana lex="ร้อย" pos="verb" trans="thread" translit=""/><ana lex="ร้อย" pos="noun" trans="lieutenant" translit=""/><ana lex="ร้อย" pos="PRF" trans="centi-" translit=""/></w></se><se><w>สิ่ง<ana lex="สิ่ง" pos="noun" trans="thing" translit=""/><ana lex="สิ่ง" pos="noun" trans="thing" translit=""/></w><w>ล้วน<ana lex="ล้วน" pos="adverb" trans="all" translit=""/></w><w>แสน<ana lex="แสน" pos="adjective" trans="hundred thousand" translit=""/><ana lex="แสน" pos="adverb" trans="very" translit=""/><ana lex="แสน" pos="noun" trans="hundred thousand" translit=""/><ana lex="แสน" pos="noun" trans="hundred thousand" translit=""/></w><w>งาม<ana lex="งาม" pos="verb" trans="be beautiful" translit=""/><ana lex="งาม" pos="adjective" trans="aesthetic" translit=""/></w></se><se><w>@<ana lex="" pos="" trans="" translit=""/></w></se><se><w>ยาม<ana lex="ยาม" pos="noun" trans="picket" translit=""/><ana lex="ยาม" pos="noun" trans="watchman" translit=""/><ana lex="ยาม" pos="noun" trans="sentry" translit=""/><ana lex="ยาม" pos="noun" trans="time" translit=""/><ana lex="ยาม" pos="noun" trans="guard" translit=""/><ana lex="ยาม" pos="noun" trans="one of three periods into which the day was traditionally divided" translit=""/><ana lex="ยาม" pos="noun" trans="security guard" translit=""/></w><w>ความ<ana lex="ความ" pos="noun" trans="case" translit=""/><ana lex="ความ" pos="noun" trans="content" translit=""/></w><w>จริง<ana lex="จริง" pos="adverb" trans="really" translit=""/><ana lex="จริง" pos="adjective" trans="veritable" translit=""/><ana lex="จริง" pos="adjective" trans="real" translit=""/></w><w>ล่วงรู้<ana lex="ล่วงรู้" pos="verb" trans="to perceive; foresee; sense; detect; know in advance" translit="luaangF ruuH"/><ana lex="ล่วงรู้" pos="verb" trans="perceive" translit=""/></w></se><se><w>ตาม<ana lex="ตาม" pos="verb,intransitive" trans="trail" translit=""/><ana lex="ตาม" pos="verb" trans="invite" translit=""/><ana lex="ตาม" pos="verb" trans="pursue" translit=""/><ana lex="ตาม" pos="preposition" trans="along" translit=""/><ana lex="ตาม" pos="verb" trans="follow" translit=""/><ana lex="ตาม" pos="verb,transitive" trans="follow" translit=""/><ana lex="ตาม" pos="preposition" trans="in accordance with" translit=""/><ana lex="ตาม" pos="adverb" trans="fatefully" translit=""/><ana lex="ตาม" pos="adverb" trans="follow" translit=""/></w><w>ทัน<ana lex="ทัน" pos="verb" trans="overtake" translit=""/><ana lex="ทัน" pos="adjective" trans="in time" translit=""/><ana lex="ทัน" pos="adverb" trans="in time" translit=""/><ana lex="ทัน" pos="verb" trans="catch up with" translit=""/><ana lex="ทัน" pos="verb,transitive" trans="make" translit=""/><ana lex="ทัน" pos="adverb" trans="in time" translit=""/></w></se><se><w>พลัง<ana lex="พลัง" pos="SL" trans="moxie" translit=""/><ana lex="พลัง" pos="noun" trans="strength" translit=""/><ana lex="พลัง" pos="SL" trans="oomph" translit=""/><ana lex="พลัง" pos="noun" trans="power" translit=""/><ana lex="พลัง" pos="noun" trans="power" translit=""/><ana lex="พลัง" pos="noun" trans="strength" translit=""/></w><w>แห่ง<ana lex="แห่ง" pos="noun" trans="place" translit=""/><ana lex="แห่ง" pos="preposition" trans="of" translit=""/><ana lex="แห่ง" pos="noun" trans="place" translit=""/></w><w>ชน<ana lex="ชน" pos="PHRV" trans="run down1" translit=""/><ana lex="ชน" pos="PHRV" trans="bump into" translit=""/><ana lex="ชน" pos="verb" trans="complete" translit=""/><ana lex="ชน" pos="verb" trans="fight" translit=""/><ana lex="ชน" pos="PHRV" trans="go into" translit=""/><ana lex="ชน" pos="noun" trans="people" translit=""/><ana lex="ชน" pos="verb,transitive" trans="hit" translit=""/><ana lex="ชน" pos="PHRV" trans="dash against" translit=""/><ana lex="ชน" pos="verb,intransitive" trans="bump" translit=""/><ana lex="ชน" pos="verb,intransitive" trans="hit" translit=""/><ana lex="ชน" pos="verb,intransitive" trans="cannon" translit=""/><ana lex="ชน" pos="verb" trans="collide with" translit=""/></w><w>อนันต์<ana lex="อนันต์" pos="adjective,formal,loanword,Pali" trans="countless; boundless; endless; infinite; everlasting; perpetual; incalculable [see Notes]" translit="aL nanM"/><ana lex="อนันต์" pos="adverb" trans="countless" translit=""/><ana lex="อนันต์" pos="proper noun" trans="Anan [a Thai given name]" translit="aL nanM"/></w></se><se><w>เอ่อ</w><w>ล้น<ana lex="ล้น" pos="verb" trans="overflow" translit=""/><ana lex="ล้น" pos="PHRV" trans="spill over" translit=""/><ana lex="ล้น" pos="verb" trans="be excessive" translit=""/><ana lex="ล้น" pos="PHRV" trans="brim over" translit=""/><ana lex="ล้น" pos="PHRV" trans="bubble over" translit=""/></w></se><se><w>เสียง<ana lex="เสียง" pos="SUF" trans="-phone" translit=""/><ana lex="เสียง" pos="noun" trans="vote" translit=""/><ana lex="เสียง" pos="noun" trans="voice" translit=""/><ana lex="เสียง" pos="PRF" trans="phono-" translit=""/><ana lex="เสียง" pos="PRF" trans="phon-" translit=""/><ana lex="เสียง" pos="noun" trans="sound" translit=""/><ana lex="เสียง" pos="idiom" trans="place all one's eggs in one basket" translit=""/><ana lex="เสียง" pos="noun" trans="sonancy" translit=""/><ana lex="เสียง" pos="noun" trans="sonance" translit=""/></w><w>ขับ<ana lex="ขับ" pos="verb" trans="drive away" translit=""/><ana lex="ขับ" pos="verb" trans="drive" translit=""/></w><w>ไล่</w><w>โจษจัน<ana lex="โจษจัน" pos="adjective" trans="spreading" translit=""/><ana lex="โจษจัน" pos="verb" trans="to spread a rumor; talk about widely" translit="jo:htL janM"/><ana lex="โจษจัน" pos="verb" trans="rumor" translit=""/></w></se><se><w>อึงมี่<ana lex="อึงมี่" pos="adverb" trans="noisily" translit=""/></w></se><se><w>สาปส่ง<ana lex="สาปส่ง" pos="verb" trans="curse" translit=""/><ana lex="สาปส่ง" pos="verb" trans="to curse; scold" translit="saapL sohngL"/></w><w>ไป<ana lex="ไป" pos="PRF" trans="ad-" translit=""/><ana lex="ไป" pos="verb" trans="go" translit=""/><ana lex="ไป" pos="SL" trans="chip" translit=""/><ana lex="ไป" pos="SL" trans="gone for a Burton" translit=""/><ana lex="ไป" pos="verb,intransitive" trans="go" translit=""/></w><w>ให้<ana lex="ให้" pos="verb,transitive" trans="afford" translit=""/><ana lex="ให้" pos="verb" trans="give" translit=""/><ana lex="ให้" pos="verb,transitive" trans="give" translit=""/><ana lex="ให้" pos="verb,transitive" trans="dispense" translit=""/><ana lex="ให้" pos="verb,transitive" trans="bestow" translit=""/><ana lex="ให้" pos="verb" trans="give" translit=""/><ana lex="ให้" pos="verb,transitive" trans="accord" translit=""/><ana lex="ให้" pos="auxiliary verb" trans="to" translit=""/><ana lex="ให้" pos="verb" trans="permit" translit=""/></w><w>พ้น<ana lex="พ้น" pos="verb" trans="pass" translit=""/><ana lex="พ้น" pos="verb" trans="pass" translit=""/></w></se><se><w>เช่น<ana lex="เช่น" pos="preposition" trans="like" translit=""/><ana lex="เช่น" pos="conjunction" trans="such as" translit=""/><ana lex="เช่น" pos="preposition" trans="like" translit=""/></w><w>นี้</w><w>การเมือง<ana lex="การเมือง" pos="noun" trans="[การเมือง] politics" translit="gaanM meuuangM"/><ana lex="การเมือง" pos="noun" trans="politics" translit=""/><ana lex="การเมือง" pos="noun" trans="politics" translit=""/></w></se><se><w>@<ana lex="" pos="" trans="" translit=""/></w></se><se><w>ขัด<ana lex="ขัด" pos="verb,intransitive" trans="scour" translit=""/><ana lex="ขัด" pos="verb,transitive" trans="abrade" translit=""/><ana lex="ขัด" pos="verb" trans="go against" translit=""/><ana lex="ขัด" pos="verb" trans="rub" translit=""/><ana lex="ขัด" pos="verb" trans="go against" translit=""/><ana lex="ขัด" pos="verb,transitive" trans="polish" translit=""/><ana lex="ขัด" pos="verb" trans="cross" translit=""/><ana lex="ขัด" pos="verb,transitive" trans="burnish" translit=""/><ana lex="ขัด" pos="verb" trans="act immorally" translit=""/></w><w>เคือง<ana lex="เคือง" pos="verb" trans="irritate" translit=""/><ana lex="เคือง" pos="verb" trans="be angry" translit=""/></w><w>คน<ana lex="คน" pos="noun" trans="bloke" translit=""/><ana lex="คน" pos="verb,transitive" trans="mill" translit=""/><ana lex="คน" pos="PRF" trans="anthropo-" translit=""/><ana lex="คน" pos="noun" trans="human" translit=""/><ana lex="คน" pos="noun" trans="people" translit=""/><ana lex="คน" pos="noun" trans="being" translit=""/><ana lex="คน" pos="PHRV" trans="stir about" translit=""/><ana lex="คน" pos="PHRV" trans="stir around" translit=""/><ana lex="คน" pos="SL" trans="bod" translit=""/><ana lex="คน" pos="classifier" trans="person" translit=""/><ana lex="คน" pos="verb" trans="stir" translit=""/></w><w>เหล่า<ana lex="เหล่า" pos="noun" trans="(armed) services" translit=""/><ana lex="เหล่า" pos="noun" trans="group" translit=""/><ana lex="เหล่า" pos="classifier" trans="set" translit=""/></w><w>ผู้</w></se><se><w>เห็น<ana lex="เห็น" pos="PHRV" trans="clap on2" translit=""/><ana lex="เห็น" pos="SL" trans="clock" translit=""/><ana lex="เห็น" pos="verb,transitive" trans="behold" translit=""/><ana lex="เห็น" pos="verb,intransitive" trans="see" translit=""/><ana lex="เห็น" pos="verb,transitive" trans="see" translit=""/><ana lex="เห็น" pos="verb,transitive" trans="sight" translit=""/><ana lex="เห็น" pos="verb,transitive" trans="twig" translit=""/><ana lex="เห็น" pos="verb,transitive" trans="vide" translit=""/></w><w>ดี<ana lex="ดี" pos="adjective" trans="fine" translit=""/><ana lex="ดี" pos="adjective" trans="braw" translit=""/><ana lex="ดี" pos="SL" trans="hunky-dory" translit=""/><ana lex="ดี" pos="adjective" trans="useful" translit=""/><ana lex="ดี" pos="noun" trans="gallbladder" translit=""/><ana lex="ดี" pos="adjective" trans="nice" translit=""/><ana lex="ดี" pos="adjective" trans="fine" translit=""/><ana lex="ดี" pos="adjective" trans="tidy" translit=""/><ana lex="ดี" pos="SL" trans="kushty" translit=""/><ana lex="ดี" pos="SL" trans="tickety-boo" translit=""/><ana lex="ดี" pos="adjective" trans="well" translit=""/><ana lex="ดี" pos="PRF" trans="eu-" translit=""/><ana lex="ดี" pos="idiom" trans="Well and good" translit=""/><ana lex="ดี" pos="adjective" trans="good" translit=""/><ana lex="ดี" pos="adverb" trans="well" translit=""/><ana lex="ดี" pos="adjective" trans="high" translit=""/><ana lex="ดี" pos="adjective" trans="nice" translit=""/><ana lex="ดี" pos="adjective" trans="nice" translit=""/><ana lex="ดี" pos="adjective" trans="well" translit=""/></w></se><se><w>แหน<ana lex="แหน" pos="noun" trans="[ต้นแหน] duckweed" translit="naaeR"/><ana lex="แหน" pos="" trans="[euphonious suffix]" translit="haaenR"/><ana lex="แหน" pos="noun" trans="a plant Urobotrya siamensis Hiepko (Opiliaceae)" translit="haaenR"/></w><w>แห่<ana lex="แห่" pos="verb" trans="flock" translit=""/><ana lex="แห่" pos="noun" trans="parade" translit=""/></w><w>กัน<ana lex="กัน" pos="verb" trans="keep out" translit=""/><ana lex="กัน" pos="PRON" trans="one another" translit=""/><ana lex="กัน" pos="PHRV" trans="screen off" translit=""/><ana lex="กัน" pos="adverb" trans="together" translit=""/><ana lex="กัน" pos="verb" trans="shave" translit=""/><ana lex="กัน" pos="verb" trans="separate" translit=""/></w><w>โจมตี<ana lex="โจมตี" pos="PHRV" trans="fall on" translit=""/><ana lex="โจมตี" pos="PHRV" trans="tear into" translit=""/><ana lex="โจมตี" pos="PHRV" trans="rip into" translit=""/><ana lex="โจมตี" pos="PHRV" trans="fall upon" translit=""/><ana lex="โจมตี" pos="verb,transitive" trans="strike" translit=""/><ana lex="โจมตี" pos="verb,transitive" trans="trash" translit=""/><ana lex="โจมตี" pos="PHRV" trans="tie into" translit=""/><ana lex="โจมตี" pos="verb,transitive" trans="assail" translit=""/><ana lex="โจมตี" pos="PHRV" trans="walk into" translit=""/><ana lex="โจมตี" pos="PHRV" trans="go at" translit=""/><ana lex="โจมตี" pos="verb,transitive" trans="assault" translit=""/><ana lex="โจมตี" pos="verb,intransitive" trans="assault" translit=""/><ana lex="โจมตี" pos="verb,transitive" trans="charge" translit=""/><ana lex="โจมตี" pos="PHRV" trans="go for" translit=""/><ana lex="โจมตี" pos="verb,transitive" trans="sic" translit=""/><ana lex="โจมตี" pos="PHRV" trans="be at" translit=""/></w></se><se><w>ฝ่าย<ana lex="ฝ่าย" pos="classifier" trans="group" translit=""/><ana lex="ฝ่าย" pos="noun" trans="side" translit=""/><ana lex="ฝ่าย" pos="noun" trans="side" translit=""/></w><w>ต้าน<ana lex="ต้าน" pos="verb" trans="resist" translit=""/><ana lex="ต้าน" pos="PRF" trans="ant-" translit=""/><ana lex="ต้าน" pos="verb" trans="go against the wind" translit=""/><ana lex="ต้าน" pos="PRF" trans="contra-" translit=""/><ana lex="ต้าน" pos="PRF" trans="anti-" translit=""/><ana lex="ต้าน" pos="preposition" trans="against" translit=""/><ana lex="ต้าน" pos="PRF" trans="counter-" translit=""/><ana lex="ต้าน" pos="PRF" trans="with-" translit=""/></w></se><se><w>จน<ana lex="จน" pos="conjunction" trans="until" translit=""/><ana lex="จน" pos="adjective" trans="bad-off" translit=""/><ana lex="จน" pos="verb" trans="be poor" translit=""/><ana lex="จน" pos="adjective" trans="badly-off" translit=""/></w><w>สอง<ana lex="สอง" pos="PRF" trans="bis-" translit=""/><ana lex="สอง" pos="adjective" trans="twain" translit=""/><ana lex="สอง" pos="PRF" trans="bi-" translit=""/><ana lex="สอง" pos="pronoun" trans="two" translit=""/><ana lex="สอง" pos="adjective" trans="two" translit=""/></w><w>ฝ่าย<ana lex="ฝ่าย" pos="classifier" trans="group" translit=""/><ana lex="ฝ่าย" pos="noun" trans="side" translit=""/><ana lex="ฝ่าย" pos="noun" trans="side" translit=""/></w><w>ราวี<ana lex="ราวี" pos="verb" trans="attack" translit=""/><ana lex="ราวี" pos="" trans="to attack; harass; vex; annoy; disturb" translit="raaM weeM"/></w></se><se><w>ถึง<ana lex="ถึง" pos="verb" trans="be skillful" translit=""/><ana lex="ถึง" pos="verb,transitive" trans="attain" translit=""/><ana lex="ถึง" pos="conjunction" trans="even though" translit=""/><ana lex="ถึง" pos="preposition" trans="to" translit=""/><ana lex="ถึง" pos="verb" trans="reach" translit=""/><ana lex="ถึง" pos="verb" trans="be ...enough" translit=""/><ana lex="ถึง" pos="preposition" trans="to" translit=""/><ana lex="ถึง" pos="conjunction" trans="then" translit=""/></w><w>เข่น<ana lex="เข่น" pos="verb" trans="to beat" translit=""/><ana lex="เข่น" pos="verb" trans="to beat or pound upon; to hit" translit="khenL"/></w></se><se><w>ฆ่า<ana lex="ฆ่า" pos="idiom" trans="do someone to death" translit=""/><ana lex="ฆ่า" pos="verb" trans="assassinate" translit=""/><ana lex="ฆ่า" pos="verb" trans="cancel" translit=""/><ana lex="ฆ่า" pos="SL" trans="croak" translit=""/><ana lex="ฆ่า" pos="verb,transitive" trans="bag" translit=""/><ana lex="ฆ่า" pos="SL" trans="waste" translit=""/><ana lex="ฆ่า" pos="verb,transitive" trans="shed blood" translit=""/><ana lex="ฆ่า" pos="verb,transitive" trans="destroy" translit=""/><ana lex="ฆ่า" pos="PHRV" trans="carry off1" translit=""/><ana lex="ฆ่า" pos="PHRV" trans="make away with" translit=""/><ana lex="ฆ่า" pos="PHRV" trans="kill off" translit=""/><ana lex="ฆ่า" pos="PHRV" trans="cut down" translit=""/><ana lex="ฆ่า" pos="idiom" trans="lay violent hands on oneself" translit=""/><ana lex="ฆ่า" pos="verb,transitive" trans="kill" translit=""/><ana lex="ฆ่า" pos="PHRV" trans="cut down" translit=""/><ana lex="ฆ่า" pos="PHRV" trans="cut off" translit=""/><ana lex="ฆ่า" pos="PHRV" trans="account for" translit=""/><ana lex="ฆ่า" pos="PHRV" trans="polish of" translit=""/><ana lex="ฆ่า" pos="verb,transitive" trans="despatch" translit=""/></w><w>เอย<ana lex="เอย" pos="END" trans="a particle used to end a piece of verse" translit=""/><ana lex="เอย" pos="END" trans="a particle following a word to show it is an example" translit=""/></w></se><se><w>เลือด<ana lex="เลือด" pos="noun" trans="gory" translit=""/><ana lex="เลือด" pos="PRF" trans="hemo-" translit=""/><ana lex="เลือด" pos="SL" trans="claret" translit=""/><ana lex="เลือด" pos="noun" trans="blood" translit=""/><ana lex="เลือด" pos="noun" trans="descent" translit=""/><ana lex="เลือด" pos="noun" trans="blood" translit=""/><ana lex="เลือด" pos="noun" trans="gore" translit=""/></w><w>หลั่ง<ana lex="หลั่ง" pos="verb,transitive" trans="secrete" translit=""/><ana lex="หลั่ง" pos="verb" trans="run (e.g. of liquid)" translit=""/></w><w>ทรวง<ana lex="ทรวง" pos="noun" trans="[body] chest, bosom" translit="suaangM"/><ana lex="ทรวง" pos="noun" trans="chest" translit=""/></w><w>สะท้าน<ana lex="สะท้าน" pos="verb" trans="shiver" translit=""/><ana lex="สะท้าน" pos="adverb" trans="loudly" translit=""/><ana lex="สะท้าน" pos="verb" trans="shiver" translit=""/><ana lex="สะท้าน" pos="verb" trans="shiver" translit=""/><ana lex="สะท้าน" pos="verb" trans="shiver" translit=""/></w></se><se><w>พ่าย<ana lex="พ่าย" pos="verb" trans="lose" translit=""/></w><w>แพ้<ana lex="แพ้" pos="adjective" trans="losing" translit=""/><ana lex="แพ้" pos="verb" trans="be allergic" translit=""/><ana lex="แพ้" pos="verb" trans="be defeated" translit=""/><ana lex="แพ้" pos="verb,intransitive" trans="fall" translit=""/><ana lex="แพ้" pos="adjective" trans="allergic" translit=""/></w><w>ทุก<ana lex="ทุก" pos="DET" trans="every" translit=""/></w><w>คน<ana lex="คน" pos="noun" trans="bloke" translit=""/><ana lex="คน" pos="verb,transitive" trans="mill" translit=""/><ana lex="คน" pos="PRF" trans="anthropo-" translit=""/><ana lex="คน" pos="noun" trans="human" translit=""/><ana lex="คน" pos="noun" trans="people" translit=""/><ana lex="คน" pos="noun" trans="being" translit=""/><ana lex="คน" pos="PHRV" trans="stir about" translit=""/><ana lex="คน" pos="PHRV" trans="stir around" translit=""/><ana lex="คน" pos="SL" trans="bod" translit=""/><ana lex="คน" pos="classifier" trans="person" translit=""/><ana lex="คน" pos="verb" trans="stir" translit=""/></w></se><se><w>.<ana lex="" pos="" trans="" translit=""/></w></se></body>