<body><meta><link>http://www.thaipoem.com/%E0%B8%81%E0%B8%A5%E0%B8%AD%E0%B8%99/%E0%B8%81%E0%B8%A5%E0%B8%AD%E0%B8%99%E0%B8%95%E0%B8%B2%E0%B8%A1%E0%B9%83%E0%B8%88%E0%B8%84%E0%B8%B8%E0%B8%93/116666</link><title>*-*..ไม่อยากให้เธอไว้ใจ..*-*</title><genre>poem</genre></meta><se><w>อยาก<ana lex="อยาก" pos="PHRV" trans="care for" translit=""/><ana lex="อยาก" pos="PHRV" trans="feel like" translit=""/></w><w>ให้<ana lex="ให้" pos="verb,transitive" trans="afford" translit=""/><ana lex="ให้" pos="verb" trans="give" translit=""/><ana lex="ให้" pos="verb,transitive" trans="give" translit=""/><ana lex="ให้" pos="verb,transitive" trans="dispense" translit=""/><ana lex="ให้" pos="verb,transitive" trans="bestow" translit=""/><ana lex="ให้" pos="verb" trans="give" translit=""/><ana lex="ให้" pos="verb,transitive" trans="accord" translit=""/><ana lex="ให้" pos="auxiliary verb" trans="to" translit=""/><ana lex="ให้" pos="verb" trans="permit" translit=""/></w><w>เธอ<ana lex="เธอ" pos="PRON" trans="you" translit=""/><ana lex="เธอ" pos="pronoun" trans="she" translit=""/><ana lex="เธอ" pos="pronoun" trans="her" translit=""/><ana lex="เธอ" pos="PRON" trans="she" translit=""/></w><w>เอาใจ<ana lex="เอาใจ" pos="idiom" trans="to someone's liking" translit=""/><ana lex="เอาใจ" pos="" trans="try to please; behave well; please" translit="aoM jaiM"/><ana lex="เอาใจ" pos="verb" trans="try to please" translit=""/><ana lex="เอาใจ" pos="" trans="try to please; behave well; please" translit="aoM jaiM"/></w><w>ฉัน<ana lex="ฉัน" pos="" trans="[alternate pronunciation of ฉัน ]" translit="chanH"/><ana lex="ฉัน" pos="pronoun" trans="me" translit=""/></w><w>ดั่ง<ana lex="ดั่ง" pos="preposition" trans="like" translit=""/></w><w>เคย<ana lex="เคย" pos="verb" trans="be accustomed to" translit=""/><ana lex="เคย" pos="noun" trans="planktonic shrimp" translit=""/><ana lex="เคย" pos="noun" trans="small sized shrimp" translit=""/><ana lex="เคย" pos="adverb" trans="ever" translit=""/><ana lex="เคย" pos="verb,intransitive" trans="be accustomed to" translit=""/><ana lex="เคย" pos="adverb" trans="once" translit=""/></w></se><se><w>อย่า<ana lex="อย่า" pos="auxiliary verb" trans="do not" translit=""/></w><w>ทำ<ana lex="ทำ" pos="verb" trans="make" translit=""/><ana lex="ทำ" pos="PHRV" trans="get in1" translit=""/><ana lex="ทำ" pos="PHRV" trans="get on with" translit=""/><ana lex="ทำ" pos="SUF" trans="-fy" translit=""/><ana lex="ทำ" pos="verb" trans="observe" translit=""/><ana lex="ทำ" pos="verb,transitive" trans="take" translit=""/><ana lex="ทำ" pos="verb" trans="act" translit=""/><ana lex="ทำ" pos="verb" trans="do" translit=""/><ana lex="ทำ" pos="verb" trans="work" translit=""/><ana lex="ทำ" pos="verb" trans="commit" translit=""/><ana lex="ทำ" pos="verb" trans="have plastic surgery" translit=""/><ana lex="ทำ" pos="PHRV" trans="be about2" translit=""/><ana lex="ทำ" pos="verb,transitive" trans="make" translit=""/></w><w>เฉย<ana lex="เฉย" pos="adjective" trans="vacant; not in use; unoccupied" translit="cheeuyR"/><ana lex="เฉย" pos="adjective" trans="[is] silent; still; unmoved; calm; collected; indifferent; cold" translit="cheeuyR"/><ana lex="เฉย" pos="verb,transitive" trans="to ignore; to pay no attention to; to disregard" translit="cheeuyR"/><ana lex="เฉย" pos="adjective" trans="[เฉย ๆ] [is] calm; impassive; indifferent (feeling or being so); peaceful; relaxed; feeling so-so" translit="cheeuyR"/><ana lex="เฉย" pos="adverb" trans="without authorization; presumptuously; without authority" translit="cheeuyR"/><ana lex="เฉย" pos="verb" trans="be still" translit=""/><ana lex="เฉย" pos="adverb" trans="[เฉย ๆ] simply; just; only" translit="cheeuyR"/><ana lex="เฉย" pos="adverb" trans="quietly" translit=""/></w><w>เหมือน<ana lex="เหมือน" pos="PRF" trans="homo-" translit=""/><ana lex="เหมือน" pos="verb,transitive" trans="mirror" translit=""/><ana lex="เหมือน" pos="PHRV" trans="take after" translit=""/><ana lex="เหมือน" pos="conjunction" trans="like" translit=""/><ana lex="เหมือน" pos="SUF" trans="-like" translit=""/><ana lex="เหมือน" pos="SUF" trans="-ly" translit=""/></w><w>ฉัน<ana lex="ฉัน" pos="" trans="[alternate pronunciation of ฉัน ]" translit="chanH"/><ana lex="ฉัน" pos="pronoun" trans="me" translit=""/></w><w>เป็น<ana lex="เป็น" pos="auxiliary verb" trans="are" translit=""/><ana lex="เป็น" pos="verb,intransitive" trans="been" translit=""/><ana lex="เป็น" pos="verb,intransitive" trans="come" translit=""/><ana lex="เป็น" pos="verb" trans="be able to" translit=""/><ana lex="เป็น" pos="verb" trans="be" translit=""/><ana lex="เป็น" pos="adjective" trans="alive" translit=""/></w><w>เช่น<ana lex="เช่น" pos="preposition" trans="like" translit=""/><ana lex="เช่น" pos="conjunction" trans="such as" translit=""/><ana lex="เช่น" pos="preposition" trans="like" translit=""/></w><w>สิ่งของ<ana lex="สิ่งของ" pos="noun" trans="thing" translit=""/><ana lex="สิ่งของ" pos="noun" trans="article" translit=""/><ana lex="สิ่งของ" pos="noun" trans="thing" translit=""/><ana lex="สิ่งของ" pos="noun" trans="stuff" translit=""/></w></se><se><w>ฉัน<ana lex="ฉัน" pos="" trans="[alternate pronunciation of ฉัน ]" translit="chanH"/><ana lex="ฉัน" pos="pronoun" trans="me" translit=""/></w><w>รัก<ana lex="รัก" pos="verb,transitive" trans="treasure" translit=""/><ana lex="รัก" pos="verb,transitive" trans="adore" translit=""/><ana lex="รัก" pos="PRF" trans="phil-" translit=""/><ana lex="รัก" pos="PRF" trans="philo-" translit=""/><ana lex="รัก" pos="PHRV" trans="be attached to" translit=""/></w><w>เธอ<ana lex="เธอ" pos="PRON" trans="you" translit=""/><ana lex="เธอ" pos="pronoun" trans="she" translit=""/><ana lex="เธอ" pos="pronoun" trans="her" translit=""/><ana lex="เธอ" pos="PRON" trans="she" translit=""/></w><w>เธอ<ana lex="เธอ" pos="PRON" trans="you" translit=""/><ana lex="เธอ" pos="pronoun" trans="she" translit=""/><ana lex="เธอ" pos="pronoun" trans="her" translit=""/><ana lex="เธอ" pos="PRON" trans="she" translit=""/></w><w>รัก<ana lex="รัก" pos="verb,transitive" trans="treasure" translit=""/><ana lex="รัก" pos="verb,transitive" trans="adore" translit=""/><ana lex="รัก" pos="PRF" trans="phil-" translit=""/><ana lex="รัก" pos="PRF" trans="philo-" translit=""/><ana lex="รัก" pos="PHRV" trans="be attached to" translit=""/></w><w>ฉัน<ana lex="ฉัน" pos="" trans="[alternate pronunciation of ฉัน ]" translit="chanH"/><ana lex="ฉัน" pos="pronoun" trans="me" translit=""/></w><w>มั่นใจ<ana lex="มั่นใจ" pos="adjective" trans="sure" translit=""/><ana lex="มั่นใจ" pos="adverb" trans="confidently" translit=""/><ana lex="มั่นใจ" pos="adjective" trans="aggressive" translit=""/><ana lex="มั่นใจ" pos="idiom" trans="see to that / it (that)" translit=""/><ana lex="มั่นใจ" pos="verb" trans="be confident" translit=""/><ana lex="มั่นใจ" pos="idiom" trans="make sure" translit=""/></w><w>ปอง<ana lex="ปอง" pos="verb" trans="aim to get" translit=""/><ana lex="ปอง" pos="verb" trans="aim to get; to intend; to desire; to have an eye on; to aim for" translit="bpaawngM"/></w></se><se><w>แต่<ana lex="แต่" pos="adverb" trans="only" translit=""/><ana lex="แต่" pos="conjunction" trans="but" translit=""/><ana lex="แต่" pos="conjunction" trans="but" translit=""/><ana lex="แต่" pos="conjunction" trans="but" translit=""/><ana lex="แต่" pos="preposition" trans="earlier" translit=""/><ana lex="แต่" pos="conjunction" trans="only" translit=""/></w><w>เรา<ana lex="เรา" pos="pronoun" trans="us" translit=""/><ana lex="เรา" pos="PRON" trans="I" translit=""/><ana lex="เรา" pos="pronoun" trans="we" translit=""/><ana lex="เรา" pos="PRON" trans="you" translit=""/><ana lex="เรา" pos="PRON" trans="we" translit=""/></w><w>สอง<ana lex="สอง" pos="PRF" trans="bis-" translit=""/><ana lex="สอง" pos="adjective" trans="twain" translit=""/><ana lex="สอง" pos="PRF" trans="bi-" translit=""/><ana lex="สอง" pos="pronoun" trans="two" translit=""/><ana lex="สอง" pos="adjective" trans="two" translit=""/></w><w>ต่าง<ana lex="ต่าง" pos="adverb" trans="in place of" translit=""/><ana lex="ต่าง" pos="noun" trans="pack-saddle" translit=""/><ana lex="ต่าง" pos="verb" trans="differ" translit=""/><ana lex="ต่าง" pos="verb" trans="carry" translit=""/><ana lex="ต่าง" pos="adverb" trans="take as" translit=""/><ana lex="ต่าง" pos="DET" trans="each" translit=""/><ana lex="ต่าง" pos="adverb" trans="each" translit=""/><ana lex="ต่าง" pos="adjective" trans="foreign" translit=""/><ana lex="ต่าง" pos="DET" trans="each" translit=""/><ana lex="ต่าง" pos="adverb" trans="differ (farther or mother)" translit=""/></w><w>เปลี่ยน<ana lex="เปลี่ยน" pos="verb,intransitive" trans="convert" translit=""/><ana lex="เปลี่ยน" pos="verb,transitive" trans="convert" translit=""/><ana lex="เปลี่ยน" pos="verb" trans="vary" translit=""/><ana lex="เปลี่ยน" pos="verb,intransitive" trans="turn" translit=""/><ana lex="เปลี่ยน" pos="verb,transitive" trans="change" translit=""/><ana lex="เปลี่ยน" pos="verb,intransitive" trans="shift" translit=""/><ana lex="เปลี่ยน" pos="verb,transitive" trans="turn" translit=""/><ana lex="เปลี่ยน" pos="verb,transitive" trans="translate" translit=""/><ana lex="เปลี่ยน" pos="verb,transitive" trans="shift" translit=""/><ana lex="เปลี่ยน" pos="verb,transitive" trans="switch" translit=""/><ana lex="เปลี่ยน" pos="verb,transitive" trans="transmute" translit=""/></w><w>ไป<ana lex="ไป" pos="PRF" trans="ad-" translit=""/><ana lex="ไป" pos="verb" trans="go" translit=""/><ana lex="ไป" pos="SL" trans="chip" translit=""/><ana lex="ไป" pos="SL" trans="gone for a Burton" translit=""/><ana lex="ไป" pos="verb,intransitive" trans="go" translit=""/></w><w>ไม่<ana lex="ไม่" pos="adverb" trans="not" translit=""/><ana lex="ไม่" pos="PRF" trans="an-" translit=""/><ana lex="ไม่" pos="PRF" trans="un-" translit=""/><ana lex="ไม่" pos="PRF" trans="un-" translit=""/><ana lex="ไม่" pos="adjective" trans="nary" translit=""/><ana lex="ไม่" pos="NEG" trans="not" translit=""/><ana lex="ไม่" pos="PRF" trans="in-" translit=""/><ana lex="ไม่" pos="adverb" trans="no" translit=""/><ana lex="ไม่" pos="PRF" trans="non-" translit=""/><ana lex="ไม่" pos="PRF" trans="non-" translit=""/><ana lex="ไม่" pos="PRF" trans="in-" translit=""/><ana lex="ไม่" pos="SL" trans="no soup" translit=""/><ana lex="ไม่" pos="SL" trans="no sale" translit=""/><ana lex="ไม่" pos="SL" trans="nope" translit=""/><ana lex="ไม่" pos="SL" trans="No way!" translit=""/><ana lex="ไม่" pos="NEG" trans="not" translit=""/><ana lex="ไม่" pos="SL" trans="Nuts!" translit=""/></w><w>เหมือน<ana lex="เหมือน" pos="PRF" trans="homo-" translit=""/><ana lex="เหมือน" pos="verb,transitive" trans="mirror" translit=""/><ana lex="เหมือน" pos="PHRV" trans="take after" translit=""/><ana lex="เหมือน" pos="conjunction" trans="like" translit=""/><ana lex="เหมือน" pos="SUF" trans="-like" translit=""/><ana lex="เหมือน" pos="SUF" trans="-ly" translit=""/></w><w>เดิม<ana lex="เดิม" pos="adverb" trans="as before" translit=""/><ana lex="เดิม" pos="adjective" trans="old" translit=""/><ana lex="เดิม" pos="adverb" trans="at first" translit=""/></w></se><se><w>อย่า<ana lex="อย่า" pos="auxiliary verb" trans="do not" translit=""/></w><w>ไว้ใจ<ana lex="ไว้ใจ" pos="verb" trans="believe in" translit=""/><ana lex="ไว้ใจ" pos="verb,intransitive" trans="confide" translit=""/></w><w>คน<ana lex="คน" pos="noun" trans="bloke" translit=""/><ana lex="คน" pos="verb,transitive" trans="mill" translit=""/><ana lex="คน" pos="PRF" trans="anthropo-" translit=""/><ana lex="คน" pos="noun" trans="human" translit=""/><ana lex="คน" pos="noun" trans="people" translit=""/><ana lex="คน" pos="noun" trans="being" translit=""/><ana lex="คน" pos="PHRV" trans="stir about" translit=""/><ana lex="คน" pos="PHRV" trans="stir around" translit=""/><ana lex="คน" pos="SL" trans="bod" translit=""/><ana lex="คน" pos="classifier" trans="person" translit=""/><ana lex="คน" pos="verb" trans="stir" translit=""/></w><w>สวย<ana lex="สวย" pos="adjective" trans="picturesque" translit=""/><ana lex="สวย" pos="adjective" trans="pulchritudinous" translit=""/><ana lex="สวย" pos="adjective" trans="lily" translit=""/><ana lex="สวย" pos="verb" trans="be beautiful" translit=""/><ana lex="สวย" pos="adjective" trans="nice" translit=""/></w><w>รวย<ana lex="รวย" pos="adjective" trans="rich" translit=""/><ana lex="รวย" pos="adjective" trans="pleasant" translit=""/><ana lex="รวย" pos="verb" trans="be rich" translit=""/><ana lex="รวย" pos="adverb" trans="softly" translit=""/><ana lex="รวย" pos="adjective" trans="rich" translit=""/></w><w>เสน่ห์<ana lex="เสน่ห์" pos="noun" trans="charm" translit=""/><ana lex="เสน่ห์" pos="noun" trans="allurement" translit=""/><ana lex="เสน่ห์" pos="noun" trans="charisma" translit=""/><ana lex="เสน่ห์" pos="noun" trans="charm" translit=""/><ana lex="เสน่ห์" pos="noun" trans="madstone" translit=""/><ana lex="เสน่ห์" pos="noun" trans="charms" translit=""/><ana lex="เสน่ห์" pos="noun,formal,loanword,Pali" trans="charm; appeal; attraction; charisma; glamour" translit="saL nehL"/></w></se><se><w>มอบ<ana lex="มอบ" pos="verb,transitive" trans="deliver" translit=""/><ana lex="มอบ" pos="noun" trans="muzzle" translit=""/><ana lex="มอบ" pos="verb" trans="give" translit=""/><ana lex="มอบ" pos="verb" trans="fasten" translit=""/><ana lex="มอบ" pos="verb,transitive" trans="charge" translit=""/></w><w>ใจ<ana lex="ใจ" pos="noun" trans="heart" translit=""/><ana lex="ใจ" pos="noun" trans="mind" translit=""/></w><w>เท<ana lex="เท" pos="verb,transitive" trans="pour" translit=""/><ana lex="เท" pos="idiom" trans="pour forth" translit=""/><ana lex="เท" pos="verb" trans="pour" translit=""/><ana lex="เท" pos="verb" trans="slope" translit=""/><ana lex="เท" pos="adjective" trans="incline" translit=""/></w><w>ให้<ana lex="ให้" pos="verb,transitive" trans="afford" translit=""/><ana lex="ให้" pos="verb" trans="give" translit=""/><ana lex="ให้" pos="verb,transitive" trans="give" translit=""/><ana lex="ให้" pos="verb,transitive" trans="dispense" translit=""/><ana lex="ให้" pos="verb,transitive" trans="bestow" translit=""/><ana lex="ให้" pos="verb" trans="give" translit=""/><ana lex="ให้" pos="verb,transitive" trans="accord" translit=""/><ana lex="ให้" pos="auxiliary verb" trans="to" translit=""/><ana lex="ให้" pos="verb" trans="permit" translit=""/></w><w>หมด<ana lex="หมด" pos="PHRV" trans="run out" translit=""/><ana lex="หมด" pos="adverb" trans="low" translit=""/><ana lex="หมด" pos="verb,intransitive" trans="run out" translit=""/><ana lex="หมด" pos="verb" trans="be finished" translit=""/><ana lex="หมด" pos="verb,intransitive" trans="go" translit=""/><ana lex="หมด" pos="PHRV" trans="be out" translit=""/><ana lex="หมด" pos="idiom" trans="be at an end" translit=""/><ana lex="หมด" pos="verb,intransitive" trans="drain" translit=""/><ana lex="หมด" pos="PHRV" trans="be out of" translit=""/></w><w>แล้ว<ana lex="แล้ว" pos="adverb" trans="already" translit=""/><ana lex="แล้ว" pos="adverb" trans="already" translit=""/><ana lex="แล้ว" pos="adverb" trans="by now" translit=""/><ana lex="แล้ว" pos="adverb" trans="already" translit=""/></w><w>มี<ana lex="มี" pos="verb" trans="consist of" translit=""/><ana lex="มี" pos="verb" trans="there is/are" translit=""/><ana lex="มี" pos="verb" trans="have" translit=""/><ana lex="มี" pos="verb,transitive" trans="contain" translit=""/><ana lex="มี" pos="verb,transitive" trans="has" translit=""/><ana lex="มี" pos="verb,transitive" trans="have" translit=""/><ana lex="มี" pos="adjective" trans="rich" translit=""/></w><w>แวว<ana lex="แวว" pos="noun" trans="light; reflected light; gleam; sparkle; glint; look; expression; promise; cause of hope" translit="waaeoM"/><ana lex="แวว" pos="noun" trans="promising" translit=""/><ana lex="แวว" pos="adjective" trans="gleaming; sparkling" translit="waaeoM"/><ana lex="แวว" pos="noun" trans="glitter" translit=""/><ana lex="แวว" pos="noun" trans="promising" translit=""/><ana lex="แวว" pos="noun" trans="glitter" translit=""/></w><w>หาย<ana lex="หาย" pos="verb" trans="be lost" translit=""/><ana lex="หาย" pos="verb" trans="recover" translit=""/></w></se><se><w>เธอ<ana lex="เธอ" pos="PRON" trans="you" translit=""/><ana lex="เธอ" pos="pronoun" trans="she" translit=""/><ana lex="เธอ" pos="pronoun" trans="her" translit=""/><ana lex="เธอ" pos="PRON" trans="she" translit=""/></w><w>อย่า<ana lex="อย่า" pos="auxiliary verb" trans="do not" translit=""/></w><w>เห็น<ana lex="เห็น" pos="PHRV" trans="clap on2" translit=""/><ana lex="เห็น" pos="SL" trans="clock" translit=""/><ana lex="เห็น" pos="verb,transitive" trans="behold" translit=""/><ana lex="เห็น" pos="verb,intransitive" trans="see" translit=""/><ana lex="เห็น" pos="verb,transitive" trans="see" translit=""/><ana lex="เห็น" pos="verb,transitive" trans="sight" translit=""/><ana lex="เห็น" pos="verb,transitive" trans="twig" translit=""/><ana lex="เห็น" pos="verb,transitive" trans="vide" translit=""/></w><w>ฉัน<ana lex="ฉัน" pos="" trans="[alternate pronunciation of ฉัน ]" translit="chanH"/><ana lex="ฉัน" pos="pronoun" trans="me" translit=""/></w><w>เป็น<ana lex="เป็น" pos="auxiliary verb" trans="are" translit=""/><ana lex="เป็น" pos="verb,intransitive" trans="been" translit=""/><ana lex="เป็น" pos="verb,intransitive" trans="come" translit=""/><ana lex="เป็น" pos="verb" trans="be able to" translit=""/><ana lex="เป็น" pos="verb" trans="be" translit=""/><ana lex="เป็น" pos="adjective" trans="alive" translit=""/></w><w>แค่<ana lex="แค่" pos="adverb" trans="only" translit=""/></w><w>หมอนข้าง<ana lex="หมอนข้าง" pos="noun" trans="bolster (pillow)" translit="maawnR khaangF"/><ana lex="หมอนข้าง" pos="noun" trans="bolster" translit=""/></w><w>กาย<ana lex="กาย" pos="" trans="[alternate pronunciation of กาย ]" translit="gaaiM yaH"/><ana lex="กาย" pos="noun" trans="body" translit=""/></w></se><se><w>สิ่ง<ana lex="สิ่ง" pos="noun" trans="thing" translit=""/><ana lex="สิ่ง" pos="noun" trans="thing" translit=""/></w><w>สุดท้าย<ana lex="สุดท้าย" pos="interjection" trans="finis" translit=""/><ana lex="สุดท้าย" pos="idiom" trans="to the bitter end" translit=""/><ana lex="สุดท้าย" pos="adverb" trans="lastly" translit=""/><ana lex="สุดท้าย" pos="adjective" trans="last" translit=""/><ana lex="สุดท้าย" pos="adjective" trans="last" translit=""/><ana lex="สุดท้าย" pos="adverb" trans="finally; at last; in the end; ultimately" translit="sootL thaaiH"/><ana lex="สุดท้าย" pos="adverb" trans="last" translit=""/><ana lex="สุดท้าย" pos="adverb" trans="finally" translit=""/><ana lex="สุดท้าย" pos="adjective" trans="ultimate" translit=""/><ana lex="สุดท้าย" pos="adjective" trans="final" translit=""/><ana lex="สุดท้าย" pos="adjective" trans="last" translit=""/></w><w>อาจ<ana lex="อาจ" pos="adjective" trans="brave" translit=""/><ana lex="อาจ" pos="adverb" trans="can" translit=""/><ana lex="อาจ" pos="auxiliary verb" trans="could" translit=""/></w><w>เหลือ<ana lex="เหลือ" pos="verb,transitive" trans="leave" translit=""/><ana lex="เหลือ" pos="adjective" trans="surplus" translit=""/><ana lex="เหลือ" pos="verb" trans="remain" translit=""/></w><w>ไว้<ana lex="ไว้" pos="verb" trans="keep" translit=""/></w><w>ให้<ana lex="ให้" pos="verb,transitive" trans="afford" translit=""/><ana lex="ให้" pos="verb" trans="give" translit=""/><ana lex="ให้" pos="verb,transitive" trans="give" translit=""/><ana lex="ให้" pos="verb,transitive" trans="dispense" translit=""/><ana lex="ให้" pos="verb,transitive" trans="bestow" translit=""/><ana lex="ให้" pos="verb" trans="give" translit=""/><ana lex="ให้" pos="verb,transitive" trans="accord" translit=""/><ana lex="ให้" pos="auxiliary verb" trans="to" translit=""/><ana lex="ให้" pos="verb" trans="permit" translit=""/></w><w>ระอา<ana lex="ระอา" pos="verb" trans="be bored with" translit=""/><ana lex="ระอา" pos="adjective" trans="[น่าระอา] [is] tiring; dispirited; disturbing" translit="raH aaM"/><ana lex="ระอา" pos="adjective" trans="[is] fed up; bored with" translit="raH aaM"/><ana lex="ระอา" pos="verb,transitive" trans="bore" translit=""/></w></se><se><w>อย่า<ana lex="อย่า" pos="auxiliary verb" trans="do not" translit=""/></w><w>ปล่อย<ana lex="ปล่อย" pos="verb,transitive" trans="relinquish" translit=""/><ana lex="ปล่อย" pos="idiom" trans="let go of" translit=""/><ana lex="ปล่อย" pos="PHRV" trans="leave go of" translit=""/><ana lex="ปล่อย" pos="verb,transitive" trans="deliver" translit=""/><ana lex="ปล่อย" pos="verb" trans="allow" translit=""/><ana lex="ปล่อย" pos="PHRV" trans="let out" translit=""/><ana lex="ปล่อย" pos="verb,transitive" trans="unleash" translit=""/><ana lex="ปล่อย" pos="verb" trans="to release" translit=""/><ana lex="ปล่อย" pos="verb,intransitive" trans="loose" translit=""/><ana lex="ปล่อย" pos="verb,transitive" trans="turn" translit=""/></w><w>ให้<ana lex="ให้" pos="verb,transitive" trans="afford" translit=""/><ana lex="ให้" pos="verb" trans="give" translit=""/><ana lex="ให้" pos="verb,transitive" trans="give" translit=""/><ana lex="ให้" pos="verb,transitive" trans="dispense" translit=""/><ana lex="ให้" pos="verb,transitive" trans="bestow" translit=""/><ana lex="ให้" pos="verb" trans="give" translit=""/><ana lex="ให้" pos="verb,transitive" trans="accord" translit=""/><ana lex="ให้" pos="auxiliary verb" trans="to" translit=""/><ana lex="ให้" pos="verb" trans="permit" translit=""/></w><w>ฉัน<ana lex="ฉัน" pos="" trans="[alternate pronunciation of ฉัน ]" translit="chanH"/><ana lex="ฉัน" pos="pronoun" trans="me" translit=""/></w><w>เหงา<ana lex="เหงา" pos="verb" trans="feel lonely" translit=""/><ana lex="เหงา" pos="noun" trans="[ความเหงา] loneliness; solitude; desolation; isolation; seclusion" translit="ngaoR"/><ana lex="เหงา" pos="verb" trans="[เหงาใจ] [is] (feeling) lonely" translit="ngaoR"/><ana lex="เหงา" pos="adjective" trans="[is] lonely" translit="ngaoR"/></w><w>เลย<ana lex="เลย" pos="PRF" trans="extra-" translit=""/><ana lex="เลย" pos="auxiliary verb" trans="have to" translit=""/><ana lex="เลย" pos="verb" trans="pass" translit=""/><ana lex="เลย" pos="adverb" trans="really" translit=""/><ana lex="เลย" pos="noun" trans="Loei" translit=""/><ana lex="เลย" pos="adverb" trans="completely" translit=""/></w><w>ที่<ana lex="ที่" pos="PRON" trans="that" translit=""/><ana lex="ที่" pos="preposition" trans="at" translit=""/><ana lex="ที่" pos="noun" trans="word for utensil" translit=""/><ana lex="ที่" pos="preposition" trans="at" translit=""/><ana lex="ที่" pos="noun" trans="place" translit=""/><ana lex="ที่" pos="classifier" trans="qualifiers for places" translit=""/><ana lex="ที่" pos="noun" trans="ordinal number" translit=""/><ana lex="ที่" pos="preposition" trans="to" translit=""/><ana lex="ที่" pos="noun" trans="land" translit=""/></w><w>รัก<ana lex="รัก" pos="verb,transitive" trans="treasure" translit=""/><ana lex="รัก" pos="verb,transitive" trans="adore" translit=""/><ana lex="รัก" pos="PRF" trans="phil-" translit=""/><ana lex="รัก" pos="PRF" trans="philo-" translit=""/><ana lex="รัก" pos="PHRV" trans="be attached to" translit=""/></w></se><se><w>อาการ<ana lex="อาการ" pos="" trans="[alternate pronunciation of อาการ ]" translit="aaM gaaM raH"/><ana lex="อาการ" pos="noun" trans="organ" translit=""/><ana lex="อาการ" pos="noun" trans="symptom" translit=""/><ana lex="อาการ" pos="noun" trans="symptom" translit=""/></w><w>หนัก<ana lex="หนัก" pos="verb" trans="focus" translit=""/><ana lex="หนัก" pos="verb" trans="weigh" translit=""/><ana lex="หนัก" pos="adjective" trans="a lot" translit=""/><ana lex="หนัก" pos="adjective" trans="heavy" translit=""/><ana lex="หนัก" pos="adjective" trans="hefty" translit=""/><ana lex="หนัก" pos="adverb" trans="hard" translit=""/><ana lex="หนัก" pos="adjective" trans="much" translit=""/><ana lex="หนัก" pos="adverb" trans="heavily" translit=""/><ana lex="หนัก" pos="adverb" trans="severely" translit=""/></w><w>ความ<ana lex="ความ" pos="noun" trans="case" translit=""/><ana lex="ความ" pos="noun" trans="content" translit=""/></w><w>รัก<ana lex="รัก" pos="verb,transitive" trans="treasure" translit=""/><ana lex="รัก" pos="verb,transitive" trans="adore" translit=""/><ana lex="รัก" pos="PRF" trans="phil-" translit=""/><ana lex="รัก" pos="PRF" trans="philo-" translit=""/><ana lex="รัก" pos="PHRV" trans="be attached to" translit=""/></w><w>ชัก<ana lex="ชัก" pos="verb" trans="raise" translit=""/><ana lex="ชัก" pos="PHRV" trans="heave on" translit=""/><ana lex="ชัก" pos="verb" trans="draw" translit=""/><ana lex="ชัก" pos="PHRV" trans="heave at" translit=""/><ana lex="ชัก" pos="verb" trans="draw" translit=""/><ana lex="ชัก" pos="verb" trans="deduct" translit=""/><ana lex="ชัก" pos="verb" trans="cite" translit=""/><ana lex="ชัก" pos="auxiliary verb" trans="rather" translit=""/><ana lex="ชัก" pos="verb,transitive" trans="draw" translit=""/><ana lex="ชัก" pos="verb" trans="convulse" translit=""/></w><w>หวั่นไหว<ana lex="หวั่นไหว" pos="verb" trans="be shaken" translit=""/></w></se><se><w>หาก<ana lex="หาก" pos="conjunction" trans="if" translit=""/></w><w>รัก<ana lex="รัก" pos="verb,transitive" trans="treasure" translit=""/><ana lex="รัก" pos="verb,transitive" trans="adore" translit=""/><ana lex="รัก" pos="PRF" trans="phil-" translit=""/><ana lex="รัก" pos="PRF" trans="philo-" translit=""/><ana lex="รัก" pos="PHRV" trans="be attached to" translit=""/></w><w>ร้าง<ana lex="ร้าง" pos="verb" trans="be deserted" translit=""/><ana lex="ร้าง" pos="adjective" trans="deserted" translit=""/></w><w>แล้ว<ana lex="แล้ว" pos="adverb" trans="already" translit=""/><ana lex="แล้ว" pos="adverb" trans="already" translit=""/><ana lex="แล้ว" pos="adverb" trans="by now" translit=""/><ana lex="แล้ว" pos="adverb" trans="already" translit=""/></w><w>เธอ<ana lex="เธอ" pos="PRON" trans="you" translit=""/><ana lex="เธอ" pos="pronoun" trans="she" translit=""/><ana lex="เธอ" pos="pronoun" trans="her" translit=""/><ana lex="เธอ" pos="PRON" trans="she" translit=""/></w><w>จะ<ana lex="จะ" pos="auxiliary verb" trans="will" translit=""/><ana lex="จะ" pos="auxiliary verb" trans="will" translit=""/><ana lex="จะ" pos="" trans="[alternate spelling of จ้ะ]" translit="jaL"/></w><w>โทษ<ana lex="โทษ" pos="noun" trans="wicked things" translit=""/><ana lex="โทษ" pos="noun" trans="penalty" translit=""/><ana lex="โทษ" pos="noun" trans="punishment" translit=""/><ana lex="โทษ" pos="" trans="[alternate pronunciation of โทษ ]" translit="tho:htF saL"/><ana lex="โทษ" pos="verb" trans="blame" translit=""/></w><w>ใคร<ana lex="ใคร" pos="PRON" trans="who" translit=""/><ana lex="ใคร" pos="pronoun" trans="who" translit=""/></w></se><se><w>เอาใจ<ana lex="เอาใจ" pos="idiom" trans="to someone's liking" translit=""/><ana lex="เอาใจ" pos="" trans="try to please; behave well; please" translit="aoM jaiM"/><ana lex="เอาใจ" pos="verb" trans="try to please" translit=""/><ana lex="เอาใจ" pos="" trans="try to please; behave well; please" translit="aoM jaiM"/></w><w>ใส่ความ<ana lex="ใส่ความ" pos="" trans="to slander; frame; defame" translit="saiL khwaamM"/><ana lex="ใส่ความ" pos="verb,transitive" trans="vilify" translit=""/><ana lex="ใส่ความ" pos="verb,transitive" trans="impute" translit=""/><ana lex="ใส่ความ" pos="verb" trans="slander" translit=""/></w><w>สำคัญ<ana lex="สำคัญ" pos="adjective" trans="important" translit=""/><ana lex="สำคัญ" pos="adjective" trans="central" translit=""/><ana lex="สำคัญ" pos="verb" trans="understand" translit=""/><ana lex="สำคัญ" pos="verb" trans="be important" translit=""/><ana lex="สำคัญ" pos="adjective" trans="staple" translit=""/><ana lex="สำคัญ" pos="adjective" trans="important" translit=""/><ana lex="สำคัญ" pos="adjective" trans="relevant" translit=""/><ana lex="สำคัญ" pos="adjective" trans="key" translit=""/><ana lex="สำคัญ" pos="adjective" trans="arch" translit=""/><ana lex="สำคัญ" pos="adjective" trans="chief" translit=""/><ana lex="สำคัญ" pos="adjective" trans="substantive" translit=""/><ana lex="สำคัญ" pos="adjective" trans="leading" translit=""/><ana lex="สำคัญ" pos="PHRV" trans="loom large" translit=""/><ana lex="สำคัญ" pos="adjective" trans="material" translit=""/><ana lex="สำคัญ" pos="adjective" trans="consequential" translit=""/><ana lex="สำคัญ" pos="SL" trans="red-hot" translit=""/><ana lex="สำคัญ" pos="adjective" trans="great" translit=""/><ana lex="สำคัญ" pos="verb" trans="important" translit=""/><ana lex="สำคัญ" pos="adjective" trans="considerable" translit=""/></w><w>ฉัน<ana lex="ฉัน" pos="" trans="[alternate pronunciation of ฉัน ]" translit="chanH"/><ana lex="ฉัน" pos="pronoun" trans="me" translit=""/></w><w>หน่อย<ana lex="หน่อย" pos="adverb" trans="a little while" translit=""/><ana lex="หน่อย" pos="adverb" trans="slightly" translit=""/></w><w>สิ<ana lex="สิ" pos="particle,colloquial" trans="[a particle placed at the end of a sentence to emphasize or indicate a request]" translit="siL"/><ana lex="สิ" pos="" trans="[alternate spelling of ซี่ ]" translit="siL"/></w></se><se><w>.<ana lex="" pos="" trans="" translit=""/></w></se><se><w>อย่า<ana lex="อย่า" pos="auxiliary verb" trans="do not" translit=""/></w><w>ไว้ใจ<ana lex="ไว้ใจ" pos="verb" trans="believe in" translit=""/><ana lex="ไว้ใจ" pos="verb,intransitive" trans="confide" translit=""/></w><w>ใน<ana lex="ใน" pos="preposition" trans="in" translit=""/><ana lex="ใน" pos="adjective" trans="in" translit=""/><ana lex="ใน" pos="PRF" trans="em-" translit=""/><ana lex="ใน" pos="PRF" trans="en-" translit=""/><ana lex="ใน" pos="PRF" trans="en-" translit=""/><ana lex="ใน" pos="PRF" trans="il-" translit=""/><ana lex="ใน" pos="preposition" trans="of" translit=""/><ana lex="ใน" pos="PRF" trans="in-" translit=""/><ana lex="ใน" pos="PRF" trans="im-" translit=""/><ana lex="ใน" pos="adverb" trans="in" translit=""/><ana lex="ใน" pos="preposition" trans="in" translit=""/></w><w>ตัว<ana lex="ตัว" pos="classifier" trans="numerative noun for animals and things" translit=""/><ana lex="ตัว" pos="classifier" trans="numerative noun for animals and things" translit=""/><ana lex="ตัว" pos="PRON" trans="you" translit=""/><ana lex="ตัว" pos="noun" trans="body" translit=""/><ana lex="ตัว" pos="PRON" trans="you" translit=""/></w><w>ฉัน<ana lex="ฉัน" pos="" trans="[alternate pronunciation of ฉัน ]" translit="chanH"/><ana lex="ฉัน" pos="pronoun" trans="me" translit=""/></w><w>นั้น<ana lex="นั้น" pos="pronoun" trans="that" translit=""/><ana lex="นั้น" pos="PRON" trans="that" translit=""/></w><w>มาก<ana lex="มาก" pos="adverb" trans="deep" translit=""/><ana lex="มาก" pos="adjective" trans="good" translit=""/><ana lex="มาก" pos="PRF" trans="multi-" translit=""/><ana lex="มาก" pos="adjective" trans="deep" translit=""/><ana lex="มาก" pos="adjective" trans="mickle" translit=""/><ana lex="มาก" pos="PRF" trans="mult-" translit=""/><ana lex="มาก" pos="PRF" trans="multi-" translit=""/><ana lex="มาก" pos="adjective" trans="much" translit=""/><ana lex="มาก" pos="adverb" trans="so" translit=""/><ana lex="มาก" pos="adverb" trans="very much" translit=""/><ana lex="มาก" pos="idiom" trans="quite a bit" translit=""/><ana lex="มาก" pos="idiom" trans="quite a lot" translit=""/><ana lex="มาก" pos="idiom" trans="quite a few" translit=""/><ana lex="มาก" pos="adjective" trans="such" translit=""/><ana lex="มาก" pos="idiom" trans="quite a number" translit=""/><ana lex="มาก" pos="SL" trans="boku" translit=""/><ana lex="มาก" pos="PRF" trans="poly-" translit=""/><ana lex="มาก" pos="SL" trans="bokoo" translit=""/><ana lex="มาก" pos="adverb" trans="abundantly" translit=""/></w><w>นัก<ana lex="นัก" pos="adverb" trans="extremely" translit=""/></w></se><se><w>ใคร<ana lex="ใคร" pos="PRON" trans="who" translit=""/><ana lex="ใคร" pos="pronoun" trans="who" translit=""/></w><w>มา<ana lex="มา" pos="PHRV" trans="get in1" translit=""/><ana lex="มา" pos="adverb" trans="coming (toward the present; or toward the focal time)" translit=""/><ana lex="มา" pos="verb,intransitive" trans="come" translit=""/><ana lex="มา" pos="verb" trans="arrive" translit=""/></w><w>ทัก<ana lex="ทัก" pos="noun" trans="a kind of basket made of bamboo used to collect salt" translit=""/><ana lex="ทัก" pos="verb" trans="warn" translit=""/><ana lex="ทัก" pos="verb" trans="greet" translit=""/><ana lex="ทัก" pos="verb" trans="to greet" translit="thakH"/></w><w>ฉัน<ana lex="ฉัน" pos="" trans="[alternate pronunciation of ฉัน ]" translit="chanH"/><ana lex="ฉัน" pos="pronoun" trans="me" translit=""/></w><w>ทัก<ana lex="ทัก" pos="noun" trans="a kind of basket made of bamboo used to collect salt" translit=""/><ana lex="ทัก" pos="verb" trans="warn" translit=""/><ana lex="ทัก" pos="verb" trans="greet" translit=""/><ana lex="ทัก" pos="verb" trans="to greet" translit="thakH"/></w><w>ตอบ<ana lex="ตอบ" pos="adjective" trans="sunken" translit=""/><ana lex="ตอบ" pos="verb" trans="answer" translit=""/><ana lex="ตอบ" pos="verb,transitive" trans="answer" translit=""/><ana lex="ตอบ" pos="verb,intransitive" trans="answer" translit=""/><ana lex="ตอบ" pos="PHRV" trans="reply for" translit=""/><ana lex="ตอบ" pos="verb,transitive" trans="respond" translit=""/><ana lex="ตอบ" pos="verb,transitive" trans="return" translit=""/><ana lex="ตอบ" pos="verb,intransitive" trans="respond" translit=""/><ana lex="ตอบ" pos="verb,transitive" trans="reply" translit=""/><ana lex="ตอบ" pos="verb,intransitive" trans="reply" translit=""/></w><w>ชอบ<ana lex="ชอบ" pos="verb,intransitive" trans="please" translit=""/><ana lex="ชอบ" pos="PHRV" trans="go on2" translit=""/><ana lex="ชอบ" pos="verb" trans="like" translit=""/><ana lex="ชอบ" pos="verb,transitive" trans="love" translit=""/><ana lex="ชอบ" pos="verb,transitive" trans="like" translit=""/><ana lex="ชอบ" pos="SL" trans="fancy" translit=""/><ana lex="ชอบ" pos="adjective" trans="fond (of)" translit=""/><ana lex="ชอบ" pos="verb" trans="be righteous" translit=""/><ana lex="ชอบ" pos="noun" trans="dig" translit=""/><ana lex="ชอบ" pos="auxiliary verb" trans="probably" translit=""/><ana lex="ชอบ" pos="PHRV" trans="go for" translit=""/></w><w>ก็<ana lex="ก็" pos="adverb" trans="also" translit=""/><ana lex="ก็" pos="conjunction" trans="as a result" translit=""/></w><w>เสริม<ana lex="เสริม" pos="verb" trans="support" translit=""/><ana lex="เสริม" pos="adjective" trans="auxiliary" translit=""/><ana lex="เสริม" pos="verb" trans="enhance" translit=""/><ana lex="เสริม" pos="verb,transitive" trans="reenforce" translit=""/></w></se><se><w>มา<ana lex="มา" pos="PHRV" trans="get in1" translit=""/><ana lex="มา" pos="adverb" trans="coming (toward the present; or toward the focal time)" translit=""/><ana lex="มา" pos="verb,intransitive" trans="come" translit=""/><ana lex="มา" pos="verb" trans="arrive" translit=""/></w><w>ชน<ana lex="ชน" pos="PHRV" trans="run down1" translit=""/><ana lex="ชน" pos="PHRV" trans="bump into" translit=""/><ana lex="ชน" pos="verb" trans="complete" translit=""/><ana lex="ชน" pos="verb" trans="fight" translit=""/><ana lex="ชน" pos="PHRV" trans="go into" translit=""/><ana lex="ชน" pos="noun" trans="people" translit=""/><ana lex="ชน" pos="verb,transitive" trans="hit" translit=""/><ana lex="ชน" pos="PHRV" trans="dash against" translit=""/><ana lex="ชน" pos="verb,intransitive" trans="bump" translit=""/><ana lex="ชน" pos="verb,intransitive" trans="hit" translit=""/><ana lex="ชน" pos="verb,intransitive" trans="cannon" translit=""/><ana lex="ชน" pos="verb" trans="collide with" translit=""/></w><w>แก้ว<ana lex="แก้ว" pos="noun" trans="glass" translit=""/><ana lex="แก้ว" pos="noun" trans="glass" translit=""/><ana lex="แก้ว" pos="noun" trans="glass" translit=""/><ana lex="แก้ว" pos="noun" trans="orange jasmine" translit=""/><ana lex="แก้ว" pos="noun" trans="parrot" translit=""/></w><w>ก็<ana lex="ก็" pos="adverb" trans="also" translit=""/><ana lex="ก็" pos="conjunction" trans="as a result" translit=""/></w><w>ชน<ana lex="ชน" pos="PHRV" trans="run down1" translit=""/><ana lex="ชน" pos="PHRV" trans="bump into" translit=""/><ana lex="ชน" pos="verb" trans="complete" translit=""/><ana lex="ชน" pos="verb" trans="fight" translit=""/><ana lex="ชน" pos="PHRV" trans="go into" translit=""/><ana lex="ชน" pos="noun" trans="people" translit=""/><ana lex="ชน" pos="verb,transitive" trans="hit" translit=""/><ana lex="ชน" pos="PHRV" trans="dash against" translit=""/><ana lex="ชน" pos="verb,intransitive" trans="bump" translit=""/><ana lex="ชน" pos="verb,intransitive" trans="hit" translit=""/><ana lex="ชน" pos="verb,intransitive" trans="cannon" translit=""/><ana lex="ชน" pos="verb" trans="collide with" translit=""/></w><w>ตอบ<ana lex="ตอบ" pos="adjective" trans="sunken" translit=""/><ana lex="ตอบ" pos="verb" trans="answer" translit=""/><ana lex="ตอบ" pos="verb,transitive" trans="answer" translit=""/><ana lex="ตอบ" pos="verb,intransitive" trans="answer" translit=""/><ana lex="ตอบ" pos="PHRV" trans="reply for" translit=""/><ana lex="ตอบ" pos="verb,transitive" trans="respond" translit=""/><ana lex="ตอบ" pos="verb,transitive" trans="return" translit=""/><ana lex="ตอบ" pos="verb,intransitive" trans="respond" translit=""/><ana lex="ตอบ" pos="verb,transitive" trans="reply" translit=""/><ana lex="ตอบ" pos="verb,intransitive" trans="reply" translit=""/></w><w>ชอบ<ana lex="ชอบ" pos="verb,intransitive" trans="please" translit=""/><ana lex="ชอบ" pos="PHRV" trans="go on2" translit=""/><ana lex="ชอบ" pos="verb" trans="like" translit=""/><ana lex="ชอบ" pos="verb,transitive" trans="love" translit=""/><ana lex="ชอบ" pos="verb,transitive" trans="like" translit=""/><ana lex="ชอบ" pos="SL" trans="fancy" translit=""/><ana lex="ชอบ" pos="adjective" trans="fond (of)" translit=""/><ana lex="ชอบ" pos="verb" trans="be righteous" translit=""/><ana lex="ชอบ" pos="noun" trans="dig" translit=""/><ana lex="ชอบ" pos="auxiliary verb" trans="probably" translit=""/><ana lex="ชอบ" pos="PHRV" trans="go for" translit=""/></w><w>ก็<ana lex="ก็" pos="adverb" trans="also" translit=""/><ana lex="ก็" pos="conjunction" trans="as a result" translit=""/></w><w>เติม<ana lex="เติม" pos="verb" trans="add" translit=""/><ana lex="เติม" pos="verb,transitive" trans="fill" translit=""/><ana lex="เติม" pos="verb,transitive" trans="line" translit=""/><ana lex="เติม" pos="verb,transitive" trans="replenish" translit=""/><ana lex="เติม" pos="verb,transitive" trans="brim" translit=""/></w></se><se><w>เธอ<ana lex="เธอ" pos="PRON" trans="you" translit=""/><ana lex="เธอ" pos="pronoun" trans="she" translit=""/><ana lex="เธอ" pos="pronoun" trans="her" translit=""/><ana lex="เธอ" pos="PRON" trans="she" translit=""/></w><w>คน<ana lex="คน" pos="noun" trans="bloke" translit=""/><ana lex="คน" pos="verb,transitive" trans="mill" translit=""/><ana lex="คน" pos="PRF" trans="anthropo-" translit=""/><ana lex="คน" pos="noun" trans="human" translit=""/><ana lex="คน" pos="noun" trans="people" translit=""/><ana lex="คน" pos="noun" trans="being" translit=""/><ana lex="คน" pos="PHRV" trans="stir about" translit=""/><ana lex="คน" pos="PHRV" trans="stir around" translit=""/><ana lex="คน" pos="SL" trans="bod" translit=""/><ana lex="คน" pos="classifier" trans="person" translit=""/><ana lex="คน" pos="verb" trans="stir" translit=""/></w><w>เริ่ม<ana lex="เริ่ม" pos="verb,transitive" trans="strike up" translit=""/><ana lex="เริ่ม" pos="verb,intransitive" trans="start" translit=""/><ana lex="เริ่ม" pos="PHRV" trans="institute against" translit=""/><ana lex="เริ่ม" pos="PHRV" trans="get away" translit=""/><ana lex="เริ่ม" pos="verb,intransitive" trans="begin" translit=""/><ana lex="เริ่ม" pos="verb,transitive" trans="start" translit=""/><ana lex="เริ่ม" pos="PHRV" trans="get off1" translit=""/><ana lex="เริ่ม" pos="PHRV" trans="start in" translit=""/></w><w>ทิ้ง<ana lex="ทิ้ง" pos="PHRV" trans="cast out" translit=""/><ana lex="ทิ้ง" pos="verb,transitive" trans="trash" translit=""/><ana lex="ทิ้ง" pos="PHRV" trans="cast off" translit=""/><ana lex="ทิ้ง" pos="verb" trans="run away" translit=""/><ana lex="ทิ้ง" pos="verb" trans="leave" translit=""/><ana lex="ทิ้ง" pos="verb,transitive" trans="dump" translit=""/><ana lex="ทิ้ง" pos="verb" trans="drop" translit=""/><ana lex="ทิ้ง" pos="verb,transitive" trans="abandon" translit=""/><ana lex="ทิ้ง" pos="verb" trans="discard" translit=""/><ana lex="ทิ้ง" pos="verb,transitive" trans="cast" translit=""/><ana lex="ทิ้ง" pos="verb,transitive" trans="ditch" translit=""/></w><w>ฉัน<ana lex="ฉัน" pos="" trans="[alternate pronunciation of ฉัน ]" translit="chanH"/><ana lex="ฉัน" pos="pronoun" trans="me" translit=""/></w><w>เป็น<ana lex="เป็น" pos="auxiliary verb" trans="are" translit=""/><ana lex="เป็น" pos="verb,intransitive" trans="been" translit=""/><ana lex="เป็น" pos="verb,intransitive" trans="come" translit=""/><ana lex="เป็น" pos="verb" trans="be able to" translit=""/><ana lex="เป็น" pos="verb" trans="be" translit=""/><ana lex="เป็น" pos="adjective" trans="alive" translit=""/></w><w>เช่น<ana lex="เช่น" pos="preposition" trans="like" translit=""/><ana lex="เช่น" pos="conjunction" trans="such as" translit=""/><ana lex="เช่น" pos="preposition" trans="like" translit=""/></w><w>ของ<ana lex="ของ" pos="noun" trans="thing" translit=""/><ana lex="ของ" pos="PRF" trans="a-" translit=""/><ana lex="ของ" pos="noun" trans="item" translit=""/><ana lex="ของ" pos="preposition" trans="of" translit=""/><ana lex="ของ" pos="preposition" trans="of" translit=""/></w><w>ตาย<ana lex="ตาย" pos="adjective" trans="defunct" translit=""/><ana lex="ตาย" pos="verb,intransitive" trans="demise" translit=""/><ana lex="ตาย" pos="verb,intransitive" trans="die" translit=""/><ana lex="ตาย" pos="verb" trans="lose" translit=""/><ana lex="ตาย" pos="SL" trans="cop it1" translit=""/><ana lex="ตาย" pos="SL" trans="croak" translit=""/><ana lex="ตาย" pos="SL" trans="kick the bucket" translit=""/><ana lex="ตาย" pos="SL" trans="buy it" translit=""/><ana lex="ตาย" pos="verb,intransitive" trans="decease" translit=""/><ana lex="ตาย" pos="verb,intransitive" trans="expire" translit=""/><ana lex="ตาย" pos="verb" trans="breakdown" translit=""/><ana lex="ตาย" pos="verb" trans="die" translit=""/><ana lex="ตาย" pos="adjective" trans="fixed" translit=""/><ana lex="ตาย" pos="verb,intransitive" trans="succumb" translit=""/><ana lex="ตาย" pos="verb" trans="be paralyzed" translit=""/><ana lex="ตาย" pos="verb,intransitive" trans="pass" translit=""/><ana lex="ตาย" pos="PHRV" trans="kick off" translit=""/><ana lex="ตาย" pos="idiom" trans="yield up the ghost" translit=""/><ana lex="ตาย" pos="PHRV" trans="sink to rest" translit=""/><ana lex="ตาย" pos="verb,intransitive" trans="perish" translit=""/><ana lex="ตาย" pos="SL" trans="boxed" translit=""/><ana lex="ตาย" pos="SL" trans="feeling no pain" translit=""/><ana lex="ตาย" pos="SL" trans="dead and gone" translit=""/><ana lex="ตาย" pos="PHRV" trans="die off" translit=""/><ana lex="ตาย" pos="SL" trans="belly up" translit=""/><ana lex="ตาย" pos="SL" trans="brown bread" translit=""/><ana lex="ตาย" pos="idiom" trans="(as) dead as a doornail" translit=""/><ana lex="ตาย" pos="idiom" trans="(as) dead as dodo" translit=""/><ana lex="ตาย" pos="SL" trans="off" translit=""/><ana lex="ตาย" pos="idiom" trans="be gathered to one's fathers" translit=""/><ana lex="ตาย" pos="PHRV" trans="go home" translit=""/><ana lex="ตาย" pos="PHRV" trans="pass over1" translit=""/></w></se><se><w>ฉัน<ana lex="ฉัน" pos="" trans="[alternate pronunciation of ฉัน ]" translit="chanH"/><ana lex="ฉัน" pos="pronoun" trans="me" translit=""/></w><w>รัก<ana lex="รัก" pos="verb,transitive" trans="treasure" translit=""/><ana lex="รัก" pos="verb,transitive" trans="adore" translit=""/><ana lex="รัก" pos="PRF" trans="phil-" translit=""/><ana lex="รัก" pos="PRF" trans="philo-" translit=""/><ana lex="รัก" pos="PHRV" trans="be attached to" translit=""/></w><w>เธอ<ana lex="เธอ" pos="PRON" trans="you" translit=""/><ana lex="เธอ" pos="pronoun" trans="she" translit=""/><ana lex="เธอ" pos="pronoun" trans="her" translit=""/><ana lex="เธอ" pos="PRON" trans="she" translit=""/></w><w>แต่<ana lex="แต่" pos="adverb" trans="only" translit=""/><ana lex="แต่" pos="conjunction" trans="but" translit=""/><ana lex="แต่" pos="conjunction" trans="but" translit=""/><ana lex="แต่" pos="conjunction" trans="but" translit=""/><ana lex="แต่" pos="preposition" trans="earlier" translit=""/><ana lex="แต่" pos="conjunction" trans="only" translit=""/></w><w>อย่า<ana lex="อย่า" pos="auxiliary verb" trans="do not" translit=""/></w><w>เผลอ<ana lex="เผลอ" pos="verb" trans="forget" translit=""/><ana lex="เผลอ" pos="verb" trans="be careless" translit=""/></w><w>ว่า</w><w>จะ<ana lex="จะ" pos="auxiliary verb" trans="will" translit=""/><ana lex="จะ" pos="auxiliary verb" trans="will" translit=""/><ana lex="จะ" pos="" trans="[alternate spelling of จ้ะ]" translit="jaL"/></w><w>ทน<ana lex="ทน" pos="verb,transitive" trans="abide" translit=""/><ana lex="ทน" pos="verb,transitive" trans="bear" translit=""/><ana lex="ทน" pos="verb" trans="be durable" translit=""/><ana lex="ทน" pos="PHRV" trans="stand for" translit=""/><ana lex="ทน" pos="PHRV" trans="spread on1" translit=""/><ana lex="ทน" pos="verb,intransitive" trans="brook" translit=""/><ana lex="ทน" pos="verb,intransitive" trans="stomach" translit=""/><ana lex="ทน" pos="verb" trans="endure" translit=""/></w></se><se><w>หาก<ana lex="หาก" pos="conjunction" trans="if" translit=""/></w><w>มี<ana lex="มี" pos="verb" trans="consist of" translit=""/><ana lex="มี" pos="verb" trans="there is/are" translit=""/><ana lex="มี" pos="verb" trans="have" translit=""/><ana lex="มี" pos="verb,transitive" trans="contain" translit=""/><ana lex="มี" pos="verb,transitive" trans="has" translit=""/><ana lex="มี" pos="verb,transitive" trans="have" translit=""/><ana lex="มี" pos="adjective" trans="rich" translit=""/></w><w>ใคร<ana lex="ใคร" pos="PRON" trans="who" translit=""/><ana lex="ใคร" pos="pronoun" trans="who" translit=""/></w><w>สัก<ana lex="สัก" pos="noun" trans="teak" translit=""/><ana lex="สัก" pos="verb" trans="tattoo" translit=""/><ana lex="สัก" pos="verb" trans="stretch" translit=""/><ana lex="สัก" pos="adverb" trans="just" translit=""/></w><w>คน<ana lex="คน" pos="noun" trans="bloke" translit=""/><ana lex="คน" pos="verb,transitive" trans="mill" translit=""/><ana lex="คน" pos="PRF" trans="anthropo-" translit=""/><ana lex="คน" pos="noun" trans="human" translit=""/><ana lex="คน" pos="noun" trans="people" translit=""/><ana lex="คน" pos="noun" trans="being" translit=""/><ana lex="คน" pos="PHRV" trans="stir about" translit=""/><ana lex="คน" pos="PHRV" trans="stir around" translit=""/><ana lex="คน" pos="SL" trans="bod" translit=""/><ana lex="คน" pos="classifier" trans="person" translit=""/><ana lex="คน" pos="verb" trans="stir" translit=""/></w><w>ผ่าน<ana lex="ผ่าน" pos="PHRV" trans="get by1" translit=""/><ana lex="ผ่าน" pos="verb" trans="ask a high price" translit=""/><ana lex="ผ่าน" pos="verb" trans="pass" translit=""/><ana lex="ผ่าน" pos="verb" trans="change" translit=""/><ana lex="ผ่าน" pos="PHRV" trans="enter by" translit=""/><ana lex="ผ่าน" pos="verb" trans="overcome" translit=""/><ana lex="ผ่าน" pos="verb,transitive" trans="passage" translit=""/><ana lex="ผ่าน" pos="verb,intransitive" trans="passage" translit=""/><ana lex="ผ่าน" pos="adverb" trans="thru" translit=""/><ana lex="ผ่าน" pos="preposition" trans="thru" translit=""/><ana lex="ผ่าน" pos="PRF" trans="dia-" translit=""/><ana lex="ผ่าน" pos="verb" trans="carry" translit=""/><ana lex="ผ่าน" pos="PRF" trans="per-" translit=""/><ana lex="ผ่าน" pos="PHRV" trans="get through2" translit=""/><ana lex="ผ่าน" pos="PHRV" trans="go past" translit=""/><ana lex="ผ่าน" pos="verb" trans="be used to" translit=""/><ana lex="ผ่าน" pos="adjective" trans="thru" translit=""/><ana lex="ผ่าน" pos="PHRV" trans="be past" translit=""/><ana lex="ผ่าน" pos="preposition" trans="by" translit=""/></w><w>หว่าน<ana lex="หว่าน" pos="verb" trans="sow" translit=""/></w><w>ใจ<ana lex="ใจ" pos="noun" trans="heart" translit=""/><ana lex="ใจ" pos="noun" trans="mind" translit=""/></w><w>หา<ana lex="หา" pos="verb" trans="grope" translit=""/><ana lex="หา" pos="verb" trans="accuse" translit=""/><ana lex="หา" pos="verb" trans="see" translit=""/><ana lex="หา" pos="verb,transitive" trans="find" translit=""/><ana lex="หา" pos="verb" trans="search for" translit=""/></w></se><se><w>หัวใจ<ana lex="หัวใจ" pos="SL" trans="tick-tock" translit=""/></w><w>ฉัน<ana lex="ฉัน" pos="" trans="[alternate pronunciation of ฉัน ]" translit="chanH"/><ana lex="ฉัน" pos="pronoun" trans="me" translit=""/></w><w>อาจ<ana lex="อาจ" pos="adjective" trans="brave" translit=""/><ana lex="อาจ" pos="adverb" trans="can" translit=""/><ana lex="อาจ" pos="auxiliary verb" trans="could" translit=""/></w><w>จะ<ana lex="จะ" pos="auxiliary verb" trans="will" translit=""/><ana lex="จะ" pos="auxiliary verb" trans="will" translit=""/><ana lex="จะ" pos="" trans="[alternate spelling of จ้ะ]" translit="jaL"/></w><w>เพ้อ<ana lex="เพ้อ" pos="verb,transitive,intransitive" trans="to be delirious; to rave in delirium; to be in a delirium; to be raving; to have hallucination" translit="phuuhrH"/><ana lex="เพ้อ" pos="verb" trans="rave" translit=""/><ana lex="เพ้อ" pos="verb" trans="speak incoherently" translit=""/><ana lex="เพ้อ" pos="verb" trans="[เพ้อเจ้อ] to speak nonsense; to drivel; blather; babble; prate" translit="phuuhrH"/><ana lex="เพ้อ" pos="verb,transitive,intransitive,colloquial" trans="to ramble; to babble, to witter on about; to talk or write in a desultory or long-winded wandering fashion" translit="phuuhrH"/><ana lex="เพ้อ" pos="noun" trans="[ความเพ้อเจ้อ] nonsense; foolishness; drivel" translit="phuuhrH"/></w><w>เจอ<ana lex="เจอ" pos="PHRV" trans="run into" translit=""/><ana lex="เจอ" pos="PHRV" trans="drop on" translit=""/><ana lex="เจอ" pos="verb" trans="meet" translit=""/></w><w>วาจา<ana lex="วาจา" pos="noun" trans="speech" translit=""/></w></se><se><w>เธอ<ana lex="เธอ" pos="PRON" trans="you" translit=""/><ana lex="เธอ" pos="pronoun" trans="she" translit=""/><ana lex="เธอ" pos="pronoun" trans="her" translit=""/><ana lex="เธอ" pos="PRON" trans="she" translit=""/></w><w>โปรด<ana lex="โปรด" pos="verb" trans="love" translit=""/><ana lex="โปรด" pos="verb" trans="help" translit=""/><ana lex="โปรด" pos="adjective" trans="favorite" translit=""/><ana lex="โปรด" pos="auxiliary verb" trans="please" translit=""/></w><w>หวน<ana lex="หวน" pos="verb" trans="turn back" translit=""/></w><w>คืน<ana lex="คืน" pos="PHRV" trans="give back" translit=""/><ana lex="คืน" pos="classifier" trans="night" translit=""/><ana lex="คืน" pos="PHRV" trans="carry back" translit=""/><ana lex="คืน" pos="verb" trans="return" translit=""/><ana lex="คืน" pos="PHRV" trans="give in to" translit=""/><ana lex="คืน" pos="noun" trans="night" translit=""/><ana lex="คืน" pos="adverb" trans="back" translit=""/></w><w>มา<ana lex="มา" pos="PHRV" trans="get in1" translit=""/><ana lex="มา" pos="adverb" trans="coming (toward the present; or toward the focal time)" translit=""/><ana lex="มา" pos="verb,intransitive" trans="come" translit=""/><ana lex="มา" pos="verb" trans="arrive" translit=""/></w><w>อย่า<ana lex="อย่า" pos="auxiliary verb" trans="do not" translit=""/></w><w>ไว้ใจ<ana lex="ไว้ใจ" pos="verb" trans="believe in" translit=""/><ana lex="ไว้ใจ" pos="verb,intransitive" trans="confide" translit=""/></w></se><se><w>สร้าง<ana lex="สร้าง" pos="PHRV" trans="put up" translit=""/><ana lex="สร้าง" pos="verb,transitive" trans="ground" translit=""/><ana lex="สร้าง" pos="verb,transitive" trans="build" translit=""/><ana lex="สร้าง" pos="PHRV" trans="fetch out" translit=""/><ana lex="สร้าง" pos="verb,transitive" trans="establish" translit=""/><ana lex="สร้าง" pos="verb,transitive" trans="produce" translit=""/><ana lex="สร้าง" pos="PHRV" trans="get up" translit=""/><ana lex="สร้าง" pos="verb,transitive" trans="raise" translit=""/><ana lex="สร้าง" pos="PHRV" trans="turn off1" translit=""/><ana lex="สร้าง" pos="PHRV" trans="get up" translit=""/><ana lex="สร้าง" pos="verb,transitive" trans="deliver" translit=""/><ana lex="สร้าง" pos="verb,transitive" trans="create" translit=""/><ana lex="สร้าง" pos="noun" trans="platform" translit=""/><ana lex="สร้าง" pos="verb" trans="build" translit=""/><ana lex="สร้าง" pos="PHRV" trans="make up" translit=""/><ana lex="สร้าง" pos="verb" trans="create" translit=""/><ana lex="สร้าง" pos="PHRV" trans="make on" translit=""/><ana lex="สร้าง" pos="PHRV" trans="make for" translit=""/><ana lex="สร้าง" pos="verb,transitive" trans="found" translit=""/><ana lex="สร้าง" pos="PHRV" trans="make up" translit=""/><ana lex="สร้าง" pos="verb,transitive" trans="construct" translit=""/></w></se><se><w>Comment<ana lex="" pos="" trans="" translit=""/></w></se><se><w>ง่ายๆ<ana lex="ง่ายๆ" pos="idiom" trans="sail through something" translit=""/><ana lex="ง่ายๆ" pos="idiom" trans="free and easy" translit=""/><ana lex="ง่ายๆ" pos="verb" trans="be simple" translit=""/><ana lex="ง่ายๆ" pos="adjective" trans="straightforward" translit=""/><ana lex="ง่ายๆ" pos="adjective" trans="simplex" translit=""/></w></se><se><w>ด้วย<ana lex="ด้วย" pos="PRF" trans="com-" translit=""/><ana lex="ด้วย" pos="adverb" trans="along" translit=""/><ana lex="ด้วย" pos="conjunction" trans="plus" translit=""/><ana lex="ด้วย" pos="preposition" trans="with" translit=""/><ana lex="ด้วย" pos="adverb" trans="also" translit=""/><ana lex="ด้วย" pos="conjunction" trans="because" translit=""/><ana lex="ด้วย" pos="preposition" trans="by" translit=""/><ana lex="ด้วย" pos="adverb" trans="so" translit=""/></w><w>ตัว<ana lex="ตัว" pos="classifier" trans="numerative noun for animals and things" translit=""/><ana lex="ตัว" pos="classifier" trans="numerative noun for animals and things" translit=""/><ana lex="ตัว" pos="PRON" trans="you" translit=""/><ana lex="ตัว" pos="noun" trans="body" translit=""/><ana lex="ตัว" pos="PRON" trans="you" translit=""/></w><w>คุณ<ana lex="คุณ" pos="" trans="[alternate pronunciation of คุณ ]" translit="khoonM naH"/><ana lex="คุณ" pos="noun" trans="Miss" translit=""/><ana lex="คุณ" pos="PRON" trans="you" translit=""/><ana lex="คุณ" pos="noun" trans="thou" translit=""/><ana lex="คุณ" pos="noun" trans="Khun" translit=""/><ana lex="คุณ" pos="noun" trans="black magic" translit=""/><ana lex="คุณ" pos="noun" trans="kindness" translit=""/><ana lex="คุณ" pos="noun" trans="advantage" translit=""/></w><w>เอง<ana lex="เอง" pos="adverb" trans="only" translit=""/><ana lex="เอง" pos="adverb" trans="alone" translit=""/><ana lex="เอง" pos="adverb" trans="only" translit=""/></w></se><se><w>.<ana lex="" pos="" trans="" translit=""/></w></se><se><w>คลิ๊ก</w><w>ที่<ana lex="ที่" pos="PRON" trans="that" translit=""/><ana lex="ที่" pos="preposition" trans="at" translit=""/><ana lex="ที่" pos="noun" trans="word for utensil" translit=""/><ana lex="ที่" pos="preposition" trans="at" translit=""/><ana lex="ที่" pos="noun" trans="place" translit=""/><ana lex="ที่" pos="classifier" trans="qualifiers for places" translit=""/><ana lex="ที่" pos="noun" trans="ordinal number" translit=""/><ana lex="ที่" pos="preposition" trans="to" translit=""/><ana lex="ที่" pos="noun" trans="land" translit=""/></w><w>นี่</w></se></body>