<body><meta><link>http://www.thaipoem.com/poem/119662</link><title>..อ้อนกลอนเพลงบรรเลงหนาว..</title><genre>poem</genre></meta><se><w>ฝาก<ana lex="ฝาก" pos="verb" trans="deposit" translit=""/><ana lex="ฝาก" pos="verb,transitive" trans="check" translit=""/></w><w>บทเพลง<ana lex="บทเพลง" pos="noun" trans="song" translit=""/></w></se><se><w>.<ana lex="" pos="" trans="" translit=""/></w></se><se><w>หอม<ana lex="หอม" pos="adjective" trans="fragrant" translit=""/><ana lex="หอม" pos="adjective" trans="fragrant" translit=""/><ana lex="หอม" pos="noun" trans="shallot" translit=""/><ana lex="หอม" pos="verb" trans="kiss" translit=""/></w><w>แก้ม<ana lex="แก้ม" pos="noun" trans="cheek" translit=""/><ana lex="แก้ม" pos="noun" trans="cheek" translit=""/></w></se><se><w>.<ana lex="" pos="" trans="" translit=""/></w></se><se><w>แนบ<ana lex="แนบ" pos="verb" trans="enclose" translit=""/><ana lex="แนบ" pos="verb" trans="cling" translit=""/></w><w>สอง<ana lex="สอง" pos="PRF" trans="bis-" translit=""/><ana lex="สอง" pos="adjective" trans="twain" translit=""/><ana lex="สอง" pos="PRF" trans="bi-" translit=""/><ana lex="สอง" pos="pronoun" trans="two" translit=""/><ana lex="สอง" pos="adjective" trans="two" translit=""/></w><w>ปรางค์<ana lex="ปรางค์" pos="noun" trans="pagoda" translit=""/><ana lex="ปรางค์" pos="noun" trans="pagoda; stupa" translit="bpraangM"/></w></se><se><w>อย่า<ana lex="อย่า" pos="auxiliary verb" trans="do not" translit=""/></w><w>อ้างว้าง<ana lex="อ้างว้าง" pos="verb" trans="isolate" translit=""/><ana lex="อ้างว้าง" pos="adjective" trans="desolate" translit=""/></w></se><se><w>.<ana lex="" pos="" trans="" translit=""/></w></se><se><w>คน<ana lex="คน" pos="noun" trans="bloke" translit=""/><ana lex="คน" pos="verb,transitive" trans="mill" translit=""/><ana lex="คน" pos="PRF" trans="anthropo-" translit=""/><ana lex="คน" pos="noun" trans="human" translit=""/><ana lex="คน" pos="noun" trans="people" translit=""/><ana lex="คน" pos="noun" trans="being" translit=""/><ana lex="คน" pos="PHRV" trans="stir about" translit=""/><ana lex="คน" pos="PHRV" trans="stir around" translit=""/><ana lex="คน" pos="SL" trans="bod" translit=""/><ana lex="คน" pos="classifier" trans="person" translit=""/><ana lex="คน" pos="verb" trans="stir" translit=""/></w><w>ดี<ana lex="ดี" pos="adjective" trans="fine" translit=""/><ana lex="ดี" pos="adjective" trans="braw" translit=""/><ana lex="ดี" pos="SL" trans="hunky-dory" translit=""/><ana lex="ดี" pos="adjective" trans="useful" translit=""/><ana lex="ดี" pos="noun" trans="gallbladder" translit=""/><ana lex="ดี" pos="adjective" trans="nice" translit=""/><ana lex="ดี" pos="adjective" trans="fine" translit=""/><ana lex="ดี" pos="adjective" trans="tidy" translit=""/><ana lex="ดี" pos="SL" trans="kushty" translit=""/><ana lex="ดี" pos="SL" trans="tickety-boo" translit=""/><ana lex="ดี" pos="adjective" trans="well" translit=""/><ana lex="ดี" pos="PRF" trans="eu-" translit=""/><ana lex="ดี" pos="idiom" trans="Well and good" translit=""/><ana lex="ดี" pos="adjective" trans="good" translit=""/><ana lex="ดี" pos="adverb" trans="well" translit=""/><ana lex="ดี" pos="adjective" trans="high" translit=""/><ana lex="ดี" pos="adjective" trans="nice" translit=""/><ana lex="ดี" pos="adjective" trans="nice" translit=""/><ana lex="ดี" pos="adjective" trans="well" translit=""/></w></se><se><w>.<ana lex="" pos="" trans="" translit=""/></w></se><se><w>ที่<ana lex="ที่" pos="PRON" trans="that" translit=""/><ana lex="ที่" pos="preposition" trans="at" translit=""/><ana lex="ที่" pos="noun" trans="word for utensil" translit=""/><ana lex="ที่" pos="preposition" trans="at" translit=""/><ana lex="ที่" pos="noun" trans="place" translit=""/><ana lex="ที่" pos="classifier" trans="qualifiers for places" translit=""/><ana lex="ที่" pos="noun" trans="ordinal number" translit=""/><ana lex="ที่" pos="preposition" trans="to" translit=""/><ana lex="ที่" pos="noun" trans="land" translit=""/></w><w>คิด<ana lex="คิด" pos="verb,transitive" trans="reckon" translit=""/><ana lex="คิด" pos="verb,intransitive" trans="cerebrate" translit=""/><ana lex="คิด" pos="verb,transitive" trans="conceive" translit=""/><ana lex="คิด" pos="verb,transitive" trans="conceit" translit=""/><ana lex="คิด" pos="PHRV" trans="go over2" translit=""/><ana lex="คิด" pos="verb" trans="create" translit=""/><ana lex="คิด" pos="verb" trans="estimate" translit=""/><ana lex="คิด" pos="verb" trans="want" translit=""/><ana lex="คิด" pos="verb" trans="think" translit=""/><ana lex="คิด" pos="verb" trans="consider" translit=""/><ana lex="คิด" pos="verb" trans="calculate" translit=""/><ana lex="คิด" pos="verb,transitive" trans="think" translit=""/><ana lex="คิด" pos="verb,intransitive" trans="think" translit=""/></w><w>ถึง<ana lex="ถึง" pos="verb" trans="be skillful" translit=""/><ana lex="ถึง" pos="verb,transitive" trans="attain" translit=""/><ana lex="ถึง" pos="conjunction" trans="even though" translit=""/><ana lex="ถึง" pos="preposition" trans="to" translit=""/><ana lex="ถึง" pos="verb" trans="reach" translit=""/><ana lex="ถึง" pos="verb" trans="be ...enough" translit=""/><ana lex="ถึง" pos="preposition" trans="to" translit=""/><ana lex="ถึง" pos="conjunction" trans="then" translit=""/></w></se><se><w>เสียง<ana lex="เสียง" pos="SUF" trans="-phone" translit=""/><ana lex="เสียง" pos="noun" trans="vote" translit=""/><ana lex="เสียง" pos="noun" trans="voice" translit=""/><ana lex="เสียง" pos="PRF" trans="phono-" translit=""/><ana lex="เสียง" pos="PRF" trans="phon-" translit=""/><ana lex="เสียง" pos="noun" trans="sound" translit=""/><ana lex="เสียง" pos="idiom" trans="place all one's eggs in one basket" translit=""/><ana lex="เสียง" pos="noun" trans="sonancy" translit=""/><ana lex="เสียง" pos="noun" trans="sonance" translit=""/></w><w>เพลง<ana lex="เพลง" pos="noun" trans="music" translit=""/><ana lex="เพลง" pos="noun" trans="song" translit=""/></w><w>แว่ว<ana lex="แว่ว" pos="adverb" trans="indistinctly" translit=""/><ana lex="แว่ว" pos="verb" trans="hear vaguely" translit=""/></w></se><se><w>.<ana lex="" pos="" trans="" translit=""/></w></se><se><w>หวาน<ana lex="หวาน" pos="verb" trans="keep turning" translit=""/><ana lex="หวาน" pos="adjective" trans="sweet-sounding" translit=""/><ana lex="หวาน" pos="adverb" trans="as easy as pie" translit=""/><ana lex="หวาน" pos="adjective" trans="sweet" translit=""/></w><w>ล้ำ<ana lex="ล้ำ" pos="adverb" trans="extremely; very; exceptionally; surpassing; superior" translit="lamH"/><ana lex="ล้ำ" pos="verb" trans="infringe" translit=""/><ana lex="ล้ำ" pos="verb" trans="to transgress; to infringe; to overstep; to go beyond; to encroach upon" translit="lamH"/><ana lex="ล้ำ" pos="adverb" trans="exceedingly" translit=""/></w></se><se><w>.<ana lex="" pos="" trans="" translit=""/></w></se><se><w>คำ<ana lex="คำ" pos="noun" trans="word" translit=""/><ana lex="คำ" pos="noun" trans="vocable" translit=""/><ana lex="คำ" pos="noun" trans="word" translit=""/></w><w>รำพึง<ana lex="รำพึง" pos="verb" trans="groan" translit=""/><ana lex="รำพึง" pos="verb" trans="to groan; lament; mourn; bemoan; cry over; complain" translit="ramM pheungM"/><ana lex="รำพึง" pos="verb,formal" trans="to ponder; to reflecting; to consider; to contemplate" translit="ramM pheungM"/></w></se><se><w>รัก<ana lex="รัก" pos="verb,transitive" trans="treasure" translit=""/><ana lex="รัก" pos="verb,transitive" trans="adore" translit=""/><ana lex="รัก" pos="PRF" trans="phil-" translit=""/><ana lex="รัก" pos="PRF" trans="philo-" translit=""/><ana lex="รัก" pos="PHRV" trans="be attached to" translit=""/></w><w>เพียง</w><w>หนึ่ง<ana lex="หนึ่ง" pos="adjective" trans="ae" translit=""/><ana lex="หนึ่ง" pos="PRF" trans="uni-" translit=""/></w></se><se><w>.<ana lex="" pos="" trans="" translit=""/></w></se><se><w>พี่<ana lex="พี่" pos="noun" trans="elder sister or brother" translit=""/></w><w>ชาย<ana lex="ชาย" pos="noun" trans="edge" translit=""/><ana lex="ชาย" pos="verb" trans="glance" translit=""/><ana lex="ชาย" pos="noun" trans="man" translit=""/></w></se><se><w>.<ana lex="" pos="" trans="" translit=""/></w></se><se><w>ที่<ana lex="ที่" pos="PRON" trans="that" translit=""/><ana lex="ที่" pos="preposition" trans="at" translit=""/><ana lex="ที่" pos="noun" trans="word for utensil" translit=""/><ana lex="ที่" pos="preposition" trans="at" translit=""/><ana lex="ที่" pos="noun" trans="place" translit=""/><ana lex="ที่" pos="classifier" trans="qualifiers for places" translit=""/><ana lex="ที่" pos="noun" trans="ordinal number" translit=""/><ana lex="ที่" pos="preposition" trans="to" translit=""/><ana lex="ที่" pos="noun" trans="land" translit=""/></w><w>ปลาย<ana lex="ปลาย" pos="noun" trans="tag end" translit=""/><ana lex="ปลาย" pos="noun" trans="tip" translit=""/><ana lex="ปลาย" pos="adjective" trans="terminal" translit=""/><ana lex="ปลาย" pos="noun" trans="nib" translit=""/></w><w>ฟ้า<ana lex="ฟ้า" pos="noun" trans="blue" translit=""/><ana lex="ฟ้า" pos="noun" trans="heaven" translit=""/><ana lex="ฟ้า" pos="noun" trans="sky" translit=""/></w></se><se><w>ฝาก<ana lex="ฝาก" pos="verb" trans="deposit" translit=""/><ana lex="ฝาก" pos="verb,transitive" trans="check" translit=""/></w><w>ลมหนาว<ana lex="ลมหนาว" pos="noun" trans="cold wind" translit=""/></w></se><se><w>.<ana lex="" pos="" trans="" translit=""/></w></se><se><w>ลอย<ana lex="ลอย" pos="verb,intransitive" trans="drift" translit=""/><ana lex="ลอย" pos="adjective" trans="afloat" translit=""/><ana lex="ลอย" pos="PHRV" trans="float into" translit=""/><ana lex="ลอย" pos="verb,transitive" trans="whiff" translit=""/><ana lex="ลอย" pos="verb" trans="soar" translit=""/><ana lex="ลอย" pos="PHRV" trans="float through" translit=""/><ana lex="ลอย" pos="verb,intransitive" trans="ride" translit=""/><ana lex="ลอย" pos="adverb" trans="[ลอย ๆ] thoughtlessly; heedlessly; irresponsibly; without thinking; off the cuff" translit="laawyM"/><ana lex="ลอย" pos="adverb" trans="[ลอย ๆ] absently; vacantly; without provocation" translit="laawyM"/><ana lex="ลอย" pos="adverb" trans="[ลอย ๆ] indistinctly; vaguely; unclearly; in a circuitous or rambling fashion" translit="laawyM"/><ana lex="ลอย" pos="verb" trans="drift (from job to job)" translit=""/><ana lex="ลอย" pos="verb,intransitive" trans="whiff" translit=""/><ana lex="ลอย" pos="verb" trans="drift (from job to job)" translit=""/><ana lex="ลอย" pos="verb,intransitive" trans="swim" translit=""/><ana lex="ลอย" pos="adverb" trans="afloat" translit=""/><ana lex="ลอย" pos="verb,intransitive" trans="levitate" translit=""/></w><w>ล่อง<ana lex="ล่อง" pos="noun" trans="space or hole (between floor board)" translit=""/><ana lex="ล่อง" pos="verb" trans="float" translit=""/><ana lex="ล่อง" pos="adjective" trans="down (train)" translit=""/><ana lex="ล่อง" pos="verb" trans="travel through forests" translit=""/><ana lex="ล่อง" pos="verb" trans="float" translit=""/></w></se><se><w>.<ana lex="" pos="" trans="" translit=""/></w></se><se><w>น้อง<ana lex="น้อง" pos="noun" trans="younger person" translit=""/></w><w>คอย<ana lex="คอย" pos="PHRV" trans="wait behind" translit=""/><ana lex="คอย" pos="PHRV" trans="stick around" translit=""/><ana lex="คอย" pos="PHRV" trans="stick about" translit=""/><ana lex="คอย" pos="verb,transitive" trans="tarry" translit=""/><ana lex="คอย" pos="verb" trans="wait" translit=""/><ana lex="คอย" pos="verb,transitive" trans="bide" translit=""/></w><w>อยู่<ana lex="อยู่" pos="verb,intransitive" trans="abide" translit=""/><ana lex="อยู่" pos="auxiliary verb" trans="be" translit=""/></w></se><se><w>ขอ<ana lex="ขอ" pos="PHRV" trans="appeal for" translit=""/><ana lex="ขอ" pos="verb" trans="beg" translit=""/><ana lex="ขอ" pos="SL" trans="scrounge" translit=""/><ana lex="ขอ" pos="PHRV" trans="pony up for" translit=""/><ana lex="ขอ" pos="noun" trans="hook" translit=""/><ana lex="ขอ" pos="verb,transitive" trans="cadge" translit=""/><ana lex="ขอ" pos="verb,intransitive" trans="cadge" translit=""/><ana lex="ขอ" pos="PHRV" trans="ask for" translit=""/><ana lex="ขอ" pos="PHRV" trans="tap for" translit=""/></w><w>ให้<ana lex="ให้" pos="verb,transitive" trans="afford" translit=""/><ana lex="ให้" pos="verb" trans="give" translit=""/><ana lex="ให้" pos="verb,transitive" trans="give" translit=""/><ana lex="ให้" pos="verb,transitive" trans="dispense" translit=""/><ana lex="ให้" pos="verb,transitive" trans="bestow" translit=""/><ana lex="ให้" pos="verb" trans="give" translit=""/><ana lex="ให้" pos="verb,transitive" trans="accord" translit=""/><ana lex="ให้" pos="auxiliary verb" trans="to" translit=""/><ana lex="ให้" pos="verb" trans="permit" translit=""/></w><w>รู้<ana lex="รู้" pos="verb,transitive" trans="tell" translit=""/><ana lex="รู้" pos="verb,transitive" trans="ken" translit=""/><ana lex="รู้" pos="verb,intransitive" trans="ken" translit=""/><ana lex="รู้" pos="PHRV" trans="hear about" translit=""/><ana lex="รู้" pos="verb,transitive" trans="know" translit=""/><ana lex="รู้" pos="verb" trans="know" translit=""/></w></se><se><w>.<ana lex="" pos="" trans="" translit=""/></w></se><se><w>ว่า</w><w>ห่วงใย<ana lex="ห่วงใย" pos="verb" trans="worry" translit=""/><ana lex="ห่วงใย" pos="PHRV" trans="devour with" translit=""/><ana lex="ห่วงใย" pos="verb" trans="to worry (about)" translit="huaangL yaiM"/><ana lex="ห่วงใย" pos="verb,transitive" trans="care" translit=""/><ana lex="ห่วงใย" pos="verb,intransitive" trans="care" translit=""/></w></se><se><w>.<ana lex="" pos="" trans="" translit=""/></w></se><se><w>อาลัย<ana lex="อาลัย" pos="verb" trans="feel sad" translit=""/><ana lex="อาลัย" pos="verb" trans="to miss; grieve over the loss of" translit="aaM laiM"/></w><w>หา<ana lex="หา" pos="verb" trans="grope" translit=""/><ana lex="หา" pos="verb" trans="accuse" translit=""/><ana lex="หา" pos="verb" trans="see" translit=""/><ana lex="หา" pos="verb,transitive" trans="find" translit=""/><ana lex="หา" pos="verb" trans="search for" translit=""/></w></se><se><w>กาสะ</w><w>ลอง<ana lex="ลอง" pos="verb" trans="taste" translit=""/></w></se><se><w>.<ana lex="" pos="" trans="" translit=""/></w></se><se><w>ลอย<ana lex="ลอย" pos="verb,intransitive" trans="drift" translit=""/><ana lex="ลอย" pos="adjective" trans="afloat" translit=""/><ana lex="ลอย" pos="PHRV" trans="float into" translit=""/><ana lex="ลอย" pos="verb,transitive" trans="whiff" translit=""/><ana lex="ลอย" pos="verb" trans="soar" translit=""/><ana lex="ลอย" pos="PHRV" trans="float through" translit=""/><ana lex="ลอย" pos="verb,intransitive" trans="ride" translit=""/><ana lex="ลอย" pos="adverb" trans="[ลอย ๆ] thoughtlessly; heedlessly; irresponsibly; without thinking; off the cuff" translit="laawyM"/><ana lex="ลอย" pos="adverb" trans="[ลอย ๆ] absently; vacantly; without provocation" translit="laawyM"/><ana lex="ลอย" pos="adverb" trans="[ลอย ๆ] indistinctly; vaguely; unclearly; in a circuitous or rambling fashion" translit="laawyM"/><ana lex="ลอย" pos="verb" trans="drift (from job to job)" translit=""/><ana lex="ลอย" pos="verb,intransitive" trans="whiff" translit=""/><ana lex="ลอย" pos="verb" trans="drift (from job to job)" translit=""/><ana lex="ลอย" pos="verb,intransitive" trans="swim" translit=""/><ana lex="ลอย" pos="adverb" trans="afloat" translit=""/><ana lex="ลอย" pos="verb,intransitive" trans="levitate" translit=""/></w><w>ลิ่ว<ana lex="ลิ่ว" pos="adjective" trans="towering; soaring; extremely" translit="liuF"/><ana lex="ลิ่ว" pos="adverb" trans="swiftly; with a rush" translit="liuF"/><ana lex="ลิ่ว" pos="verb,intransitive" trans="to fly; to soar; to rise up high in the air; to streak; to rush" translit="liuF"/></w></se><se><w>.<ana lex="" pos="" trans="" translit=""/></w></se><se><w>ปลิว<ana lex="ปลิว" pos="verb" trans="be blown away" translit=""/></w><w>พัด<ana lex="พัด" pos="verb" trans="blow" translit=""/><ana lex="พัด" pos="verb,transitive" trans="waff" translit=""/><ana lex="พัด" pos="noun" trans="fan" translit=""/><ana lex="พัด" pos="verb,transitive" trans="fan" translit=""/><ana lex="พัด" pos="verb,intransitive" trans="waff" translit=""/><ana lex="พัด" pos="verb,transitive" trans="blow" translit=""/></w><w>พา<ana lex="พา" pos="" trans="[alternate spelling of ภา]" translit="phaaM"/><ana lex="พา" pos="verb" trans="bring" translit=""/></w></se><se><w>คำ<ana lex="คำ" pos="noun" trans="word" translit=""/><ana lex="คำ" pos="noun" trans="vocable" translit=""/><ana lex="คำ" pos="noun" trans="word" translit=""/></w><w>สัญญา<ana lex="สัญญา" pos="verb,intransitive" trans="promise" translit=""/><ana lex="สัญญา" pos="verb,transitive" trans="undertake" translit=""/><ana lex="สัญญา" pos="verb,transitive" trans="promise" translit=""/><ana lex="สัญญา" pos="verb" trans="promise" translit=""/><ana lex="สัญญา" pos="noun" trans="contract" translit=""/><ana lex="สัญญา" pos="verb,intransitive" trans="undertake" translit=""/></w></se><se><w>.<ana lex="" pos="" trans="" translit=""/></w></se><se><w>สาว<ana lex="สาว" pos="noun" trans="girl" translit=""/><ana lex="สาว" pos="adjective" trans="young" translit=""/><ana lex="สาว" pos="verb" trans="pull" translit=""/></w><w>เหนือ<ana lex="เหนือ" pos="adverb" trans="over" translit=""/><ana lex="เหนือ" pos="noun" trans="north" translit=""/><ana lex="เหนือ" pos="PRF" trans="over-" translit=""/><ana lex="เหนือ" pos="adverb" trans="over" translit=""/><ana lex="เหนือ" pos="preposition" trans="over" translit=""/><ana lex="เหนือ" pos="preposition" trans="over" translit=""/></w></se><se><w>.<ana lex="" pos="" trans="" translit=""/></w></se><se><w>เชื่อ<ana lex="เชื่อ" pos="PHRV" trans="go away with" translit=""/><ana lex="เชื่อ" pos="verb,transitive" trans="believe" translit=""/><ana lex="เชื่อ" pos="verb,transitive" trans="accept" translit=""/><ana lex="เชื่อ" pos="verb" trans="believe" translit=""/><ana lex="เชื่อ" pos="verb" trans="believe in" translit=""/><ana lex="เชื่อ" pos="SL" trans="Adam and Eve" translit=""/><ana lex="เชื่อ" pos="verb" trans="buy on credit" translit=""/><ana lex="เชื่อ" pos="verb,transitive" trans="see" translit=""/></w><w>ได้<ana lex="ได้" pos="PHRV" trans="get out of" translit=""/><ana lex="ได้" pos="auxiliary verb" trans="be able to" translit=""/><ana lex="ได้" pos="verb" trans="get" translit=""/><ana lex="ได้" pos="" trans="[alternate pronunciation of ได้ ]" translit="daaiF"/><ana lex="ได้" pos="auxiliary verb" trans="used as an auxiliary verb before a principal verb to indicate the past tense" translit=""/><ana lex="ได้" pos="verb,transitive" trans="get" translit=""/><ana lex="ได้" pos="adverb" trans="can" translit=""/></w><w>เลย<ana lex="เลย" pos="PRF" trans="extra-" translit=""/><ana lex="เลย" pos="auxiliary verb" trans="have to" translit=""/><ana lex="เลย" pos="verb" trans="pass" translit=""/><ana lex="เลย" pos="adverb" trans="really" translit=""/><ana lex="เลย" pos="noun" trans="Loei" translit=""/><ana lex="เลย" pos="adverb" trans="completely" translit=""/></w></se><se><w>ฝาก<ana lex="ฝาก" pos="verb" trans="deposit" translit=""/><ana lex="ฝาก" pos="verb,transitive" trans="check" translit=""/></w><w>ดวง<ana lex="ดวง" pos="classifier" trans="numerative noun for things" translit=""/><ana lex="ดวง" pos="noun" trans="disk/disc" translit=""/></w><w>ดาว<ana lex="ดาว" pos="PRF" trans="astro-" translit=""/><ana lex="ดาว" pos="noun" trans="five-pointed star" translit=""/><ana lex="ดาว" pos="noun" trans="star" translit=""/><ana lex="ดาว" pos="noun" trans="sika deer" translit=""/><ana lex="ดาว" pos="noun" trans="leopard" translit=""/></w></se><se><w>.<ana lex="" pos="" trans="" translit=""/></w></se><se><w>พราว<ana lex="พราว" pos="adjective" trans="full of; bristling with" translit="phraaoM"/><ana lex="พราว" pos="adverb" trans="dazzling" translit=""/><ana lex="พราว" pos="adjective" trans="dazzling" translit=""/><ana lex="พราว" pos="adjective" trans="[is] sparkling; glittering" translit="phraaoM"/><ana lex="พราว" pos="verb" trans="dazzle" translit=""/></w><w>แสง<ana lex="แสง" pos="noun" trans="light" translit=""/><ana lex="แสง" pos="noun" trans="light" translit=""/></w></se><se><w>.<ana lex="" pos="" trans="" translit=""/></w></se><se><w>แรง<ana lex="แรง" pos="noun" trans="power" translit=""/><ana lex="แรง" pos="noun" trans="power" translit=""/></w><w>แห่ง<ana lex="แห่ง" pos="noun" trans="place" translit=""/><ana lex="แห่ง" pos="preposition" trans="of" translit=""/><ana lex="แห่ง" pos="noun" trans="place" translit=""/></w><w>รัก<ana lex="รัก" pos="verb,transitive" trans="treasure" translit=""/><ana lex="รัก" pos="verb,transitive" trans="adore" translit=""/><ana lex="รัก" pos="PRF" trans="phil-" translit=""/><ana lex="รัก" pos="PRF" trans="philo-" translit=""/><ana lex="รัก" pos="PHRV" trans="be attached to" translit=""/></w></se><se><w>ยัง<ana lex="ยัง" pos="preposition" trans="to" translit=""/><ana lex="ยัง" pos="adverb" trans="also" translit=""/><ana lex="ยัง" pos="adverb" trans="yet" translit=""/><ana lex="ยัง" pos="adverb" trans="still" translit=""/></w><w>ตระหนัก<ana lex="ตระหนัก" pos="verb" trans="[ตระหนักถึง] to consider; think about; become aware of" translit="dtraL nakL"/><ana lex="ตระหนัก" pos="PHRV" trans="look upon" translit=""/><ana lex="ตระหนัก" pos="PHRV" trans="look on" translit=""/><ana lex="ตระหนัก" pos="verb,transitive" trans="realise" translit=""/><ana lex="ตระหนัก" pos="verb" trans="realize" translit=""/><ana lex="ตระหนัก" pos="verb,transitive" trans="sense" translit=""/><ana lex="ตระหนัก" pos="verb,intransitive,formal" trans="to sense; realize; aware; conscious" translit="dtraL nakL"/><ana lex="ตระหนัก" pos="verb,transitive" trans="realize" translit=""/></w></se><se><w>.<ana lex="" pos="" trans="" translit=""/></w></se><se><w>คำ<ana lex="คำ" pos="noun" trans="word" translit=""/><ana lex="คำ" pos="noun" trans="vocable" translit=""/><ana lex="คำ" pos="noun" trans="word" translit=""/></w><w>ว่า</w><w>รัก<ana lex="รัก" pos="verb,transitive" trans="treasure" translit=""/><ana lex="รัก" pos="verb,transitive" trans="adore" translit=""/><ana lex="รัก" pos="PRF" trans="phil-" translit=""/><ana lex="รัก" pos="PRF" trans="philo-" translit=""/><ana lex="รัก" pos="PHRV" trans="be attached to" translit=""/></w></se><se><w>.<ana lex="" pos="" trans="" translit=""/></w></se><se><w>ที่<ana lex="ที่" pos="PRON" trans="that" translit=""/><ana lex="ที่" pos="preposition" trans="at" translit=""/><ana lex="ที่" pos="noun" trans="word for utensil" translit=""/><ana lex="ที่" pos="preposition" trans="at" translit=""/><ana lex="ที่" pos="noun" trans="place" translit=""/><ana lex="ที่" pos="classifier" trans="qualifiers for places" translit=""/><ana lex="ที่" pos="noun" trans="ordinal number" translit=""/><ana lex="ที่" pos="preposition" trans="to" translit=""/><ana lex="ที่" pos="noun" trans="land" translit=""/></w><w>เอื้อน<ana lex="เอื้อน" pos="verb" trans="express" translit=""/><ana lex="เอื้อน" pos="verb" trans="draw out the note" translit=""/></w><w>เอ่ย<ana lex="เอ่ย" pos="verb" trans="utter" translit=""/></w></se><se><w>แม้<ana lex="แม้" pos="conjunction" trans="even" translit=""/><ana lex="แม้" pos="conjunction" trans="though" translit=""/></w><w>ลม<ana lex="ลม" pos="noun" trans="fall" translit=""/><ana lex="ลม" pos="noun" trans="swift land crab" translit=""/><ana lex="ลม" pos="noun" trans="breath" translit=""/><ana lex="ลม" pos="noun" trans="wind" translit=""/><ana lex="ลม" pos="noun" trans="wind" translit=""/><ana lex="ลม" pos="noun" trans="Panus polychrous (Lev.) Sing." translit=""/><ana lex="ลม" pos="noun" trans="air" translit=""/></w><w>รัก<ana lex="รัก" pos="verb,transitive" trans="treasure" translit=""/><ana lex="รัก" pos="verb,transitive" trans="adore" translit=""/><ana lex="รัก" pos="PRF" trans="phil-" translit=""/><ana lex="รัก" pos="PRF" trans="philo-" translit=""/><ana lex="รัก" pos="PHRV" trans="be attached to" translit=""/></w></se><se><w>.<ana lex="" pos="" trans="" translit=""/></w></se><se><w>จะ<ana lex="จะ" pos="auxiliary verb" trans="will" translit=""/><ana lex="จะ" pos="auxiliary verb" trans="will" translit=""/><ana lex="จะ" pos="" trans="[alternate spelling of จ้ะ]" translit="jaL"/></w><w>ผ่าน<ana lex="ผ่าน" pos="PHRV" trans="get by1" translit=""/><ana lex="ผ่าน" pos="verb" trans="ask a high price" translit=""/><ana lex="ผ่าน" pos="verb" trans="pass" translit=""/><ana lex="ผ่าน" pos="verb" trans="change" translit=""/><ana lex="ผ่าน" pos="PHRV" trans="enter by" translit=""/><ana lex="ผ่าน" pos="verb" trans="overcome" translit=""/><ana lex="ผ่าน" pos="verb,transitive" trans="passage" translit=""/><ana lex="ผ่าน" pos="verb,intransitive" trans="passage" translit=""/><ana lex="ผ่าน" pos="adverb" trans="thru" translit=""/><ana lex="ผ่าน" pos="preposition" trans="thru" translit=""/><ana lex="ผ่าน" pos="PRF" trans="dia-" translit=""/><ana lex="ผ่าน" pos="verb" trans="carry" translit=""/><ana lex="ผ่าน" pos="PRF" trans="per-" translit=""/><ana lex="ผ่าน" pos="PHRV" trans="get through2" translit=""/><ana lex="ผ่าน" pos="PHRV" trans="go past" translit=""/><ana lex="ผ่าน" pos="verb" trans="be used to" translit=""/><ana lex="ผ่าน" pos="adjective" trans="thru" translit=""/><ana lex="ผ่าน" pos="PHRV" trans="be past" translit=""/><ana lex="ผ่าน" pos="preposition" trans="by" translit=""/></w><w>มา<ana lex="มา" pos="PHRV" trans="get in1" translit=""/><ana lex="มา" pos="adverb" trans="coming (toward the present; or toward the focal time)" translit=""/><ana lex="มา" pos="verb,intransitive" trans="come" translit=""/><ana lex="มา" pos="verb" trans="arrive" translit=""/></w></se><se><w>.<ana lex="" pos="" trans="" translit=""/></w></se><se><w>พา<ana lex="พา" pos="" trans="[alternate spelling of ภา]" translit="phaaM"/><ana lex="พา" pos="verb" trans="bring" translit=""/></w><w>รำเพย</w></se><se><w>แต่<ana lex="แต่" pos="adverb" trans="only" translit=""/><ana lex="แต่" pos="conjunction" trans="but" translit=""/><ana lex="แต่" pos="conjunction" trans="but" translit=""/><ana lex="แต่" pos="conjunction" trans="but" translit=""/><ana lex="แต่" pos="preposition" trans="earlier" translit=""/><ana lex="แต่" pos="conjunction" trans="only" translit=""/></w><w>ก็<ana lex="ก็" pos="adverb" trans="also" translit=""/><ana lex="ก็" pos="conjunction" trans="as a result" translit=""/></w><w>เฉย<ana lex="เฉย" pos="adjective" trans="vacant; not in use; unoccupied" translit="cheeuyR"/><ana lex="เฉย" pos="adjective" trans="[is] silent; still; unmoved; calm; collected; indifferent; cold" translit="cheeuyR"/><ana lex="เฉย" pos="verb,transitive" trans="to ignore; to pay no attention to; to disregard" translit="cheeuyR"/><ana lex="เฉย" pos="adjective" trans="[เฉย ๆ] [is] calm; impassive; indifferent (feeling or being so); peaceful; relaxed; feeling so-so" translit="cheeuyR"/><ana lex="เฉย" pos="adverb" trans="without authorization; presumptuously; without authority" translit="cheeuyR"/><ana lex="เฉย" pos="verb" trans="be still" translit=""/><ana lex="เฉย" pos="adverb" trans="[เฉย ๆ] simply; just; only" translit="cheeuyR"/><ana lex="เฉย" pos="adverb" trans="quietly" translit=""/></w></se><se><w>.<ana lex="" pos="" trans="" translit=""/></w></se><se><w>เพราะ<ana lex="เพราะ" pos="conjunction" trans="because" translit=""/><ana lex="เพราะ" pos="adjective" trans="melodious" translit=""/></w><w>มี<ana lex="มี" pos="verb" trans="consist of" translit=""/><ana lex="มี" pos="verb" trans="there is/are" translit=""/><ana lex="มี" pos="verb" trans="have" translit=""/><ana lex="มี" pos="verb,transitive" trans="contain" translit=""/><ana lex="มี" pos="verb,transitive" trans="has" translit=""/><ana lex="มี" pos="verb,transitive" trans="have" translit=""/><ana lex="มี" pos="adjective" trans="rich" translit=""/></w><w>เธอ<ana lex="เธอ" pos="PRON" trans="you" translit=""/><ana lex="เธอ" pos="pronoun" trans="she" translit=""/><ana lex="เธอ" pos="pronoun" trans="her" translit=""/><ana lex="เธอ" pos="PRON" trans="she" translit=""/></w></se><se><w>.<ana lex="" pos="" trans="" translit=""/></w></se><se><w>เพ้อ<ana lex="เพ้อ" pos="verb,transitive,intransitive" trans="to be delirious; to rave in delirium; to be in a delirium; to be raving; to have hallucination" translit="phuuhrH"/><ana lex="เพ้อ" pos="verb" trans="rave" translit=""/><ana lex="เพ้อ" pos="verb" trans="speak incoherently" translit=""/><ana lex="เพ้อ" pos="verb" trans="[เพ้อเจ้อ] to speak nonsense; to drivel; blather; babble; prate" translit="phuuhrH"/><ana lex="เพ้อ" pos="verb,transitive,intransitive,colloquial" trans="to ramble; to babble, to witter on about; to talk or write in a desultory or long-winded wandering fashion" translit="phuuhrH"/><ana lex="เพ้อ" pos="noun" trans="[ความเพ้อเจ้อ] nonsense; foolishness; drivel" translit="phuuhrH"/></w><w>รำพัน<ana lex="รำพัน" pos="verb" trans="to complain; grumble" translit="ramM phanM"/></w></se><se><w>ฝาก<ana lex="ฝาก" pos="verb" trans="deposit" translit=""/><ana lex="ฝาก" pos="verb,transitive" trans="check" translit=""/></w><w>บทเพลง<ana lex="บทเพลง" pos="noun" trans="song" translit=""/></w></se><se><w>.<ana lex="" pos="" trans="" translit=""/></w></se><se><w>ดวง<ana lex="ดวง" pos="classifier" trans="numerative noun for things" translit=""/><ana lex="ดวง" pos="noun" trans="disk/disc" translit=""/></w><w>ดาว<ana lex="ดาว" pos="PRF" trans="astro-" translit=""/><ana lex="ดาว" pos="noun" trans="five-pointed star" translit=""/><ana lex="ดาว" pos="noun" trans="star" translit=""/><ana lex="ดาว" pos="noun" trans="sika deer" translit=""/><ana lex="ดาว" pos="noun" trans="leopard" translit=""/></w></se><se><w>.<ana lex="" pos="" trans="" translit=""/></w></se><se><w>หนาว<ana lex="หนาว" pos="verb" trans="be cold" translit=""/><ana lex="หนาว" pos="adjective" trans="cold" translit=""/></w><w>สาย<ana lex="สาย" pos="PHRV" trans="be behind1" translit=""/><ana lex="สาย" pos="adjective" trans="tardy" translit=""/><ana lex="สาย" pos="PHRV" trans="be behindhand" translit=""/><ana lex="สาย" pos="noun" trans="strop" translit=""/><ana lex="สาย" pos="adjective" trans="late" translit=""/></w><w>ลม<ana lex="ลม" pos="noun" trans="fall" translit=""/><ana lex="ลม" pos="noun" trans="swift land crab" translit=""/><ana lex="ลม" pos="noun" trans="breath" translit=""/><ana lex="ลม" pos="noun" trans="wind" translit=""/><ana lex="ลม" pos="noun" trans="wind" translit=""/><ana lex="ลม" pos="noun" trans="Panus polychrous (Lev.) Sing." translit=""/><ana lex="ลม" pos="noun" trans="air" translit=""/></w></se><se><w>น้ำค้าง<ana lex="น้ำค้าง" pos="noun" trans="dew" translit=""/><ana lex="น้ำค้าง" pos="noun" trans="dew" translit=""/></w><w>พรม<ana lex="พรม" pos="noun" trans="rug" translit=""/><ana lex="พรม" pos="noun" trans="tapis" translit=""/><ana lex="พรม" pos="verb,transitive" trans="perfuse" translit=""/><ana lex="พรม" pos="noun" trans="carpet" translit=""/><ana lex="พรม" pos="verb" trans="sprinkle" translit=""/><ana lex="พรม" pos="verb,transitive" trans="sparge" translit=""/><ana lex="พรม" pos="verb,intransitive" trans="sparge" translit=""/><ana lex="พรม" pos="noun" trans="carpet" translit=""/></w></se><se><w>.<ana lex="" pos="" trans="" translit=""/></w></se><se><w>ภิรมย์<ana lex="ภิรมย์" pos="adjective" trans="[is] pleasing; pleasurable; satisfying" translit="phiH rohmM"/><ana lex="ภิรมย์" pos="proper noun" trans="Phirom [a Thai given name]" translit="phiH rohmM"/><ana lex="ภิรมย์" pos="noun" trans="[ความภิรมย์] pleasure; satisfaction" translit="phiH rohmM"/></w></se><se><w>.<ana lex="" pos="" trans="" translit=""/></w></se><se><w>ผสม<ana lex="ผสม" pos="verb,transitive" trans="intermix" translit=""/><ana lex="ผสม" pos="verb,intransitive" trans="shuffle" translit=""/><ana lex="ผสม" pos="verb,intransitive" trans="compound" translit=""/><ana lex="ผสม" pos="verb,transitive" trans="compound" translit=""/><ana lex="ผสม" pos="verb,intransitive" trans="mingle" translit=""/><ana lex="ผสม" pos="verb,intransitive" trans="mix" translit=""/><ana lex="ผสม" pos="PHRV" trans="mix up" translit=""/><ana lex="ผสม" pos="verb,intransitive" trans="intermix" translit=""/><ana lex="ผสม" pos="verb" trans="mix" translit=""/><ana lex="ผสม" pos="verb,transitive" trans="blend" translit=""/><ana lex="ผสม" pos="verb,transitive" trans="mingle" translit=""/><ana lex="ผสม" pos="verb,transitive" trans="shuffle" translit=""/><ana lex="ผสม" pos="verb,transitive" trans="commix" translit=""/><ana lex="ผสม" pos="verb,transitive" trans="mix" translit=""/></w><w>ฝัน<ana lex="ฝัน" pos="verb,transitive" trans="dream" translit=""/><ana lex="ฝัน" pos="verb,intransitive" trans="dream" translit=""/><ana lex="ฝัน" pos="verb" trans="dream" translit=""/></w></se><se><w>สิ่ง<ana lex="สิ่ง" pos="noun" trans="thing" translit=""/><ana lex="สิ่ง" pos="noun" trans="thing" translit=""/></w><w>ที่<ana lex="ที่" pos="PRON" trans="that" translit=""/><ana lex="ที่" pos="preposition" trans="at" translit=""/><ana lex="ที่" pos="noun" trans="word for utensil" translit=""/><ana lex="ที่" pos="preposition" trans="at" translit=""/><ana lex="ที่" pos="noun" trans="place" translit=""/><ana lex="ที่" pos="classifier" trans="qualifiers for places" translit=""/><ana lex="ที่" pos="noun" trans="ordinal number" translit=""/><ana lex="ที่" pos="preposition" trans="to" translit=""/><ana lex="ที่" pos="noun" trans="land" translit=""/></w><w>เรียก<ana lex="เรียก" pos="PHRV" trans="get in1" translit=""/><ana lex="เรียก" pos="verb,transitive" trans="call" translit=""/><ana lex="เรียก" pos="verb,transitive" trans="page" translit=""/><ana lex="เรียก" pos="verb" trans="call" translit=""/><ana lex="เรียก" pos="verb,intransitive" trans="call" translit=""/></w></se><se><w>.<ana lex="" pos="" trans="" translit=""/></w></se><se><w>ว่า</w><w>รัก<ana lex="รัก" pos="verb,transitive" trans="treasure" translit=""/><ana lex="รัก" pos="verb,transitive" trans="adore" translit=""/><ana lex="รัก" pos="PRF" trans="phil-" translit=""/><ana lex="รัก" pos="PRF" trans="philo-" translit=""/><ana lex="รัก" pos="PHRV" trans="be attached to" translit=""/></w></se><se><w>.<ana lex="" pos="" trans="" translit=""/></w></se><se><w>ยิ่ง<ana lex="ยิ่ง" pos="adverb" trans="more" translit=""/><ana lex="ยิ่ง" pos="adverb" trans="extremely" translit=""/><ana lex="ยิ่ง" pos="auxiliary verb" trans="much" translit=""/><ana lex="ยิ่ง" pos="adverb" trans="the more" translit=""/></w><w>ผูกพัน<ana lex="ผูกพัน" pos="adjective" trans="binding; encumbering" translit="phuukL phanM"/><ana lex="ผูกพัน" pos="adjective" trans="bound" translit=""/></w></se><se><w>มี<ana lex="มี" pos="verb" trans="consist of" translit=""/><ana lex="มี" pos="verb" trans="there is/are" translit=""/><ana lex="มี" pos="verb" trans="have" translit=""/><ana lex="มี" pos="verb,transitive" trans="contain" translit=""/><ana lex="มี" pos="verb,transitive" trans="has" translit=""/><ana lex="มี" pos="verb,transitive" trans="have" translit=""/><ana lex="มี" pos="adjective" trans="rich" translit=""/></w><w>เธอ<ana lex="เธอ" pos="PRON" trans="you" translit=""/><ana lex="เธอ" pos="pronoun" trans="she" translit=""/><ana lex="เธอ" pos="pronoun" trans="her" translit=""/><ana lex="เธอ" pos="PRON" trans="she" translit=""/></w><w>ฉัน<ana lex="ฉัน" pos="" trans="[alternate pronunciation of ฉัน ]" translit="chanH"/><ana lex="ฉัน" pos="pronoun" trans="me" translit=""/></w></se><se><w>.<ana lex="" pos="" trans="" translit=""/></w></se><se><w>ใต้<ana lex="ใต้" pos="PRF" trans="infra-" translit=""/><ana lex="ใต้" pos="preposition" trans="under" translit=""/><ana lex="ใต้" pos="preposition" trans="under" translit=""/><ana lex="ใต้" pos="PRF" trans="sub-" translit=""/><ana lex="ใต้" pos="noun" trans="south" translit=""/><ana lex="ใต้" pos="PRF" trans="hypo-" translit=""/><ana lex="ใต้" pos="" trans="[alternate pronunciation of ใต้ ]" translit="dtaaiF"/></w><w>ฟ้า<ana lex="ฟ้า" pos="noun" trans="blue" translit=""/><ana lex="ฟ้า" pos="noun" trans="heaven" translit=""/><ana lex="ฟ้า" pos="noun" trans="sky" translit=""/></w><w>คราม<ana lex="คราม" pos="noun" trans="indigo" translit=""/><ana lex="คราม" pos="noun" trans="Indigofera tinctoria" translit=""/><ana lex="คราม" pos="noun" trans="indigo" translit=""/><ana lex="คราม" pos="noun" trans="indigo" translit=""/></w></se><se><w>.<ana lex="" pos="" trans="" translit=""/></w></se><se><w>งาม<ana lex="งาม" pos="verb" trans="be beautiful" translit=""/><ana lex="งาม" pos="adjective" trans="aesthetic" translit=""/></w><w>จับ<ana lex="จับ" pos="verb,transitive" trans="nab" translit=""/><ana lex="จับ" pos="PHRV" trans="take by" translit=""/><ana lex="จับ" pos="PHRV" trans="take hold of" translit=""/><ana lex="จับ" pos="PHRV" trans="seize on" translit=""/><ana lex="จับ" pos="PHRV" trans="seize upon" translit=""/><ana lex="จับ" pos="PHRV" trans="seize onto" translit=""/><ana lex="จับ" pos="verb,transitive" trans="grapple" translit=""/><ana lex="จับ" pos="verb,transitive" trans="catch" translit=""/><ana lex="จับ" pos="SL" trans="cop" translit=""/><ana lex="จับ" pos="verb,transitive" trans="grasp" translit=""/><ana lex="จับ" pos="verb" trans="hold" translit=""/><ana lex="จับ" pos="verb" trans="catch" translit=""/></w><w>ใจ<ana lex="ใจ" pos="noun" trans="heart" translit=""/><ana lex="ใจ" pos="noun" trans="mind" translit=""/></w></se><se><w>ฝาก<ana lex="ฝาก" pos="verb" trans="deposit" translit=""/><ana lex="ฝาก" pos="verb,transitive" trans="check" translit=""/></w><w>หอม<ana lex="หอม" pos="adjective" trans="fragrant" translit=""/><ana lex="หอม" pos="adjective" trans="fragrant" translit=""/><ana lex="หอม" pos="noun" trans="shallot" translit=""/><ana lex="หอม" pos="verb" trans="kiss" translit=""/></w><w>แก้ม<ana lex="แก้ม" pos="noun" trans="cheek" translit=""/><ana lex="แก้ม" pos="noun" trans="cheek" translit=""/></w></se><se><w>.<ana lex="" pos="" trans="" translit=""/></w></se><se><w>คน<ana lex="คน" pos="noun" trans="bloke" translit=""/><ana lex="คน" pos="verb,transitive" trans="mill" translit=""/><ana lex="คน" pos="PRF" trans="anthropo-" translit=""/><ana lex="คน" pos="noun" trans="human" translit=""/><ana lex="คน" pos="noun" trans="people" translit=""/><ana lex="คน" pos="noun" trans="being" translit=""/><ana lex="คน" pos="PHRV" trans="stir about" translit=""/><ana lex="คน" pos="PHRV" trans="stir around" translit=""/><ana lex="คน" pos="SL" trans="bod" translit=""/><ana lex="คน" pos="classifier" trans="person" translit=""/><ana lex="คน" pos="verb" trans="stir" translit=""/></w><w>ดี<ana lex="ดี" pos="adjective" trans="fine" translit=""/><ana lex="ดี" pos="adjective" trans="braw" translit=""/><ana lex="ดี" pos="SL" trans="hunky-dory" translit=""/><ana lex="ดี" pos="adjective" trans="useful" translit=""/><ana lex="ดี" pos="noun" trans="gallbladder" translit=""/><ana lex="ดี" pos="adjective" trans="nice" translit=""/><ana lex="ดี" pos="adjective" trans="fine" translit=""/><ana lex="ดี" pos="adjective" trans="tidy" translit=""/><ana lex="ดี" pos="SL" trans="kushty" translit=""/><ana lex="ดี" pos="SL" trans="tickety-boo" translit=""/><ana lex="ดี" pos="adjective" trans="well" translit=""/><ana lex="ดี" pos="PRF" trans="eu-" translit=""/><ana lex="ดี" pos="idiom" trans="Well and good" translit=""/><ana lex="ดี" pos="adjective" trans="good" translit=""/><ana lex="ดี" pos="adverb" trans="well" translit=""/><ana lex="ดี" pos="adjective" trans="high" translit=""/><ana lex="ดี" pos="adjective" trans="nice" translit=""/><ana lex="ดี" pos="adjective" trans="nice" translit=""/><ana lex="ดี" pos="adjective" trans="well" translit=""/></w><w>ก่อน<ana lex="ก่อน" pos="conjunction" trans="before" translit=""/><ana lex="ก่อน" pos="preposition" trans="before" translit=""/><ana lex="ก่อน" pos="adjective" trans="former" translit=""/><ana lex="ก่อน" pos="PRF" trans="fore-" translit=""/><ana lex="ก่อน" pos="preposition" trans="afore" translit=""/><ana lex="ก่อน" pos="PRF" trans="pro-" translit=""/><ana lex="ก่อน" pos="adjective" trans="in the past" translit=""/><ana lex="ก่อน" pos="adverb" trans="formerly" translit=""/><ana lex="ก่อน" pos="adverb" trans="anteriorly" translit=""/><ana lex="ก่อน" pos="PRF" trans="ante-" translit=""/><ana lex="ก่อน" pos="conjunction" trans="afore" translit=""/><ana lex="ก่อน" pos="adverb" trans="afore" translit=""/><ana lex="ก่อน" pos="PRF" trans="pro-" translit=""/><ana lex="ก่อน" pos="PRF" trans="pre-" translit=""/><ana lex="ก่อน" pos="PRF" trans="proto-" translit=""/><ana lex="ก่อน" pos="PRF" trans="prot-" translit=""/><ana lex="ก่อน" pos="adjective" trans="anterior" translit=""/><ana lex="ก่อน" pos="PRF" trans="ante-" translit=""/></w></se><se><w>.<ana lex="" pos="" trans="" translit=""/></w></se><se><w>จะ<ana lex="จะ" pos="auxiliary verb" trans="will" translit=""/><ana lex="จะ" pos="auxiliary verb" trans="will" translit=""/><ana lex="จะ" pos="" trans="[alternate spelling of จ้ะ]" translit="jaL"/></w><w>นอน<ana lex="นอน" pos="verb" trans="sleep" translit=""/><ana lex="นอน" pos="verb,intransitive" trans="lie" translit=""/></w></se><se><w>ฝาก<ana lex="ฝาก" pos="verb" trans="deposit" translit=""/><ana lex="ฝาก" pos="verb,transitive" trans="check" translit=""/></w><w>บทกลอน</w></se><se><w>.<ana lex="" pos="" trans="" translit=""/></w></se><se><w>ออดอ้อน<ana lex="ออดอ้อน" pos="verb" trans="to implore, beseech, beg, appeal" translit="aawtL aawnF"/><ana lex="ออดอ้อน" pos="verb" trans="plead with" translit=""/></w></se><se><w>.<ana lex="" pos="" trans="" translit=""/></w></se><se><w>ก่อน<ana lex="ก่อน" pos="conjunction" trans="before" translit=""/><ana lex="ก่อน" pos="preposition" trans="before" translit=""/><ana lex="ก่อน" pos="adjective" trans="former" translit=""/><ana lex="ก่อน" pos="PRF" trans="fore-" translit=""/><ana lex="ก่อน" pos="preposition" trans="afore" translit=""/><ana lex="ก่อน" pos="PRF" trans="pro-" translit=""/><ana lex="ก่อน" pos="adjective" trans="in the past" translit=""/><ana lex="ก่อน" pos="adverb" trans="formerly" translit=""/><ana lex="ก่อน" pos="adverb" trans="anteriorly" translit=""/><ana lex="ก่อน" pos="PRF" trans="ante-" translit=""/><ana lex="ก่อน" pos="conjunction" trans="afore" translit=""/><ana lex="ก่อน" pos="adverb" trans="afore" translit=""/><ana lex="ก่อน" pos="PRF" trans="pro-" translit=""/><ana lex="ก่อน" pos="PRF" trans="pre-" translit=""/><ana lex="ก่อน" pos="PRF" trans="proto-" translit=""/><ana lex="ก่อน" pos="PRF" trans="prot-" translit=""/><ana lex="ก่อน" pos="adjective" trans="anterior" translit=""/><ana lex="ก่อน" pos="PRF" trans="ante-" translit=""/></w><w>หลับ<ana lex="หลับ" pos="SL" trans="kip" translit=""/><ana lex="หลับ" pos="PHRV" trans="get off1" translit=""/><ana lex="หลับ" pos="PHRV" trans="go off1" translit=""/><ana lex="หลับ" pos="SL" trans="zeds" translit=""/><ana lex="หลับ" pos="PHRV" trans="sack out" translit=""/><ana lex="หลับ" pos="PHRV" trans="drop off" translit=""/><ana lex="หลับ" pos="SL" trans="Z's" translit=""/><ana lex="หลับ" pos="SL" trans="Bo Bo’s" translit=""/><ana lex="หลับ" pos="verb,intransitive" trans="drop off" translit=""/><ana lex="หลับ" pos="verb,intransitive" trans="sleep" translit=""/><ana lex="หลับ" pos="SL" trans="Bo Peep" translit=""/></w><w>ใหล<ana lex="ใหล" pos="verb" trans="[euphonious suffix]" translit="laiR"/></w></se><se><w>ฝาก<ana lex="ฝาก" pos="verb" trans="deposit" translit=""/><ana lex="ฝาก" pos="verb,transitive" trans="check" translit=""/></w><w>ฟาก<ana lex="ฟาก" pos="noun" trans="strips of split bamboo" translit=""/><ana lex="ฟาก" pos="noun" trans="bank" translit=""/></w><w>ฟ้า<ana lex="ฟ้า" pos="noun" trans="blue" translit=""/><ana lex="ฟ้า" pos="noun" trans="heaven" translit=""/><ana lex="ฟ้า" pos="noun" trans="sky" translit=""/></w></se><se><w>.<ana lex="" pos="" trans="" translit=""/></w></se><se><w>ห่ม<ana lex="ห่ม" pos="verb,transitive" trans="cover" translit=""/><ana lex="ห่ม" pos="verb" trans="cover" translit=""/></w><w>รัก<ana lex="รัก" pos="verb,transitive" trans="treasure" translit=""/><ana lex="รัก" pos="verb,transitive" trans="adore" translit=""/><ana lex="รัก" pos="PRF" trans="phil-" translit=""/><ana lex="รัก" pos="PRF" trans="philo-" translit=""/><ana lex="รัก" pos="PHRV" trans="be attached to" translit=""/></w></se><se><w>.<ana lex="" pos="" trans="" translit=""/></w></se><se><w>ถัก<ana lex="ถัก" pos="verb" trans="knit" translit=""/><ana lex="ถัก" pos="verb,transitive" trans="knit" translit=""/><ana lex="ถัก" pos="PHRV" trans="knit up" translit=""/></w><w>ทอ<ana lex="ทอ" pos="verb" trans="weave" translit=""/><ana lex="ทอ" pos="verb,intransitive" trans="interweave" translit=""/><ana lex="ทอ" pos="verb,transitive" trans="interweave" translit=""/></w><w>ใย<ana lex="ใย" pos="noun" trans="web" translit=""/><ana lex="ใย" pos="adjective" trans="bright" translit=""/></w></se><se><w>ฝาก<ana lex="ฝาก" pos="verb" trans="deposit" translit=""/><ana lex="ฝาก" pos="verb,transitive" trans="check" translit=""/></w><w>ด้วย<ana lex="ด้วย" pos="PRF" trans="com-" translit=""/><ana lex="ด้วย" pos="adverb" trans="along" translit=""/><ana lex="ด้วย" pos="conjunction" trans="plus" translit=""/><ana lex="ด้วย" pos="preposition" trans="with" translit=""/><ana lex="ด้วย" pos="adverb" trans="also" translit=""/><ana lex="ด้วย" pos="conjunction" trans="because" translit=""/><ana lex="ด้วย" pos="preposition" trans="by" translit=""/><ana lex="ด้วย" pos="adverb" trans="so" translit=""/></w><w>ใจ<ana lex="ใจ" pos="noun" trans="heart" translit=""/><ana lex="ใจ" pos="noun" trans="mind" translit=""/></w></se><se><w>.<ana lex="" pos="" trans="" translit=""/></w></se><se><w>ห่ม<ana lex="ห่ม" pos="verb,transitive" trans="cover" translit=""/><ana lex="ห่ม" pos="verb" trans="cover" translit=""/></w><w>ลมหนาว<ana lex="ลมหนาว" pos="noun" trans="cold wind" translit=""/></w></se><se><w>.<ana lex="" pos="" trans="" translit=""/></w></se><se><w>สาว<ana lex="สาว" pos="noun" trans="girl" translit=""/><ana lex="สาว" pos="adjective" trans="young" translit=""/><ana lex="สาว" pos="verb" trans="pull" translit=""/></w><w>พ้อ<ana lex="พ้อ" pos="verb" trans="to complain" translit="phaawH"/><ana lex="พ้อ" pos="verb" trans="complain" translit=""/></w><w>มา<ana lex="มา" pos="PHRV" trans="get in1" translit=""/><ana lex="มา" pos="adverb" trans="coming (toward the present; or toward the focal time)" translit=""/><ana lex="มา" pos="verb,intransitive" trans="come" translit=""/><ana lex="มา" pos="verb" trans="arrive" translit=""/></w></se><se><w>.<ana lex="" pos="" trans="" translit=""/></w></se></body>