<body><meta><link>http://www.thaipoem.com/%E0%B8%9A%E0%B8%A5%E0%B9%87%E0%B8%AD%E0%B8%81/%E0%B8%95%E0%B8%B2%E0%B8%A1%E0%B9%83%E0%B8%88%E0%B8%84%E0%B8%99%E0%B9%80%E0%B8%82%E0%B8%B5%E0%B8%A2%E0%B8%99/5242</link><title>ความรักทำให้คนตาบอดจริงหรือ</title><genre>poem</genre></meta><se><w>แล้ว<ana lex="แล้ว" pos="adverb" trans="already" translit=""/><ana lex="แล้ว" pos="adverb" trans="already" translit=""/><ana lex="แล้ว" pos="adverb" trans="by now" translit=""/><ana lex="แล้ว" pos="adverb" trans="already" translit=""/></w><w>เคย<ana lex="เคย" pos="verb" trans="be accustomed to" translit=""/><ana lex="เคย" pos="noun" trans="planktonic shrimp" translit=""/><ana lex="เคย" pos="noun" trans="small sized shrimp" translit=""/><ana lex="เคย" pos="adverb" trans="ever" translit=""/><ana lex="เคย" pos="verb,intransitive" trans="be accustomed to" translit=""/><ana lex="เคย" pos="adverb" trans="once" translit=""/></w><w>ได้ยิน<ana lex="ได้ยิน" pos="verb,transitive" trans="catch" translit=""/><ana lex="ได้ยิน" pos="verb" trans="hear" translit=""/><ana lex="ได้ยิน" pos="verb,intransitive" trans="hear" translit=""/><ana lex="ได้ยิน" pos="verb,transitive" trans="hear" translit=""/><ana lex="ได้ยิน" pos="verb,transitive" trans="read" translit=""/></w><w>มั้ย</w><w>ครับ<ana lex="ครับ" pos="END" trans="yes, sir" translit=""/></w></se><se><w>ที่<ana lex="ที่" pos="PRON" trans="that" translit=""/><ana lex="ที่" pos="preposition" trans="at" translit=""/><ana lex="ที่" pos="noun" trans="word for utensil" translit=""/><ana lex="ที่" pos="preposition" trans="at" translit=""/><ana lex="ที่" pos="noun" trans="place" translit=""/><ana lex="ที่" pos="classifier" trans="qualifiers for places" translit=""/><ana lex="ที่" pos="noun" trans="ordinal number" translit=""/><ana lex="ที่" pos="preposition" trans="to" translit=""/><ana lex="ที่" pos="noun" trans="land" translit=""/></w><w>เค้า<ana lex="เค้า" pos="noun" trans="sign" translit=""/><ana lex="เค้า" pos="" trans="[alternate spelling of เขา ]" translit="khaaoH"/><ana lex="เค้า" pos="noun" trans="outline" translit=""/></w><w>ว่า</w></se><se><w>.<ana lex="" pos="" trans="" translit=""/></w></se><se><w>ความ<ana lex="ความ" pos="noun" trans="case" translit=""/><ana lex="ความ" pos="noun" trans="content" translit=""/></w><w>รัก<ana lex="รัก" pos="verb,transitive" trans="treasure" translit=""/><ana lex="รัก" pos="verb,transitive" trans="adore" translit=""/><ana lex="รัก" pos="PRF" trans="phil-" translit=""/><ana lex="รัก" pos="PRF" trans="philo-" translit=""/><ana lex="รัก" pos="PHRV" trans="be attached to" translit=""/></w></se><se><w>ทำให้<ana lex="ทำให้" pos="auxiliary verb" trans="[ทำให้] [prefix which creates a verb from an adjective, corresponding to the English suffix (adj.)-en] to cause to be...; to make...; to effect...; to render as..." translit="thamM haiF"/><ana lex="ทำให้" pos="verb" trans="cause" translit=""/></w><w>คน<ana lex="คน" pos="noun" trans="bloke" translit=""/><ana lex="คน" pos="verb,transitive" trans="mill" translit=""/><ana lex="คน" pos="PRF" trans="anthropo-" translit=""/><ana lex="คน" pos="noun" trans="human" translit=""/><ana lex="คน" pos="noun" trans="people" translit=""/><ana lex="คน" pos="noun" trans="being" translit=""/><ana lex="คน" pos="PHRV" trans="stir about" translit=""/><ana lex="คน" pos="PHRV" trans="stir around" translit=""/><ana lex="คน" pos="SL" trans="bod" translit=""/><ana lex="คน" pos="classifier" trans="person" translit=""/><ana lex="คน" pos="verb" trans="stir" translit=""/></w><w>ตาบ<ana lex="ตาบ" pos="noun" trans="[a type of] embroidered emblem typically worn around the neck" translit="dtaapL"/></w><w>อด<ana lex="อด" pos="verb" trans="abstain" translit=""/><ana lex="อด" pos="verb" trans="bear" translit=""/><ana lex="อด" pos="verb" trans="miss" translit=""/></w></se><se><w>.<ana lex="" pos="" trans="" translit=""/></w></se><se><w>ดี<ana lex="ดี" pos="adjective" trans="fine" translit=""/><ana lex="ดี" pos="adjective" trans="braw" translit=""/><ana lex="ดี" pos="SL" trans="hunky-dory" translit=""/><ana lex="ดี" pos="adjective" trans="useful" translit=""/><ana lex="ดี" pos="noun" trans="gallbladder" translit=""/><ana lex="ดี" pos="adjective" trans="nice" translit=""/><ana lex="ดี" pos="adjective" trans="fine" translit=""/><ana lex="ดี" pos="adjective" trans="tidy" translit=""/><ana lex="ดี" pos="SL" trans="kushty" translit=""/><ana lex="ดี" pos="SL" trans="tickety-boo" translit=""/><ana lex="ดี" pos="adjective" trans="well" translit=""/><ana lex="ดี" pos="PRF" trans="eu-" translit=""/><ana lex="ดี" pos="idiom" trans="Well and good" translit=""/><ana lex="ดี" pos="adjective" trans="good" translit=""/><ana lex="ดี" pos="adverb" trans="well" translit=""/><ana lex="ดี" pos="adjective" trans="high" translit=""/><ana lex="ดี" pos="adjective" trans="nice" translit=""/><ana lex="ดี" pos="adjective" trans="nice" translit=""/><ana lex="ดี" pos="adjective" trans="well" translit=""/></w><w>ขึ้น<ana lex="ขึ้น" pos="adjective" trans="ascending" translit=""/><ana lex="ขึ้น" pos="verb,intransitive" trans="ascend" translit=""/><ana lex="ขึ้น" pos="verb" trans="come into being" translit=""/><ana lex="ขึ้น" pos="verb" trans="be lucky" translit=""/><ana lex="ขึ้น" pos="adverb" trans="increasingly" translit=""/><ana lex="ขึ้น" pos="adverb" trans="be tenable" translit=""/><ana lex="ขึ้น" pos="verb" trans="develop" translit=""/><ana lex="ขึ้น" pos="adjective" trans="ascendant" translit=""/><ana lex="ขึ้น" pos="adverb" trans="more" translit=""/><ana lex="ขึ้น" pos="verb" trans="depend on" translit=""/><ana lex="ขึ้น" pos="verb" trans="be in luck" translit=""/><ana lex="ขึ้น" pos="verb" trans="grow" translit=""/><ana lex="ขึ้น" pos="verb" trans="get on" translit=""/><ana lex="ขึ้น" pos="verb" trans="go up" translit=""/><ana lex="ขึ้น" pos="verb" trans="increase" translit=""/></w></se></body>