<body><meta><link>http://www.thaipoem.com/%E0%B8%81%E0%B8%A5%E0%B8%AD%E0%B8%99/%E0%B8%81%E0%B8%A5%E0%B8%AD%E0%B8%99%E0%B8%AD%E0%B8%81%E0%B8%AB%E0%B8%B1%E0%B8%81-%E0%B8%A3%E0%B8%B1%E0%B8%81%E0%B8%AB%E0%B8%A7%E0%B8%B2%E0%B8%99%E0%B8%8B%E0%B8%B6%E0%B9%89%E0%B8%87/115314</link><title>+*+ คู่กัน +*+</title><genre>poem</genre></meta><se><w>ความ<ana lex="ความ" pos="noun" trans="case" translit=""/><ana lex="ความ" pos="noun" trans="content" translit=""/></w><w>ร้อน<ana lex="ร้อน" pos="adjective" trans="hot" translit=""/><ana lex="ร้อน" pos="verb" trans="be hot" translit=""/><ana lex="ร้อน" pos="adjective" trans="tropical" translit=""/><ana lex="ร้อน" pos="PRF" trans="thermo-" translit=""/><ana lex="ร้อน" pos="PRF" trans="therme-" translit=""/></w><w>ย่อม<ana lex="ย่อม" pos="auxiliary verb" trans="can" translit=""/><ana lex="ย่อม" pos="adjective" trans="small" translit=""/><ana lex="ย่อม" pos="adjective" trans="small" translit=""/><ana lex="ย่อม" pos="adjective" trans="small" translit=""/><ana lex="ย่อม" pos="adjective" trans="small" translit=""/><ana lex="ย่อม" pos="adjective" trans="quite small" translit=""/><ana lex="ย่อม" pos="auxiliary verb" trans="naturally" translit=""/></w><w>คู่<ana lex="คู่" pos="PRF" trans="di-" translit=""/><ana lex="คู่" pos="adjective" trans="even" translit=""/><ana lex="คู่" pos="noun" trans="pair" translit=""/><ana lex="คู่" pos="noun" trans="pair" translit=""/><ana lex="คู่" pos="noun" trans="dyad" translit=""/><ana lex="คู่" pos="verb" trans="match" translit=""/><ana lex="คู่" pos="classifier" trans="pair" translit=""/><ana lex="คู่" pos="noun" trans="couple" translit=""/></w><w>กับ<ana lex="กับ" pos="preposition" trans="with" translit=""/><ana lex="กับ" pos="preposition" trans="with" translit=""/><ana lex="กับ" pos="noun" trans="trap" translit=""/><ana lex="กับ" pos="preposition" trans="on" translit=""/><ana lex="กับ" pos="conjunction" trans="and" translit=""/><ana lex="กับ" pos="preposition" trans="with" translit=""/></w><w>ความ<ana lex="ความ" pos="noun" trans="case" translit=""/><ana lex="ความ" pos="noun" trans="content" translit=""/></w><w>เย็น<ana lex="เย็น" pos="verb" trans="be cold" translit=""/><ana lex="เย็น" pos="adjective" trans="cool" translit=""/><ana lex="เย็น" pos="adjective" trans="cold" translit=""/><ana lex="เย็น" pos="noun" trans="evening" translit=""/><ana lex="เย็น" pos="verb" trans="cool" translit=""/></w></se><se><w>ความ<ana lex="ความ" pos="noun" trans="case" translit=""/><ana lex="ความ" pos="noun" trans="content" translit=""/></w><w>เป็น<ana lex="เป็น" pos="auxiliary verb" trans="are" translit=""/><ana lex="เป็น" pos="verb,intransitive" trans="been" translit=""/><ana lex="เป็น" pos="verb,intransitive" trans="come" translit=""/><ana lex="เป็น" pos="verb" trans="be able to" translit=""/><ana lex="เป็น" pos="verb" trans="be" translit=""/><ana lex="เป็น" pos="adjective" trans="alive" translit=""/></w><w>ย่อม<ana lex="ย่อม" pos="auxiliary verb" trans="can" translit=""/><ana lex="ย่อม" pos="adjective" trans="small" translit=""/><ana lex="ย่อม" pos="adjective" trans="small" translit=""/><ana lex="ย่อม" pos="adjective" trans="small" translit=""/><ana lex="ย่อม" pos="adjective" trans="small" translit=""/><ana lex="ย่อม" pos="adjective" trans="quite small" translit=""/><ana lex="ย่อม" pos="auxiliary verb" trans="naturally" translit=""/></w><w>คู่<ana lex="คู่" pos="PRF" trans="di-" translit=""/><ana lex="คู่" pos="adjective" trans="even" translit=""/><ana lex="คู่" pos="noun" trans="pair" translit=""/><ana lex="คู่" pos="noun" trans="pair" translit=""/><ana lex="คู่" pos="noun" trans="dyad" translit=""/><ana lex="คู่" pos="verb" trans="match" translit=""/><ana lex="คู่" pos="classifier" trans="pair" translit=""/><ana lex="คู่" pos="noun" trans="couple" translit=""/></w><w>กับ<ana lex="กับ" pos="preposition" trans="with" translit=""/><ana lex="กับ" pos="preposition" trans="with" translit=""/><ana lex="กับ" pos="noun" trans="trap" translit=""/><ana lex="กับ" pos="preposition" trans="on" translit=""/><ana lex="กับ" pos="conjunction" trans="and" translit=""/><ana lex="กับ" pos="preposition" trans="with" translit=""/></w><w>ความ<ana lex="ความ" pos="noun" trans="case" translit=""/><ana lex="ความ" pos="noun" trans="content" translit=""/></w><w>ตาย<ana lex="ตาย" pos="adjective" trans="defunct" translit=""/><ana lex="ตาย" pos="verb,intransitive" trans="demise" translit=""/><ana lex="ตาย" pos="verb,intransitive" trans="die" translit=""/><ana lex="ตาย" pos="verb" trans="lose" translit=""/><ana lex="ตาย" pos="SL" trans="cop it1" translit=""/><ana lex="ตาย" pos="SL" trans="croak" translit=""/><ana lex="ตาย" pos="SL" trans="kick the bucket" translit=""/><ana lex="ตาย" pos="SL" trans="buy it" translit=""/><ana lex="ตาย" pos="verb,intransitive" trans="decease" translit=""/><ana lex="ตาย" pos="verb,intransitive" trans="expire" translit=""/><ana lex="ตาย" pos="verb" trans="breakdown" translit=""/><ana lex="ตาย" pos="verb" trans="die" translit=""/><ana lex="ตาย" pos="adjective" trans="fixed" translit=""/><ana lex="ตาย" pos="verb,intransitive" trans="succumb" translit=""/><ana lex="ตาย" pos="verb" trans="be paralyzed" translit=""/><ana lex="ตาย" pos="verb,intransitive" trans="pass" translit=""/><ana lex="ตาย" pos="PHRV" trans="kick off" translit=""/><ana lex="ตาย" pos="idiom" trans="yield up the ghost" translit=""/><ana lex="ตาย" pos="PHRV" trans="sink to rest" translit=""/><ana lex="ตาย" pos="verb,intransitive" trans="perish" translit=""/><ana lex="ตาย" pos="SL" trans="boxed" translit=""/><ana lex="ตาย" pos="SL" trans="feeling no pain" translit=""/><ana lex="ตาย" pos="SL" trans="dead and gone" translit=""/><ana lex="ตาย" pos="PHRV" trans="die off" translit=""/><ana lex="ตาย" pos="SL" trans="belly up" translit=""/><ana lex="ตาย" pos="SL" trans="brown bread" translit=""/><ana lex="ตาย" pos="idiom" trans="(as) dead as a doornail" translit=""/><ana lex="ตาย" pos="idiom" trans="(as) dead as dodo" translit=""/><ana lex="ตาย" pos="SL" trans="off" translit=""/><ana lex="ตาย" pos="idiom" trans="be gathered to one's fathers" translit=""/><ana lex="ตาย" pos="PHRV" trans="go home" translit=""/><ana lex="ตาย" pos="PHRV" trans="pass over1" translit=""/></w></se><se><w>จิตใจ<ana lex="จิตใจ" pos="noun" trans="mind" translit=""/><ana lex="จิตใจ" pos="noun" trans="the mind" translit="jitL jaiM"/><ana lex="จิตใจ" pos="noun" trans="mind" translit=""/><ana lex="จิตใจ" pos="noun" trans="heart" translit=""/><ana lex="จิตใจ" pos="noun" trans="inner man" translit=""/></w><w>ย่อม<ana lex="ย่อม" pos="auxiliary verb" trans="can" translit=""/><ana lex="ย่อม" pos="adjective" trans="small" translit=""/><ana lex="ย่อม" pos="adjective" trans="small" translit=""/><ana lex="ย่อม" pos="adjective" trans="small" translit=""/><ana lex="ย่อม" pos="adjective" trans="small" translit=""/><ana lex="ย่อม" pos="adjective" trans="quite small" translit=""/><ana lex="ย่อม" pos="auxiliary verb" trans="naturally" translit=""/></w><w>คู่<ana lex="คู่" pos="PRF" trans="di-" translit=""/><ana lex="คู่" pos="adjective" trans="even" translit=""/><ana lex="คู่" pos="noun" trans="pair" translit=""/><ana lex="คู่" pos="noun" trans="pair" translit=""/><ana lex="คู่" pos="noun" trans="dyad" translit=""/><ana lex="คู่" pos="verb" trans="match" translit=""/><ana lex="คู่" pos="classifier" trans="pair" translit=""/><ana lex="คู่" pos="noun" trans="couple" translit=""/></w><w>กับ<ana lex="กับ" pos="preposition" trans="with" translit=""/><ana lex="กับ" pos="preposition" trans="with" translit=""/><ana lex="กับ" pos="noun" trans="trap" translit=""/><ana lex="กับ" pos="preposition" trans="on" translit=""/><ana lex="กับ" pos="conjunction" trans="and" translit=""/><ana lex="กับ" pos="preposition" trans="with" translit=""/></w><w>ร่างกาย<ana lex="ร่างกาย" pos="noun" trans="body" translit=""/><ana lex="ร่างกาย" pos="noun" trans="body" translit=""/><ana lex="ร่างกาย" pos="noun" trans="frame" translit=""/></w></se><se><w>ผู้ชาย<ana lex="ผู้ชาย" pos="noun" trans="masculine" translit=""/><ana lex="ผู้ชาย" pos="SL" trans="fridge and freezer" translit=""/><ana lex="ผู้ชาย" pos="SL" trans="bloke" translit=""/><ana lex="ผู้ชาย" pos="PRF" trans="andr-" translit=""/><ana lex="ผู้ชาย" pos="SL" trans="fridge freezer" translit=""/><ana lex="ผู้ชาย" pos="noun" trans="male" translit=""/><ana lex="ผู้ชาย" pos="PRF" trans="andro-" translit=""/><ana lex="ผู้ชาย" pos="SL" trans="geezer" translit=""/><ana lex="ผู้ชาย" pos="noun" trans="man" translit=""/></w><w>ย่อม<ana lex="ย่อม" pos="auxiliary verb" trans="can" translit=""/><ana lex="ย่อม" pos="adjective" trans="small" translit=""/><ana lex="ย่อม" pos="adjective" trans="small" translit=""/><ana lex="ย่อม" pos="adjective" trans="small" translit=""/><ana lex="ย่อม" pos="adjective" trans="small" translit=""/><ana lex="ย่อม" pos="adjective" trans="quite small" translit=""/><ana lex="ย่อม" pos="auxiliary verb" trans="naturally" translit=""/></w><w>คู่<ana lex="คู่" pos="PRF" trans="di-" translit=""/><ana lex="คู่" pos="adjective" trans="even" translit=""/><ana lex="คู่" pos="noun" trans="pair" translit=""/><ana lex="คู่" pos="noun" trans="pair" translit=""/><ana lex="คู่" pos="noun" trans="dyad" translit=""/><ana lex="คู่" pos="verb" trans="match" translit=""/><ana lex="คู่" pos="classifier" trans="pair" translit=""/><ana lex="คู่" pos="noun" trans="couple" translit=""/></w><w>กับ<ana lex="กับ" pos="preposition" trans="with" translit=""/><ana lex="กับ" pos="preposition" trans="with" translit=""/><ana lex="กับ" pos="noun" trans="trap" translit=""/><ana lex="กับ" pos="preposition" trans="on" translit=""/><ana lex="กับ" pos="conjunction" trans="and" translit=""/><ana lex="กับ" pos="preposition" trans="with" translit=""/></w><w>ผู้หญิง<ana lex="ผู้หญิง" pos="noun" trans="female" translit=""/><ana lex="ผู้หญิง" pos="SL" trans="fish" translit=""/><ana lex="ผู้หญิง" pos="noun" trans="gentle sex" translit=""/><ana lex="ผู้หญิง" pos="noun" trans="femme" translit=""/><ana lex="ผู้หญิง" pos="noun" trans="woman" translit=""/></w></se><se><w>ความ<ana lex="ความ" pos="noun" trans="case" translit=""/><ana lex="ความ" pos="noun" trans="content" translit=""/></w><w>รู้สึก<ana lex="รู้สึก" pos="PHRV" trans="be struck with" translit=""/><ana lex="รู้สึก" pos="verb" trans="feel" translit=""/><ana lex="รู้สึก" pos="verb,intransitive" trans="feel" translit=""/></w><w>ย่อม<ana lex="ย่อม" pos="auxiliary verb" trans="can" translit=""/><ana lex="ย่อม" pos="adjective" trans="small" translit=""/><ana lex="ย่อม" pos="adjective" trans="small" translit=""/><ana lex="ย่อม" pos="adjective" trans="small" translit=""/><ana lex="ย่อม" pos="adjective" trans="small" translit=""/><ana lex="ย่อม" pos="adjective" trans="quite small" translit=""/><ana lex="ย่อม" pos="auxiliary verb" trans="naturally" translit=""/></w><w>คู่<ana lex="คู่" pos="PRF" trans="di-" translit=""/><ana lex="คู่" pos="adjective" trans="even" translit=""/><ana lex="คู่" pos="noun" trans="pair" translit=""/><ana lex="คู่" pos="noun" trans="pair" translit=""/><ana lex="คู่" pos="noun" trans="dyad" translit=""/><ana lex="คู่" pos="verb" trans="match" translit=""/><ana lex="คู่" pos="classifier" trans="pair" translit=""/><ana lex="คู่" pos="noun" trans="couple" translit=""/></w><w>กับ<ana lex="กับ" pos="preposition" trans="with" translit=""/><ana lex="กับ" pos="preposition" trans="with" translit=""/><ana lex="กับ" pos="noun" trans="trap" translit=""/><ana lex="กับ" pos="preposition" trans="on" translit=""/><ana lex="กับ" pos="conjunction" trans="and" translit=""/><ana lex="กับ" pos="preposition" trans="with" translit=""/></w><w>ความคิด<ana lex="ความคิด" pos="noun" trans="concept" translit=""/><ana lex="ความคิด" pos="PRF" trans="ideo-" translit=""/><ana lex="ความคิด" pos="noun" trans="thought" translit=""/><ana lex="ความคิด" pos="noun" trans="conception" translit=""/><ana lex="ความคิด" pos="noun" trans="soul" translit=""/><ana lex="ความคิด" pos="noun" trans="notion" translit=""/><ana lex="ความคิด" pos="noun" trans="though" translit=""/><ana lex="ความคิด" pos="noun" trans="idea" translit=""/><ana lex="ความคิด" pos="noun" trans="feeling" translit=""/><ana lex="ความคิด" pos="noun" trans="conceit" translit=""/></w></se><se><w>พระ<ana lex="พระ" pos="SL" trans="holy Joe" translit=""/><ana lex="พระ" pos="noun" trans="presbyter" translit=""/><ana lex="พระ" pos="noun" trans="monk" translit=""/><ana lex="พระ" pos="noun" trans="leading actor" translit=""/><ana lex="พระ" pos="noun" trans="Buddha image" translit=""/><ana lex="พระ" pos="noun" trans="pastor" translit=""/><ana lex="พระ" pos="noun" trans="priest" translit=""/></w><w>อาทิตย์<ana lex="อาทิตย์" pos="noun" trans="sun" translit=""/><ana lex="อาทิตย์" pos="noun" trans="Sunday" translit=""/><ana lex="อาทิตย์" pos="noun" trans="week" translit=""/></w><w>ย่อม<ana lex="ย่อม" pos="auxiliary verb" trans="can" translit=""/><ana lex="ย่อม" pos="adjective" trans="small" translit=""/><ana lex="ย่อม" pos="adjective" trans="small" translit=""/><ana lex="ย่อม" pos="adjective" trans="small" translit=""/><ana lex="ย่อม" pos="adjective" trans="small" translit=""/><ana lex="ย่อม" pos="adjective" trans="quite small" translit=""/><ana lex="ย่อม" pos="auxiliary verb" trans="naturally" translit=""/></w><w>คู่<ana lex="คู่" pos="PRF" trans="di-" translit=""/><ana lex="คู่" pos="adjective" trans="even" translit=""/><ana lex="คู่" pos="noun" trans="pair" translit=""/><ana lex="คู่" pos="noun" trans="pair" translit=""/><ana lex="คู่" pos="noun" trans="dyad" translit=""/><ana lex="คู่" pos="verb" trans="match" translit=""/><ana lex="คู่" pos="classifier" trans="pair" translit=""/><ana lex="คู่" pos="noun" trans="couple" translit=""/></w><w>กับ<ana lex="กับ" pos="preposition" trans="with" translit=""/><ana lex="กับ" pos="preposition" trans="with" translit=""/><ana lex="กับ" pos="noun" trans="trap" translit=""/><ana lex="กับ" pos="preposition" trans="on" translit=""/><ana lex="กับ" pos="conjunction" trans="and" translit=""/><ana lex="กับ" pos="preposition" trans="with" translit=""/></w><w>พระ<ana lex="พระ" pos="SL" trans="holy Joe" translit=""/><ana lex="พระ" pos="noun" trans="presbyter" translit=""/><ana lex="พระ" pos="noun" trans="monk" translit=""/><ana lex="พระ" pos="noun" trans="leading actor" translit=""/><ana lex="พระ" pos="noun" trans="Buddha image" translit=""/><ana lex="พระ" pos="noun" trans="pastor" translit=""/><ana lex="พระ" pos="noun" trans="priest" translit=""/></w><w>จันทร์<ana lex="จันทร์" pos="noun" trans="moon" translit=""/><ana lex="จันทร์" pos="noun" trans="Monday" translit=""/></w></se><se><w>กลางคืน<ana lex="กลางคืน" pos="noun" trans="night" translit=""/><ana lex="กลางคืน" pos="noun" trans="night" translit=""/></w><w>ย่อม<ana lex="ย่อม" pos="auxiliary verb" trans="can" translit=""/><ana lex="ย่อม" pos="adjective" trans="small" translit=""/><ana lex="ย่อม" pos="adjective" trans="small" translit=""/><ana lex="ย่อม" pos="adjective" trans="small" translit=""/><ana lex="ย่อม" pos="adjective" trans="small" translit=""/><ana lex="ย่อม" pos="adjective" trans="quite small" translit=""/><ana lex="ย่อม" pos="auxiliary verb" trans="naturally" translit=""/></w><w>คู่<ana lex="คู่" pos="PRF" trans="di-" translit=""/><ana lex="คู่" pos="adjective" trans="even" translit=""/><ana lex="คู่" pos="noun" trans="pair" translit=""/><ana lex="คู่" pos="noun" trans="pair" translit=""/><ana lex="คู่" pos="noun" trans="dyad" translit=""/><ana lex="คู่" pos="verb" trans="match" translit=""/><ana lex="คู่" pos="classifier" trans="pair" translit=""/><ana lex="คู่" pos="noun" trans="couple" translit=""/></w><w>กับ<ana lex="กับ" pos="preposition" trans="with" translit=""/><ana lex="กับ" pos="preposition" trans="with" translit=""/><ana lex="กับ" pos="noun" trans="trap" translit=""/><ana lex="กับ" pos="preposition" trans="on" translit=""/><ana lex="กับ" pos="conjunction" trans="and" translit=""/><ana lex="กับ" pos="preposition" trans="with" translit=""/></w><w>กลางวัน<ana lex="กลางวัน" pos="noun" trans="daytime" translit=""/><ana lex="กลางวัน" pos="noun" trans="day" translit=""/><ana lex="กลางวัน" pos="noun" trans="daylight" translit=""/></w></se><se><w>เพราะ<ana lex="เพราะ" pos="conjunction" trans="because" translit=""/><ana lex="เพราะ" pos="adjective" trans="melodious" translit=""/></w><w>ฉะนั้น<ana lex="ฉะนั้น" pos="adverb" trans="consequently; thus" translit="chaL nanH"/></w></se><se><w>.<ana lex="" pos="" trans="" translit=""/></w></se><se><w>ฉัน<ana lex="ฉัน" pos="" trans="[alternate pronunciation of ฉัน ]" translit="chanH"/><ana lex="ฉัน" pos="pronoun" trans="me" translit=""/></w><w>ย่อม<ana lex="ย่อม" pos="auxiliary verb" trans="can" translit=""/><ana lex="ย่อม" pos="adjective" trans="small" translit=""/><ana lex="ย่อม" pos="adjective" trans="small" translit=""/><ana lex="ย่อม" pos="adjective" trans="small" translit=""/><ana lex="ย่อม" pos="adjective" trans="small" translit=""/><ana lex="ย่อม" pos="adjective" trans="quite small" translit=""/><ana lex="ย่อม" pos="auxiliary verb" trans="naturally" translit=""/></w><w>คู่<ana lex="คู่" pos="PRF" trans="di-" translit=""/><ana lex="คู่" pos="adjective" trans="even" translit=""/><ana lex="คู่" pos="noun" trans="pair" translit=""/><ana lex="คู่" pos="noun" trans="pair" translit=""/><ana lex="คู่" pos="noun" trans="dyad" translit=""/><ana lex="คู่" pos="verb" trans="match" translit=""/><ana lex="คู่" pos="classifier" trans="pair" translit=""/><ana lex="คู่" pos="noun" trans="couple" translit=""/></w><w>กับ<ana lex="กับ" pos="preposition" trans="with" translit=""/><ana lex="กับ" pos="preposition" trans="with" translit=""/><ana lex="กับ" pos="noun" trans="trap" translit=""/><ana lex="กับ" pos="preposition" trans="on" translit=""/><ana lex="กับ" pos="conjunction" trans="and" translit=""/><ana lex="กับ" pos="preposition" trans="with" translit=""/></w><w>เธอ<ana lex="เธอ" pos="PRON" trans="you" translit=""/><ana lex="เธอ" pos="pronoun" trans="she" translit=""/><ana lex="เธอ" pos="pronoun" trans="her" translit=""/><ana lex="เธอ" pos="PRON" trans="she" translit=""/></w></se></body>