<body><meta><link>http://www.thaipoem.com/poem/83099</link><title>๏ หวัง ๏</title><genre>poem</genre></meta><se><w>เป็น<ana lex="เป็น" pos="auxiliary verb" trans="are" translit=""/><ana lex="เป็น" pos="verb,intransitive" trans="been" translit=""/><ana lex="เป็น" pos="verb,intransitive" trans="come" translit=""/><ana lex="เป็น" pos="verb" trans="be able to" translit=""/><ana lex="เป็น" pos="verb" trans="be" translit=""/><ana lex="เป็น" pos="adjective" trans="alive" translit=""/></w><w>ชีวิต<ana lex="ชีวิต" pos="PRF" trans="bio-" translit=""/><ana lex="ชีวิต" pos="noun" trans="life" translit=""/><ana lex="ชีวิต" pos="noun" trans="life" translit=""/></w><w>อยู่<ana lex="อยู่" pos="verb,intransitive" trans="abide" translit=""/><ana lex="อยู่" pos="auxiliary verb" trans="be" translit=""/></w><w>กลาง<ana lex="กลาง" pos="adjective" trans="centre" translit=""/><ana lex="กลาง" pos="adjective" trans="center" translit=""/><ana lex="กลาง" pos="adjective" trans="middle" translit=""/><ana lex="กลาง" pos="adverb" trans="neutrally" translit=""/><ana lex="กลาง" pos="adjective" trans="medium" translit=""/><ana lex="กลาง" pos="PRF" trans="medio-" translit=""/><ana lex="กลาง" pos="adjective" trans="half" translit=""/><ana lex="กลาง" pos="adjective" trans="center" translit=""/><ana lex="กลาง" pos="PRF" trans="mid-" translit=""/></w><w>ระหว่าง<ana lex="ระหว่าง" pos="adverb" trans="during" translit=""/><ana lex="ระหว่าง" pos="PRF" trans="inter-" translit=""/><ana lex="ระหว่าง" pos="preposition" trans="twixt" translit=""/><ana lex="ระหว่าง" pos="preposition" trans="during" translit=""/><ana lex="ระหว่าง" pos="adverb" trans="betwixt" translit=""/><ana lex="ระหว่าง" pos="preposition" trans="betwixt" translit=""/><ana lex="ระหว่าง" pos="preposition" trans="by" translit=""/><ana lex="ระหว่าง" pos="PRF" trans="inter-" translit=""/><ana lex="ระหว่าง" pos="preposition" trans="between" translit=""/><ana lex="ระหว่าง" pos="preposition" trans="among" translit=""/></w><w>ฝัน<ana lex="ฝัน" pos="verb,transitive" trans="dream" translit=""/><ana lex="ฝัน" pos="verb,intransitive" trans="dream" translit=""/><ana lex="ฝัน" pos="verb" trans="dream" translit=""/></w></se><se><w>หลาย<ana lex="หลาย" pos="adjective" trans="several" translit=""/><ana lex="หลาย" pos="adverb" trans="much" translit=""/></w><w>คน<ana lex="คน" pos="noun" trans="bloke" translit=""/><ana lex="คน" pos="verb,transitive" trans="mill" translit=""/><ana lex="คน" pos="PRF" trans="anthropo-" translit=""/><ana lex="คน" pos="noun" trans="human" translit=""/><ana lex="คน" pos="noun" trans="people" translit=""/><ana lex="คน" pos="noun" trans="being" translit=""/><ana lex="คน" pos="PHRV" trans="stir about" translit=""/><ana lex="คน" pos="PHRV" trans="stir around" translit=""/><ana lex="คน" pos="SL" trans="bod" translit=""/><ana lex="คน" pos="classifier" trans="person" translit=""/><ana lex="คน" pos="verb" trans="stir" translit=""/></w><w>นั้น<ana lex="นั้น" pos="pronoun" trans="that" translit=""/><ana lex="นั้น" pos="PRON" trans="that" translit=""/></w><w>เฝ้า<ana lex="เฝ้า" pos="verb" trans="have an audience with/of" translit=""/><ana lex="เฝ้า" pos="verb" trans="keep an eye on" translit=""/></w><w>รอ<ana lex="รอ" pos="verb" trans="wait for" translit=""/><ana lex="รอ" pos="verb" trans="await (for something to happen)" translit=""/><ana lex="รอ" pos="noun" trans="embankment" translit=""/></w><w>พ้อ<ana lex="พ้อ" pos="verb" trans="to complain" translit="phaawH"/><ana lex="พ้อ" pos="verb" trans="complain" translit=""/></w><w>ครวญ<ana lex="ครวญ" pos="" trans="to complain; lament; cry; bemoan" translit="khruaanM"/><ana lex="ครวญ" pos="verb" trans="groan" translit=""/><ana lex="ครวญ" pos="verb" trans="sing for" translit=""/></w><w>หา<ana lex="หา" pos="verb" trans="grope" translit=""/><ana lex="หา" pos="verb" trans="accuse" translit=""/><ana lex="หา" pos="verb" trans="see" translit=""/><ana lex="หา" pos="verb,transitive" trans="find" translit=""/><ana lex="หา" pos="verb" trans="search for" translit=""/></w></se><se><w>หวัง<ana lex="หวัง" pos="verb,transitive" trans="hope" translit=""/><ana lex="หวัง" pos="verb,intransitive" trans="hope" translit=""/></w><w>ให้<ana lex="ให้" pos="verb,transitive" trans="afford" translit=""/><ana lex="ให้" pos="verb" trans="give" translit=""/><ana lex="ให้" pos="verb,transitive" trans="give" translit=""/><ana lex="ให้" pos="verb,transitive" trans="dispense" translit=""/><ana lex="ให้" pos="verb,transitive" trans="bestow" translit=""/><ana lex="ให้" pos="verb" trans="give" translit=""/><ana lex="ให้" pos="verb,transitive" trans="accord" translit=""/><ana lex="ให้" pos="auxiliary verb" trans="to" translit=""/><ana lex="ให้" pos="verb" trans="permit" translit=""/></w><w>ไป<ana lex="ไป" pos="PRF" trans="ad-" translit=""/><ana lex="ไป" pos="verb" trans="go" translit=""/><ana lex="ไป" pos="SL" trans="chip" translit=""/><ana lex="ไป" pos="SL" trans="gone for a Burton" translit=""/><ana lex="ไป" pos="verb,intransitive" trans="go" translit=""/></w><w>เติม<ana lex="เติม" pos="verb" trans="add" translit=""/><ana lex="เติม" pos="verb,transitive" trans="fill" translit=""/><ana lex="เติม" pos="verb,transitive" trans="line" translit=""/><ana lex="เติม" pos="verb,transitive" trans="replenish" translit=""/><ana lex="เติม" pos="verb,transitive" trans="brim" translit=""/></w><w>ฝัน<ana lex="ฝัน" pos="verb,transitive" trans="dream" translit=""/><ana lex="ฝัน" pos="verb,intransitive" trans="dream" translit=""/><ana lex="ฝัน" pos="verb" trans="dream" translit=""/></w><w>อัน<ana lex="อัน" pos="classifier" trans="piece" translit=""/><ana lex="อัน" pos="noun" trans="piece" translit=""/></w><w>โสภา<ana lex="โสภา" pos="adjective" trans="[is] beautiful" translit="so:hR phaaM"/><ana lex="โสภา" pos="" trans="beauty; radiance; light; brigtness" translit="so:hR phaaM"/></w></se><se><w>ปรารถนา<ana lex="ปรารถนา" pos="verb,transitive" trans="wish" translit=""/><ana lex="ปรารถนา" pos="verb,transitive" trans="desire" translit=""/><ana lex="ปรารถนา" pos="verb" trans="desire" translit=""/><ana lex="ปรารถนา" pos="SL" trans="fancy" translit=""/><ana lex="ปรารถนา" pos="PHRV" trans="whore after" translit=""/><ana lex="ปรารถนา" pos="verb,intransitive" trans="itch" translit=""/><ana lex="ปรารถนา" pos="verb,transitive" trans="fancy" translit=""/><ana lex="ปรารถนา" pos="verb,transitive" trans="crave" translit=""/><ana lex="ปรารถนา" pos="verb,intransitive" trans="crave" translit=""/><ana lex="ปรารถนา" pos="verb,intransitive" trans="ache" translit=""/><ana lex="ปรารถนา" pos="PHRV" trans="wish for" translit=""/><ana lex="ปรารถนา" pos="verb,intransitive" trans="thirst" translit=""/><ana lex="ปรารถนา" pos="idiom" trans="have one's heart set on" translit=""/><ana lex="ปรารถนา" pos="verb,intransitive" trans="long" translit=""/><ana lex="ปรารถนา" pos="verb,intransitive" trans="yearn" translit=""/></w><w>ใกล้<ana lex="ใกล้" pos="adjective" trans="near" translit=""/><ana lex="ใกล้" pos="preposition" trans="near" translit=""/><ana lex="ใกล้" pos="preposition" trans="on" translit=""/><ana lex="ใกล้" pos="adverb" trans="anear" translit=""/><ana lex="ใกล้" pos="adjective" trans="proximate" translit=""/><ana lex="ใกล้" pos="preposition" trans="anear" translit=""/><ana lex="ใกล้" pos="adjective" trans="close" translit=""/><ana lex="ใกล้" pos="preposition" trans="be-" translit=""/><ana lex="ใกล้" pos="preposition" trans="by" translit=""/><ana lex="ใกล้" pos="adverb" trans="close" translit=""/><ana lex="ใกล้" pos="verb" trans="come near" translit=""/><ana lex="ใกล้" pos="PRF" trans="juxta-" translit=""/></w><w>ชิด<ana lex="ชิด" pos="verb,transitive" trans="abut" translit=""/><ana lex="ชิด" pos="verb" trans="be close" translit=""/><ana lex="ชิด" pos="verb,intransitive" trans="abut" translit=""/><ana lex="ชิด" pos="adverb" trans="close" translit=""/><ana lex="ชิด" pos="noun" trans="nipa palm" translit=""/></w><w>สนิท<ana lex="สนิท" pos="verb" trans="be close to" translit=""/><ana lex="สนิท" pos="adverb" trans="tight" translit=""/><ana lex="สนิท" pos="adjective" trans="close" translit=""/><ana lex="สนิท" pos="verb" trans="intimate" translit=""/></w><w>กัน<ana lex="กัน" pos="verb" trans="keep out" translit=""/><ana lex="กัน" pos="PRON" trans="one another" translit=""/><ana lex="กัน" pos="PHRV" trans="screen off" translit=""/><ana lex="กัน" pos="adverb" trans="together" translit=""/><ana lex="กัน" pos="verb" trans="shave" translit=""/><ana lex="กัน" pos="verb" trans="separate" translit=""/></w></se><se><w>ได้<ana lex="ได้" pos="PHRV" trans="get out of" translit=""/><ana lex="ได้" pos="auxiliary verb" trans="be able to" translit=""/><ana lex="ได้" pos="verb" trans="get" translit=""/><ana lex="ได้" pos="" trans="[alternate pronunciation of ได้ ]" translit="daaiF"/><ana lex="ได้" pos="auxiliary verb" trans="used as an auxiliary verb before a principal verb to indicate the past tense" translit=""/><ana lex="ได้" pos="verb,transitive" trans="get" translit=""/><ana lex="ได้" pos="adverb" trans="can" translit=""/></w><w>แต่<ana lex="แต่" pos="adverb" trans="only" translit=""/><ana lex="แต่" pos="conjunction" trans="but" translit=""/><ana lex="แต่" pos="conjunction" trans="but" translit=""/><ana lex="แต่" pos="conjunction" trans="but" translit=""/><ana lex="แต่" pos="preposition" trans="earlier" translit=""/><ana lex="แต่" pos="conjunction" trans="only" translit=""/></w><w>มอง<ana lex="มอง" pos="SL" trans="varda" translit=""/><ana lex="มอง" pos="verb" trans="look" translit=""/></w><w>รอบ<ana lex="รอบ" pos="PRF" trans="circum-" translit=""/><ana lex="รอบ" pos="PRF" trans="peri-" translit=""/><ana lex="รอบ" pos="classifier" trans="cycle" translit=""/><ana lex="รอบ" pos="preposition" trans="about" translit=""/><ana lex="รอบ" pos="preposition" trans="around" translit=""/></w><w>ข้าง<ana lex="ข้าง" pos="PRF" trans="par-" translit=""/><ana lex="ข้าง" pos="PRF" trans="para-" translit=""/><ana lex="ข้าง" pos="PRF" trans="para-" translit=""/><ana lex="ข้าง" pos="noun" trans="side" translit=""/><ana lex="ข้าง" pos="preposition" trans="next to" translit=""/><ana lex="ข้าง" pos="noun" trans="side" translit=""/><ana lex="ข้าง" pos="noun" trans="side" translit=""/><ana lex="ข้าง" pos="PRF" trans="par-" translit=""/><ana lex="ข้าง" pos="noun" trans="side" translit=""/></w><w>อย่าง<ana lex="อย่าง" pos="noun" trans="method" translit=""/><ana lex="อย่าง" pos="adverb" trans="severely" translit=""/><ana lex="อย่าง" pos="noun" trans="type" translit=""/></w><w>หดหู่<ana lex="หดหู่" pos="adjective" trans="[of a person, is] depressed; dejected; despirited" translit="hohtL huuL"/><ana lex="หดหู่" pos="noun" trans="[ความหดหู่] melancholy; depression; dejection; sadness" translit="hohtL huuL"/><ana lex="หดหู่" pos="adjective" trans="[น่าหดหู่] [is feeling or subject to feeling] depressed; dejected" translit="hohtL huuL"/><ana lex="หดหู่" pos="adjective" trans="dismal" translit=""/><ana lex="หดหู่" pos="adjective" trans="[หดหู่ใจ] [is feeling] depressed" translit="hohtL huuL"/><ana lex="หดหู่" pos="verb" trans="depress" translit=""/></w></se><se><w>หา<ana lex="หา" pos="verb" trans="grope" translit=""/><ana lex="หา" pos="verb" trans="accuse" translit=""/><ana lex="หา" pos="verb" trans="see" translit=""/><ana lex="หา" pos="verb,transitive" trans="find" translit=""/><ana lex="หา" pos="verb" trans="search for" translit=""/></w><w>ผู้</w><w>ใด<ana lex="ใด" pos="DET" trans="any" translit=""/><ana lex="ใด" pos="DET" trans="which" translit=""/></w><w>จัก<ana lex="จัก" pos="auxiliary verb" trans="will" translit=""/></w><w>รู้ใจ<ana lex="รู้ใจ" pos="adjective" trans="intimate" translit=""/><ana lex="รู้ใจ" pos="verb" trans="know one's mind" translit=""/><ana lex="รู้ใจ" pos="verb,transitive" trans="to know (one's) mind" translit="ruuH jaiM"/></w><w>ของ<ana lex="ของ" pos="noun" trans="thing" translit=""/><ana lex="ของ" pos="PRF" trans="a-" translit=""/><ana lex="ของ" pos="noun" trans="item" translit=""/><ana lex="ของ" pos="preposition" trans="of" translit=""/><ana lex="ของ" pos="preposition" trans="of" translit=""/></w><w>ฉัน<ana lex="ฉัน" pos="" trans="[alternate pronunciation of ฉัน ]" translit="chanH"/><ana lex="ฉัน" pos="pronoun" trans="me" translit=""/></w></se><se><w>เหนื่อย<ana lex="เหนื่อย" pos="PHRV" trans="be play out" translit=""/><ana lex="เหนื่อย" pos="PHRV" trans="look washed out" translit=""/><ana lex="เหนื่อย" pos="adjective" trans="jaded" translit=""/><ana lex="เหนื่อย" pos="verb" trans="be tired" translit=""/><ana lex="เหนื่อย" pos="adjective" trans="tired of" translit=""/><ana lex="เหนื่อย" pos="PHRV" trans="seem washed out" translit=""/><ana lex="เหนื่อย" pos="PHRV" trans="look washed up" translit=""/><ana lex="เหนื่อย" pos="PHRV" trans="feel washed out" translit=""/><ana lex="เหนื่อย" pos="PHRV" trans="seem washed up" translit=""/><ana lex="เหนื่อย" pos="verb,intransitive" trans="tire" translit=""/><ana lex="เหนื่อย" pos="PHRV" trans="feel washed up" translit=""/><ana lex="เหนื่อย" pos="PHRV" trans="be washed up" translit=""/><ana lex="เหนื่อย" pos="PHRV" trans="be washed out" translit=""/></w><w>เพียง</w><w>ไหน<ana lex="ไหน" pos="DET" trans="any" translit=""/><ana lex="ไหน" pos="noun" trans="Nai (kind of fruits)" translit=""/><ana lex="ไหน" pos="QUES" trans="where" translit=""/></w><w>ที่<ana lex="ที่" pos="PRON" trans="that" translit=""/><ana lex="ที่" pos="preposition" trans="at" translit=""/><ana lex="ที่" pos="noun" trans="word for utensil" translit=""/><ana lex="ที่" pos="preposition" trans="at" translit=""/><ana lex="ที่" pos="noun" trans="place" translit=""/><ana lex="ที่" pos="classifier" trans="qualifiers for places" translit=""/><ana lex="ที่" pos="noun" trans="ordinal number" translit=""/><ana lex="ที่" pos="preposition" trans="to" translit=""/><ana lex="ที่" pos="noun" trans="land" translit=""/></w><w>ผ่าน<ana lex="ผ่าน" pos="PHRV" trans="get by1" translit=""/><ana lex="ผ่าน" pos="verb" trans="ask a high price" translit=""/><ana lex="ผ่าน" pos="verb" trans="pass" translit=""/><ana lex="ผ่าน" pos="verb" trans="change" translit=""/><ana lex="ผ่าน" pos="PHRV" trans="enter by" translit=""/><ana lex="ผ่าน" pos="verb" trans="overcome" translit=""/><ana lex="ผ่าน" pos="verb,transitive" trans="passage" translit=""/><ana lex="ผ่าน" pos="verb,intransitive" trans="passage" translit=""/><ana lex="ผ่าน" pos="adverb" trans="thru" translit=""/><ana lex="ผ่าน" pos="preposition" trans="thru" translit=""/><ana lex="ผ่าน" pos="PRF" trans="dia-" translit=""/><ana lex="ผ่าน" pos="verb" trans="carry" translit=""/><ana lex="ผ่าน" pos="PRF" trans="per-" translit=""/><ana lex="ผ่าน" pos="PHRV" trans="get through2" translit=""/><ana lex="ผ่าน" pos="PHRV" trans="go past" translit=""/><ana lex="ผ่าน" pos="verb" trans="be used to" translit=""/><ana lex="ผ่าน" pos="adjective" trans="thru" translit=""/><ana lex="ผ่าน" pos="PHRV" trans="be past" translit=""/><ana lex="ผ่าน" pos="preposition" trans="by" translit=""/></w><w>แต่ละ<ana lex="แต่ละ" pos="adverb" trans="apiece" translit=""/><ana lex="แต่ละ" pos="DET" trans="each" translit=""/><ana lex="แต่ละ" pos="adverb" trans="per" translit=""/><ana lex="แต่ละ" pos="pronoun" trans="each" translit=""/><ana lex="แต่ละ" pos="adverb" trans="each" translit=""/><ana lex="แต่ละ" pos="adjective" trans="every" translit=""/></w><w>วัน<ana lex="วัน" pos="" trans="[alternate pronunciation of วัน ]" translit="wanM naH"/><ana lex="วัน" pos="noun" trans="day" translit=""/><ana lex="วัน" pos="noun" trans="diem" translit=""/><ana lex="วัน" pos="noun" trans="day" translit=""/></w></se><se><w>ภาระ<ana lex="ภาระ" pos="noun" trans="burden; responsibility; duty; obligation" translit="phaaM raH"/><ana lex="ภาระ" pos="SL" trans="beeswax" translit=""/><ana lex="ภาระ" pos="noun" trans="labour" translit=""/><ana lex="ภาระ" pos="noun" trans="load" translit=""/><ana lex="ภาระ" pos="idiom" trans="millstone about one's neck" translit=""/><ana lex="ภาระ" pos="noun" trans="burden" translit=""/><ana lex="ภาระ" pos="noun" trans="burden" translit=""/><ana lex="ภาระ" pos="noun" trans="labor" translit=""/><ana lex="ภาระ" pos="noun" trans="charge" translit=""/></w><w>นั้น<ana lex="นั้น" pos="pronoun" trans="that" translit=""/><ana lex="นั้น" pos="PRON" trans="that" translit=""/></w><w>ล้น<ana lex="ล้น" pos="verb" trans="overflow" translit=""/><ana lex="ล้น" pos="PHRV" trans="spill over" translit=""/><ana lex="ล้น" pos="verb" trans="be excessive" translit=""/><ana lex="ล้น" pos="PHRV" trans="brim over" translit=""/><ana lex="ล้น" pos="PHRV" trans="bubble over" translit=""/></w><w>บ่า<ana lex="บ่า" pos="verb" trans="inundate" translit=""/><ana lex="บ่า" pos="noun" trans="shoulder" translit=""/><ana lex="บ่า" pos="noun" trans="shoulder" translit=""/></w><w>มา<ana lex="มา" pos="PHRV" trans="get in1" translit=""/><ana lex="มา" pos="adverb" trans="coming (toward the present; or toward the focal time)" translit=""/><ana lex="มา" pos="verb,intransitive" trans="come" translit=""/><ana lex="มา" pos="verb" trans="arrive" translit=""/></w><w>แสน<ana lex="แสน" pos="adjective" trans="hundred thousand" translit=""/><ana lex="แสน" pos="adverb" trans="very" translit=""/><ana lex="แสน" pos="noun" trans="hundred thousand" translit=""/><ana lex="แสน" pos="noun" trans="hundred thousand" translit=""/></w><w>นาน<ana lex="นาน" pos="noun" trans="years" translit=""/><ana lex="นาน" pos="adjective" trans="long-standing" translit=""/><ana lex="นาน" pos="adverb" trans="long" translit=""/></w></se><se><w>จึง<ana lex="จึง" pos="adverb" trans="then" translit=""/></w><w>เพียง</w><w>ยิ้ม<ana lex="ยิ้ม" pos="verb,intransitive" trans="smile" translit=""/><ana lex="ยิ้ม" pos="verb" trans="smile" translit=""/></w><w>กับ<ana lex="กับ" pos="preposition" trans="with" translit=""/><ana lex="กับ" pos="preposition" trans="with" translit=""/><ana lex="กับ" pos="noun" trans="trap" translit=""/><ana lex="กับ" pos="preposition" trans="on" translit=""/><ana lex="กับ" pos="conjunction" trans="and" translit=""/><ana lex="กับ" pos="preposition" trans="with" translit=""/></w><w>ตน<ana lex="ตน" pos="noun" trans="oneself" translit=""/><ana lex="ตน" pos="classifier" trans="numerical designation for giants" translit=""/></w><w>บน<ana lex="บน" pos="PRF" trans="a-" translit=""/><ana lex="บน" pos="verb" trans="vow" translit=""/><ana lex="บน" pos="preposition" trans="upon" translit=""/><ana lex="บน" pos="preposition" trans="on" translit=""/><ana lex="บน" pos="preposition" trans="on" translit=""/></w><w>คันฉ่อง<ana lex="คันฉ่อง" pos="noun" trans="[คันฉ่อง] two-fold mirror; cosmetic/dressing mirror" translit="khanM chaawngL"/><ana lex="คันฉ่อง" pos="noun" trans="mirror" translit=""/></w></se><se><w>ที่<ana lex="ที่" pos="PRON" trans="that" translit=""/><ana lex="ที่" pos="preposition" trans="at" translit=""/><ana lex="ที่" pos="noun" trans="word for utensil" translit=""/><ana lex="ที่" pos="preposition" trans="at" translit=""/><ana lex="ที่" pos="noun" trans="place" translit=""/><ana lex="ที่" pos="classifier" trans="qualifiers for places" translit=""/><ana lex="ที่" pos="noun" trans="ordinal number" translit=""/><ana lex="ที่" pos="preposition" trans="to" translit=""/><ana lex="ที่" pos="noun" trans="land" translit=""/></w><w>สนอง<ana lex="สนอง" pos="verb" trans="reply" translit=""/><ana lex="สนอง" pos="verb,transitive" trans="to satisfy; meet (the needs of)" translit="saL naawngR"/><ana lex="สนอง" pos="verb,transitive,intransitive" trans="to reciprocate; repay; give in return" translit="saL naawngR"/><ana lex="สนอง" pos="verb,transitive" trans="to accept; take; embrace" translit="saL naawngR"/><ana lex="สนอง" pos="verb,transitive" trans="to supply" translit="saL naawngR"/><ana lex="สนอง" pos="verb,transitive,intransitive,loanword,Khmer" trans="to respond to; answer" translit="saL naawngR"/></w><w>เป้าหมาย<ana lex="เป้าหมาย" pos="noun" trans="target" translit=""/><ana lex="เป้าหมาย" pos="noun" trans="aim" translit=""/><ana lex="เป้าหมาย" pos="noun" trans="mark" translit=""/><ana lex="เป้าหมาย" pos="noun" trans="aim" translit=""/><ana lex="เป้าหมาย" pos="noun" trans="target" translit=""/><ana lex="เป้าหมาย" pos="noun" trans="objective" translit=""/><ana lex="เป้าหมาย" pos="noun" trans="end" translit=""/></w><w>อย่าง<ana lex="อย่าง" pos="noun" trans="method" translit=""/><ana lex="อย่าง" pos="adverb" trans="severely" translit=""/><ana lex="อย่าง" pos="noun" trans="type" translit=""/></w><w>กล้า<ana lex="กล้า" pos="verb,intransitive" trans="brave" translit=""/><ana lex="กล้า" pos="adjective" trans="adventuresome" translit=""/><ana lex="กล้า" pos="PHRV" trans="screw one's courage to the sticking-place" translit=""/><ana lex="กล้า" pos="idiom" trans="take heart" translit=""/><ana lex="กล้า" pos="idiom" trans="make bold" translit=""/><ana lex="กล้า" pos="verb,intransitive" trans="dare" translit=""/><ana lex="กล้า" pos="noun" trans="seedling" translit=""/><ana lex="กล้า" pos="adjective" trans="brave" translit=""/><ana lex="กล้า" pos="adjective" trans="bold" translit=""/><ana lex="กล้า" pos="adjective" trans="hardened" translit=""/></w><w>หาญ<ana lex="หาญ" pos="adjective" trans="[is] bold; daring" translit="haanR"/></w></se><se><w>อธิบาย<ana lex="อธิบาย" pos="verb,transitive" trans="justify" translit=""/><ana lex="อธิบาย" pos="verb,transitive" trans="show" translit=""/><ana lex="อธิบาย" pos="PHRV" trans="account for" translit=""/><ana lex="อธิบาย" pos="PHRV" trans="represent to" translit=""/><ana lex="อธิบาย" pos="verb,intransitive" trans="explain" translit=""/><ana lex="อธิบาย" pos="verb,transitive" trans="demonstrate" translit=""/><ana lex="อธิบาย" pos="verb,transitive" trans="explain" translit=""/><ana lex="อธิบาย" pos="verb,transitive" trans="represent" translit=""/><ana lex="อธิบาย" pos="verb,intransitive" trans="interpret" translit=""/></w><w>กับ<ana lex="กับ" pos="preposition" trans="with" translit=""/><ana lex="กับ" pos="preposition" trans="with" translit=""/><ana lex="กับ" pos="noun" trans="trap" translit=""/><ana lex="กับ" pos="preposition" trans="on" translit=""/><ana lex="กับ" pos="conjunction" trans="and" translit=""/><ana lex="กับ" pos="preposition" trans="with" translit=""/></w><w>ใคร<ana lex="ใคร" pos="PRON" trans="who" translit=""/><ana lex="ใคร" pos="pronoun" trans="who" translit=""/></w><w>ก็<ana lex="ก็" pos="adverb" trans="also" translit=""/><ana lex="ก็" pos="conjunction" trans="as a result" translit=""/></w><w>ป่วยการ<ana lex="ป่วยการ" pos="verb" trans="be unavailing" translit=""/></w></se><se><w>บท<ana lex="บท" pos="noun" trans="chapter" translit=""/><ana lex="บท" pos="classifier" trans="chapter" translit=""/></w><w>สื่อสาร<ana lex="สื่อสาร" pos="verb,intransitive" trans="articulate" translit=""/><ana lex="สื่อสาร" pos="verb" trans="communicate" translit=""/><ana lex="สื่อสาร" pos="verb" trans="communicate" translit=""/></w><w>อาจ<ana lex="อาจ" pos="adjective" trans="brave" translit=""/><ana lex="อาจ" pos="adverb" trans="can" translit=""/><ana lex="อาจ" pos="auxiliary verb" trans="could" translit=""/></w><w>เพี้ยน<ana lex="เพี้ยน" pos="verb" trans="be crazy" translit=""/><ana lex="เพี้ยน" pos="verb" trans="slightly distort" translit=""/><ana lex="เพี้ยน" pos="adverb" trans="with a slight difference" translit=""/><ana lex="เพี้ยน" pos="adverb" trans="with a slight difference" translit=""/><ana lex="เพี้ยน" pos="adjective" trans="odd" translit=""/><ana lex="เพี้ยน" pos="idiom" trans="not have all one's marbles" translit=""/><ana lex="เพี้ยน" pos="idiom" trans="not all there" translit=""/><ana lex="เพี้ยน" pos="" trans="[เพี้ยน ๆ] [is] very out of tune" translit="phiianH"/><ana lex="เพี้ยน" pos="adjective,colloquial" trans="[is] inaccurate; distorted; off; untrue; [of sound or voice] out of tune; with a foreign accent; butchered" translit="phiianH"/></w><w>เปลี่ยน<ana lex="เปลี่ยน" pos="verb,intransitive" trans="convert" translit=""/><ana lex="เปลี่ยน" pos="verb,transitive" trans="convert" translit=""/><ana lex="เปลี่ยน" pos="verb" trans="vary" translit=""/><ana lex="เปลี่ยน" pos="verb,intransitive" trans="turn" translit=""/><ana lex="เปลี่ยน" pos="verb,transitive" trans="change" translit=""/><ana lex="เปลี่ยน" pos="verb,intransitive" trans="shift" translit=""/><ana lex="เปลี่ยน" pos="verb,transitive" trans="turn" translit=""/><ana lex="เปลี่ยน" pos="verb,transitive" trans="translate" translit=""/><ana lex="เปลี่ยน" pos="verb,transitive" trans="shift" translit=""/><ana lex="เปลี่ยน" pos="verb,transitive" trans="switch" translit=""/><ana lex="เปลี่ยน" pos="verb,transitive" trans="transmute" translit=""/></w><w>ถ้อย<ana lex="ถ้อย" pos="noun" trans="speech" translit=""/><ana lex="ถ้อย" pos="noun" trans="words; wording; speech; utterance; diction; verbal expression; statement; terms" translit="thaawyF"/></w><w>ไป<ana lex="ไป" pos="PRF" trans="ad-" translit=""/><ana lex="ไป" pos="verb" trans="go" translit=""/><ana lex="ไป" pos="SL" trans="chip" translit=""/><ana lex="ไป" pos="SL" trans="gone for a Burton" translit=""/><ana lex="ไป" pos="verb,intransitive" trans="go" translit=""/></w></se><se><w>พูด<ana lex="พูด" pos="verb,transitive" trans="utter" translit=""/><ana lex="พูด" pos="verb,transitive" trans="pass" translit=""/><ana lex="พูด" pos="PHRV" trans="call over" translit=""/><ana lex="พูด" pos="verb,transitive" trans="say" translit=""/><ana lex="พูด" pos="verb,transitive" trans="word" translit=""/><ana lex="พูด" pos="verb" trans="say" translit=""/><ana lex="พูด" pos="verb,intransitive" trans="say" translit=""/><ana lex="พูด" pos="verb" trans="mention" translit=""/><ana lex="พูด" pos="verb" trans="talk" translit=""/><ana lex="พูด" pos="verb,intransitive" trans="mouth" translit=""/><ana lex="พูด" pos="SL" trans="cant" translit=""/></w><w>เพียง</w><w>คำนำ<ana lex="คำนำ" pos="noun" trans="preamble" translit=""/><ana lex="คำนำ" pos="noun" trans="preface" translit=""/><ana lex="คำนำ" pos="noun" trans="preface" translit=""/><ana lex="คำนำ" pos="noun" trans="proem" translit=""/><ana lex="คำนำ" pos="noun" trans="(of a book) preface; foreword" translit="khamM namM"/><ana lex="คำนำ" pos="noun" trans="foreword" translit=""/><ana lex="คำนำ" pos="noun" trans="introduction" translit=""/></w><w>ให้<ana lex="ให้" pos="verb,transitive" trans="afford" translit=""/><ana lex="ให้" pos="verb" trans="give" translit=""/><ana lex="ให้" pos="verb,transitive" trans="give" translit=""/><ana lex="ให้" pos="verb,transitive" trans="dispense" translit=""/><ana lex="ให้" pos="verb,transitive" trans="bestow" translit=""/><ana lex="ให้" pos="verb" trans="give" translit=""/><ana lex="ให้" pos="verb,transitive" trans="accord" translit=""/><ana lex="ให้" pos="auxiliary verb" trans="to" translit=""/><ana lex="ให้" pos="verb" trans="permit" translit=""/></w><w>ใจ<ana lex="ใจ" pos="noun" trans="heart" translit=""/><ana lex="ใจ" pos="noun" trans="mind" translit=""/></w><w>เขา<ana lex="เขา" pos="noun" trans="dove" translit=""/><ana lex="เขา" pos="" trans="[alternate pronunciation of เขา ]" translit="khaoH"/><ana lex="เขา" pos="noun" trans="dove (a kind of bird)" translit=""/><ana lex="เขา" pos="noun" trans="horn" translit=""/><ana lex="เขา" pos="noun" trans="horn" translit=""/><ana lex="เขา" pos="PRON" trans="he" translit=""/><ana lex="เขา" pos="noun" trans="mountain" translit=""/></w><w>สุข<ana lex="สุข" pos="noun" trans="happiness" translit=""/><ana lex="สุข" pos="verb" trans="be happy" translit=""/><ana lex="สุข" pos="" trans="[alternate pronunciation of สุข ]" translit="sookL khaL"/></w></se><se><w>ปัดเป่า<ana lex="ปัดเป่า" pos="verb" trans="exorcise" translit=""/><ana lex="ปัดเป่า" pos="verb" trans="to exorcise; remove; obviate; get rid of; clear up" translit="bpatL bpaoL"/></w><w>ทุกข์<ana lex="ทุกข์" pos="PRF" trans="path-" translit=""/><ana lex="ทุกข์" pos="PRF" trans="patho-" translit=""/></w><w>คน<ana lex="คน" pos="noun" trans="bloke" translit=""/><ana lex="คน" pos="verb,transitive" trans="mill" translit=""/><ana lex="คน" pos="PRF" trans="anthropo-" translit=""/><ana lex="คน" pos="noun" trans="human" translit=""/><ana lex="คน" pos="noun" trans="people" translit=""/><ana lex="คน" pos="noun" trans="being" translit=""/><ana lex="คน" pos="PHRV" trans="stir about" translit=""/><ana lex="คน" pos="PHRV" trans="stir around" translit=""/><ana lex="คน" pos="SL" trans="bod" translit=""/><ana lex="คน" pos="classifier" trans="person" translit=""/><ana lex="คน" pos="verb" trans="stir" translit=""/></w><w>อื่น<ana lex="อื่น" pos="adjective" trans="another" translit=""/><ana lex="อื่น" pos="PRF" trans="hetero-" translit=""/></w><w>ช่วย<ana lex="ช่วย" pos="verb" trans="help" translit=""/><ana lex="ช่วย" pos="verb,transitive" trans="assist" translit=""/><ana lex="ช่วย" pos="PHRV" trans="oblige by" translit=""/><ana lex="ช่วย" pos="verb,transitive" trans="help" translit=""/><ana lex="ช่วย" pos="verb,intransitive" trans="assist" translit=""/><ana lex="ช่วย" pos="verb,intransitive" trans="help" translit=""/></w><w>แก้ไข<ana lex="แก้ไข" pos="verb,transitive" trans="remedy" translit=""/><ana lex="แก้ไข" pos="verb,transitive" trans="redress" translit=""/><ana lex="แก้ไข" pos="verb" trans="solve" translit=""/><ana lex="แก้ไข" pos="verb,transitive" trans="right" translit=""/><ana lex="แก้ไข" pos="verb,transitive" trans="edit" translit=""/><ana lex="แก้ไข" pos="verb,transitive" trans="mend" translit=""/><ana lex="แก้ไข" pos="PHRV" trans="break of" translit=""/><ana lex="แก้ไข" pos="verb,transitive" trans="revise" translit=""/><ana lex="แก้ไข" pos="verb,transitive" trans="mend" translit=""/><ana lex="แก้ไข" pos="verb" trans="amend" translit=""/><ana lex="แก้ไข" pos="verb" trans="repair" translit=""/><ana lex="แก้ไข" pos="PHRV" trans="pull up" translit=""/><ana lex="แก้ไข" pos="verb,transitive" trans="redact" translit=""/></w></se><se><w>แต่<ana lex="แต่" pos="adverb" trans="only" translit=""/><ana lex="แต่" pos="conjunction" trans="but" translit=""/><ana lex="แต่" pos="conjunction" trans="but" translit=""/><ana lex="แต่" pos="conjunction" trans="but" translit=""/><ana lex="แต่" pos="preposition" trans="earlier" translit=""/><ana lex="แต่" pos="conjunction" trans="only" translit=""/></w><w>ทุกข์<ana lex="ทุกข์" pos="PRF" trans="path-" translit=""/><ana lex="ทุกข์" pos="PRF" trans="patho-" translit=""/></w><w>ตน<ana lex="ตน" pos="noun" trans="oneself" translit=""/><ana lex="ตน" pos="classifier" trans="numerical designation for giants" translit=""/></w><w>ทน<ana lex="ทน" pos="verb,transitive" trans="abide" translit=""/><ana lex="ทน" pos="verb,transitive" trans="bear" translit=""/><ana lex="ทน" pos="verb" trans="be durable" translit=""/><ana lex="ทน" pos="PHRV" trans="stand for" translit=""/><ana lex="ทน" pos="PHRV" trans="spread on1" translit=""/><ana lex="ทน" pos="verb,intransitive" trans="brook" translit=""/><ana lex="ทน" pos="verb,intransitive" trans="stomach" translit=""/><ana lex="ทน" pos="verb" trans="endure" translit=""/></w><w>เอา</w><w>เข้า<ana lex="เข้า" pos="verb" trans="get along with" translit=""/><ana lex="เข้า" pos="verb,transitive" trans="access" translit=""/><ana lex="เข้า" pos="verb" trans="put in" translit=""/><ana lex="เข้า" pos="verb,transitive" trans="enter" translit=""/><ana lex="เข้า" pos="verb,intransitive" trans="enter" translit=""/><ana lex="เข้า" pos="verb" trans="enter" translit=""/><ana lex="เข้า" pos="verb" trans="reach" translit=""/></w><w>ข้าง<ana lex="ข้าง" pos="PRF" trans="par-" translit=""/><ana lex="ข้าง" pos="PRF" trans="para-" translit=""/><ana lex="ข้าง" pos="PRF" trans="para-" translit=""/><ana lex="ข้าง" pos="noun" trans="side" translit=""/><ana lex="ข้าง" pos="preposition" trans="next to" translit=""/><ana lex="ข้าง" pos="noun" trans="side" translit=""/><ana lex="ข้าง" pos="noun" trans="side" translit=""/><ana lex="ข้าง" pos="PRF" trans="par-" translit=""/><ana lex="ข้าง" pos="noun" trans="side" translit=""/></w><w>ใน<ana lex="ใน" pos="preposition" trans="in" translit=""/><ana lex="ใน" pos="adjective" trans="in" translit=""/><ana lex="ใน" pos="PRF" trans="em-" translit=""/><ana lex="ใน" pos="PRF" trans="en-" translit=""/><ana lex="ใน" pos="PRF" trans="en-" translit=""/><ana lex="ใน" pos="PRF" trans="il-" translit=""/><ana lex="ใน" pos="preposition" trans="of" translit=""/><ana lex="ใน" pos="PRF" trans="in-" translit=""/><ana lex="ใน" pos="PRF" trans="im-" translit=""/><ana lex="ใน" pos="adverb" trans="in" translit=""/><ana lex="ใน" pos="preposition" trans="in" translit=""/></w></se><se><w>ปรับ<ana lex="ปรับ" pos="verb,transitive" trans="tune" translit=""/><ana lex="ปรับ" pos="verb" trans="adjust" translit=""/><ana lex="ปรับ" pos="verb" trans="level" translit=""/><ana lex="ปรับ" pos="verb,transitive" trans="key" translit=""/><ana lex="ปรับ" pos="verb" trans="fine" translit=""/><ana lex="ปรับ" pos="verb,transitive" trans="gear" translit=""/></w><w>จิตใจ<ana lex="จิตใจ" pos="noun" trans="mind" translit=""/><ana lex="จิตใจ" pos="noun" trans="the mind" translit="jitL jaiM"/><ana lex="จิตใจ" pos="noun" trans="mind" translit=""/><ana lex="จิตใจ" pos="noun" trans="heart" translit=""/><ana lex="จิตใจ" pos="noun" trans="inner man" translit=""/></w><w>คลาย<ana lex="คลาย" pos="verb" trans="loosen" translit=""/><ana lex="คลาย" pos="verb" trans="relieve" translit=""/><ana lex="คลาย" pos="verb,intransitive" trans="loosen" translit=""/><ana lex="คลาย" pos="verb,intransitive" trans="unlay" translit=""/></w><w>ทุกข์<ana lex="ทุกข์" pos="PRF" trans="path-" translit=""/><ana lex="ทุกข์" pos="PRF" trans="patho-" translit=""/></w><w>ที่<ana lex="ที่" pos="PRON" trans="that" translit=""/><ana lex="ที่" pos="preposition" trans="at" translit=""/><ana lex="ที่" pos="noun" trans="word for utensil" translit=""/><ana lex="ที่" pos="preposition" trans="at" translit=""/><ana lex="ที่" pos="noun" trans="place" translit=""/><ana lex="ที่" pos="classifier" trans="qualifiers for places" translit=""/><ana lex="ที่" pos="noun" trans="ordinal number" translit=""/><ana lex="ที่" pos="preposition" trans="to" translit=""/><ana lex="ที่" pos="noun" trans="land" translit=""/></w><w>รุก</w><w>มา<ana lex="มา" pos="PHRV" trans="get in1" translit=""/><ana lex="มา" pos="adverb" trans="coming (toward the present; or toward the focal time)" translit=""/><ana lex="มา" pos="verb,intransitive" trans="come" translit=""/><ana lex="มา" pos="verb" trans="arrive" translit=""/></w></se><se><w>ไม่<ana lex="ไม่" pos="adverb" trans="not" translit=""/><ana lex="ไม่" pos="PRF" trans="an-" translit=""/><ana lex="ไม่" pos="PRF" trans="un-" translit=""/><ana lex="ไม่" pos="PRF" trans="un-" translit=""/><ana lex="ไม่" pos="adjective" trans="nary" translit=""/><ana lex="ไม่" pos="NEG" trans="not" translit=""/><ana lex="ไม่" pos="PRF" trans="in-" translit=""/><ana lex="ไม่" pos="adverb" trans="no" translit=""/><ana lex="ไม่" pos="PRF" trans="non-" translit=""/><ana lex="ไม่" pos="PRF" trans="non-" translit=""/><ana lex="ไม่" pos="PRF" trans="in-" translit=""/><ana lex="ไม่" pos="SL" trans="no soup" translit=""/><ana lex="ไม่" pos="SL" trans="no sale" translit=""/><ana lex="ไม่" pos="SL" trans="nope" translit=""/><ana lex="ไม่" pos="SL" trans="No way!" translit=""/><ana lex="ไม่" pos="NEG" trans="not" translit=""/><ana lex="ไม่" pos="SL" trans="Nuts!" translit=""/></w><w>เคย<ana lex="เคย" pos="verb" trans="be accustomed to" translit=""/><ana lex="เคย" pos="noun" trans="planktonic shrimp" translit=""/><ana lex="เคย" pos="noun" trans="small sized shrimp" translit=""/><ana lex="เคย" pos="adverb" trans="ever" translit=""/><ana lex="เคย" pos="verb,intransitive" trans="be accustomed to" translit=""/><ana lex="เคย" pos="adverb" trans="once" translit=""/></w><w>หวัง<ana lex="หวัง" pos="verb,transitive" trans="hope" translit=""/><ana lex="หวัง" pos="verb,intransitive" trans="hope" translit=""/></w><w>ให้<ana lex="ให้" pos="verb,transitive" trans="afford" translit=""/><ana lex="ให้" pos="verb" trans="give" translit=""/><ana lex="ให้" pos="verb,transitive" trans="give" translit=""/><ana lex="ให้" pos="verb,transitive" trans="dispense" translit=""/><ana lex="ให้" pos="verb,transitive" trans="bestow" translit=""/><ana lex="ให้" pos="verb" trans="give" translit=""/><ana lex="ให้" pos="verb,transitive" trans="accord" translit=""/><ana lex="ให้" pos="auxiliary verb" trans="to" translit=""/><ana lex="ให้" pos="verb" trans="permit" translit=""/></w><w>ใคร<ana lex="ใคร" pos="PRON" trans="who" translit=""/><ana lex="ใคร" pos="pronoun" trans="who" translit=""/></w><w>เข้าใจ<ana lex="เข้าใจ" pos="verb,transitive" trans="make" translit=""/><ana lex="เข้าใจ" pos="PHRV" trans="puzzle out" translit=""/><ana lex="เข้าใจ" pos="verb,transitive" trans="dig" translit=""/><ana lex="เข้าใจ" pos="verb,transitive" trans="digest" translit=""/><ana lex="เข้าใจ" pos="verb,transitive" trans="grasp" translit=""/><ana lex="เข้าใจ" pos="verb,transitive" trans="seize" translit=""/><ana lex="เข้าใจ" pos="verb,transitive" trans="twig" translit=""/><ana lex="เข้าใจ" pos="PHRV" trans="pick out" translit=""/><ana lex="เข้าใจ" pos="verb,transitive" trans="think" translit=""/><ana lex="เข้าใจ" pos="verb,transitive" trans="interpret" translit=""/><ana lex="เข้าใจ" pos="verb" trans="understand" translit=""/><ana lex="เข้าใจ" pos="PHRV" trans="go in1" translit=""/><ana lex="เข้าใจ" pos="verb,transitive" trans="realise" translit=""/><ana lex="เข้าใจ" pos="verb,transitive" trans="apprehend" translit=""/><ana lex="เข้าใจ" pos="PHRV" trans="catch on" translit=""/><ana lex="เข้าใจ" pos="verb,transitive" trans="know" translit=""/><ana lex="เข้าใจ" pos="verb,intransitive" trans="apprehend" translit=""/><ana lex="เข้าใจ" pos="verb,intransitive" trans="get" translit=""/><ana lex="เข้าใจ" pos="verb,transitive" trans="penetrate" translit=""/><ana lex="เข้าใจ" pos="verb,transitive" trans="catch" translit=""/><ana lex="เข้าใจ" pos="SL" trans="suss" translit=""/><ana lex="เข้าใจ" pos="verb,transitive" trans="see" translit=""/><ana lex="เข้าใจ" pos="verb,intransitive" trans="understand" translit=""/><ana lex="เข้าใจ" pos="verb,intransitive" trans="think" translit=""/><ana lex="เข้าใจ" pos="idiom" trans="get the feel of" translit=""/><ana lex="เข้าใจ" pos="idiom" trans="make much of" translit=""/><ana lex="เข้าใจ" pos="verb,transitive" trans="fathom" translit=""/><ana lex="เข้าใจ" pos="verb,intransitive" trans="see" translit=""/><ana lex="เข้าใจ" pos="PHRV" trans="make out" translit=""/><ana lex="เข้าใจ" pos="verb,transitive" trans="understand" translit=""/><ana lex="เข้าใจ" pos="PHRV" trans="get it" translit=""/><ana lex="เข้าใจ" pos="verb,transitive" trans="wot" translit=""/><ana lex="เข้าใจ" pos="verb,intransitive" trans="wot" translit=""/><ana lex="เข้าใจ" pos="verb,transitive" trans="conceive" translit=""/><ana lex="เข้าใจ" pos="verb,transitive" trans="compass" translit=""/><ana lex="เข้าใจ" pos="verb,transitive" trans="take" translit=""/><ana lex="เข้าใจ" pos="verb,transitive" trans="realize" translit=""/></w><w>แท้<ana lex="แท้" pos="adjective" trans="pure" translit=""/><ana lex="แท้" pos="adjective" trans="real" translit=""/><ana lex="แท้" pos="adverb" trans="really" translit=""/><ana lex="แท้" pos="adjective" trans="pure" translit=""/><ana lex="แท้" pos="adjective" trans="genuine" translit=""/><ana lex="แท้" pos="adjective" trans="true" translit=""/><ana lex="แท้" pos="adjective" trans="pukka" translit=""/><ana lex="แท้" pos="adverb" trans="really" translit=""/></w></se><se><w>หวัง<ana lex="หวัง" pos="verb,transitive" trans="hope" translit=""/><ana lex="หวัง" pos="verb,intransitive" trans="hope" translit=""/></w><w>เพียง</w><w>แต่<ana lex="แต่" pos="adverb" trans="only" translit=""/><ana lex="แต่" pos="conjunction" trans="but" translit=""/><ana lex="แต่" pos="conjunction" trans="but" translit=""/><ana lex="แต่" pos="conjunction" trans="but" translit=""/><ana lex="แต่" pos="preposition" trans="earlier" translit=""/><ana lex="แต่" pos="conjunction" trans="only" translit=""/></w><w>เขา<ana lex="เขา" pos="noun" trans="dove" translit=""/><ana lex="เขา" pos="" trans="[alternate pronunciation of เขา ]" translit="khaoH"/><ana lex="เขา" pos="noun" trans="dove (a kind of bird)" translit=""/><ana lex="เขา" pos="noun" trans="horn" translit=""/><ana lex="เขา" pos="noun" trans="horn" translit=""/><ana lex="เขา" pos="PRON" trans="he" translit=""/><ana lex="เขา" pos="noun" trans="mountain" translit=""/></w><w>นั้น<ana lex="นั้น" pos="pronoun" trans="that" translit=""/><ana lex="นั้น" pos="PRON" trans="that" translit=""/></w><w>ใฝ่<ana lex="ใฝ่" pos="verb" trans="aim" translit=""/></w><w>ศึกษา<ana lex="ศึกษา" pos="PHRV" trans="read around / round" translit=""/><ana lex="ศึกษา" pos="verb,transitive" trans="do" translit=""/><ana lex="ศึกษา" pos="PHRV" trans="get up" translit=""/><ana lex="ศึกษา" pos="verb,transitive" trans="con" translit=""/><ana lex="ศึกษา" pos="verb" trans="study" translit=""/><ana lex="ศึกษา" pos="verb,intransitive" trans="study" translit=""/><ana lex="ศึกษา" pos="verb" trans="study" translit=""/><ana lex="ศึกษา" pos="verb,transitive" trans="study" translit=""/></w></se><se><w>เข้าใจ<ana lex="เข้าใจ" pos="verb,transitive" trans="make" translit=""/><ana lex="เข้าใจ" pos="PHRV" trans="puzzle out" translit=""/><ana lex="เข้าใจ" pos="verb,transitive" trans="dig" translit=""/><ana lex="เข้าใจ" pos="verb,transitive" trans="digest" translit=""/><ana lex="เข้าใจ" pos="verb,transitive" trans="grasp" translit=""/><ana lex="เข้าใจ" pos="verb,transitive" trans="seize" translit=""/><ana lex="เข้าใจ" pos="verb,transitive" trans="twig" translit=""/><ana lex="เข้าใจ" pos="PHRV" trans="pick out" translit=""/><ana lex="เข้าใจ" pos="verb,transitive" trans="think" translit=""/><ana lex="เข้าใจ" pos="verb,transitive" trans="interpret" translit=""/><ana lex="เข้าใจ" pos="verb" trans="understand" translit=""/><ana lex="เข้าใจ" pos="PHRV" trans="go in1" translit=""/><ana lex="เข้าใจ" pos="verb,transitive" trans="realise" translit=""/><ana lex="เข้าใจ" pos="verb,transitive" trans="apprehend" translit=""/><ana lex="เข้าใจ" pos="PHRV" trans="catch on" translit=""/><ana lex="เข้าใจ" pos="verb,transitive" trans="know" translit=""/><ana lex="เข้าใจ" pos="verb,intransitive" trans="apprehend" translit=""/><ana lex="เข้าใจ" pos="verb,intransitive" trans="get" translit=""/><ana lex="เข้าใจ" pos="verb,transitive" trans="penetrate" translit=""/><ana lex="เข้าใจ" pos="verb,transitive" trans="catch" translit=""/><ana lex="เข้าใจ" pos="SL" trans="suss" translit=""/><ana lex="เข้าใจ" pos="verb,transitive" trans="see" translit=""/><ana lex="เข้าใจ" pos="verb,intransitive" trans="understand" translit=""/><ana lex="เข้าใจ" pos="verb,intransitive" trans="think" translit=""/><ana lex="เข้าใจ" pos="idiom" trans="get the feel of" translit=""/><ana lex="เข้าใจ" pos="idiom" trans="make much of" translit=""/><ana lex="เข้าใจ" pos="verb,transitive" trans="fathom" translit=""/><ana lex="เข้าใจ" pos="verb,intransitive" trans="see" translit=""/><ana lex="เข้าใจ" pos="PHRV" trans="make out" translit=""/><ana lex="เข้าใจ" pos="verb,transitive" trans="understand" translit=""/><ana lex="เข้าใจ" pos="PHRV" trans="get it" translit=""/><ana lex="เข้าใจ" pos="verb,transitive" trans="wot" translit=""/><ana lex="เข้าใจ" pos="verb,intransitive" trans="wot" translit=""/><ana lex="เข้าใจ" pos="verb,transitive" trans="conceive" translit=""/><ana lex="เข้าใจ" pos="verb,transitive" trans="compass" translit=""/><ana lex="เข้าใจ" pos="verb,transitive" trans="take" translit=""/><ana lex="เข้าใจ" pos="verb,transitive" trans="realize" translit=""/></w><w>ตน<ana lex="ตน" pos="noun" trans="oneself" translit=""/><ana lex="ตน" pos="classifier" trans="numerical designation for giants" translit=""/></w><w>บน<ana lex="บน" pos="PRF" trans="a-" translit=""/><ana lex="บน" pos="verb" trans="vow" translit=""/><ana lex="บน" pos="preposition" trans="upon" translit=""/><ana lex="บน" pos="preposition" trans="on" translit=""/><ana lex="บน" pos="preposition" trans="on" translit=""/></w><w>ครรลอง<ana lex="ครรลอง" pos="noun" trans="way; path; course; method; trail; mean; channel; model" translit="khanM laawngM"/><ana lex="ครรลอง" pos="noun" trans="way" translit=""/></w><w>ของ<ana lex="ของ" pos="noun" trans="thing" translit=""/><ana lex="ของ" pos="PRF" trans="a-" translit=""/><ana lex="ของ" pos="noun" trans="item" translit=""/><ana lex="ของ" pos="preposition" trans="of" translit=""/><ana lex="ของ" pos="preposition" trans="of" translit=""/></w><w>ธรรมา<ana lex="ธรรมา" pos="" trans="[alternate spelling of ธรรม ]" translit="thamM maaM"/></w></se><se><w>มี<ana lex="มี" pos="verb" trans="consist of" translit=""/><ana lex="มี" pos="verb" trans="there is/are" translit=""/><ana lex="มี" pos="verb" trans="have" translit=""/><ana lex="มี" pos="verb,transitive" trans="contain" translit=""/><ana lex="มี" pos="verb,transitive" trans="has" translit=""/><ana lex="มี" pos="verb,transitive" trans="have" translit=""/><ana lex="มี" pos="adjective" trans="rich" translit=""/></w><w>วิชชา<ana lex="วิชชา" pos="" trans="[alternate spelling of วิชา ]" translit="witH chaaM"/><ana lex="วิชชา" pos="noun" trans="knowledge" translit=""/></w><w>พา<ana lex="พา" pos="" trans="[alternate spelling of ภา]" translit="phaaM"/><ana lex="พา" pos="verb" trans="bring" translit=""/></w><w>รู้<ana lex="รู้" pos="verb,transitive" trans="tell" translit=""/><ana lex="รู้" pos="verb,transitive" trans="ken" translit=""/><ana lex="รู้" pos="verb,intransitive" trans="ken" translit=""/><ana lex="รู้" pos="PHRV" trans="hear about" translit=""/><ana lex="รู้" pos="verb,transitive" trans="know" translit=""/><ana lex="รู้" pos="verb" trans="know" translit=""/></w><w>สู่<ana lex="สู่" pos="verb" trans="to get to; to arrive at; to reach" translit="suuL"/><ana lex="สู่" pos="adverb" trans="together" translit="suuL"/><ana lex="สู่" pos="preposition" trans="by; to; toward; for; towards" translit="suuL"/><ana lex="สู่" pos="PRF" trans="ana-" translit=""/><ana lex="สู่" pos="verb" trans="share" translit=""/><ana lex="สู่" pos="preposition" trans="to" translit=""/><ana lex="สู่" pos="preposition" trans="unto" translit=""/><ana lex="สู่" pos="verb" trans="visit" translit=""/></w><w>ความ<ana lex="ความ" pos="noun" trans="case" translit=""/><ana lex="ความ" pos="noun" trans="content" translit=""/></w><w>จริง<ana lex="จริง" pos="adverb" trans="really" translit=""/><ana lex="จริง" pos="adjective" trans="veritable" translit=""/><ana lex="จริง" pos="adjective" trans="real" translit=""/></w></se><se><w>เป็น<ana lex="เป็น" pos="auxiliary verb" trans="are" translit=""/><ana lex="เป็น" pos="verb,intransitive" trans="been" translit=""/><ana lex="เป็น" pos="verb,intransitive" trans="come" translit=""/><ana lex="เป็น" pos="verb" trans="be able to" translit=""/><ana lex="เป็น" pos="verb" trans="be" translit=""/><ana lex="เป็น" pos="adjective" trans="alive" translit=""/></w><w>ชีวิต<ana lex="ชีวิต" pos="PRF" trans="bio-" translit=""/><ana lex="ชีวิต" pos="noun" trans="life" translit=""/><ana lex="ชีวิต" pos="noun" trans="life" translit=""/></w><w>ที่<ana lex="ที่" pos="PRON" trans="that" translit=""/><ana lex="ที่" pos="preposition" trans="at" translit=""/><ana lex="ที่" pos="noun" trans="word for utensil" translit=""/><ana lex="ที่" pos="preposition" trans="at" translit=""/><ana lex="ที่" pos="noun" trans="place" translit=""/><ana lex="ที่" pos="classifier" trans="qualifiers for places" translit=""/><ana lex="ที่" pos="noun" trans="ordinal number" translit=""/><ana lex="ที่" pos="preposition" trans="to" translit=""/><ana lex="ที่" pos="noun" trans="land" translit=""/></w><w>คิด<ana lex="คิด" pos="verb,transitive" trans="reckon" translit=""/><ana lex="คิด" pos="verb,intransitive" trans="cerebrate" translit=""/><ana lex="คิด" pos="verb,transitive" trans="conceive" translit=""/><ana lex="คิด" pos="verb,transitive" trans="conceit" translit=""/><ana lex="คิด" pos="PHRV" trans="go over2" translit=""/><ana lex="คิด" pos="verb" trans="create" translit=""/><ana lex="คิด" pos="verb" trans="estimate" translit=""/><ana lex="คิด" pos="verb" trans="want" translit=""/><ana lex="คิด" pos="verb" trans="think" translit=""/><ana lex="คิด" pos="verb" trans="consider" translit=""/><ana lex="คิด" pos="verb" trans="calculate" translit=""/><ana lex="คิด" pos="verb,transitive" trans="think" translit=""/><ana lex="คิด" pos="verb,intransitive" trans="think" translit=""/></w><w>เพียง</w><w>เท่า</w><w>นี้</w></se><se><w>หวัง<ana lex="หวัง" pos="verb,transitive" trans="hope" translit=""/><ana lex="หวัง" pos="verb,intransitive" trans="hope" translit=""/></w><w>ให้<ana lex="ให้" pos="verb,transitive" trans="afford" translit=""/><ana lex="ให้" pos="verb" trans="give" translit=""/><ana lex="ให้" pos="verb,transitive" trans="give" translit=""/><ana lex="ให้" pos="verb,transitive" trans="dispense" translit=""/><ana lex="ให้" pos="verb,transitive" trans="bestow" translit=""/><ana lex="ให้" pos="verb" trans="give" translit=""/><ana lex="ให้" pos="verb,transitive" trans="accord" translit=""/><ana lex="ให้" pos="auxiliary verb" trans="to" translit=""/><ana lex="ให้" pos="verb" trans="permit" translit=""/></w><w>เขา<ana lex="เขา" pos="noun" trans="dove" translit=""/><ana lex="เขา" pos="" trans="[alternate pronunciation of เขา ]" translit="khaoH"/><ana lex="เขา" pos="noun" trans="dove (a kind of bird)" translit=""/><ana lex="เขา" pos="noun" trans="horn" translit=""/><ana lex="เขา" pos="noun" trans="horn" translit=""/><ana lex="เขา" pos="PRON" trans="he" translit=""/><ana lex="เขา" pos="noun" trans="mountain" translit=""/></w><w>คิด<ana lex="คิด" pos="verb,transitive" trans="reckon" translit=""/><ana lex="คิด" pos="verb,intransitive" trans="cerebrate" translit=""/><ana lex="คิด" pos="verb,transitive" trans="conceive" translit=""/><ana lex="คิด" pos="verb,transitive" trans="conceit" translit=""/><ana lex="คิด" pos="PHRV" trans="go over2" translit=""/><ana lex="คิด" pos="verb" trans="create" translit=""/><ana lex="คิด" pos="verb" trans="estimate" translit=""/><ana lex="คิด" pos="verb" trans="want" translit=""/><ana lex="คิด" pos="verb" trans="think" translit=""/><ana lex="คิด" pos="verb" trans="consider" translit=""/><ana lex="คิด" pos="verb" trans="calculate" translit=""/><ana lex="คิด" pos="verb,transitive" trans="think" translit=""/><ana lex="คิด" pos="verb,intransitive" trans="think" translit=""/></w><w>ดี<ana lex="ดี" pos="adjective" trans="fine" translit=""/><ana lex="ดี" pos="adjective" trans="braw" translit=""/><ana lex="ดี" pos="SL" trans="hunky-dory" translit=""/><ana lex="ดี" pos="adjective" trans="useful" translit=""/><ana lex="ดี" pos="noun" trans="gallbladder" translit=""/><ana lex="ดี" pos="adjective" trans="nice" translit=""/><ana lex="ดี" pos="adjective" trans="fine" translit=""/><ana lex="ดี" pos="adjective" trans="tidy" translit=""/><ana lex="ดี" pos="SL" trans="kushty" translit=""/><ana lex="ดี" pos="SL" trans="tickety-boo" translit=""/><ana lex="ดี" pos="adjective" trans="well" translit=""/><ana lex="ดี" pos="PRF" trans="eu-" translit=""/><ana lex="ดี" pos="idiom" trans="Well and good" translit=""/><ana lex="ดี" pos="adjective" trans="good" translit=""/><ana lex="ดี" pos="adverb" trans="well" translit=""/><ana lex="ดี" pos="adjective" trans="high" translit=""/><ana lex="ดี" pos="adjective" trans="nice" translit=""/><ana lex="ดี" pos="adjective" trans="nice" translit=""/><ana lex="ดี" pos="adjective" trans="well" translit=""/></w><w>ใน<ana lex="ใน" pos="preposition" trans="in" translit=""/><ana lex="ใน" pos="adjective" trans="in" translit=""/><ana lex="ใน" pos="PRF" trans="em-" translit=""/><ana lex="ใน" pos="PRF" trans="en-" translit=""/><ana lex="ใน" pos="PRF" trans="en-" translit=""/><ana lex="ใน" pos="PRF" trans="il-" translit=""/><ana lex="ใน" pos="preposition" trans="of" translit=""/><ana lex="ใน" pos="PRF" trans="in-" translit=""/><ana lex="ใน" pos="PRF" trans="im-" translit=""/><ana lex="ใน" pos="adverb" trans="in" translit=""/><ana lex="ใน" pos="preposition" trans="in" translit=""/></w><w>ทุก<ana lex="ทุก" pos="DET" trans="every" translit=""/></w><w>สิ่ง<ana lex="สิ่ง" pos="noun" trans="thing" translit=""/><ana lex="สิ่ง" pos="noun" trans="thing" translit=""/></w></se><se><w>รู้จัก<ana lex="รู้จัก" pos="verb" trans="know" translit=""/><ana lex="รู้จัก" pos="verb,transitive" trans="know" translit=""/></w><w>สร้าง<ana lex="สร้าง" pos="PHRV" trans="put up" translit=""/><ana lex="สร้าง" pos="verb,transitive" trans="ground" translit=""/><ana lex="สร้าง" pos="verb,transitive" trans="build" translit=""/><ana lex="สร้าง" pos="PHRV" trans="fetch out" translit=""/><ana lex="สร้าง" pos="verb,transitive" trans="establish" translit=""/><ana lex="สร้าง" pos="verb,transitive" trans="produce" translit=""/><ana lex="สร้าง" pos="PHRV" trans="get up" translit=""/><ana lex="สร้าง" pos="verb,transitive" trans="raise" translit=""/><ana lex="สร้าง" pos="PHRV" trans="turn off1" translit=""/><ana lex="สร้าง" pos="PHRV" trans="get up" translit=""/><ana lex="สร้าง" pos="verb,transitive" trans="deliver" translit=""/><ana lex="สร้าง" pos="verb,transitive" trans="create" translit=""/><ana lex="สร้าง" pos="noun" trans="platform" translit=""/><ana lex="สร้าง" pos="verb" trans="build" translit=""/><ana lex="สร้าง" pos="PHRV" trans="make up" translit=""/><ana lex="สร้าง" pos="verb" trans="create" translit=""/><ana lex="สร้าง" pos="PHRV" trans="make on" translit=""/><ana lex="สร้าง" pos="PHRV" trans="make for" translit=""/><ana lex="สร้าง" pos="verb,transitive" trans="found" translit=""/><ana lex="สร้าง" pos="PHRV" trans="make up" translit=""/><ana lex="สร้าง" pos="verb,transitive" trans="construct" translit=""/></w><w>บุญ<ana lex="บุญ" pos="adjective" trans="good" translit=""/><ana lex="บุญ" pos="" trans="[alternate pronunciation of บุญ ]" translit="boonM yaaM"/><ana lex="บุญ" pos="noun" trans="virtue" translit=""/></w><w>ไว้<ana lex="ไว้" pos="verb" trans="keep" translit=""/></w><w>ให้<ana lex="ให้" pos="verb,transitive" trans="afford" translit=""/><ana lex="ให้" pos="verb" trans="give" translit=""/><ana lex="ให้" pos="verb,transitive" trans="give" translit=""/><ana lex="ให้" pos="verb,transitive" trans="dispense" translit=""/><ana lex="ให้" pos="verb,transitive" trans="bestow" translit=""/><ana lex="ให้" pos="verb" trans="give" translit=""/><ana lex="ให้" pos="verb,transitive" trans="accord" translit=""/><ana lex="ให้" pos="auxiliary verb" trans="to" translit=""/><ana lex="ให้" pos="verb" trans="permit" translit=""/></w><w>พักพิง<ana lex="พักพิง" pos="verb" trans="to stay; take shelter" translit="phakH phingM"/><ana lex="พักพิง" pos="verb" trans="stay" translit=""/></w></se><se><w>เลิก<ana lex="เลิก" pos="verb,transitive" trans="drop" translit=""/><ana lex="เลิก" pos="verb,transitive" trans="dismiss" translit=""/><ana lex="เลิก" pos="idiom" trans="put an end / a stop to" translit=""/><ana lex="เลิก" pos="verb,transitive" trans="surcease" translit=""/><ana lex="เลิก" pos="verb" trans="stop" translit=""/><ana lex="เลิก" pos="verb,intransitive" trans="surcease" translit=""/><ana lex="เลิก" pos="verb" trans="open" translit=""/><ana lex="เลิก" pos="verb" trans="separate" translit=""/><ana lex="เลิก" pos="PHRV" trans="phase out" translit=""/><ana lex="เลิก" pos="verb,intransitive" trans="go" translit=""/><ana lex="เลิก" pos="PHRV" trans="be off1" translit=""/><ana lex="เลิก" pos="idiom" trans="be at a halt / standstill" translit=""/></w><w>หวัง<ana lex="หวัง" pos="verb,transitive" trans="hope" translit=""/><ana lex="หวัง" pos="verb,intransitive" trans="hope" translit=""/></w><w>อิง<ana lex="อิง" pos="verb" trans="be based on" translit=""/><ana lex="อิง" pos="verb" trans="be based on" translit=""/><ana lex="อิง" pos="verb" trans="lean on" translit=""/></w><w>ผู้</w><w>ใด<ana lex="ใด" pos="DET" trans="any" translit=""/><ana lex="ใด" pos="DET" trans="which" translit=""/></w><w>ไม่<ana lex="ไม่" pos="adverb" trans="not" translit=""/><ana lex="ไม่" pos="PRF" trans="an-" translit=""/><ana lex="ไม่" pos="PRF" trans="un-" translit=""/><ana lex="ไม่" pos="PRF" trans="un-" translit=""/><ana lex="ไม่" pos="adjective" trans="nary" translit=""/><ana lex="ไม่" pos="NEG" trans="not" translit=""/><ana lex="ไม่" pos="PRF" trans="in-" translit=""/><ana lex="ไม่" pos="adverb" trans="no" translit=""/><ana lex="ไม่" pos="PRF" trans="non-" translit=""/><ana lex="ไม่" pos="PRF" trans="non-" translit=""/><ana lex="ไม่" pos="PRF" trans="in-" translit=""/><ana lex="ไม่" pos="SL" trans="no soup" translit=""/><ana lex="ไม่" pos="SL" trans="no sale" translit=""/><ana lex="ไม่" pos="SL" trans="nope" translit=""/><ana lex="ไม่" pos="SL" trans="No way!" translit=""/><ana lex="ไม่" pos="NEG" trans="not" translit=""/><ana lex="ไม่" pos="SL" trans="Nuts!" translit=""/></w><w>เฝ้า<ana lex="เฝ้า" pos="verb" trans="have an audience with/of" translit=""/><ana lex="เฝ้า" pos="verb" trans="keep an eye on" translit=""/></w><w>รอ<ana lex="รอ" pos="verb" trans="wait for" translit=""/><ana lex="รอ" pos="verb" trans="await (for something to happen)" translit=""/><ana lex="รอ" pos="noun" trans="embankment" translit=""/></w></se><se><w>หวัง<ana lex="หวัง" pos="verb,transitive" trans="hope" translit=""/><ana lex="หวัง" pos="verb,intransitive" trans="hope" translit=""/></w><w>เขา<ana lex="เขา" pos="noun" trans="dove" translit=""/><ana lex="เขา" pos="" trans="[alternate pronunciation of เขา ]" translit="khaoH"/><ana lex="เขา" pos="noun" trans="dove (a kind of bird)" translit=""/><ana lex="เขา" pos="noun" trans="horn" translit=""/><ana lex="เขา" pos="noun" trans="horn" translit=""/><ana lex="เขา" pos="PRON" trans="he" translit=""/><ana lex="เขา" pos="noun" trans="mountain" translit=""/></w><w>ดี<ana lex="ดี" pos="adjective" trans="fine" translit=""/><ana lex="ดี" pos="adjective" trans="braw" translit=""/><ana lex="ดี" pos="SL" trans="hunky-dory" translit=""/><ana lex="ดี" pos="adjective" trans="useful" translit=""/><ana lex="ดี" pos="noun" trans="gallbladder" translit=""/><ana lex="ดี" pos="adjective" trans="nice" translit=""/><ana lex="ดี" pos="adjective" trans="fine" translit=""/><ana lex="ดี" pos="adjective" trans="tidy" translit=""/><ana lex="ดี" pos="SL" trans="kushty" translit=""/><ana lex="ดี" pos="SL" trans="tickety-boo" translit=""/><ana lex="ดี" pos="adjective" trans="well" translit=""/><ana lex="ดี" pos="PRF" trans="eu-" translit=""/><ana lex="ดี" pos="idiom" trans="Well and good" translit=""/><ana lex="ดี" pos="adjective" trans="good" translit=""/><ana lex="ดี" pos="adverb" trans="well" translit=""/><ana lex="ดี" pos="adjective" trans="high" translit=""/><ana lex="ดี" pos="adjective" trans="nice" translit=""/><ana lex="ดี" pos="adjective" trans="nice" translit=""/><ana lex="ดี" pos="adjective" trans="well" translit=""/></w><w>สุข<ana lex="สุข" pos="noun" trans="happiness" translit=""/><ana lex="สุข" pos="verb" trans="be happy" translit=""/><ana lex="สุข" pos="" trans="[alternate pronunciation of สุข ]" translit="sookL khaL"/></w><w>ด้วย<ana lex="ด้วย" pos="PRF" trans="com-" translit=""/><ana lex="ด้วย" pos="adverb" trans="along" translit=""/><ana lex="ด้วย" pos="conjunction" trans="plus" translit=""/><ana lex="ด้วย" pos="preposition" trans="with" translit=""/><ana lex="ด้วย" pos="adverb" trans="also" translit=""/><ana lex="ด้วย" pos="conjunction" trans="because" translit=""/><ana lex="ด้วย" pos="preposition" trans="by" translit=""/><ana lex="ด้วย" pos="adverb" trans="so" translit=""/></w></se><se><w>.<ana lex="" pos="" trans="" translit=""/></w></se><se><w>ธรรมา<ana lex="ธรรมา" pos="" trans="[alternate spelling of ธรรม ]" translit="thamM maaM"/></w></se><se><w>มั่น</w><w>จิต<ana lex="จิต" pos="" trans="[alternate pronunciation of จิต ]" translit="jitL dtaL"/><ana lex="จิต" pos="noun" trans="mind" translit=""/></w><w>คลาย<ana lex="คลาย" pos="verb" trans="loosen" translit=""/><ana lex="คลาย" pos="verb" trans="relieve" translit=""/><ana lex="คลาย" pos="verb,intransitive" trans="loosen" translit=""/><ana lex="คลาย" pos="verb,intransitive" trans="unlay" translit=""/></w><w>ทุกข์<ana lex="ทุกข์" pos="PRF" trans="path-" translit=""/><ana lex="ทุกข์" pos="PRF" trans="patho-" translit=""/></w><w>ครา<ana lex="ครา" pos="classifier" trans="time" translit=""/><ana lex="ครา" pos="noun" trans="time; occasion; event" translit="khraaM"/><ana lex="ครา" pos="noun" trans="time" translit=""/></w></se><se><w>.<ana lex="" pos="" trans="" translit=""/></w></se><se><w>รุก</w><w>เร้า<ana lex="เร้า" pos="verb" trans="stimulate" translit=""/><ana lex="เร้า" pos="verb" trans="urge" translit=""/></w></se><se><w>คันฉ่อง<ana lex="คันฉ่อง" pos="noun" trans="[คันฉ่อง] two-fold mirror; cosmetic/dressing mirror" translit="khanM chaawngL"/><ana lex="คันฉ่อง" pos="noun" trans="mirror" translit=""/></w><w>ภาพ<ana lex="ภาพ" pos="noun" trans="tableau" translit=""/><ana lex="ภาพ" pos="noun" trans="sight" translit=""/><ana lex="ภาพ" pos="" trans="[alternate pronunciation of ภาพ ]" translit="phaapF phaH"/><ana lex="ภาพ" pos="noun" trans="picture" translit=""/></w><w>ชื่น<ana lex="ชื่น" pos="verb" trans="be joyful" translit=""/><ana lex="ชื่น" pos="adverb" trans="joyfully" translit=""/></w><w>ตา<ana lex="ตา" pos="noun" trans="mesh" translit=""/><ana lex="ตา" pos="SL" trans="mince pies" translit=""/><ana lex="ตา" pos="verb" trans="time" translit=""/><ana lex="ตา" pos="noun" trans="maternal grandfather" translit=""/><ana lex="ตา" pos="noun" trans="eye" translit=""/><ana lex="ตา" pos="noun" trans="maternal grandfather" translit=""/><ana lex="ตา" pos="noun" trans="knot" translit=""/><ana lex="ตา" pos="noun" trans="knot" translit=""/><ana lex="ตา" pos="verb" trans="turn" translit=""/><ana lex="ตา" pos="noun" trans="eye" translit=""/><ana lex="ตา" pos="noun" trans="mesh" translit=""/></w></se><se><w>.<ana lex="" pos="" trans="" translit=""/></w></se><se><w>ปลอบ<ana lex="ปลอบ" pos="verb" trans="soothe" translit=""/></w><w>เหนื่อย<ana lex="เหนื่อย" pos="PHRV" trans="be play out" translit=""/><ana lex="เหนื่อย" pos="PHRV" trans="look washed out" translit=""/><ana lex="เหนื่อย" pos="adjective" trans="jaded" translit=""/><ana lex="เหนื่อย" pos="verb" trans="be tired" translit=""/><ana lex="เหนื่อย" pos="adjective" trans="tired of" translit=""/><ana lex="เหนื่อย" pos="PHRV" trans="seem washed out" translit=""/><ana lex="เหนื่อย" pos="PHRV" trans="look washed up" translit=""/><ana lex="เหนื่อย" pos="PHRV" trans="feel washed out" translit=""/><ana lex="เหนื่อย" pos="PHRV" trans="seem washed up" translit=""/><ana lex="เหนื่อย" pos="verb,intransitive" trans="tire" translit=""/><ana lex="เหนื่อย" pos="PHRV" trans="feel washed up" translit=""/><ana lex="เหนื่อย" pos="PHRV" trans="be washed up" translit=""/><ana lex="เหนื่อย" pos="PHRV" trans="be washed out" translit=""/></w></se><se><w>หาญ<ana lex="หาญ" pos="adjective" trans="[is] bold; daring" translit="haanR"/></w><w>สู่<ana lex="สู่" pos="verb" trans="to get to; to arrive at; to reach" translit="suuL"/><ana lex="สู่" pos="adverb" trans="together" translit="suuL"/><ana lex="สู่" pos="preposition" trans="by; to; toward; for; towards" translit="suuL"/><ana lex="สู่" pos="PRF" trans="ana-" translit=""/><ana lex="สู่" pos="verb" trans="share" translit=""/><ana lex="สู่" pos="preposition" trans="to" translit=""/><ana lex="สู่" pos="preposition" trans="unto" translit=""/><ana lex="สู่" pos="verb" trans="visit" translit=""/></w><w>ปลาย<ana lex="ปลาย" pos="noun" trans="tag end" translit=""/><ana lex="ปลาย" pos="noun" trans="tip" translit=""/><ana lex="ปลาย" pos="adjective" trans="terminal" translit=""/><ana lex="ปลาย" pos="noun" trans="nib" translit=""/></w><w>หมาย<ana lex="หมาย" pos="noun" trans="warrant" translit=""/><ana lex="หมาย" pos="verb" trans="aim" translit=""/></w><w>เป้า<ana lex="เป้า" pos="noun" trans="aim" translit=""/><ana lex="เป้า" pos="noun" trans="aim" translit=""/><ana lex="เป้า" pos="noun" trans="target" translit=""/><ana lex="เป้า" pos="noun" trans="aim" translit=""/><ana lex="เป้า" pos="noun" trans="crotch" translit=""/><ana lex="เป้า" pos="noun" trans="Treron curviro-stra" translit=""/><ana lex="เป้า" pos="noun" trans="target" translit=""/><ana lex="เป้า" pos="noun" trans="target" translit=""/><ana lex="เป้า" pos="noun" trans="crotch (of trousers)" translit=""/></w></se><se><w>.<ana lex="" pos="" trans="" translit=""/></w></se><se><w>เปี่ยม<ana lex="เปี่ยม" pos="adjective" trans="[is] even with; level with; flush with" translit="bpiiamL"/><ana lex="เปี่ยม" pos="verb" trans="be fraught" translit=""/><ana lex="เปี่ยม" pos="adjective" trans="[is] full to the brim; completely filled (with)" translit="bpiiamL"/><ana lex="เปี่ยม" pos="verb" trans="flush" translit=""/></w><w>ด้วย<ana lex="ด้วย" pos="PRF" trans="com-" translit=""/><ana lex="ด้วย" pos="adverb" trans="along" translit=""/><ana lex="ด้วย" pos="conjunction" trans="plus" translit=""/><ana lex="ด้วย" pos="preposition" trans="with" translit=""/><ana lex="ด้วย" pos="adverb" trans="also" translit=""/><ana lex="ด้วย" pos="conjunction" trans="because" translit=""/><ana lex="ด้วย" pos="preposition" trans="by" translit=""/><ana lex="ด้วย" pos="adverb" trans="so" translit=""/></w><w>พลัง<ana lex="พลัง" pos="SL" trans="moxie" translit=""/><ana lex="พลัง" pos="noun" trans="strength" translit=""/><ana lex="พลัง" pos="SL" trans="oomph" translit=""/><ana lex="พลัง" pos="noun" trans="power" translit=""/><ana lex="พลัง" pos="noun" trans="power" translit=""/><ana lex="พลัง" pos="noun" trans="strength" translit=""/></w><w>ใจ<ana lex="ใจ" pos="noun" trans="heart" translit=""/><ana lex="ใจ" pos="noun" trans="mind" translit=""/></w></se><se><w>อัตตา<ana lex="อัตตา" pos="noun" trans="ego" translit=""/><ana lex="อัตตา" pos="adjective,loanword,Pali" trans="[the prefixes] self- and auto-" translit="atL dtaaM"/></w></se><se><w>หิ</w></se><se><w>อัต<ana lex="อัต" pos="noun,particle,formal,loanword,Pali" trans="self; individual" translit="atL dtaL"/></w><w>ตะ</w><w>โน<ana lex="โน" pos="verb" trans="swell out" translit=""/><ana lex="โน" pos="verb" trans="to swell out; to bulge; to protrude" translit="no:hM"/><ana lex="โน" pos="adjective,loanword" trans="[Thai transcription of the foreign loanword, no]" translit="no:hM"/></w></se><se><w>นา<ana lex="นา" pos="noun" trans="field" translit=""/><ana lex="นา" pos="" trans="[alternate spelling of นะ ]" translit="naaM"/></w><w>โถ<ana lex="โถ" pos="noun" trans="earthen jar" translit=""/><ana lex="โถ" pos="" trans="[alternate spelling of โธ่ ]" translit="tho:hR"/><ana lex="โถ" pos="interjection" trans="alas" translit=""/></w></se><se><w>เนาะ<ana lex="เนาะ" pos="" trans="[alternate spelling of นะ ]" translit="nawH"/></w><w>พี่<ana lex="พี่" pos="noun" trans="elder sister or brother" translit=""/></w></se><se><w>คน<ana lex="คน" pos="noun" trans="bloke" translit=""/><ana lex="คน" pos="verb,transitive" trans="mill" translit=""/><ana lex="คน" pos="PRF" trans="anthropo-" translit=""/><ana lex="คน" pos="noun" trans="human" translit=""/><ana lex="คน" pos="noun" trans="people" translit=""/><ana lex="คน" pos="noun" trans="being" translit=""/><ana lex="คน" pos="PHRV" trans="stir about" translit=""/><ana lex="คน" pos="PHRV" trans="stir around" translit=""/><ana lex="คน" pos="SL" trans="bod" translit=""/><ana lex="คน" pos="classifier" trans="person" translit=""/><ana lex="คน" pos="verb" trans="stir" translit=""/></w><w>เรา<ana lex="เรา" pos="pronoun" trans="us" translit=""/><ana lex="เรา" pos="PRON" trans="I" translit=""/><ana lex="เรา" pos="pronoun" trans="we" translit=""/><ana lex="เรา" pos="PRON" trans="you" translit=""/><ana lex="เรา" pos="PRON" trans="we" translit=""/></w><w>จะ<ana lex="จะ" pos="auxiliary verb" trans="will" translit=""/><ana lex="จะ" pos="auxiliary verb" trans="will" translit=""/><ana lex="จะ" pos="" trans="[alternate spelling of จ้ะ]" translit="jaL"/></w><w>หวัง<ana lex="หวัง" pos="verb,transitive" trans="hope" translit=""/><ana lex="หวัง" pos="verb,intransitive" trans="hope" translit=""/></w><w>พึ่ง<ana lex="พึ่ง" pos="verb" trans="depend on" translit=""/><ana lex="พึ่ง" pos="auxiliary verb" trans="just now" translit=""/></w><w>คน<ana lex="คน" pos="noun" trans="bloke" translit=""/><ana lex="คน" pos="verb,transitive" trans="mill" translit=""/><ana lex="คน" pos="PRF" trans="anthropo-" translit=""/><ana lex="คน" pos="noun" trans="human" translit=""/><ana lex="คน" pos="noun" trans="people" translit=""/><ana lex="คน" pos="noun" trans="being" translit=""/><ana lex="คน" pos="PHRV" trans="stir about" translit=""/><ana lex="คน" pos="PHRV" trans="stir around" translit=""/><ana lex="คน" pos="SL" trans="bod" translit=""/><ana lex="คน" pos="classifier" trans="person" translit=""/><ana lex="คน" pos="verb" trans="stir" translit=""/></w><w>อื่น<ana lex="อื่น" pos="adjective" trans="another" translit=""/><ana lex="อื่น" pos="PRF" trans="hetero-" translit=""/></w><w>ได้<ana lex="ได้" pos="PHRV" trans="get out of" translit=""/><ana lex="ได้" pos="auxiliary verb" trans="be able to" translit=""/><ana lex="ได้" pos="verb" trans="get" translit=""/><ana lex="ได้" pos="" trans="[alternate pronunciation of ได้ ]" translit="daaiF"/><ana lex="ได้" pos="auxiliary verb" trans="used as an auxiliary verb before a principal verb to indicate the past tense" translit=""/><ana lex="ได้" pos="verb,transitive" trans="get" translit=""/><ana lex="ได้" pos="adverb" trans="can" translit=""/></w><w>ไง<ana lex="ไง" pos="adverb" trans="how" translit=""/></w></se><se><w>ตัวเอง<ana lex="ตัวเอง" pos="PRON" trans="oneself" translit=""/><ana lex="ตัวเอง" pos="PRF" trans="idio-" translit=""/><ana lex="ตัวเอง" pos="PRON" trans="oneself" translit=""/><ana lex="ตัวเอง" pos="PRF" trans="auto" translit=""/><ana lex="ตัวเอง" pos="noun" trans="person" translit=""/></w><w>พึ่ง<ana lex="พึ่ง" pos="verb" trans="depend on" translit=""/><ana lex="พึ่ง" pos="auxiliary verb" trans="just now" translit=""/></w><w>ตัวเอง<ana lex="ตัวเอง" pos="PRON" trans="oneself" translit=""/><ana lex="ตัวเอง" pos="PRF" trans="idio-" translit=""/><ana lex="ตัวเอง" pos="PRON" trans="oneself" translit=""/><ana lex="ตัวเอง" pos="PRF" trans="auto" translit=""/><ana lex="ตัวเอง" pos="noun" trans="person" translit=""/></w><w>ไม่<ana lex="ไม่" pos="adverb" trans="not" translit=""/><ana lex="ไม่" pos="PRF" trans="an-" translit=""/><ana lex="ไม่" pos="PRF" trans="un-" translit=""/><ana lex="ไม่" pos="PRF" trans="un-" translit=""/><ana lex="ไม่" pos="adjective" trans="nary" translit=""/><ana lex="ไม่" pos="NEG" trans="not" translit=""/><ana lex="ไม่" pos="PRF" trans="in-" translit=""/><ana lex="ไม่" pos="adverb" trans="no" translit=""/><ana lex="ไม่" pos="PRF" trans="non-" translit=""/><ana lex="ไม่" pos="PRF" trans="non-" translit=""/><ana lex="ไม่" pos="PRF" trans="in-" translit=""/><ana lex="ไม่" pos="SL" trans="no soup" translit=""/><ana lex="ไม่" pos="SL" trans="no sale" translit=""/><ana lex="ไม่" pos="SL" trans="nope" translit=""/><ana lex="ไม่" pos="SL" trans="No way!" translit=""/><ana lex="ไม่" pos="NEG" trans="not" translit=""/><ana lex="ไม่" pos="SL" trans="Nuts!" translit=""/></w><w>ได้<ana lex="ได้" pos="PHRV" trans="get out of" translit=""/><ana lex="ได้" pos="auxiliary verb" trans="be able to" translit=""/><ana lex="ได้" pos="verb" trans="get" translit=""/><ana lex="ได้" pos="" trans="[alternate pronunciation of ได้ ]" translit="daaiF"/><ana lex="ได้" pos="auxiliary verb" trans="used as an auxiliary verb before a principal verb to indicate the past tense" translit=""/><ana lex="ได้" pos="verb,transitive" trans="get" translit=""/><ana lex="ได้" pos="adverb" trans="can" translit=""/></w></se><se><w>.<ana lex="" pos="" trans="" translit=""/></w></se><se><w>ก็<ana lex="ก็" pos="adverb" trans="also" translit=""/><ana lex="ก็" pos="conjunction" trans="as a result" translit=""/></w><w>อย่า<ana lex="อย่า" pos="auxiliary verb" trans="do not" translit=""/></w><w>หวัง<ana lex="หวัง" pos="verb,transitive" trans="hope" translit=""/><ana lex="หวัง" pos="verb,intransitive" trans="hope" translit=""/></w><w>ไป<ana lex="ไป" pos="PRF" trans="ad-" translit=""/><ana lex="ไป" pos="verb" trans="go" translit=""/><ana lex="ไป" pos="SL" trans="chip" translit=""/><ana lex="ไป" pos="SL" trans="gone for a Burton" translit=""/><ana lex="ไป" pos="verb,intransitive" trans="go" translit=""/></w><w>พึ่ง<ana lex="พึ่ง" pos="verb" trans="depend on" translit=""/><ana lex="พึ่ง" pos="auxiliary verb" trans="just now" translit=""/></w><w>ใคร<ana lex="ใคร" pos="PRON" trans="who" translit=""/><ana lex="ใคร" pos="pronoun" trans="who" translit=""/></w><w>เลย<ana lex="เลย" pos="PRF" trans="extra-" translit=""/><ana lex="เลย" pos="auxiliary verb" trans="have to" translit=""/><ana lex="เลย" pos="verb" trans="pass" translit=""/><ana lex="เลย" pos="adverb" trans="really" translit=""/><ana lex="เลย" pos="noun" trans="Loei" translit=""/><ana lex="เลย" pos="adverb" trans="completely" translit=""/></w><w>เนาะ<ana lex="เนาะ" pos="" trans="[alternate spelling of นะ ]" translit="nawH"/></w><w>พี่<ana lex="พี่" pos="noun" trans="elder sister or brother" translit=""/></w></se><se><w>เม</w><w>กช</w><w>อบ<ana lex="อบ" pos="verb,transitive" trans="bake" translit=""/><ana lex="อบ" pos="verb" trans="perfume" translit=""/><ana lex="อบ" pos="verb" trans="be stuffy" translit=""/><ana lex="อบ" pos="verb" trans="bake" translit=""/></w><w>กลอน<ana lex="กลอน" pos="noun" trans="bolt" translit=""/><ana lex="กลอน" pos="noun" trans="latch" translit=""/><ana lex="กลอน" pos="noun" trans="verse" translit=""/></w><w>ของ<ana lex="ของ" pos="noun" trans="thing" translit=""/><ana lex="ของ" pos="PRF" trans="a-" translit=""/><ana lex="ของ" pos="noun" trans="item" translit=""/><ana lex="ของ" pos="preposition" trans="of" translit=""/><ana lex="ของ" pos="preposition" trans="of" translit=""/></w><w>พี่<ana lex="พี่" pos="noun" trans="elder sister or brother" translit=""/></w><w>ทุก<ana lex="ทุก" pos="DET" trans="every" translit=""/></w><w>บท<ana lex="บท" pos="noun" trans="chapter" translit=""/><ana lex="บท" pos="classifier" trans="chapter" translit=""/></w><w>เลย<ana lex="เลย" pos="PRF" trans="extra-" translit=""/><ana lex="เลย" pos="auxiliary verb" trans="have to" translit=""/><ana lex="เลย" pos="verb" trans="pass" translit=""/><ana lex="เลย" pos="adverb" trans="really" translit=""/><ana lex="เลย" pos="noun" trans="Loei" translit=""/><ana lex="เลย" pos="adverb" trans="completely" translit=""/></w><w>นะ<ana lex="นะ" pos="END" trans="particle used at the end of a clause" translit=""/></w><w>ครับ<ana lex="ครับ" pos="END" trans="yes, sir" translit=""/></w></se><se><w>ถึง<ana lex="ถึง" pos="verb" trans="be skillful" translit=""/><ana lex="ถึง" pos="verb,transitive" trans="attain" translit=""/><ana lex="ถึง" pos="conjunction" trans="even though" translit=""/><ana lex="ถึง" pos="preposition" trans="to" translit=""/><ana lex="ถึง" pos="verb" trans="reach" translit=""/><ana lex="ถึง" pos="verb" trans="be ...enough" translit=""/><ana lex="ถึง" pos="preposition" trans="to" translit=""/><ana lex="ถึง" pos="conjunction" trans="then" translit=""/></w><w>แม้<ana lex="แม้" pos="conjunction" trans="even" translit=""/><ana lex="แม้" pos="conjunction" trans="though" translit=""/></w><w>เม</w><w>ก<ana lex="ก" pos="abbreviation" trans="a.) — [indicating the first item in a list]; Mr. A." translit=""/><ana lex="ก" pos="abbreviation" trans="[The first letter of the Thai alphabet]" translit=""/></w><w>จะ<ana lex="จะ" pos="auxiliary verb" trans="will" translit=""/><ana lex="จะ" pos="auxiliary verb" trans="will" translit=""/><ana lex="จะ" pos="" trans="[alternate spelling of จ้ะ]" translit="jaL"/></w><w>ไม่<ana lex="ไม่" pos="adverb" trans="not" translit=""/><ana lex="ไม่" pos="PRF" trans="an-" translit=""/><ana lex="ไม่" pos="PRF" trans="un-" translit=""/><ana lex="ไม่" pos="PRF" trans="un-" translit=""/><ana lex="ไม่" pos="adjective" trans="nary" translit=""/><ana lex="ไม่" pos="NEG" trans="not" translit=""/><ana lex="ไม่" pos="PRF" trans="in-" translit=""/><ana lex="ไม่" pos="adverb" trans="no" translit=""/><ana lex="ไม่" pos="PRF" trans="non-" translit=""/><ana lex="ไม่" pos="PRF" trans="non-" translit=""/><ana lex="ไม่" pos="PRF" trans="in-" translit=""/><ana lex="ไม่" pos="SL" trans="no soup" translit=""/><ana lex="ไม่" pos="SL" trans="no sale" translit=""/><ana lex="ไม่" pos="SL" trans="nope" translit=""/><ana lex="ไม่" pos="SL" trans="No way!" translit=""/><ana lex="ไม่" pos="NEG" trans="not" translit=""/><ana lex="ไม่" pos="SL" trans="Nuts!" translit=""/></w><w>ค่อย<ana lex="ค่อย" pos="auxiliary verb" trans="gradually" translit=""/><ana lex="ค่อย" pos="adverb" trans="quietly" translit=""/><ana lex="ค่อย" pos="auxiliary verb" trans="slowly" translit=""/><ana lex="ค่อย" pos="conjunction" trans="then" translit=""/></w><w>มี<ana lex="มี" pos="verb" trans="consist of" translit=""/><ana lex="มี" pos="verb" trans="there is/are" translit=""/><ana lex="มี" pos="verb" trans="have" translit=""/><ana lex="มี" pos="verb,transitive" trans="contain" translit=""/><ana lex="มี" pos="verb,transitive" trans="has" translit=""/><ana lex="มี" pos="verb,transitive" trans="have" translit=""/><ana lex="มี" pos="adjective" trans="rich" translit=""/></w><w>เวลา<ana lex="เวลา" pos="PRF" trans="chrono-" translit=""/><ana lex="เวลา" pos="conjunction" trans="when" translit=""/><ana lex="เวลา" pos="noun" trans="chance" translit=""/><ana lex="เวลา" pos="noun" trans="time" translit=""/><ana lex="เวลา" pos="noun" trans="time" translit=""/><ana lex="เวลา" pos="noun" trans="duration" translit=""/></w><w>เข้า<ana lex="เข้า" pos="verb" trans="get along with" translit=""/><ana lex="เข้า" pos="verb,transitive" trans="access" translit=""/><ana lex="เข้า" pos="verb" trans="put in" translit=""/><ana lex="เข้า" pos="verb,transitive" trans="enter" translit=""/><ana lex="เข้า" pos="verb,intransitive" trans="enter" translit=""/><ana lex="เข้า" pos="verb" trans="enter" translit=""/><ana lex="เข้า" pos="verb" trans="reach" translit=""/></w><w>เหมือน<ana lex="เหมือน" pos="PRF" trans="homo-" translit=""/><ana lex="เหมือน" pos="verb,transitive" trans="mirror" translit=""/><ana lex="เหมือน" pos="PHRV" trans="take after" translit=""/><ana lex="เหมือน" pos="conjunction" trans="like" translit=""/><ana lex="เหมือน" pos="SUF" trans="-like" translit=""/><ana lex="เหมือน" pos="SUF" trans="-ly" translit=""/></w><w>เก่า<ana lex="เก่า" pos="adjective" trans="old" translit=""/><ana lex="เก่า" pos="adjective" trans="old" translit=""/><ana lex="เก่า" pos="adjective" trans="ancient" translit=""/><ana lex="เก่า" pos="idiom" trans="have seen better days" translit=""/><ana lex="เก่า" pos="adjective" trans="onetime" translit=""/><ana lex="เก่า" pos="verb,intransitive" trans="stale" translit=""/><ana lex="เก่า" pos="SL" trans="has-been" translit=""/></w></se><se><w>แต่<ana lex="แต่" pos="adverb" trans="only" translit=""/><ana lex="แต่" pos="conjunction" trans="but" translit=""/><ana lex="แต่" pos="conjunction" trans="but" translit=""/><ana lex="แต่" pos="conjunction" trans="but" translit=""/><ana lex="แต่" pos="preposition" trans="earlier" translit=""/><ana lex="แต่" pos="conjunction" trans="only" translit=""/></w><w>ถ้า<ana lex="ถ้า" pos="conjunction" trans="if" translit=""/><ana lex="ถ้า" pos="conjunction" trans="if" translit=""/><ana lex="ถ้า" pos="conjunction" trans="when" translit=""/></w><w>ว่าง<ana lex="ว่าง" pos="adjective" trans="hungry" translit=""/><ana lex="ว่าง" pos="adjective" trans="unoccupied" translit=""/><ana lex="ว่าง" pos="verb" trans="be free" translit=""/><ana lex="ว่าง" pos="adjective" trans="open" translit=""/><ana lex="ว่าง" pos="adjective" trans="spare" translit=""/><ana lex="ว่าง" pos="adjective" trans="empty" translit=""/><ana lex="ว่าง" pos="adjective" trans="blank" translit=""/></w></se><se><w>เม</w><w>ก<ana lex="ก" pos="abbreviation" trans="a.) — [indicating the first item in a list]; Mr. A." translit=""/><ana lex="ก" pos="abbreviation" trans="[The first letter of the Thai alphabet]" translit=""/></w><w>ก็<ana lex="ก็" pos="adverb" trans="also" translit=""/><ana lex="ก็" pos="conjunction" trans="as a result" translit=""/></w><w>แวบ<ana lex="แวบ" pos="noun" trans="glimpse; a flash (of light)" translit="waaepF"/><ana lex="แวบ" pos="adverb" trans="in a wink" translit=""/><ana lex="แวบ" pos="adjective" trans="[แวบ ๆ] [is] flashing" translit="waaepF"/><ana lex="แวบ" pos="verb" trans="flash" translit=""/></w><w>มา<ana lex="มา" pos="PHRV" trans="get in1" translit=""/><ana lex="มา" pos="adverb" trans="coming (toward the present; or toward the focal time)" translit=""/><ana lex="มา" pos="verb,intransitive" trans="come" translit=""/><ana lex="มา" pos="verb" trans="arrive" translit=""/></w><w>อ่าน<ana lex="อ่าน" pos="verb,transitive" trans="peruse" translit=""/><ana lex="อ่าน" pos="verb,transitive" trans="read" translit=""/><ana lex="อ่าน" pos="verb,intransitive" trans="declaim" translit=""/><ana lex="อ่าน" pos="verb" trans="read" translit=""/><ana lex="อ่าน" pos="PHRV" trans="crack a book" translit=""/></w><w>กลอน<ana lex="กลอน" pos="noun" trans="bolt" translit=""/><ana lex="กลอน" pos="noun" trans="latch" translit=""/><ana lex="กลอน" pos="noun" trans="verse" translit=""/></w><w>พี่<ana lex="พี่" pos="noun" trans="elder sister or brother" translit=""/></w><w>เสมอ<ana lex="เสมอ" pos="adverb" trans="always" translit=""/><ana lex="เสมอ" pos="verb" trans="be equal" translit=""/><ana lex="เสมอ" pos="adverb" trans="semper" translit=""/><ana lex="เสมอ" pos="adverb" trans="always" translit=""/></w><w>นะ<ana lex="นะ" pos="END" trans="particle used at the end of a clause" translit=""/></w><w>ครับ<ana lex="ครับ" pos="END" trans="yes, sir" translit=""/></w></se><se><w>มี<ana lex="มี" pos="verb" trans="consist of" translit=""/><ana lex="มี" pos="verb" trans="there is/are" translit=""/><ana lex="มี" pos="verb" trans="have" translit=""/><ana lex="มี" pos="verb,transitive" trans="contain" translit=""/><ana lex="มี" pos="verb,transitive" trans="has" translit=""/><ana lex="มี" pos="verb,transitive" trans="have" translit=""/><ana lex="มี" pos="adjective" trans="rich" translit=""/></w><w>ความ<ana lex="ความ" pos="noun" trans="case" translit=""/><ana lex="ความ" pos="noun" trans="content" translit=""/></w><w>สุข<ana lex="สุข" pos="noun" trans="happiness" translit=""/><ana lex="สุข" pos="verb" trans="be happy" translit=""/><ana lex="สุข" pos="" trans="[alternate pronunciation of สุข ]" translit="sookL khaL"/></w><w>มาก<ana lex="มาก" pos="adverb" trans="deep" translit=""/><ana lex="มาก" pos="adjective" trans="good" translit=""/><ana lex="มาก" pos="PRF" trans="multi-" translit=""/><ana lex="มาก" pos="adjective" trans="deep" translit=""/><ana lex="มาก" pos="adjective" trans="mickle" translit=""/><ana lex="มาก" pos="PRF" trans="mult-" translit=""/><ana lex="มาก" pos="PRF" trans="multi-" translit=""/><ana lex="มาก" pos="adjective" trans="much" translit=""/><ana lex="มาก" pos="adverb" trans="so" translit=""/><ana lex="มาก" pos="adverb" trans="very much" translit=""/><ana lex="มาก" pos="idiom" trans="quite a bit" translit=""/><ana lex="มาก" pos="idiom" trans="quite a lot" translit=""/><ana lex="มาก" pos="idiom" trans="quite a few" translit=""/><ana lex="มาก" pos="adjective" trans="such" translit=""/><ana lex="มาก" pos="idiom" trans="quite a number" translit=""/><ana lex="มาก" pos="SL" trans="boku" translit=""/><ana lex="มาก" pos="PRF" trans="poly-" translit=""/><ana lex="มาก" pos="SL" trans="bokoo" translit=""/><ana lex="มาก" pos="adverb" trans="abundantly" translit=""/></w></se><se><w>ๆ<ana lex="ๆ" pos="" trans="[repetition character]" translit=""/></w></se><se><w>ครับ<ana lex="ครับ" pos="END" trans="yes, sir" translit=""/></w><w>พี่<ana lex="พี่" pos="noun" trans="elder sister or brother" translit=""/></w></se><se><w>+-*-+ +-*<ana lex="" pos="" trans="" translit=""/></w></se><se><w>ปู๊</w><w>ชาย<ana lex="ชาย" pos="noun" trans="edge" translit=""/><ana lex="ชาย" pos="verb" trans="glance" translit=""/><ana lex="ชาย" pos="noun" trans="man" translit=""/></w><w>อา<ana lex="อา" pos="noun" trans="uncle" translit=""/></w><w>รม<ana lex="รม" pos="verb" trans="smoke" translit=""/></w><w>ดี๊</w><w>ดี<ana lex="ดี" pos="adjective" trans="fine" translit=""/><ana lex="ดี" pos="adjective" trans="braw" translit=""/><ana lex="ดี" pos="SL" trans="hunky-dory" translit=""/><ana lex="ดี" pos="adjective" trans="useful" translit=""/><ana lex="ดี" pos="noun" trans="gallbladder" translit=""/><ana lex="ดี" pos="adjective" trans="nice" translit=""/><ana lex="ดี" pos="adjective" trans="fine" translit=""/><ana lex="ดี" pos="adjective" trans="tidy" translit=""/><ana lex="ดี" pos="SL" trans="kushty" translit=""/><ana lex="ดี" pos="SL" trans="tickety-boo" translit=""/><ana lex="ดี" pos="adjective" trans="well" translit=""/><ana lex="ดี" pos="PRF" trans="eu-" translit=""/><ana lex="ดี" pos="idiom" trans="Well and good" translit=""/><ana lex="ดี" pos="adjective" trans="good" translit=""/><ana lex="ดี" pos="adverb" trans="well" translit=""/><ana lex="ดี" pos="adjective" trans="high" translit=""/><ana lex="ดี" pos="adjective" trans="nice" translit=""/><ana lex="ดี" pos="adjective" trans="nice" translit=""/><ana lex="ดี" pos="adjective" trans="well" translit=""/></w></se><se><w>*-+ +-*-+<ana lex="" pos="" trans="" translit=""/></w></se><se><w>กึ่ง<ana lex="กึ่ง" pos="adjective" trans="medium" translit=""/><ana lex="กึ่ง" pos="adjective" trans="[กึ่งอัตโนมัติ] [is] semi-automatic" translit="geungL"/><ana lex="กึ่ง" pos="noun" trans="half" translit=""/><ana lex="กึ่ง" pos="adjective" trans="[ก้ำกึ่ง] [is] well-matched; well-balanced; evenly matched; even in strength" translit="geungL"/><ana lex="กึ่ง" pos="adjective" trans="half; middle; midway; semi-" translit="geungL"/><ana lex="กึ่ง" pos="adjective" trans="[กึ่งราชการ] [is] semi-official" translit="geungL"/><ana lex="กึ่ง" pos="adjective" trans="[กึ่งทางการ] semi-formal; moderate formality" translit="geungL"/></w><w>หวัง<ana lex="หวัง" pos="verb,transitive" trans="hope" translit=""/><ana lex="หวัง" pos="verb,intransitive" trans="hope" translit=""/></w><w>กึ่ง<ana lex="กึ่ง" pos="adjective" trans="medium" translit=""/><ana lex="กึ่ง" pos="adjective" trans="[กึ่งอัตโนมัติ] [is] semi-automatic" translit="geungL"/><ana lex="กึ่ง" pos="noun" trans="half" translit=""/><ana lex="กึ่ง" pos="adjective" trans="[ก้ำกึ่ง] [is] well-matched; well-balanced; evenly matched; even in strength" translit="geungL"/><ana lex="กึ่ง" pos="adjective" trans="half; middle; midway; semi-" translit="geungL"/><ana lex="กึ่ง" pos="adjective" trans="[กึ่งราชการ] [is] semi-official" translit="geungL"/><ana lex="กึ่ง" pos="adjective" trans="[กึ่งทางการ] semi-formal; moderate formality" translit="geungL"/></w><w>กลัว<ana lex="กลัว" pos="verb" trans="fear" translit=""/><ana lex="กลัว" pos="adjective" trans="afraid" translit=""/><ana lex="กลัว" pos="verb,intransitive" trans="fear" translit=""/><ana lex="กลัว" pos="PHRV" trans="take fright at" translit=""/><ana lex="กลัว" pos="idiom" trans="have one's tail between one's legs" translit=""/><ana lex="กลัว" pos="verb,intransitive" trans="shrink" translit=""/><ana lex="กลัว" pos="PHRV" trans="chicken out" translit=""/></w></se></body>