<body><meta><link>http://www.thaipoem.com/poem/35613</link><title>ชะตาชีวิต</title><genre>poem</genre></meta><se><w>วัฏ<ana lex="วัฏ" pos="noun" trans="cycle of birth and death" translit="watH"/><ana lex="วัฏ" pos="" trans="[alternate pronunciation of วัฏ]" translit="watH dtaL"/></w><w>จักร์</w><w>ผลักดัน<ana lex="ผลักดัน" pos="verb" trans="[ผลักดัน] to push forward; advance; carry forward; push on" translit="phlakL danM"/><ana lex="ผลักดัน" pos="PHRV" trans="carry forward" translit=""/><ana lex="ผลักดัน" pos="verb" trans="push forward" translit=""/><ana lex="ผลักดัน" pos="PHRV" trans="force into" translit=""/><ana lex="ผลักดัน" pos="PHRV" trans="shove at" translit=""/></w><w>ผัน<ana lex="ผัน" pos="noun" trans="[บัวผัน] a species of lotus Nymphaea stellafa" translit="phanR"/><ana lex="ผัน" pos="verb" trans="modulate" translit=""/><ana lex="ผัน" pos="verb" trans="a change; modulation" translit="phanR"/><ana lex="ผัน" pos="noun" trans="Nymphaea stellafa" translit=""/><ana lex="ผัน" pos="verb" trans="turn" translit=""/><ana lex="ผัน" pos="verb" trans="change; modulate; alter; deviate; veer" translit="phanR"/><ana lex="ผัน" pos="verb" trans="alter" translit=""/><ana lex="ผัน" pos="adjective" trans="[is] turned-around" translit="phanR"/></w><w>ชีวิต<ana lex="ชีวิต" pos="PRF" trans="bio-" translit=""/><ana lex="ชีวิต" pos="noun" trans="life" translit=""/><ana lex="ชีวิต" pos="noun" trans="life" translit=""/></w></se><se><w>ไป<ana lex="ไป" pos="PRF" trans="ad-" translit=""/><ana lex="ไป" pos="verb" trans="go" translit=""/><ana lex="ไป" pos="SL" trans="chip" translit=""/><ana lex="ไป" pos="SL" trans="gone for a Burton" translit=""/><ana lex="ไป" pos="verb,intransitive" trans="go" translit=""/></w><w>ตาม<ana lex="ตาม" pos="verb,intransitive" trans="trail" translit=""/><ana lex="ตาม" pos="verb" trans="invite" translit=""/><ana lex="ตาม" pos="verb" trans="pursue" translit=""/><ana lex="ตาม" pos="preposition" trans="along" translit=""/><ana lex="ตาม" pos="verb" trans="follow" translit=""/><ana lex="ตาม" pos="verb,transitive" trans="follow" translit=""/><ana lex="ตาม" pos="preposition" trans="in accordance with" translit=""/><ana lex="ตาม" pos="adverb" trans="fatefully" translit=""/><ana lex="ตาม" pos="adverb" trans="follow" translit=""/></w><w>ทาง<ana lex="ทาง" pos="noun" trans="way" translit=""/><ana lex="ทาง" pos="noun" trans="palm leaf" translit=""/><ana lex="ทาง" pos="preposition" trans="from" translit=""/><ana lex="ทาง" pos="noun" trans="way" translit=""/><ana lex="ทาง" pos="classifier" trans="qualifier for palm leaves" translit=""/><ana lex="ทาง" pos="preposition" trans="by" translit=""/><ana lex="ทาง" pos="noun" trans="side" translit=""/><ana lex="ทาง" pos="noun" trans="pathway" translit=""/><ana lex="ทาง" pos="preposition" trans="by" translit=""/></w><w>ลิขิต<ana lex="ลิขิต" pos="noun,formal,poetic,loanword,Pali" trans="[holy language used by monks] writing; drawing; letter; epistle; carving" translit="liH khitL"/><ana lex="ลิขิต" pos="verb" trans="be destined" translit=""/><ana lex="ลิขิต" pos="verb,transitive,intransitive,formal,poetic,loanword,Pali" trans="to scratch; to scrape; to write; to engrave; to draw" translit="liH khitL"/><ana lex="ลิขิต" pos="noun" trans="writing" translit=""/><ana lex="ลิขิต" pos="verb" trans="write" translit=""/></w><w>และ<ana lex="และ" pos="conjunction" trans="and" translit=""/><ana lex="และ" pos="conjunction" trans="and" translit=""/></w><w>ความ<ana lex="ความ" pos="noun" trans="case" translit=""/><ana lex="ความ" pos="noun" trans="content" translit=""/></w><w>ฝัน<ana lex="ฝัน" pos="verb,transitive" trans="dream" translit=""/><ana lex="ฝัน" pos="verb,intransitive" trans="dream" translit=""/><ana lex="ฝัน" pos="verb" trans="dream" translit=""/></w></se><se><w>มี<ana lex="มี" pos="verb" trans="consist of" translit=""/><ana lex="มี" pos="verb" trans="there is/are" translit=""/><ana lex="มี" pos="verb" trans="have" translit=""/><ana lex="มี" pos="verb,transitive" trans="contain" translit=""/><ana lex="มี" pos="verb,transitive" trans="has" translit=""/><ana lex="มี" pos="verb,transitive" trans="have" translit=""/><ana lex="มี" pos="adjective" trans="rich" translit=""/></w><w>จุด<ana lex="จุด" pos="noun" trans="period" translit=""/><ana lex="จุด" pos="noun" trans="fleck" translit=""/><ana lex="จุด" pos="verb" trans="light" translit=""/><ana lex="จุด" pos="noun" trans="dot" translit=""/><ana lex="จุด" pos="noun" trans="point" translit=""/><ana lex="จุด" pos="verb" trans="point" translit=""/><ana lex="จุด" pos="noun" trans="spot" translit=""/><ana lex="จุด" pos="noun" trans="point" translit=""/><ana lex="จุด" pos="noun" trans="spot" translit=""/></w><w>เริ่ม<ana lex="เริ่ม" pos="verb,transitive" trans="strike up" translit=""/><ana lex="เริ่ม" pos="verb,intransitive" trans="start" translit=""/><ana lex="เริ่ม" pos="PHRV" trans="institute against" translit=""/><ana lex="เริ่ม" pos="PHRV" trans="get away" translit=""/><ana lex="เริ่ม" pos="verb,intransitive" trans="begin" translit=""/><ana lex="เริ่ม" pos="verb,transitive" trans="start" translit=""/><ana lex="เริ่ม" pos="PHRV" trans="get off1" translit=""/><ana lex="เริ่ม" pos="PHRV" trans="start in" translit=""/></w><w>เติม<ana lex="เติม" pos="verb" trans="add" translit=""/><ana lex="เติม" pos="verb,transitive" trans="fill" translit=""/><ana lex="เติม" pos="verb,transitive" trans="line" translit=""/><ana lex="เติม" pos="verb,transitive" trans="replenish" translit=""/><ana lex="เติม" pos="verb,transitive" trans="brim" translit=""/></w><w>แต่ง<ana lex="แต่ง" pos="verb" trans="decorate" translit=""/><ana lex="แต่ง" pos="verb" trans="prepare" translit=""/><ana lex="แต่ง" pos="verb" trans="compose" translit=""/><ana lex="แต่ง" pos="verb" trans="name" translit=""/></w><w>แห่ง<ana lex="แห่ง" pos="noun" trans="place" translit=""/><ana lex="แห่ง" pos="preposition" trans="of" translit=""/><ana lex="แห่ง" pos="noun" trans="place" translit=""/></w><w>ชีพ<ana lex="ชีพ" pos="noun" trans="living" translit=""/><ana lex="ชีพ" pos="" trans="[alternate pronunciation of ชีพ ]" translit="cheepF phaH"/><ana lex="ชีพ" pos="noun" trans="life" translit=""/></w><w>ชั้น<ana lex="ชั้น" pos="classifier" trans="layer" translit=""/><ana lex="ชั้น" pos="noun" trans="class" translit=""/><ana lex="ชั้น" pos="noun" trans="grade" translit=""/><ana lex="ชั้น" pos="noun" trans="shelf" translit=""/><ana lex="ชั้น" pos="noun" trans="deck" translit=""/><ana lex="ชั้น" pos="noun" trans="layer" translit=""/><ana lex="ชั้น" pos="noun" trans="floor" translit=""/><ana lex="ชั้น" pos="noun" trans="closet" translit=""/><ana lex="ชั้น" pos="noun" trans="stratum" translit=""/><ana lex="ชั้น" pos="noun" trans="rack" translit=""/></w></se><se><w>ให้<ana lex="ให้" pos="verb,transitive" trans="afford" translit=""/><ana lex="ให้" pos="verb" trans="give" translit=""/><ana lex="ให้" pos="verb,transitive" trans="give" translit=""/><ana lex="ให้" pos="verb,transitive" trans="dispense" translit=""/><ana lex="ให้" pos="verb,transitive" trans="bestow" translit=""/><ana lex="ให้" pos="verb" trans="give" translit=""/><ana lex="ให้" pos="verb,transitive" trans="accord" translit=""/><ana lex="ให้" pos="auxiliary verb" trans="to" translit=""/><ana lex="ให้" pos="verb" trans="permit" translit=""/></w><w>มุ่งมั่น<ana lex="มุ่งมั่น" pos="verb" trans="be engrossed in" translit=""/><ana lex="มุ่งมั่น" pos="adjective" trans="single-minded" translit=""/><ana lex="มุ่งมั่น" pos="PHRV" trans="put to2" translit=""/><ana lex="มุ่งมั่น" pos="adjective" trans="[is] engrossed (in); [has] immersed oneself (in); [is] absorbed (in); concentrating (on); working hard (on)" translit="moongF manF"/><ana lex="มุ่งมั่น" pos="adjective" trans="robust" translit=""/></w><w>ตาม<ana lex="ตาม" pos="verb,intransitive" trans="trail" translit=""/><ana lex="ตาม" pos="verb" trans="invite" translit=""/><ana lex="ตาม" pos="verb" trans="pursue" translit=""/><ana lex="ตาม" pos="preposition" trans="along" translit=""/><ana lex="ตาม" pos="verb" trans="follow" translit=""/><ana lex="ตาม" pos="verb,transitive" trans="follow" translit=""/><ana lex="ตาม" pos="preposition" trans="in accordance with" translit=""/><ana lex="ตาม" pos="adverb" trans="fatefully" translit=""/><ana lex="ตาม" pos="adverb" trans="follow" translit=""/></w><w>บท<ana lex="บท" pos="noun" trans="chapter" translit=""/><ana lex="บท" pos="classifier" trans="chapter" translit=""/></w><w>กำหนด<ana lex="กำหนด" pos="verb,transitive" trans="enjoin" translit=""/><ana lex="กำหนด" pos="verb" trans="specify" translit=""/><ana lex="กำหนด" pos="verb,transitive" trans="specify" translit=""/><ana lex="กำหนด" pos="verb,transitive" trans="impose" translit=""/><ana lex="กำหนด" pos="verb" trans="decide" translit=""/><ana lex="กำหนด" pos="verb,transitive" trans="influence" translit=""/><ana lex="กำหนด" pos="noun" trans="specification" translit=""/><ana lex="กำหนด" pos="PHRV" trans="lock in1" translit=""/><ana lex="กำหนด" pos="verb,transitive" trans="formulate" translit=""/><ana lex="กำหนด" pos="verb,transitive" trans="determine" translit=""/><ana lex="กำหนด" pos="verb,transitive" trans="assign" translit=""/><ana lex="กำหนด" pos="verb,transitive" trans="doom" translit=""/><ana lex="กำหนด" pos="verb,transitive" trans="define" translit=""/></w><w>มา<ana lex="มา" pos="PHRV" trans="get in1" translit=""/><ana lex="มา" pos="adverb" trans="coming (toward the present; or toward the focal time)" translit=""/><ana lex="มา" pos="verb,intransitive" trans="come" translit=""/><ana lex="มา" pos="verb" trans="arrive" translit=""/></w></se><se><w>จาก<ana lex="จาก" pos="preposition" trans="von" translit=""/><ana lex="จาก" pos="PRF" trans="dis-" translit=""/><ana lex="จาก" pos="verb" trans="depart" translit=""/><ana lex="จาก" pos="preposition" trans="at" translit=""/><ana lex="จาก" pos="PRF" trans="a-" translit=""/><ana lex="จาก" pos="preposition" trans="from" translit=""/><ana lex="จาก" pos="preposition" trans="from" translit=""/><ana lex="จาก" pos="PRF" trans="ab-" translit=""/><ana lex="จาก" pos="noun" trans="a kind of Thai dessert" translit=""/><ana lex="จาก" pos="noun" trans="nipa palm" translit=""/></w><w>วัย</w><w>เยาว์<ana lex="เยาว์" pos="" trans="[alternate spelling of เยาว ]" translit="yaoM"/></w><w>เข้า<ana lex="เข้า" pos="verb" trans="get along with" translit=""/><ana lex="เข้า" pos="verb,transitive" trans="access" translit=""/><ana lex="เข้า" pos="verb" trans="put in" translit=""/><ana lex="เข้า" pos="verb,transitive" trans="enter" translit=""/><ana lex="เข้า" pos="verb,intransitive" trans="enter" translit=""/><ana lex="เข้า" pos="verb" trans="enter" translit=""/><ana lex="เข้า" pos="verb" trans="reach" translit=""/></w><w>วัย</w><w>ผู้ใหญ่<ana lex="ผู้ใหญ่" pos="noun" trans="adult" translit=""/><ana lex="ผู้ใหญ่" pos="" trans="leader; chief; commander; superior; principal; ruler; head" translit="phuuF yaiL"/><ana lex="ผู้ใหญ่" pos="noun" trans="leader" translit=""/><ana lex="ผู้ใหญ่" pos="noun" trans="elder" translit=""/></w><w>ยิ่ง<ana lex="ยิ่ง" pos="adverb" trans="more" translit=""/><ana lex="ยิ่ง" pos="adverb" trans="extremely" translit=""/><ana lex="ยิ่ง" pos="auxiliary verb" trans="much" translit=""/><ana lex="ยิ่ง" pos="adverb" trans="the more" translit=""/></w></se><se><w>หลาย<ana lex="หลาย" pos="adjective" trans="several" translit=""/><ana lex="หลาย" pos="adverb" trans="much" translit=""/></w><w>หลาย<ana lex="หลาย" pos="adjective" trans="several" translit=""/><ana lex="หลาย" pos="adverb" trans="much" translit=""/></w><w>สิ่ง<ana lex="สิ่ง" pos="noun" trans="thing" translit=""/><ana lex="สิ่ง" pos="noun" trans="thing" translit=""/></w><w>มอม<ana lex="มอม" pos="noun" trans="a fictional creature typically resembling the form of a lion" translit="maawmM"/><ana lex="มอม" pos="adjective" trans="[is] shabby" translit="maawmM"/><ana lex="มอม" pos="verb" trans="to soil; get something dirty; blacken" translit="maawmM"/><ana lex="มอม" pos="verb" trans="soil" translit=""/><ana lex="มอม" pos="" trans="to get someone drunk" translit="maawmM"/><ana lex="มอม" pos="verb" trans="make someone drunken" translit=""/><ana lex="มอม" pos="adjective" trans="shabby" translit=""/></w><w>ใจ<ana lex="ใจ" pos="noun" trans="heart" translit=""/><ana lex="ใจ" pos="noun" trans="mind" translit=""/></w><w>ให้<ana lex="ให้" pos="verb,transitive" trans="afford" translit=""/><ana lex="ให้" pos="verb" trans="give" translit=""/><ana lex="ให้" pos="verb,transitive" trans="give" translit=""/><ana lex="ให้" pos="verb,transitive" trans="dispense" translit=""/><ana lex="ให้" pos="verb,transitive" trans="bestow" translit=""/><ana lex="ให้" pos="verb" trans="give" translit=""/><ana lex="ให้" pos="verb,transitive" trans="accord" translit=""/><ana lex="ให้" pos="auxiliary verb" trans="to" translit=""/><ana lex="ให้" pos="verb" trans="permit" translit=""/></w><w>โหย<ana lex="โหย" pos="adjective" trans="[is] fatigued; exhausted" translit="hooyR"/><ana lex="โหย" pos="adjective" trans="[is] eerie" translit="hooyR"/><ana lex="โหย" pos="verb,intransitive" trans="to groan or moan for; to lament" translit="hooyR"/><ana lex="โหย" pos="verb" trans="moan" translit=""/><ana lex="โหย" pos="verb" trans="desire (food)" translit=""/><ana lex="โหย" pos="verb" trans="be fatigued" translit=""/></w><w>หา<ana lex="หา" pos="verb" trans="grope" translit=""/><ana lex="หา" pos="verb" trans="accuse" translit=""/><ana lex="หา" pos="verb" trans="see" translit=""/><ana lex="หา" pos="verb,transitive" trans="find" translit=""/><ana lex="หา" pos="verb" trans="search for" translit=""/></w></se><se><w>ทั้ง<ana lex="ทั้ง" pos="DET" trans="both" translit=""/><ana lex="ทั้ง" pos="PRON" trans="whole" translit=""/></w><w>ลาภ<ana lex="ลาภ" pos="noun" trans="luck" translit=""/></w><w>ยศ<ana lex="ยศ" pos="noun" trans="rank" translit=""/><ana lex="ยศ" pos="" trans="[alternate pronunciation of ยศ ]" translit="yohtH saL"/><ana lex="ยศ" pos="noun" trans="rank" translit=""/></w><w>สินทรัพย์<ana lex="สินทรัพย์" pos="noun" trans="asset" translit=""/><ana lex="สินทรัพย์" pos="noun" trans="asset" translit=""/></w><w>นับ<ana lex="นับ" pos="verb,transitive" trans="count" translit=""/><ana lex="นับ" pos="verb" trans="count" translit=""/><ana lex="นับ" pos="verb" trans="count as" translit=""/><ana lex="นับ" pos="PHRV" trans="count off" translit=""/><ana lex="นับ" pos="verb" trans="regard" translit=""/><ana lex="นับ" pos="PHRV" trans="tell off" translit=""/><ana lex="นับ" pos="verb,transitive" trans="tally" translit=""/><ana lex="นับ" pos="verb,transitive" trans="reckon" translit=""/><ana lex="นับ" pos="verb,intransitive" trans="count" translit=""/></w><w>เงินตรา<ana lex="เงินตรา" pos="noun" trans="money" translit=""/><ana lex="เงินตรา" pos="noun" trans="currency" translit=""/></w></se><se><w>เข้า<ana lex="เข้า" pos="verb" trans="get along with" translit=""/><ana lex="เข้า" pos="verb,transitive" trans="access" translit=""/><ana lex="เข้า" pos="verb" trans="put in" translit=""/><ana lex="เข้า" pos="verb,transitive" trans="enter" translit=""/><ana lex="เข้า" pos="verb,intransitive" trans="enter" translit=""/><ana lex="เข้า" pos="verb" trans="enter" translit=""/><ana lex="เข้า" pos="verb" trans="reach" translit=""/></w><w>สู่<ana lex="สู่" pos="verb" trans="to get to; to arrive at; to reach" translit="suuL"/><ana lex="สู่" pos="adverb" trans="together" translit="suuL"/><ana lex="สู่" pos="preposition" trans="by; to; toward; for; towards" translit="suuL"/><ana lex="สู่" pos="PRF" trans="ana-" translit=""/><ana lex="สู่" pos="verb" trans="share" translit=""/><ana lex="สู่" pos="preposition" trans="to" translit=""/><ana lex="สู่" pos="preposition" trans="unto" translit=""/><ana lex="สู่" pos="verb" trans="visit" translit=""/></w><w>วัย</w><w>ชรา<ana lex="ชรา" pos="verb" trans="old" translit=""/></w><w>ไม่<ana lex="ไม่" pos="adverb" trans="not" translit=""/><ana lex="ไม่" pos="PRF" trans="an-" translit=""/><ana lex="ไม่" pos="PRF" trans="un-" translit=""/><ana lex="ไม่" pos="PRF" trans="un-" translit=""/><ana lex="ไม่" pos="adjective" trans="nary" translit=""/><ana lex="ไม่" pos="NEG" trans="not" translit=""/><ana lex="ไม่" pos="PRF" trans="in-" translit=""/><ana lex="ไม่" pos="adverb" trans="no" translit=""/><ana lex="ไม่" pos="PRF" trans="non-" translit=""/><ana lex="ไม่" pos="PRF" trans="non-" translit=""/><ana lex="ไม่" pos="PRF" trans="in-" translit=""/><ana lex="ไม่" pos="SL" trans="no soup" translit=""/><ana lex="ไม่" pos="SL" trans="no sale" translit=""/><ana lex="ไม่" pos="SL" trans="nope" translit=""/><ana lex="ไม่" pos="SL" trans="No way!" translit=""/><ana lex="ไม่" pos="NEG" trans="not" translit=""/><ana lex="ไม่" pos="SL" trans="Nuts!" translit=""/></w><w>ดู<ana lex="ดู" pos="auxiliary verb" trans="try" translit=""/><ana lex="ดู" pos="verb,transitive" trans="catch" translit=""/><ana lex="ดู" pos="verb,intransitive" trans="look" translit=""/><ana lex="ดู" pos="verb,transitive" trans="look" translit=""/><ana lex="ดู" pos="verb,transitive" trans="see" translit=""/><ana lex="ดู" pos="verb,intransitive" trans="see" translit=""/><ana lex="ดู" pos="verb" trans="see" translit=""/><ana lex="ดู" pos="verb" trans="watch" translit=""/><ana lex="ดู" pos="verb,transitive" trans="watch" translit=""/><ana lex="ดู" pos="verb,intransitive" trans="watch" translit=""/></w><w>ตน<ana lex="ตน" pos="noun" trans="oneself" translit=""/><ana lex="ตน" pos="classifier" trans="numerical designation for giants" translit=""/></w></se><se><w>ลืม<ana lex="ลืม" pos="verb,transitive" trans="forget" translit=""/><ana lex="ลืม" pos="PHRV" trans="get off2" translit=""/><ana lex="ลืม" pos="verb,intransitive" trans="forget" translit=""/><ana lex="ลืม" pos="verb" trans="forget" translit=""/><ana lex="ลืม" pos="verb,intransitive" trans="unlearn" translit=""/><ana lex="ลืม" pos="idiom" trans="go out of someone's mind" translit=""/></w><w>ความ<ana lex="ความ" pos="noun" trans="case" translit=""/><ana lex="ความ" pos="noun" trans="content" translit=""/></w><w>จริง<ana lex="จริง" pos="adverb" trans="really" translit=""/><ana lex="จริง" pos="adjective" trans="veritable" translit=""/><ana lex="จริง" pos="adjective" trans="real" translit=""/></w><w>สิ่ง<ana lex="สิ่ง" pos="noun" trans="thing" translit=""/><ana lex="สิ่ง" pos="noun" trans="thing" translit=""/></w><w>รอบ<ana lex="รอบ" pos="PRF" trans="circum-" translit=""/><ana lex="รอบ" pos="PRF" trans="peri-" translit=""/><ana lex="รอบ" pos="classifier" trans="cycle" translit=""/><ana lex="รอบ" pos="preposition" trans="about" translit=""/><ana lex="รอบ" pos="preposition" trans="around" translit=""/></w><w>ข้าง<ana lex="ข้าง" pos="PRF" trans="par-" translit=""/><ana lex="ข้าง" pos="PRF" trans="para-" translit=""/><ana lex="ข้าง" pos="PRF" trans="para-" translit=""/><ana lex="ข้าง" pos="noun" trans="side" translit=""/><ana lex="ข้าง" pos="preposition" trans="next to" translit=""/><ana lex="ข้าง" pos="noun" trans="side" translit=""/><ana lex="ข้าง" pos="noun" trans="side" translit=""/><ana lex="ข้าง" pos="PRF" trans="par-" translit=""/><ana lex="ข้าง" pos="noun" trans="side" translit=""/></w><w>อย่าง<ana lex="อย่าง" pos="noun" trans="method" translit=""/><ana lex="อย่าง" pos="adverb" trans="severely" translit=""/><ana lex="อย่าง" pos="noun" trans="type" translit=""/></w><w>มืดมัว<ana lex="มืดมัว" pos="adjective" trans="gloomy" translit=""/><ana lex="มืดมัว" pos="adjective" trans="surly" translit=""/><ana lex="มืดมัว" pos="verb,intransitive" trans="overcloud" translit=""/><ana lex="มืดมัว" pos="verb" trans="dim" translit=""/><ana lex="มืดมัว" pos="PHRV" trans="cloud up" translit=""/></w></se><se><w>ความ<ana lex="ความ" pos="noun" trans="case" translit=""/><ana lex="ความ" pos="noun" trans="content" translit=""/></w><w>พลัดพราก<ana lex="พลัดพราก" pos="adjective" trans="[is] separated from; parted from; estranged from" translit="phlatH phraakF"/><ana lex="พลัดพราก" pos="verb" trans="be separated from" translit=""/></w><w>มี<ana lex="มี" pos="verb" trans="consist of" translit=""/><ana lex="มี" pos="verb" trans="there is/are" translit=""/><ana lex="มี" pos="verb" trans="have" translit=""/><ana lex="มี" pos="verb,transitive" trans="contain" translit=""/><ana lex="มี" pos="verb,transitive" trans="has" translit=""/><ana lex="มี" pos="verb,transitive" trans="have" translit=""/><ana lex="มี" pos="adjective" trans="rich" translit=""/></w><w>ทั่วไป<ana lex="ทั่วไป" pos="adjective" trans="general" translit=""/><ana lex="ทั่วไป" pos="adverb" trans="in general" translit=""/><ana lex="ทั่วไป" pos="adjective" trans="run-of-the-mine" translit=""/><ana lex="ทั่วไป" pos="adjective" trans="general" translit=""/></w><w>ทุก<ana lex="ทุก" pos="DET" trans="every" translit=""/></w><w>หน<ana lex="หน" pos="noun" trans="time" translit=""/><ana lex="หน" pos="noun" trans="where" translit=""/><ana lex="หน" pos="classifier" trans="time" translit=""/></w></se><se><w>ความ<ana lex="ความ" pos="noun" trans="case" translit=""/><ana lex="ความ" pos="noun" trans="content" translit=""/></w><w>เปลี่ยนแปลง<ana lex="เปลี่ยนแปลง" pos="verb,intransitive" trans="transform" translit=""/><ana lex="เปลี่ยนแปลง" pos="verb" trans="change" translit=""/><ana lex="เปลี่ยนแปลง" pos="verb" trans="change to" translit=""/><ana lex="เปลี่ยนแปลง" pos="verb,intransitive" trans="mutate" translit=""/><ana lex="เปลี่ยนแปลง" pos="verb,transitive" trans="modify" translit=""/><ana lex="เปลี่ยนแปลง" pos="verb,transitive" trans="vary" translit=""/><ana lex="เปลี่ยนแปลง" pos="verb,transitive" trans="mutate" translit=""/><ana lex="เปลี่ยนแปลง" pos="adjective" trans="unstable" translit=""/><ana lex="เปลี่ยนแปลง" pos="verb,intransitive" trans="modify" translit=""/></w><w>ก็<ana lex="ก็" pos="adverb" trans="also" translit=""/><ana lex="ก็" pos="conjunction" trans="as a result" translit=""/></w><w>แจ้ง<ana lex="แจ้ง" pos="verb,transitive" trans="advise" translit=""/><ana lex="แจ้ง" pos="verb" trans="understand" translit=""/><ana lex="แจ้ง" pos="verb,transitive" trans="post" translit=""/><ana lex="แจ้ง" pos="verb" trans="inform" translit=""/></w><w>ทุก<ana lex="ทุก" pos="DET" trans="every" translit=""/></w><w>ตัว<ana lex="ตัว" pos="classifier" trans="numerative noun for animals and things" translit=""/><ana lex="ตัว" pos="classifier" trans="numerative noun for animals and things" translit=""/><ana lex="ตัว" pos="PRON" trans="you" translit=""/><ana lex="ตัว" pos="noun" trans="body" translit=""/><ana lex="ตัว" pos="PRON" trans="you" translit=""/></w><w>คน<ana lex="คน" pos="noun" trans="bloke" translit=""/><ana lex="คน" pos="verb,transitive" trans="mill" translit=""/><ana lex="คน" pos="PRF" trans="anthropo-" translit=""/><ana lex="คน" pos="noun" trans="human" translit=""/><ana lex="คน" pos="noun" trans="people" translit=""/><ana lex="คน" pos="noun" trans="being" translit=""/><ana lex="คน" pos="PHRV" trans="stir about" translit=""/><ana lex="คน" pos="PHRV" trans="stir around" translit=""/><ana lex="คน" pos="SL" trans="bod" translit=""/><ana lex="คน" pos="classifier" trans="person" translit=""/><ana lex="คน" pos="verb" trans="stir" translit=""/></w></se><se><w>ไม่<ana lex="ไม่" pos="adverb" trans="not" translit=""/><ana lex="ไม่" pos="PRF" trans="an-" translit=""/><ana lex="ไม่" pos="PRF" trans="un-" translit=""/><ana lex="ไม่" pos="PRF" trans="un-" translit=""/><ana lex="ไม่" pos="adjective" trans="nary" translit=""/><ana lex="ไม่" pos="NEG" trans="not" translit=""/><ana lex="ไม่" pos="PRF" trans="in-" translit=""/><ana lex="ไม่" pos="adverb" trans="no" translit=""/><ana lex="ไม่" pos="PRF" trans="non-" translit=""/><ana lex="ไม่" pos="PRF" trans="non-" translit=""/><ana lex="ไม่" pos="PRF" trans="in-" translit=""/><ana lex="ไม่" pos="SL" trans="no soup" translit=""/><ana lex="ไม่" pos="SL" trans="no sale" translit=""/><ana lex="ไม่" pos="SL" trans="nope" translit=""/><ana lex="ไม่" pos="SL" trans="No way!" translit=""/><ana lex="ไม่" pos="NEG" trans="not" translit=""/><ana lex="ไม่" pos="SL" trans="Nuts!" translit=""/></w><w>มี<ana lex="มี" pos="verb" trans="consist of" translit=""/><ana lex="มี" pos="verb" trans="there is/are" translit=""/><ana lex="มี" pos="verb" trans="have" translit=""/><ana lex="มี" pos="verb,transitive" trans="contain" translit=""/><ana lex="มี" pos="verb,transitive" trans="has" translit=""/><ana lex="มี" pos="verb,transitive" trans="have" translit=""/><ana lex="มี" pos="adjective" trans="rich" translit=""/></w><w>ใด<ana lex="ใด" pos="DET" trans="any" translit=""/><ana lex="ใด" pos="DET" trans="which" translit=""/></w><w>คงทน<ana lex="คงทน" pos="" trans="[is] durable; permanent, lasting" translit="khohngM thohnM"/><ana lex="คงทน" pos="verb" trans="be durable" translit=""/><ana lex="คงทน" pos="noun" trans="[ความคงทน] durability" translit="khohngM thohnM"/></w><w>นิ</w><w>รัน<ana lex="รัน" pos="verb" trans="[euphonious suffix]" translit="ranM"/></w><w>กาล<ana lex="กาล" pos="noun,poetic,loanword,Pali" trans="epoch; time; era" translit="gaanM"/><ana lex="กาล" pos="noun" trans="time" translit=""/><ana lex="กาล" pos="noun" trans="death; doom" translit="gaanM"/><ana lex="กาล" pos="noun" trans="[สีกาล] the color dark blue    " translit="gaanM"/><ana lex="กาล" pos="noun" trans="black cobra" translit="gaanM"/><ana lex="กาล" pos="noun" trans="tense" translit=""/><ana lex="กาล" pos="" trans="[alternate pronunciation of กาล]" translit="gaaM laH"/><ana lex="กาล" pos="proper noun" trans="the god Siva" translit="gaanM"/><ana lex="กาล" pos="noun,loanword,Pali" trans="[grammar] tense" translit="gaanM"/></w></se><se><w>ใบไม้<ana lex="ใบไม้" pos="noun" trans="leaf" translit=""/><ana lex="ใบไม้" pos="noun" trans="gourami" translit=""/><ana lex="ใบไม้" pos="noun" trans="leaf" translit=""/><ana lex="ใบไม้" pos="noun" trans="foliage" translit=""/></w><w>ร่วง<ana lex="ร่วง" pos="PHRV" trans="rot off" translit=""/><ana lex="ร่วง" pos="verb,intransitive" trans="fall" translit=""/><ana lex="ร่วง" pos="verb" trans="drop" translit=""/></w><w>ควง<ana lex="ควง" pos="verb" trans="swing" translit=""/><ana lex="ควง" pos="verb" trans="walk arm in arm" translit=""/></w><w>ลิ่ว<ana lex="ลิ่ว" pos="adjective" trans="towering; soaring; extremely" translit="liuF"/><ana lex="ลิ่ว" pos="adverb" trans="swiftly; with a rush" translit="liuF"/><ana lex="ลิ่ว" pos="verb,intransitive" trans="to fly; to soar; to rise up high in the air; to streak; to rush" translit="liuF"/></w><w>ปลิว<ana lex="ปลิว" pos="verb" trans="be blown away" translit=""/></w><w>จาก<ana lex="จาก" pos="preposition" trans="von" translit=""/><ana lex="จาก" pos="PRF" trans="dis-" translit=""/><ana lex="จาก" pos="verb" trans="depart" translit=""/><ana lex="จาก" pos="preposition" trans="at" translit=""/><ana lex="จาก" pos="PRF" trans="a-" translit=""/><ana lex="จาก" pos="preposition" trans="from" translit=""/><ana lex="จาก" pos="preposition" trans="from" translit=""/><ana lex="จาก" pos="PRF" trans="ab-" translit=""/><ana lex="จาก" pos="noun" trans="a kind of Thai dessert" translit=""/><ana lex="จาก" pos="noun" trans="nipa palm" translit=""/></w><w>ต้น<ana lex="ต้น" pos="noun" trans="beginning" translit=""/><ana lex="ต้น" pos="noun" trans="name of Thai song" translit=""/><ana lex="ต้น" pos="adjective" trans="royal" translit=""/><ana lex="ต้น" pos="noun" trans="the initial word for calling monk" translit=""/><ana lex="ต้น" pos="noun" trans="upper" translit=""/><ana lex="ต้น" pos="noun" trans="stem" translit=""/><ana lex="ต้น" pos="noun" trans="head" translit=""/><ana lex="ต้น" pos="classifier" trans="numerical designatory particle for trees" translit=""/><ana lex="ต้น" pos="noun" trans="origin" translit=""/></w></se><se><w>ใบ<ana lex="ใบ" pos="classifier" trans="numerative noun for tree leaves, fruit, container, document, etc." translit=""/><ana lex="ใบ" pos="noun" trans="leaf" translit=""/></w><w>อ่อน<ana lex="อ่อน" pos="adjective" trans="immature" translit=""/><ana lex="อ่อน" pos="verb" trans="deform" translit=""/><ana lex="อ่อน" pos="verb" trans="be young" translit=""/><ana lex="อ่อน" pos="verb,intransitive" trans="milden" translit=""/><ana lex="อ่อน" pos="adjective" trans="limp" translit=""/></w><w>ปน<ana lex="ปน" pos="verb" trans="mix" translit=""/></w><w>หล่น<ana lex="หล่น" pos="PHRV" trans="go over1" translit=""/><ana lex="หล่น" pos="verb" trans="fall" translit=""/><ana lex="หล่น" pos="PHRV" trans="drop out" translit=""/></w><w>ไป<ana lex="ไป" pos="PRF" trans="ad-" translit=""/><ana lex="ไป" pos="verb" trans="go" translit=""/><ana lex="ไป" pos="SL" trans="chip" translit=""/><ana lex="ไป" pos="SL" trans="gone for a Burton" translit=""/><ana lex="ไป" pos="verb,intransitive" trans="go" translit=""/></w><w>ใน<ana lex="ใน" pos="preposition" trans="in" translit=""/><ana lex="ใน" pos="adjective" trans="in" translit=""/><ana lex="ใน" pos="PRF" trans="em-" translit=""/><ana lex="ใน" pos="PRF" trans="en-" translit=""/><ana lex="ใน" pos="PRF" trans="en-" translit=""/><ana lex="ใน" pos="PRF" trans="il-" translit=""/><ana lex="ใน" pos="preposition" trans="of" translit=""/><ana lex="ใน" pos="PRF" trans="in-" translit=""/><ana lex="ใน" pos="PRF" trans="im-" translit=""/><ana lex="ใน" pos="adverb" trans="in" translit=""/><ana lex="ใน" pos="preposition" trans="in" translit=""/></w><w>ลาน<ana lex="ลาน" pos="noun" trans="field" translit=""/><ana lex="ลาน" pos="noun" trans="Corypha lecontei" translit=""/><ana lex="ลาน" pos="noun" trans="open space" translit=""/><ana lex="ลาน" pos="verb" trans="be dazzled" translit=""/><ana lex="ลาน" pos="noun" trans="spring" translit=""/></w><w>บ้าน<ana lex="บ้าน" pos="SL" trans="drum" translit=""/><ana lex="บ้าน" pos="noun" trans="home" translit=""/><ana lex="บ้าน" pos="SL" trans="yam" translit=""/><ana lex="บ้าน" pos="noun" trans="house" translit=""/><ana lex="บ้าน" pos="noun" trans="home" translit=""/><ana lex="บ้าน" pos="SL" trans="gaff" translit=""/><ana lex="บ้าน" pos="noun" trans="dwelling" translit=""/><ana lex="บ้าน" pos="noun" trans="abode" translit=""/></w></se><se><w>หา<ana lex="หา" pos="verb" trans="grope" translit=""/><ana lex="หา" pos="verb" trans="accuse" translit=""/><ana lex="หา" pos="verb" trans="see" translit=""/><ana lex="หา" pos="verb,transitive" trans="find" translit=""/><ana lex="หา" pos="verb" trans="search for" translit=""/></w><w>ใช่<ana lex="ใช่" pos="adverb" trans="yes" translit=""/></w><w>เพียง</w><w>ใบ<ana lex="ใบ" pos="classifier" trans="numerative noun for tree leaves, fruit, container, document, etc." translit=""/><ana lex="ใบ" pos="noun" trans="leaf" translit=""/></w><w>แก่<ana lex="แก่" pos="adjective" trans="old" translit=""/><ana lex="แก่" pos="idiom" trans="up in years" translit=""/><ana lex="แก่" pos="adjective" trans="ole" translit=""/><ana lex="แก่" pos="adjective" trans="oldish" translit=""/><ana lex="แก่" pos="adjective" trans="dark" translit=""/><ana lex="แก่" pos="preposition" trans="to" translit=""/><ana lex="แก่" pos="idiom" trans="advanced in years" translit=""/><ana lex="แก่" pos="verb" trans="be old" translit=""/><ana lex="แก่" pos="idiom" trans="on in years" translit=""/><ana lex="แก่" pos="adjective" trans="senile" translit=""/></w><w>ที่<ana lex="ที่" pos="PRON" trans="that" translit=""/><ana lex="ที่" pos="preposition" trans="at" translit=""/><ana lex="ที่" pos="noun" trans="word for utensil" translit=""/><ana lex="ที่" pos="preposition" trans="at" translit=""/><ana lex="ที่" pos="noun" trans="place" translit=""/><ana lex="ที่" pos="classifier" trans="qualifiers for places" translit=""/><ana lex="ที่" pos="noun" trans="ordinal number" translit=""/><ana lex="ที่" pos="preposition" trans="to" translit=""/><ana lex="ที่" pos="noun" trans="land" translit=""/></w><w>ร้าวราน<ana lex="ร้าวราน" pos="adjective" trans="to regret; grieve; lament; feel sad" translit="raaoH raanM"/><ana lex="ร้าวราน" pos="adjective" trans="be in pain" translit=""/><ana lex="ร้าวราน" pos="verb" trans="be disunited" translit=""/><ana lex="ร้าวราน" pos="adjective" trans="[is] disunited; an enemy with" translit="raaoH raanM"/><ana lex="ร้าวราน" pos="verb" trans="regret" translit=""/></w></se><se><w>ปลิด<ana lex="ปลิด" pos="verb" trans="pick off" translit=""/></w><w>ปลิว<ana lex="ปลิว" pos="verb" trans="be blown away" translit=""/></w><w>ใบ<ana lex="ใบ" pos="classifier" trans="numerative noun for tree leaves, fruit, container, document, etc." translit=""/><ana lex="ใบ" pos="noun" trans="leaf" translit=""/></w><w>จาก<ana lex="จาก" pos="preposition" trans="von" translit=""/><ana lex="จาก" pos="PRF" trans="dis-" translit=""/><ana lex="จาก" pos="verb" trans="depart" translit=""/><ana lex="จาก" pos="preposition" trans="at" translit=""/><ana lex="จาก" pos="PRF" trans="a-" translit=""/><ana lex="จาก" pos="preposition" trans="from" translit=""/><ana lex="จาก" pos="preposition" trans="from" translit=""/><ana lex="จาก" pos="PRF" trans="ab-" translit=""/><ana lex="จาก" pos="noun" trans="a kind of Thai dessert" translit=""/><ana lex="จาก" pos="noun" trans="nipa palm" translit=""/></w><w>ก้าน<ana lex="ก้าน" pos="classifier" trans="piece" translit=""/><ana lex="ก้าน" pos="noun" trans="stem" translit=""/><ana lex="ก้าน" pos="noun" trans="pedicle" translit=""/></w><w>ได้<ana lex="ได้" pos="PHRV" trans="get out of" translit=""/><ana lex="ได้" pos="auxiliary verb" trans="be able to" translit=""/><ana lex="ได้" pos="verb" trans="get" translit=""/><ana lex="ได้" pos="" trans="[alternate pronunciation of ได้ ]" translit="daaiF"/><ana lex="ได้" pos="auxiliary verb" trans="used as an auxiliary verb before a principal verb to indicate the past tense" translit=""/><ana lex="ได้" pos="verb,transitive" trans="get" translit=""/><ana lex="ได้" pos="adverb" trans="can" translit=""/></w><w>อย่าง<ana lex="อย่าง" pos="noun" trans="method" translit=""/><ana lex="อย่าง" pos="adverb" trans="severely" translit=""/><ana lex="อย่าง" pos="noun" trans="type" translit=""/></w><w>เดียว<ana lex="เดียว" pos="adjective" trans="only" translit=""/></w></se><se><w>ตะวัน<ana lex="ตะวัน" pos="noun" trans="sun" translit=""/></w><w>ขึ้น<ana lex="ขึ้น" pos="adjective" trans="ascending" translit=""/><ana lex="ขึ้น" pos="verb,intransitive" trans="ascend" translit=""/><ana lex="ขึ้น" pos="verb" trans="come into being" translit=""/><ana lex="ขึ้น" pos="verb" trans="be lucky" translit=""/><ana lex="ขึ้น" pos="adverb" trans="increasingly" translit=""/><ana lex="ขึ้น" pos="adverb" trans="be tenable" translit=""/><ana lex="ขึ้น" pos="verb" trans="develop" translit=""/><ana lex="ขึ้น" pos="adjective" trans="ascendant" translit=""/><ana lex="ขึ้น" pos="adverb" trans="more" translit=""/><ana lex="ขึ้น" pos="verb" trans="depend on" translit=""/><ana lex="ขึ้น" pos="verb" trans="be in luck" translit=""/><ana lex="ขึ้น" pos="verb" trans="grow" translit=""/><ana lex="ขึ้น" pos="verb" trans="get on" translit=""/><ana lex="ขึ้น" pos="verb" trans="go up" translit=""/><ana lex="ขึ้น" pos="verb" trans="increase" translit=""/></w><w>แล้ว<ana lex="แล้ว" pos="adverb" trans="already" translit=""/><ana lex="แล้ว" pos="adverb" trans="already" translit=""/><ana lex="แล้ว" pos="adverb" trans="by now" translit=""/><ana lex="แล้ว" pos="adverb" trans="already" translit=""/></w><w>ลับ<ana lex="ลับ" pos="verb,transitive" trans="grind" translit=""/><ana lex="ลับ" pos="verb" trans="fade" translit=""/><ana lex="ลับ" pos="adjective" trans="underground" translit=""/><ana lex="ลับ" pos="adjective" trans="secret" translit=""/><ana lex="ลับ" pos="verb" trans="sharpen" translit=""/></w><w>กลับ<ana lex="กลับ" pos="PRF" trans="un-" translit=""/><ana lex="กลับ" pos="verb" trans="become to" translit=""/><ana lex="กลับ" pos="verb" trans="reverse" translit=""/><ana lex="กลับ" pos="PHRV" trans="be back" translit=""/><ana lex="กลับ" pos="verb" trans="return" translit=""/></w><w>ถิ่น<ana lex="ถิ่น" pos="noun" trans="area" translit=""/></w><w>ที่<ana lex="ที่" pos="PRON" trans="that" translit=""/><ana lex="ที่" pos="preposition" trans="at" translit=""/><ana lex="ที่" pos="noun" trans="word for utensil" translit=""/><ana lex="ที่" pos="preposition" trans="at" translit=""/><ana lex="ที่" pos="noun" trans="place" translit=""/><ana lex="ที่" pos="classifier" trans="qualifiers for places" translit=""/><ana lex="ที่" pos="noun" trans="ordinal number" translit=""/><ana lex="ที่" pos="preposition" trans="to" translit=""/><ana lex="ที่" pos="noun" trans="land" translit=""/></w></se><se><w>ครั้น<ana lex="ครั้น" pos="conjunction" trans="when" translit=""/></w><w>บางที<ana lex="บางที" pos="adverb" trans="perhaps" translit=""/><ana lex="บางที" pos="adverb" trans="belike" translit=""/><ana lex="บางที" pos="adverb" trans="sometimes" translit=""/><ana lex="บางที" pos="idiom" trans="(as) likely as not" translit=""/><ana lex="บางที" pos="adverb" trans="maybe" translit=""/><ana lex="บางที" pos="adverb" trans="perhaps" translit=""/></w><w>เมฆ<ana lex="เมฆ" pos="noun" trans="cloud" translit=""/><ana lex="เมฆ" pos="noun" trans="cloud" translit=""/></w><w>บัง<ana lex="บัง" pos="verb" trans="shade" translit=""/><ana lex="บัง" pos="verb,transitive" trans="mask" translit=""/><ana lex="บัง" pos="verb,transitive" trans="bury" translit=""/><ana lex="บัง" pos="verb" trans="conceal" translit=""/></w><w>รั้ง<ana lex="รั้ง" pos="verb" trans="to keep; occupy; to watch over; to take care of" translit="rangH"/><ana lex="รั้ง" pos="verb,transitive,intransitive" trans="to persuade (or urge) somebody to stay (on)" translit="rangH"/><ana lex="รั้ง" pos="verb,transitive,intransitive" trans="to stop; obstruct; prevent; hold back; restrain; to curb" translit="rangH"/><ana lex="รั้ง" pos="verb" trans="to haul; to pull; to draw" translit="rangH"/><ana lex="รั้ง" pos="" trans="to wait" translit="rangH"/><ana lex="รั้ง" pos="verb,transitive,intransitive" trans="control one's emotion; restrain oneself" translit="rangH"/></w><w>รอย<ana lex="รอย" pos="noun" trans="scratch" translit=""/><ana lex="รอย" pos="noun" trans="check" translit=""/><ana lex="รอย" pos="noun" trans="trail" translit=""/></w><w>เสี้ยว<ana lex="เสี้ยว" pos="noun" trans="part" translit=""/><ana lex="เสี้ยว" pos="noun" trans="a quarter" translit=""/></w></se><se><w>ให้<ana lex="ให้" pos="verb,transitive" trans="afford" translit=""/><ana lex="ให้" pos="verb" trans="give" translit=""/><ana lex="ให้" pos="verb,transitive" trans="give" translit=""/><ana lex="ให้" pos="verb,transitive" trans="dispense" translit=""/><ana lex="ให้" pos="verb,transitive" trans="bestow" translit=""/><ana lex="ให้" pos="verb" trans="give" translit=""/><ana lex="ให้" pos="verb,transitive" trans="accord" translit=""/><ana lex="ให้" pos="auxiliary verb" trans="to" translit=""/><ana lex="ให้" pos="verb" trans="permit" translit=""/></w><w>ลับ<ana lex="ลับ" pos="verb,transitive" trans="grind" translit=""/><ana lex="ลับ" pos="verb" trans="fade" translit=""/><ana lex="ลับ" pos="adjective" trans="underground" translit=""/><ana lex="ลับ" pos="adjective" trans="secret" translit=""/><ana lex="ลับ" pos="verb" trans="sharpen" translit=""/></w><w>หาย<ana lex="หาย" pos="verb" trans="be lost" translit=""/><ana lex="หาย" pos="verb" trans="recover" translit=""/></w><w>ก่อน<ana lex="ก่อน" pos="conjunction" trans="before" translit=""/><ana lex="ก่อน" pos="preposition" trans="before" translit=""/><ana lex="ก่อน" pos="adjective" trans="former" translit=""/><ana lex="ก่อน" pos="PRF" trans="fore-" translit=""/><ana lex="ก่อน" pos="preposition" trans="afore" translit=""/><ana lex="ก่อน" pos="PRF" trans="pro-" translit=""/><ana lex="ก่อน" pos="adjective" trans="in the past" translit=""/><ana lex="ก่อน" pos="adverb" trans="formerly" translit=""/><ana lex="ก่อน" pos="adverb" trans="anteriorly" translit=""/><ana lex="ก่อน" pos="PRF" trans="ante-" translit=""/><ana lex="ก่อน" pos="conjunction" trans="afore" translit=""/><ana lex="ก่อน" pos="adverb" trans="afore" translit=""/><ana lex="ก่อน" pos="PRF" trans="pro-" translit=""/><ana lex="ก่อน" pos="PRF" trans="pre-" translit=""/><ana lex="ก่อน" pos="PRF" trans="proto-" translit=""/><ana lex="ก่อน" pos="PRF" trans="prot-" translit=""/><ana lex="ก่อน" pos="adjective" trans="anterior" translit=""/><ana lex="ก่อน" pos="PRF" trans="ante-" translit=""/></w><w>เวลา<ana lex="เวลา" pos="PRF" trans="chrono-" translit=""/><ana lex="เวลา" pos="conjunction" trans="when" translit=""/><ana lex="เวลา" pos="noun" trans="chance" translit=""/><ana lex="เวลา" pos="noun" trans="time" translit=""/><ana lex="เวลา" pos="noun" trans="time" translit=""/><ana lex="เวลา" pos="noun" trans="duration" translit=""/></w><w>ครา<ana lex="ครา" pos="classifier" trans="time" translit=""/><ana lex="ครา" pos="noun" trans="time; occasion; event" translit="khraaM"/><ana lex="ครา" pos="noun" trans="time" translit=""/></w><w>ลดเลี้ยว<ana lex="ลดเลี้ยว" pos="verb" trans="zigzag" translit=""/><ana lex="ลดเลี้ยว" pos="adjective" trans="twisting (e.g. a road); winding" translit="lohtH liaaoH"/><ana lex="ลดเลี้ยว" pos="adverb" trans="zigzag" translit=""/></w></se><se><w>หมด<ana lex="หมด" pos="PHRV" trans="run out" translit=""/><ana lex="หมด" pos="adverb" trans="low" translit=""/><ana lex="หมด" pos="verb,intransitive" trans="run out" translit=""/><ana lex="หมด" pos="verb" trans="be finished" translit=""/><ana lex="หมด" pos="verb,intransitive" trans="go" translit=""/><ana lex="หมด" pos="PHRV" trans="be out" translit=""/><ana lex="หมด" pos="idiom" trans="be at an end" translit=""/><ana lex="หมด" pos="verb,intransitive" trans="drain" translit=""/><ana lex="หมด" pos="PHRV" trans="be out of" translit=""/></w><w>สิ้น<ana lex="สิ้น" pos="verb" trans="be finished" translit=""/></w><w>เรียว<ana lex="เรียว" pos="adjective" trans="tapering" translit=""/><ana lex="เรียว" pos="noun" trans="stay ropes for sail" translit=""/><ana lex="เรียว" pos="adjective" trans="tapering" translit=""/></w><w>รัศมี<ana lex="รัศมี" pos="noun" trans="halo" translit=""/><ana lex="รัศมี" pos="noun" trans="radius" translit=""/><ana lex="รัศมี" pos="noun" trans="radius" translit=""/><ana lex="รัศมี" pos="noun" trans="halo" translit=""/></w><w>ก็<ana lex="ก็" pos="adverb" trans="also" translit=""/><ana lex="ก็" pos="conjunction" trans="as a result" translit=""/></w><w>มี<ana lex="มี" pos="verb" trans="consist of" translit=""/><ana lex="มี" pos="verb" trans="there is/are" translit=""/><ana lex="มี" pos="verb" trans="have" translit=""/><ana lex="มี" pos="verb,transitive" trans="contain" translit=""/><ana lex="มี" pos="verb,transitive" trans="has" translit=""/><ana lex="มี" pos="verb,transitive" trans="have" translit=""/><ana lex="มี" pos="adjective" trans="rich" translit=""/></w><w>มา<ana lex="มา" pos="PHRV" trans="get in1" translit=""/><ana lex="มา" pos="adverb" trans="coming (toward the present; or toward the focal time)" translit=""/><ana lex="มา" pos="verb,intransitive" trans="come" translit=""/><ana lex="มา" pos="verb" trans="arrive" translit=""/></w></se><se><w>หา<ana lex="หา" pos="verb" trans="grope" translit=""/><ana lex="หา" pos="verb" trans="accuse" translit=""/><ana lex="หา" pos="verb" trans="see" translit=""/><ana lex="หา" pos="verb,transitive" trans="find" translit=""/><ana lex="หา" pos="verb" trans="search for" translit=""/></w><w>สิ่ง<ana lex="สิ่ง" pos="noun" trans="thing" translit=""/><ana lex="สิ่ง" pos="noun" trans="thing" translit=""/></w><w>ใด<ana lex="ใด" pos="DET" trans="any" translit=""/><ana lex="ใด" pos="DET" trans="which" translit=""/></w><w>เป็น<ana lex="เป็น" pos="auxiliary verb" trans="are" translit=""/><ana lex="เป็น" pos="verb,intransitive" trans="been" translit=""/><ana lex="เป็น" pos="verb,intransitive" trans="come" translit=""/><ana lex="เป็น" pos="verb" trans="be able to" translit=""/><ana lex="เป็น" pos="verb" trans="be" translit=""/><ana lex="เป็น" pos="adjective" trans="alive" translit=""/></w><w>ไป<ana lex="ไป" pos="PRF" trans="ad-" translit=""/><ana lex="ไป" pos="verb" trans="go" translit=""/><ana lex="ไป" pos="SL" trans="chip" translit=""/><ana lex="ไป" pos="SL" trans="gone for a Burton" translit=""/><ana lex="ไป" pos="verb,intransitive" trans="go" translit=""/></w><w>อย่าง<ana lex="อย่าง" pos="noun" trans="method" translit=""/><ana lex="อย่าง" pos="adverb" trans="severely" translit=""/><ana lex="อย่าง" pos="noun" trans="type" translit=""/></w><w>ยืนยง<ana lex="ยืนยง" pos="verb" trans="last" translit=""/><ana lex="ยืนยง" pos="verb" trans="to last; endure; maintain; live on; continue; persist" translit="yeuunM yohngM"/></w></se><se><w>ชั่ว<ana lex="ชั่ว" pos="adverb" trans="badly" translit=""/><ana lex="ชั่ว" pos="preposition" trans="throughout" translit=""/><ana lex="ชั่ว" pos="adjective" trans="bad" translit=""/></w><w>พริบตา<ana lex="พริบตา" pos="adverb" trans="suddenly" translit=""/></w><w>ดับ<ana lex="ดับ" pos="PHRV" trans="go out" translit=""/><ana lex="ดับ" pos="verb" trans="switch off" translit=""/><ana lex="ดับ" pos="PHRV" trans="blow out" translit=""/><ana lex="ดับ" pos="PHRV" trans="go off1" translit=""/></w><w>ลง<ana lex="ลง" pos="verb" trans="have diarrhea" translit=""/><ana lex="ลง" pos="verb" trans="yield" translit=""/><ana lex="ลง" pos="verb" trans="write down" translit=""/><ana lex="ลง" pos="verb" trans="land (airplane)" translit=""/><ana lex="ลง" pos="verb" trans="apply" translit=""/><ana lex="ลง" pos="verb" trans="publish" translit=""/><ana lex="ลง" pos="verb" trans="plant" translit=""/><ana lex="ลง" pos="verb" trans="whip" translit=""/><ana lex="ลง" pos="PRF" trans="cat-" translit=""/><ana lex="ลง" pos="verb" trans="drop" translit=""/><ana lex="ลง" pos="PRF" trans="de-" translit=""/><ana lex="ลง" pos="verb" trans="fall" translit=""/><ana lex="ลง" pos="adverb" trans="down" translit=""/><ana lex="ลง" pos="adverb" trans="down" translit=""/><ana lex="ลง" pos="verb" trans="get down" translit=""/><ana lex="ลง" pos="PRF" trans="cath-" translit=""/><ana lex="ลง" pos="PRF" trans="cata-" translit=""/></w><w>ไป<ana lex="ไป" pos="PRF" trans="ad-" translit=""/><ana lex="ไป" pos="verb" trans="go" translit=""/><ana lex="ไป" pos="SL" trans="chip" translit=""/><ana lex="ไป" pos="SL" trans="gone for a Burton" translit=""/><ana lex="ไป" pos="verb,intransitive" trans="go" translit=""/></w><w>ต่อ<ana lex="ต่อ" pos="verb" trans="renew" translit=""/><ana lex="ต่อ" pos="preposition" trans="to" translit=""/><ana lex="ต่อ" pos="verb" trans="concede" translit=""/><ana lex="ต่อ" pos="adverb" trans="continue" translit=""/><ana lex="ต่อ" pos="verb" trans="join" translit=""/><ana lex="ต่อ" pos="verb" trans="renew" translit=""/><ana lex="ต่อ" pos="verb" trans="bargain" translit=""/><ana lex="ต่อ" pos="adverb" trans="next" translit=""/><ana lex="ต่อ" pos="verb" trans="transfer" translit=""/><ana lex="ต่อ" pos="verb" trans="teach" translit=""/><ana lex="ต่อ" pos="preposition" trans="against" translit=""/><ana lex="ต่อ" pos="verb" trans="decoy" translit=""/><ana lex="ต่อ" pos="preposition" trans="per" translit=""/><ana lex="ต่อ" pos="preposition" trans="with" translit=""/><ana lex="ต่อ" pos="noun" trans="wasp" translit=""/><ana lex="ต่อ" pos="verb" trans="build" translit=""/></w><w>หน้า<ana lex="หน้า" pos="adjective" trans="next" translit=""/><ana lex="หน้า" pos="noun" trans="surface" translit=""/><ana lex="หน้า" pos="adjective" trans="front" translit=""/><ana lex="หน้า" pos="adjective" trans="top" translit=""/><ana lex="หน้า" pos="noun" trans="topping" translit=""/><ana lex="หน้า" pos="adjective" trans="front" translit=""/><ana lex="หน้า" pos="classifier" trans="page" translit=""/><ana lex="หน้า" pos="noun" trans="reputation" translit=""/><ana lex="หน้า" pos="SL" trans="kipper" translit=""/><ana lex="หน้า" pos="SL" trans="kip" translit=""/><ana lex="หน้า" pos="SL" trans="coupon" translit=""/><ana lex="หน้า" pos="SL" trans="mug" translit=""/><ana lex="หน้า" pos="noun" trans="face" translit=""/><ana lex="หน้า" pos="noun" trans="season" translit=""/><ana lex="หน้า" pos="SL" trans="mush" translit=""/><ana lex="หน้า" pos="noun" trans="face" translit=""/><ana lex="หน้า" pos="PRON" trans="anyone" translit=""/><ana lex="หน้า" pos="noun" trans="width" translit=""/><ana lex="หน้า" pos="preposition" trans="in front of" translit=""/></w></se><se><w>ทุก<ana lex="ทุก" pos="DET" trans="every" translit=""/></w><w>ทุก<ana lex="ทุก" pos="DET" trans="every" translit=""/></w><w>สิ่ง<ana lex="สิ่ง" pos="noun" trans="thing" translit=""/><ana lex="สิ่ง" pos="noun" trans="thing" translit=""/></w><w>ต่าง<ana lex="ต่าง" pos="adverb" trans="in place of" translit=""/><ana lex="ต่าง" pos="noun" trans="pack-saddle" translit=""/><ana lex="ต่าง" pos="verb" trans="differ" translit=""/><ana lex="ต่าง" pos="verb" trans="carry" translit=""/><ana lex="ต่าง" pos="adverb" trans="take as" translit=""/><ana lex="ต่าง" pos="DET" trans="each" translit=""/><ana lex="ต่าง" pos="adverb" trans="each" translit=""/><ana lex="ต่าง" pos="adjective" trans="foreign" translit=""/><ana lex="ต่าง" pos="DET" trans="each" translit=""/><ana lex="ต่าง" pos="adverb" trans="differ (farther or mother)" translit=""/></w><w>มี<ana lex="มี" pos="verb" trans="consist of" translit=""/><ana lex="มี" pos="verb" trans="there is/are" translit=""/><ana lex="มี" pos="verb" trans="have" translit=""/><ana lex="มี" pos="verb,transitive" trans="contain" translit=""/><ana lex="มี" pos="verb,transitive" trans="has" translit=""/><ana lex="มี" pos="verb,transitive" trans="have" translit=""/><ana lex="มี" pos="adjective" trans="rich" translit=""/></w><w>ไตร<ana lex="ไตร" pos="noun" trans="three" translit=""/><ana lex="ไตร" pos="verb,intransitive,poetic,ancient" trans="[written Thai] [often preceded by ตรึก] to examine; to approximate; to count" translit="dtraiM"/><ana lex="ไตร" pos="adjective,formal,loanword,Pali" trans="tri-; three; great; superb" translit="dtraiM"/></w><w>ลัก</w><w>ษณา</w></se><se><w>เป็น<ana lex="เป็น" pos="auxiliary verb" trans="are" translit=""/><ana lex="เป็น" pos="verb,intransitive" trans="been" translit=""/><ana lex="เป็น" pos="verb,intransitive" trans="come" translit=""/><ana lex="เป็น" pos="verb" trans="be able to" translit=""/><ana lex="เป็น" pos="verb" trans="be" translit=""/><ana lex="เป็น" pos="adjective" trans="alive" translit=""/></w><w>ผู้</w><w>กุม<ana lex="กุม" pos="verb" trans="control" translit=""/><ana lex="กุม" pos="verb" trans="hold" translit=""/></w><w>ชะตา<ana lex="ชะตา" pos="noun" trans="portion" translit=""/><ana lex="ชะตา" pos="noun" trans="destiny" translit=""/></w><w>ที่<ana lex="ที่" pos="PRON" trans="that" translit=""/><ana lex="ที่" pos="preposition" trans="at" translit=""/><ana lex="ที่" pos="noun" trans="word for utensil" translit=""/><ana lex="ที่" pos="preposition" trans="at" translit=""/><ana lex="ที่" pos="noun" trans="place" translit=""/><ana lex="ที่" pos="classifier" trans="qualifiers for places" translit=""/><ana lex="ที่" pos="noun" trans="ordinal number" translit=""/><ana lex="ที่" pos="preposition" trans="to" translit=""/><ana lex="ที่" pos="noun" trans="land" translit=""/></w><w>แท้<ana lex="แท้" pos="adjective" trans="pure" translit=""/><ana lex="แท้" pos="adjective" trans="real" translit=""/><ana lex="แท้" pos="adverb" trans="really" translit=""/><ana lex="แท้" pos="adjective" trans="pure" translit=""/><ana lex="แท้" pos="adjective" trans="genuine" translit=""/><ana lex="แท้" pos="adjective" trans="true" translit=""/><ana lex="แท้" pos="adjective" trans="pukka" translit=""/><ana lex="แท้" pos="adverb" trans="really" translit=""/></w><w>จริง<ana lex="จริง" pos="adverb" trans="really" translit=""/><ana lex="จริง" pos="adjective" trans="veritable" translit=""/><ana lex="จริง" pos="adjective" trans="real" translit=""/></w></se></body>