<body><meta><link>http://www.thaipoem.com/poem/38797</link><title>บ่มแค้น</title><genre>poem</genre></meta><se><w>.<ana lex="" pos="" trans="" translit=""/></w></se><se><w>ใน<ana lex="ใน" pos="preposition" trans="in" translit=""/><ana lex="ใน" pos="adjective" trans="in" translit=""/><ana lex="ใน" pos="PRF" trans="em-" translit=""/><ana lex="ใน" pos="PRF" trans="en-" translit=""/><ana lex="ใน" pos="PRF" trans="en-" translit=""/><ana lex="ใน" pos="PRF" trans="il-" translit=""/><ana lex="ใน" pos="preposition" trans="of" translit=""/><ana lex="ใน" pos="PRF" trans="in-" translit=""/><ana lex="ใน" pos="PRF" trans="im-" translit=""/><ana lex="ใน" pos="adverb" trans="in" translit=""/><ana lex="ใน" pos="preposition" trans="in" translit=""/></w><w>วัน<ana lex="วัน" pos="" trans="[alternate pronunciation of วัน ]" translit="wanM naH"/><ana lex="วัน" pos="noun" trans="day" translit=""/><ana lex="วัน" pos="noun" trans="diem" translit=""/><ana lex="วัน" pos="noun" trans="day" translit=""/></w><w>นี้</w><w>มี<ana lex="มี" pos="verb" trans="consist of" translit=""/><ana lex="มี" pos="verb" trans="there is/are" translit=""/><ana lex="มี" pos="verb" trans="have" translit=""/><ana lex="มี" pos="verb,transitive" trans="contain" translit=""/><ana lex="มี" pos="verb,transitive" trans="has" translit=""/><ana lex="มี" pos="verb,transitive" trans="have" translit=""/><ana lex="มี" pos="adjective" trans="rich" translit=""/></w><w>จิต<ana lex="จิต" pos="" trans="[alternate pronunciation of จิต ]" translit="jitL dtaL"/><ana lex="จิต" pos="noun" trans="mind" translit=""/></w><w>ติด<ana lex="ติด" pos="verb,transitive" trans="fix" translit=""/><ana lex="ติด" pos="verb,intransitive" trans="fasten" translit=""/><ana lex="ติด" pos="verb,transitive" trans="adjoin" translit=""/><ana lex="ติด" pos="verb" trans="become a habit" translit=""/><ana lex="ติด" pos="verb" trans="addicted to" translit=""/><ana lex="ติด" pos="verb" trans="contain" translit=""/><ana lex="ติด" pos="verb" trans="accompany" translit=""/><ana lex="ติด" pos="verb" trans="next to" translit=""/><ana lex="ติด" pos="verb" trans="light" translit=""/><ana lex="ติด" pos="verb" trans="bear" translit=""/><ana lex="ติด" pos="verb" trans="owe" translit=""/><ana lex="ติด" pos="verb" trans="stick" translit=""/><ana lex="ติด" pos="verb" trans="hang" translit=""/><ana lex="ติด" pos="verb" trans="catch" translit=""/><ana lex="ติด" pos="verb" trans="get stuck" translit=""/><ana lex="ติด" pos="verb" trans="close" translit=""/><ana lex="ติด" pos="verb" trans="addicted to" translit=""/><ana lex="ติด" pos="verb" trans="be stained" translit=""/><ana lex="ติด" pos="verb,intransitive" trans="jam" translit=""/><ana lex="ติด" pos="PHRV" trans="affix to" translit=""/><ana lex="ติด" pos="verb" trans="start" translit=""/><ana lex="ติด" pos="verb,transitive" trans="fit" translit=""/><ana lex="ติด" pos="PHRV" trans="go aground" translit=""/><ana lex="ติด" pos="verb,intransitive" trans="adhere" translit=""/><ana lex="ติด" pos="noun" trans="Echeneidae" translit=""/></w><w>เศร้าหมอง<ana lex="เศร้าหมอง" pos="adjective" trans="[is] saddened; gloomy; depressed; sorrowful" translit="saoF maawngR"/><ana lex="เศร้าหมอง" pos="adjective" trans="gloomy" translit=""/><ana lex="เศร้าหมอง" pos="verb" trans="sadden" translit=""/><ana lex="เศร้าหมอง" pos="adjective" trans="dour" translit=""/></w></se><se><w>มิ<ana lex="มิ" pos="NEG" trans="not" translit=""/><ana lex="มิ" pos="" trans="[alternate spelling of ไม่ ]" translit="miH"/><ana lex="มิ" pos="NEG" trans="not" translit=""/></w><w>อาจ<ana lex="อาจ" pos="adjective" trans="brave" translit=""/><ana lex="อาจ" pos="adverb" trans="can" translit=""/><ana lex="อาจ" pos="auxiliary verb" trans="could" translit=""/></w><w>จะ<ana lex="จะ" pos="auxiliary verb" trans="will" translit=""/><ana lex="จะ" pos="auxiliary verb" trans="will" translit=""/><ana lex="จะ" pos="" trans="[alternate spelling of จ้ะ]" translit="jaL"/></w><w>ประคอง<ana lex="ประคอง" pos="verb" trans="support" translit=""/><ana lex="ประคอง" pos="verb" trans="to support carefully; to handle gently" translit="bpraL khaawngM"/></w><w>ใจ<ana lex="ใจ" pos="noun" trans="heart" translit=""/><ana lex="ใจ" pos="noun" trans="mind" translit=""/></w><w>ได้<ana lex="ได้" pos="PHRV" trans="get out of" translit=""/><ana lex="ได้" pos="auxiliary verb" trans="be able to" translit=""/><ana lex="ได้" pos="verb" trans="get" translit=""/><ana lex="ได้" pos="" trans="[alternate pronunciation of ได้ ]" translit="daaiF"/><ana lex="ได้" pos="auxiliary verb" trans="used as an auxiliary verb before a principal verb to indicate the past tense" translit=""/><ana lex="ได้" pos="verb,transitive" trans="get" translit=""/><ana lex="ได้" pos="adverb" trans="can" translit=""/></w><w>ดัง<ana lex="ดัง" pos="adjective" trans="loud" translit=""/><ana lex="ดัง" pos="preposition" trans="as" translit=""/><ana lex="ดัง" pos="verb" trans="famous" translit=""/></w><w>ฝัน<ana lex="ฝัน" pos="verb,transitive" trans="dream" translit=""/><ana lex="ฝัน" pos="verb,intransitive" trans="dream" translit=""/><ana lex="ฝัน" pos="verb" trans="dream" translit=""/></w></se><se><w>โยง<ana lex="โยง" pos="verb" trans="tie" translit=""/><ana lex="โยง" pos="verb" trans="embroil" translit=""/></w><w>สายใย<ana lex="สายใย" pos="noun" trans="the string that binds (us) together" translit="saaiR yaiM"/><ana lex="สายใย" pos="noun" trans="relationship" translit=""/><ana lex="สายใย" pos="noun" trans="part of a watch's mechanism" translit=""/></w><w>เชื่อม<ana lex="เชื่อม" pos="PHRV" trans="link up" translit=""/><ana lex="เชื่อม" pos="verb,transitive" trans="link" translit=""/><ana lex="เชื่อม" pos="verb,transitive" trans="join" translit=""/><ana lex="เชื่อม" pos="verb,transitive" trans="weld" translit=""/><ana lex="เชื่อม" pos="verb,intransitive" trans="weld" translit=""/><ana lex="เชื่อม" pos="verb,intransitive" trans="link" translit=""/></w><w>ไว้<ana lex="ไว้" pos="verb" trans="keep" translit=""/></w><w>ให้<ana lex="ให้" pos="verb,transitive" trans="afford" translit=""/><ana lex="ให้" pos="verb" trans="give" translit=""/><ana lex="ให้" pos="verb,transitive" trans="give" translit=""/><ana lex="ให้" pos="verb,transitive" trans="dispense" translit=""/><ana lex="ให้" pos="verb,transitive" trans="bestow" translit=""/><ana lex="ให้" pos="verb" trans="give" translit=""/><ana lex="ให้" pos="verb,transitive" trans="accord" translit=""/><ana lex="ให้" pos="auxiliary verb" trans="to" translit=""/><ana lex="ให้" pos="verb" trans="permit" translit=""/></w><w>เกี่ยวพัน<ana lex="เกี่ยวพัน" pos="verb" trans="concern" translit=""/><ana lex="เกี่ยวพัน" pos="adjective" trans="to concern; deal; involve; relate; drag in; get involved" translit="giaaoL phanM"/><ana lex="เกี่ยวพัน" pos="verb,transitive" trans="involve" translit=""/></w></se><se><w>ถูก<ana lex="ถูก" pos="verb" trans="be at odds" translit=""/><ana lex="ถูก" pos="verb" trans="be cheap" translit=""/><ana lex="ถูก" pos="verb" trans="touch" translit=""/><ana lex="ถูก" pos="SL" trans="cheesy" translit=""/><ana lex="ถูก" pos="verb" trans="agree upon" translit=""/><ana lex="ถูก" pos="adjective" trans="cheap" translit=""/><ana lex="ถูก" pos="SL" trans="two-bit" translit=""/></w><w>ตัดขาด<ana lex="ตัดขาด" pos="verb" trans="cut" translit=""/><ana lex="ตัดขาด" pos="verb" trans="cut" translit=""/><ana lex="ตัดขาด" pos="verb" trans="break off" translit=""/><ana lex="ตัดขาด" pos="" trans="to cut; divide; bisect; dissect" translit="dtatL khaatL"/><ana lex="ตัดขาด" pos="verb" trans="break off" translit=""/><ana lex="ตัดขาด" pos="verb" trans="to break off; break up; sever; separate; put an end to" translit="dtatL khaatL"/><ana lex="ตัดขาด" pos="verb,transitive" trans="renounce" translit=""/></w><w>จาก<ana lex="จาก" pos="preposition" trans="von" translit=""/><ana lex="จาก" pos="PRF" trans="dis-" translit=""/><ana lex="จาก" pos="verb" trans="depart" translit=""/><ana lex="จาก" pos="preposition" trans="at" translit=""/><ana lex="จาก" pos="PRF" trans="a-" translit=""/><ana lex="จาก" pos="preposition" trans="from" translit=""/><ana lex="จาก" pos="preposition" trans="from" translit=""/><ana lex="จาก" pos="PRF" trans="ab-" translit=""/><ana lex="จาก" pos="noun" trans="a kind of Thai dessert" translit=""/><ana lex="จาก" pos="noun" trans="nipa palm" translit=""/></w><w>กัน<ana lex="กัน" pos="verb" trans="keep out" translit=""/><ana lex="กัน" pos="PRON" trans="one another" translit=""/><ana lex="กัน" pos="PHRV" trans="screen off" translit=""/><ana lex="กัน" pos="adverb" trans="together" translit=""/><ana lex="กัน" pos="verb" trans="shave" translit=""/><ana lex="กัน" pos="verb" trans="separate" translit=""/></w><w>ฝัน<ana lex="ฝัน" pos="verb,transitive" trans="dream" translit=""/><ana lex="ฝัน" pos="verb,intransitive" trans="dream" translit=""/><ana lex="ฝัน" pos="verb" trans="dream" translit=""/></w><w>มลาย<ana lex="มลาย" pos="verb" trans="destroy" translit=""/></w></se><se><w>มี<ana lex="มี" pos="verb" trans="consist of" translit=""/><ana lex="มี" pos="verb" trans="there is/are" translit=""/><ana lex="มี" pos="verb" trans="have" translit=""/><ana lex="มี" pos="verb,transitive" trans="contain" translit=""/><ana lex="มี" pos="verb,transitive" trans="has" translit=""/><ana lex="มี" pos="verb,transitive" trans="have" translit=""/><ana lex="มี" pos="adjective" trans="rich" translit=""/></w><w>อดีต<ana lex="อดีต" pos="noun" trans="the past" translit=""/><ana lex="อดีต" pos="noun" trans="past" translit=""/><ana lex="อดีต" pos="adjective" trans="former" translit=""/><ana lex="อดีต" pos="noun" trans="preter-" translit=""/><ana lex="อดีต" pos="adjective" trans="preterite" translit=""/><ana lex="อดีต" pos="idiom" trans="yesterdays" translit=""/><ana lex="อดีต" pos="" trans="[alternate pronunciation of อดีต ]" translit="aL deetL dtaL"/></w><w>กรีด<ana lex="กรีด" pos="verb" trans="slit" translit=""/><ana lex="กรีด" pos="verb" trans="scream" translit=""/><ana lex="กรีด" pos="verb" trans="scratch" translit=""/><ana lex="กรีด" pos="verb" trans="whet" translit=""/><ana lex="กรีด" pos="" trans="[alternate spelling of กรี้ด]" translit="greetL"/><ana lex="กรีด" pos="verb" trans="scrape" translit=""/></w><w>ไว้<ana lex="ไว้" pos="verb" trans="keep" translit=""/></w><w>ให้<ana lex="ให้" pos="verb,transitive" trans="afford" translit=""/><ana lex="ให้" pos="verb" trans="give" translit=""/><ana lex="ให้" pos="verb,transitive" trans="give" translit=""/><ana lex="ให้" pos="verb,transitive" trans="dispense" translit=""/><ana lex="ให้" pos="verb,transitive" trans="bestow" translit=""/><ana lex="ให้" pos="verb" trans="give" translit=""/><ana lex="ให้" pos="verb,transitive" trans="accord" translit=""/><ana lex="ให้" pos="auxiliary verb" trans="to" translit=""/><ana lex="ให้" pos="verb" trans="permit" translit=""/></w><w>เจ็บ<ana lex="เจ็บ" pos="verb" trans="be sick" translit=""/><ana lex="เจ็บ" pos="verb" trans="be pained" translit=""/><ana lex="เจ็บ" pos="verb" trans="hurt" translit=""/></w><w>ช้ำ<ana lex="ช้ำ" pos="adjective" trans="bruised" translit=""/><ana lex="ช้ำ" pos="verb" trans="bruise" translit=""/></w></se><se><w>ยัง<ana lex="ยัง" pos="preposition" trans="to" translit=""/><ana lex="ยัง" pos="adverb" trans="also" translit=""/><ana lex="ยัง" pos="adverb" trans="yet" translit=""/><ana lex="ยัง" pos="adverb" trans="still" translit=""/></w><w>ถูก<ana lex="ถูก" pos="verb" trans="be at odds" translit=""/><ana lex="ถูก" pos="verb" trans="be cheap" translit=""/><ana lex="ถูก" pos="verb" trans="touch" translit=""/><ana lex="ถูก" pos="SL" trans="cheesy" translit=""/><ana lex="ถูก" pos="verb" trans="agree upon" translit=""/><ana lex="ถูก" pos="adjective" trans="cheap" translit=""/><ana lex="ถูก" pos="SL" trans="two-bit" translit=""/></w><w>ย่ำ<ana lex="ย่ำ" pos="verb,intransitive" trans="tread" translit=""/><ana lex="ย่ำ" pos="verb" trans="beat" translit=""/><ana lex="ย่ำ" pos="verb" trans="tread" translit=""/></w><w>ซ้ำ<ana lex="ซ้ำ" pos="adverb" trans="repeatedly" translit=""/><ana lex="ซ้ำ" pos="adjective" trans="iterative" translit=""/></w><w>เสริม<ana lex="เสริม" pos="verb" trans="support" translit=""/><ana lex="เสริม" pos="adjective" trans="auxiliary" translit=""/><ana lex="เสริม" pos="verb" trans="enhance" translit=""/><ana lex="เสริม" pos="verb,transitive" trans="reenforce" translit=""/></w><w>เติม<ana lex="เติม" pos="verb" trans="add" translit=""/><ana lex="เติม" pos="verb,transitive" trans="fill" translit=""/><ana lex="เติม" pos="verb,transitive" trans="line" translit=""/><ana lex="เติม" pos="verb,transitive" trans="replenish" translit=""/><ana lex="เติม" pos="verb,transitive" trans="brim" translit=""/></w><w>ด้วย<ana lex="ด้วย" pos="PRF" trans="com-" translit=""/><ana lex="ด้วย" pos="adverb" trans="along" translit=""/><ana lex="ด้วย" pos="conjunction" trans="plus" translit=""/><ana lex="ด้วย" pos="preposition" trans="with" translit=""/><ana lex="ด้วย" pos="adverb" trans="also" translit=""/><ana lex="ด้วย" pos="conjunction" trans="because" translit=""/><ana lex="ด้วย" pos="preposition" trans="by" translit=""/><ana lex="ด้วย" pos="adverb" trans="so" translit=""/></w><w>หวาย<ana lex="หวาย" pos="noun" trans="rattan (palm)" translit=""/></w></se><se><w>โบย<ana lex="โบย" pos="verb" trans="flog" translit=""/></w><w>กระหน่ำ<ana lex="กระหน่ำ" pos="verb" trans="pound (repeatedly)" translit=""/></w><w>ย้ำ<ana lex="ย้ำ" pos="verb" trans="clinch" translit=""/><ana lex="ย้ำ" pos="verb" trans="repeat" translit=""/></w><w>ให้<ana lex="ให้" pos="verb,transitive" trans="afford" translit=""/><ana lex="ให้" pos="verb" trans="give" translit=""/><ana lex="ให้" pos="verb,transitive" trans="give" translit=""/><ana lex="ให้" pos="verb,transitive" trans="dispense" translit=""/><ana lex="ให้" pos="verb,transitive" trans="bestow" translit=""/><ana lex="ให้" pos="verb" trans="give" translit=""/><ana lex="ให้" pos="verb,transitive" trans="accord" translit=""/><ana lex="ให้" pos="auxiliary verb" trans="to" translit=""/><ana lex="ให้" pos="verb" trans="permit" translit=""/></w><w>ใจ<ana lex="ใจ" pos="noun" trans="heart" translit=""/><ana lex="ใจ" pos="noun" trans="mind" translit=""/></w><w>วอดวาย<ana lex="วอดวาย" pos="verb" trans="to burn down; raze; ruin; destroy" translit="waawtF waaiM"/><ana lex="วอดวาย" pos="verb" trans="be razed to the ground" translit=""/></w></se><se><w>จะ<ana lex="จะ" pos="auxiliary verb" trans="will" translit=""/><ana lex="จะ" pos="auxiliary verb" trans="will" translit=""/><ana lex="จะ" pos="" trans="[alternate spelling of จ้ะ]" translit="jaL"/></w><w>ให้<ana lex="ให้" pos="verb,transitive" trans="afford" translit=""/><ana lex="ให้" pos="verb" trans="give" translit=""/><ana lex="ให้" pos="verb,transitive" trans="give" translit=""/><ana lex="ให้" pos="verb,transitive" trans="dispense" translit=""/><ana lex="ให้" pos="verb,transitive" trans="bestow" translit=""/><ana lex="ให้" pos="verb" trans="give" translit=""/><ana lex="ให้" pos="verb,transitive" trans="accord" translit=""/><ana lex="ให้" pos="auxiliary verb" trans="to" translit=""/><ana lex="ให้" pos="verb" trans="permit" translit=""/></w><w>ตาย<ana lex="ตาย" pos="adjective" trans="defunct" translit=""/><ana lex="ตาย" pos="verb,intransitive" trans="demise" translit=""/><ana lex="ตาย" pos="verb,intransitive" trans="die" translit=""/><ana lex="ตาย" pos="verb" trans="lose" translit=""/><ana lex="ตาย" pos="SL" trans="cop it1" translit=""/><ana lex="ตาย" pos="SL" trans="croak" translit=""/><ana lex="ตาย" pos="SL" trans="kick the bucket" translit=""/><ana lex="ตาย" pos="SL" trans="buy it" translit=""/><ana lex="ตาย" pos="verb,intransitive" trans="decease" translit=""/><ana lex="ตาย" pos="verb,intransitive" trans="expire" translit=""/><ana lex="ตาย" pos="verb" trans="breakdown" translit=""/><ana lex="ตาย" pos="verb" trans="die" translit=""/><ana lex="ตาย" pos="adjective" trans="fixed" translit=""/><ana lex="ตาย" pos="verb,intransitive" trans="succumb" translit=""/><ana lex="ตาย" pos="verb" trans="be paralyzed" translit=""/><ana lex="ตาย" pos="verb,intransitive" trans="pass" translit=""/><ana lex="ตาย" pos="PHRV" trans="kick off" translit=""/><ana lex="ตาย" pos="idiom" trans="yield up the ghost" translit=""/><ana lex="ตาย" pos="PHRV" trans="sink to rest" translit=""/><ana lex="ตาย" pos="verb,intransitive" trans="perish" translit=""/><ana lex="ตาย" pos="SL" trans="boxed" translit=""/><ana lex="ตาย" pos="SL" trans="feeling no pain" translit=""/><ana lex="ตาย" pos="SL" trans="dead and gone" translit=""/><ana lex="ตาย" pos="PHRV" trans="die off" translit=""/><ana lex="ตาย" pos="SL" trans="belly up" translit=""/><ana lex="ตาย" pos="SL" trans="brown bread" translit=""/><ana lex="ตาย" pos="idiom" trans="(as) dead as a doornail" translit=""/><ana lex="ตาย" pos="idiom" trans="(as) dead as dodo" translit=""/><ana lex="ตาย" pos="SL" trans="off" translit=""/><ana lex="ตาย" pos="idiom" trans="be gathered to one's fathers" translit=""/><ana lex="ตาย" pos="PHRV" trans="go home" translit=""/><ana lex="ตาย" pos="PHRV" trans="pass over1" translit=""/></w><w>คา<ana lex="คา" pos="noun" trans="Imperata cylindrica Beauv." translit=""/><ana lex="คา" pos="verb" trans="stick" translit=""/></w><w>มือ<ana lex="มือ" pos="noun" trans="hand" translit=""/><ana lex="มือ" pos="noun" trans="hand" translit=""/><ana lex="มือ" pos="SL" trans="mitts" translit=""/><ana lex="มือ" pos="noun" trans="paw" translit=""/><ana lex="มือ" pos="noun" trans="holder" translit=""/></w><w>หรือ<ana lex="หรือ" pos="conjunction" trans="or" translit=""/><ana lex="หรือ" pos="conjunction" trans="or" translit=""/><ana lex="หรือ" pos="END" trans="isn't it" translit=""/></w><w>อย่างไร<ana lex="อย่างไร" pos="noun,pronoun" trans="[อย่างไร] anything; whatever" translit="yaangL raiM"/><ana lex="อย่างไร" pos="QUES" trans="how" translit=""/><ana lex="อย่างไร" pos="adverb" trans="[อย่างไร] like what; anyhow; how" translit="yaangL raiM"/></w></se><se><w>คง<ana lex="คง" pos="auxiliary verb" trans="may" translit=""/></w><w>สุข<ana lex="สุข" pos="noun" trans="happiness" translit=""/><ana lex="สุข" pos="verb" trans="be happy" translit=""/><ana lex="สุข" pos="" trans="[alternate pronunciation of สุข ]" translit="sookL khaL"/></w><w>สม<ana lex="สม" pos="" trans="[alternate pronunciation of สม]" translit="sohmR maH"/><ana lex="สม" pos="adjective" trans="[is] equal; the same; matched; equivalent" translit="saL maH"/><ana lex="สม" pos="verb" trans="to accumulate; collect; gather; amass; hoard; store; increase" translit="saL maH"/><ana lex="สม" pos="" trans="[alternate pronunciation of สม]" translit="sohmR"/><ana lex="สม" pos="verb" trans="be well matched" translit=""/></w><w>อารมณ์<ana lex="อารมณ์" pos="noun" trans="mood" translit=""/><ana lex="อารมณ์" pos="noun" trans="affection" translit=""/><ana lex="อารมณ์" pos="noun" trans="spirit" translit=""/><ana lex="อารมณ์" pos="noun" trans="emotion" translit=""/><ana lex="อารมณ์" pos="noun" trans="spirits" translit=""/><ana lex="อารมณ์" pos="noun" trans="(taking into) consideration" translit=""/><ana lex="อารมณ์" pos="PRF" trans="patho-" translit=""/><ana lex="อารมณ์" pos="noun" trans="characteristics" translit=""/><ana lex="อารมณ์" pos="noun" trans="temper" translit=""/><ana lex="อารมณ์" pos="noun" trans="temperament" translit=""/><ana lex="อารมณ์" pos="noun" trans="humor" translit=""/><ana lex="อารมณ์" pos="noun" trans="temper" translit=""/><ana lex="อารมณ์" pos="noun" trans="sentiment" translit=""/><ana lex="อารมณ์" pos="noun" trans="sense" translit=""/></w><w>ที่<ana lex="ที่" pos="PRON" trans="that" translit=""/><ana lex="ที่" pos="preposition" trans="at" translit=""/><ana lex="ที่" pos="noun" trans="word for utensil" translit=""/><ana lex="ที่" pos="preposition" trans="at" translit=""/><ana lex="ที่" pos="noun" trans="place" translit=""/><ana lex="ที่" pos="classifier" trans="qualifiers for places" translit=""/><ana lex="ที่" pos="noun" trans="ordinal number" translit=""/><ana lex="ที่" pos="preposition" trans="to" translit=""/><ana lex="ที่" pos="noun" trans="land" translit=""/></w><w>บ่ม<ana lex="บ่ม" pos="verb" trans="ripen" translit=""/></w><w>แค้น<ana lex="แค้น" pos="verb" trans="be angry" translit=""/></w></se><se><w>จึง<ana lex="จึง" pos="adverb" trans="then" translit=""/></w><w>โลดแล่น<ana lex="โลดแล่น" pos="verb" trans="to play an outstanding role" translit="lo:htF laaenF"/><ana lex="โลดแล่น" pos="verb" trans="rush" translit=""/><ana lex="โลดแล่น" pos="verb" trans="play an outstanding role" translit=""/><ana lex="โลดแล่น" pos="verb" trans="to rush; speed" translit="lo:htF laaenF"/></w><w>รอนแรม<ana lex="รอนแรม" pos="verb" trans="journey" translit=""/><ana lex="รอนแรม" pos="verb" trans="to go on an overnight trip" translit="raawnM raaemM"/></w><w>อย่าง<ana lex="อย่าง" pos="noun" trans="method" translit=""/><ana lex="อย่าง" pos="adverb" trans="severely" translit=""/><ana lex="อย่าง" pos="noun" trans="type" translit=""/></w><w>แจ่มใส<ana lex="แจ่มใส" pos="adjective" trans="bright" translit=""/><ana lex="แจ่มใส" pos="verb" trans="be clear" translit=""/><ana lex="แจ่มใส" pos="adverb" trans="cheerfully" translit=""/><ana lex="แจ่มใส" pos="verb" trans="be cheerful" translit=""/></w></se><se><w>เสมือน<ana lex="เสมือน" pos="adverb" trans="likewise" translit=""/></w><w>ว่า</w><w>เป็น<ana lex="เป็น" pos="auxiliary verb" trans="are" translit=""/><ana lex="เป็น" pos="verb,intransitive" trans="been" translit=""/><ana lex="เป็น" pos="verb,intransitive" trans="come" translit=""/><ana lex="เป็น" pos="verb" trans="be able to" translit=""/><ana lex="เป็น" pos="verb" trans="be" translit=""/><ana lex="เป็น" pos="adjective" trans="alive" translit=""/></w><w>วิหค<ana lex="วิหค" pos="noun" trans="bird" translit=""/><ana lex="วิหค" pos="noun" trans="bird" translit="wiH hohkL"/></w><w>ผก<ana lex="ผก" pos="verb" trans="turn round" translit=""/><ana lex="ผก" pos="verb" trans="to turn round; change; turn over; turn up-side down" translit="phohkL"/></w><w>ผิน<ana lex="ผิน" pos="verb,intransitive" trans="to turn one's body" translit="phinR"/></w><w>ไป<ana lex="ไป" pos="PRF" trans="ad-" translit=""/><ana lex="ไป" pos="verb" trans="go" translit=""/><ana lex="ไป" pos="SL" trans="chip" translit=""/><ana lex="ไป" pos="SL" trans="gone for a Burton" translit=""/><ana lex="ไป" pos="verb,intransitive" trans="go" translit=""/></w></se><se><w>มิ<ana lex="มิ" pos="NEG" trans="not" translit=""/><ana lex="มิ" pos="" trans="[alternate spelling of ไม่ ]" translit="miH"/><ana lex="มิ" pos="NEG" trans="not" translit=""/></w><w>เคย<ana lex="เคย" pos="verb" trans="be accustomed to" translit=""/><ana lex="เคย" pos="noun" trans="planktonic shrimp" translit=""/><ana lex="เคย" pos="noun" trans="small sized shrimp" translit=""/><ana lex="เคย" pos="adverb" trans="ever" translit=""/><ana lex="เคย" pos="verb,intransitive" trans="be accustomed to" translit=""/><ana lex="เคย" pos="adverb" trans="once" translit=""/></w><w>เห็น<ana lex="เห็น" pos="PHRV" trans="clap on2" translit=""/><ana lex="เห็น" pos="SL" trans="clock" translit=""/><ana lex="เห็น" pos="verb,transitive" trans="behold" translit=""/><ana lex="เห็น" pos="verb,intransitive" trans="see" translit=""/><ana lex="เห็น" pos="verb,transitive" trans="see" translit=""/><ana lex="เห็น" pos="verb,transitive" trans="sight" translit=""/><ana lex="เห็น" pos="verb,transitive" trans="twig" translit=""/><ana lex="เห็น" pos="verb,transitive" trans="vide" translit=""/></w><w>จิตใจ<ana lex="จิตใจ" pos="noun" trans="mind" translit=""/><ana lex="จิตใจ" pos="noun" trans="the mind" translit="jitL jaiM"/><ana lex="จิตใจ" pos="noun" trans="mind" translit=""/><ana lex="จิตใจ" pos="noun" trans="heart" translit=""/><ana lex="จิตใจ" pos="noun" trans="inner man" translit=""/></w><w>ใคร<ana lex="ใคร" pos="PRON" trans="who" translit=""/><ana lex="ใคร" pos="pronoun" trans="who" translit=""/></w><w>บ้าง<ana lex="บ้าง" pos="adjective" trans="certain" translit=""/><ana lex="บ้าง" pos="adjective" trans="any" translit=""/><ana lex="บ้าง" pos="adverb" trans="any" translit=""/><ana lex="บ้าง" pos="PRON" trans="else" translit=""/></w><w>เลย<ana lex="เลย" pos="PRF" trans="extra-" translit=""/><ana lex="เลย" pos="auxiliary verb" trans="have to" translit=""/><ana lex="เลย" pos="verb" trans="pass" translit=""/><ana lex="เลย" pos="adverb" trans="really" translit=""/><ana lex="เลย" pos="noun" trans="Loei" translit=""/><ana lex="เลย" pos="adverb" trans="completely" translit=""/></w></se><se><w>เฝ้า<ana lex="เฝ้า" pos="verb" trans="have an audience with/of" translit=""/><ana lex="เฝ้า" pos="verb" trans="keep an eye on" translit=""/></w><w>คร่ำครวญ<ana lex="คร่ำครวญ" pos="verb" trans="lament" translit=""/><ana lex="คร่ำครวญ" pos="verb" trans="to lament; moan and groan; grieve" translit="khramF khruaanM"/><ana lex="คร่ำครวญ" pos="verb,intransitive" trans="pule" translit=""/></w><w>ชวน<ana lex="ชวน" pos="verb" trans="persuade" translit=""/></w><w>ใคร<ana lex="ใคร" pos="PRON" trans="who" translit=""/><ana lex="ใคร" pos="pronoun" trans="who" translit=""/></w><w>ใคร<ana lex="ใคร" pos="PRON" trans="who" translit=""/><ana lex="ใคร" pos="pronoun" trans="who" translit=""/></w><w>ให้<ana lex="ให้" pos="verb,transitive" trans="afford" translit=""/><ana lex="ให้" pos="verb" trans="give" translit=""/><ana lex="ให้" pos="verb,transitive" trans="give" translit=""/><ana lex="ให้" pos="verb,transitive" trans="dispense" translit=""/><ana lex="ให้" pos="verb,transitive" trans="bestow" translit=""/><ana lex="ให้" pos="verb" trans="give" translit=""/><ana lex="ให้" pos="verb,transitive" trans="accord" translit=""/><ana lex="ให้" pos="auxiliary verb" trans="to" translit=""/><ana lex="ให้" pos="verb" trans="permit" translit=""/></w><w>สงสาร<ana lex="สงสาร" pos="verb,transitive" trans="pity" translit=""/><ana lex="สงสาร" pos="verb" trans="pity" translit=""/><ana lex="สงสาร" pos="idiom" trans="feel sorry for" translit=""/><ana lex="สงสาร" pos="verb" trans="pity" translit=""/></w></se><se><w>ทุก<ana lex="ทุก" pos="DET" trans="every" translit=""/></w><w>ที่<ana lex="ที่" pos="PRON" trans="that" translit=""/><ana lex="ที่" pos="preposition" trans="at" translit=""/><ana lex="ที่" pos="noun" trans="word for utensil" translit=""/><ana lex="ที่" pos="preposition" trans="at" translit=""/><ana lex="ที่" pos="noun" trans="place" translit=""/><ana lex="ที่" pos="classifier" trans="qualifiers for places" translit=""/><ana lex="ที่" pos="noun" trans="ordinal number" translit=""/><ana lex="ที่" pos="preposition" trans="to" translit=""/><ana lex="ที่" pos="noun" trans="land" translit=""/></w><w>ผ่าน<ana lex="ผ่าน" pos="PHRV" trans="get by1" translit=""/><ana lex="ผ่าน" pos="verb" trans="ask a high price" translit=""/><ana lex="ผ่าน" pos="verb" trans="pass" translit=""/><ana lex="ผ่าน" pos="verb" trans="change" translit=""/><ana lex="ผ่าน" pos="PHRV" trans="enter by" translit=""/><ana lex="ผ่าน" pos="verb" trans="overcome" translit=""/><ana lex="ผ่าน" pos="verb,transitive" trans="passage" translit=""/><ana lex="ผ่าน" pos="verb,intransitive" trans="passage" translit=""/><ana lex="ผ่าน" pos="adverb" trans="thru" translit=""/><ana lex="ผ่าน" pos="preposition" trans="thru" translit=""/><ana lex="ผ่าน" pos="PRF" trans="dia-" translit=""/><ana lex="ผ่าน" pos="verb" trans="carry" translit=""/><ana lex="ผ่าน" pos="PRF" trans="per-" translit=""/><ana lex="ผ่าน" pos="PHRV" trans="get through2" translit=""/><ana lex="ผ่าน" pos="PHRV" trans="go past" translit=""/><ana lex="ผ่าน" pos="verb" trans="be used to" translit=""/><ana lex="ผ่าน" pos="adjective" trans="thru" translit=""/><ana lex="ผ่าน" pos="PHRV" trans="be past" translit=""/><ana lex="ผ่าน" pos="preposition" trans="by" translit=""/></w><w>จาร<ana lex="จาร" pos="verb" trans="to inscribe; engrave; to write with a stylus" translit="jaanM"/><ana lex="จาร" pos="noun" trans="prison" translit="jaanM"/><ana lex="จาร" pos="noun" trans="walker; traveller" translit="jaanM"/><ana lex="จาร" pos="" trans="[alternate pronunciation of จาร]" translit="jaaM raH"/><ana lex="จาร" pos="noun" trans="secret agent; spy" translit="jaanM"/><ana lex="จาร" pos="verb" trans="inscribe" translit=""/></w><w>ออก<ana lex="ออก" pos="PRF" trans="ec-" translit=""/><ana lex="ออก" pos="PRF" trans="ex-" translit=""/><ana lex="ออก" pos="PRF" trans="ex-" translit=""/><ana lex="ออก" pos="PRF" trans="a-" translit=""/><ana lex="ออก" pos="PRF" trans="out-" translit=""/></w><w>บอก<ana lex="บอก" pos="verb" trans="describe" translit=""/><ana lex="บอก" pos="verb" trans="advise" translit=""/><ana lex="บอก" pos="verb" trans="indicate" translit=""/><ana lex="บอก" pos="PHRV" trans="appeal to" translit=""/><ana lex="บอก" pos="verb,transitive" trans="announce" translit=""/><ana lex="บอก" pos="verb,intransitive" trans="tell" translit=""/><ana lex="บอก" pos="verb,transitive" trans="tell" translit=""/><ana lex="บอก" pos="idiom" trans="fill one in" translit=""/></w><w>เฉลย<ana lex="เฉลย" pos="verb" trans="answer" translit=""/></w></se><se><w>คง<ana lex="คง" pos="auxiliary verb" trans="may" translit=""/></w><w>อยาก<ana lex="อยาก" pos="PHRV" trans="care for" translit=""/><ana lex="อยาก" pos="PHRV" trans="feel like" translit=""/></w><w>ได้<ana lex="ได้" pos="PHRV" trans="get out of" translit=""/><ana lex="ได้" pos="auxiliary verb" trans="be able to" translit=""/><ana lex="ได้" pos="verb" trans="get" translit=""/><ana lex="ได้" pos="" trans="[alternate pronunciation of ได้ ]" translit="daaiF"/><ana lex="ได้" pos="auxiliary verb" trans="used as an auxiliary verb before a principal verb to indicate the past tense" translit=""/><ana lex="ได้" pos="verb,transitive" trans="get" translit=""/><ana lex="ได้" pos="adverb" trans="can" translit=""/></w><w>เพื่อน<ana lex="เพื่อน" pos="PRF" trans="socio-" translit=""/><ana lex="เพื่อน" pos="noun" trans="peer" translit=""/><ana lex="เพื่อน" pos="SL" trans="amigo" translit=""/><ana lex="เพื่อน" pos="noun" trans="friend" translit=""/><ana lex="เพื่อน" pos="noun" trans="companion" translit=""/><ana lex="เพื่อน" pos="noun" trans="compeer" translit=""/><ana lex="เพื่อน" pos="SL" trans="homie" translit=""/><ana lex="เพื่อน" pos="noun" trans="mate" translit=""/><ana lex="เพื่อน" pos="noun" trans="fellow" translit=""/></w><w>ใหม่<ana lex="ใหม่" pos="adjective" trans="new" translit=""/><ana lex="ใหม่" pos="adverb" trans="newly" translit=""/><ana lex="ใหม่" pos="PRF" trans="neo-" translit=""/><ana lex="ใหม่" pos="adjective" trans="new" translit=""/><ana lex="ใหม่" pos="adjective" trans="new" translit=""/><ana lex="ใหม่" pos="adjective" trans="novel" translit=""/><ana lex="ใหม่" pos="adverb" trans="again" translit=""/><ana lex="ใหม่" pos="adjective" trans="original" translit=""/><ana lex="ใหม่" pos="PRF" trans="neo-" translit=""/></w><w>ไว้<ana lex="ไว้" pos="verb" trans="keep" translit=""/></w><w>ชมเชย<ana lex="ชมเชย" pos="verb" trans="praise" translit=""/><ana lex="ชมเชย" pos="verb,transitive" trans="stroke" translit=""/><ana lex="ชมเชย" pos="verb,transitive" trans="praise" translit=""/></w></se><se><w>พิ</w><w>โธ่<ana lex="โธ่" pos="interjection" trans="Alas!" translit=""/></w><w>เอ๋ย<ana lex="เอ๋ย" pos="particle,colloquial" trans="[a sound expressing affection or politeness, used after a vocative by a man or woman]" translit="eeuyR"/></w></se><se><w>!!<ana lex="" pos="" trans="" translit=""/></w></se><se><w>แล้ว<ana lex="แล้ว" pos="adverb" trans="already" translit=""/><ana lex="แล้ว" pos="adverb" trans="already" translit=""/><ana lex="แล้ว" pos="adverb" trans="by now" translit=""/><ana lex="แล้ว" pos="adverb" trans="already" translit=""/></w><w>ไม่<ana lex="ไม่" pos="adverb" trans="not" translit=""/><ana lex="ไม่" pos="PRF" trans="an-" translit=""/><ana lex="ไม่" pos="PRF" trans="un-" translit=""/><ana lex="ไม่" pos="PRF" trans="un-" translit=""/><ana lex="ไม่" pos="adjective" trans="nary" translit=""/><ana lex="ไม่" pos="NEG" trans="not" translit=""/><ana lex="ไม่" pos="PRF" trans="in-" translit=""/><ana lex="ไม่" pos="adverb" trans="no" translit=""/><ana lex="ไม่" pos="PRF" trans="non-" translit=""/><ana lex="ไม่" pos="PRF" trans="non-" translit=""/><ana lex="ไม่" pos="PRF" trans="in-" translit=""/><ana lex="ไม่" pos="SL" trans="no soup" translit=""/><ana lex="ไม่" pos="SL" trans="no sale" translit=""/><ana lex="ไม่" pos="SL" trans="nope" translit=""/><ana lex="ไม่" pos="SL" trans="No way!" translit=""/><ana lex="ไม่" pos="NEG" trans="not" translit=""/><ana lex="ไม่" pos="SL" trans="Nuts!" translit=""/></w><w>เอ่ย<ana lex="เอ่ย" pos="verb" trans="utter" translit=""/></w><w>เผย<ana lex="เผย" pos="PHRV" trans="give away" translit=""/><ana lex="เผย" pos="verb" trans="reveal a secret" translit=""/></w><w>ความ<ana lex="ความ" pos="noun" trans="case" translit=""/><ana lex="ความ" pos="noun" trans="content" translit=""/></w><w>มา<ana lex="มา" pos="PHRV" trans="get in1" translit=""/><ana lex="มา" pos="adverb" trans="coming (toward the present; or toward the focal time)" translit=""/><ana lex="มา" pos="verb,intransitive" trans="come" translit=""/><ana lex="มา" pos="verb" trans="arrive" translit=""/></w></se></body>