<body><meta><link>http://www.thaipoem.com/%E0%B9%80%E0%B8%A3%E0%B8%B7%E0%B9%88%E0%B8%AD%E0%B8%87%E0%B8%AA%E0%B8%B1%E0%B9%89%E0%B8%99-%E0%B8%99%E0%B8%B4%E0%B8%A2%E0%B8%B2%E0%B8%A2/%E0%B8%95%E0%B8%B2%E0%B8%A1%E0%B9%83%E0%B8%88%E0%B8%84%E0%B8%99%E0%B9%80%E0%B8%82%E0%B8%B5%E0%B8%A2%E0%B8%99/8728</link><title>คอมพิวเตอร์มรณะ - Devil computer 1</title><genre>poem</genre></meta><se><w>ที่<ana lex="ที่" pos="PRON" trans="that" translit=""/><ana lex="ที่" pos="preposition" trans="at" translit=""/><ana lex="ที่" pos="noun" trans="word for utensil" translit=""/><ana lex="ที่" pos="preposition" trans="at" translit=""/><ana lex="ที่" pos="noun" trans="place" translit=""/><ana lex="ที่" pos="classifier" trans="qualifiers for places" translit=""/><ana lex="ที่" pos="noun" trans="ordinal number" translit=""/><ana lex="ที่" pos="preposition" trans="to" translit=""/><ana lex="ที่" pos="noun" trans="land" translit=""/></w><w>มา<ana lex="มา" pos="PHRV" trans="get in1" translit=""/><ana lex="มา" pos="adverb" trans="coming (toward the present; or toward the focal time)" translit=""/><ana lex="มา" pos="verb,intransitive" trans="come" translit=""/><ana lex="มา" pos="verb" trans="arrive" translit=""/></w><w>กล้อง<ana lex="กล้อง" pos="noun" trans="camera" translit=""/></w><w>ถ่าย<ana lex="ถ่าย" pos="verb" trans="take a picture" translit=""/><ana lex="ถ่าย" pos="verb" trans="excrete" translit=""/><ana lex="ถ่าย" pos="verb" trans="transfer" translit=""/></w><w>รูป<ana lex="รูป" pos="" trans="[alternate pronunciation of รูป ]" translit="ruupF bpaL"/><ana lex="รูป" pos="noun" trans="figure" translit=""/><ana lex="รูป" pos="noun" trans="body" translit=""/><ana lex="รูป" pos="noun" trans="photograph" translit=""/><ana lex="รูป" pos="classifier" trans="monk" translit=""/></w></se></body>