<body><meta><link>http://www.thaipoem.com/%E0%B8%9A%E0%B8%A5%E0%B9%87%E0%B8%AD%E0%B8%81/%E0%B8%95%E0%B8%B2%E0%B8%A1%E0%B9%83%E0%B8%88%E0%B8%84%E0%B8%99%E0%B9%80%E0%B8%82%E0%B8%B5%E0%B8%A2%E0%B8%99/7119</link><title>๏..ลำนำ สายน้ำใน โมเดล??? ..๏</title><genre>poem</genre></meta><se><w>๏</w></se><se><w>อุทก<ana lex="อุทก" pos="noun,loanword,Pali,Sanskrit" trans="[relating to] water; aqua-; hyrdo-" translit="ooL thohkH"/><ana lex="อุทก" pos="noun" trans="water" translit=""/></w><w>อ่วม<ana lex="อ่วม" pos="adjective" trans="[is] worse; in bad shape; beaten" translit="uaamL"/><ana lex="อ่วม" pos="verb" trans="be worse" translit=""/></w><w>ท่วม<ana lex="ท่วม" pos="verb" trans="flood" translit=""/><ana lex="ท่วม" pos="verb,transitive" trans="flow" translit=""/><ana lex="ท่วม" pos="verb,transitive" trans="flood" translit=""/><ana lex="ท่วม" pos="verb,transitive" trans="inundate" translit=""/></w><w>อั่ง</w><w>สะพรั่ง<ana lex="สะพรั่ง" pos="adverb" trans="in blossom" translit=""/><ana lex="สะพรั่ง" pos="adjective,adverb" trans="in great numbers; resplendent; profuse; teeming" translit="saL phrangF"/></w><w>อ้า<ana lex="อ้า" pos="verb" trans="spread out" translit=""/></w></se><se><w>-<ana lex="" pos="" trans="" translit=""/></w></se><se><w>สายน้ำ<ana lex="สายน้ำ" pos="noun" trans="current" translit=""/></w><w>บ่า<ana lex="บ่า" pos="verb" trans="inundate" translit=""/><ana lex="บ่า" pos="noun" trans="shoulder" translit=""/><ana lex="บ่า" pos="noun" trans="shoulder" translit=""/></w><w>บั่น<ana lex="บั่น" pos="verb" trans="cut" translit=""/></w><w>กร้าว<ana lex="กร้าว" pos="adjective" trans="tough" translit=""/></w><w>ขึง<ana lex="ขึง" pos="verb" trans="to stretch out; to remove the slack; to pull tight" translit="kheungR"/><ana lex="ขึง" pos="verb" trans="to stare or gaze steadily (at)" translit="kheungR"/><ana lex="ขึง" pos="verb" trans="stretch" translit=""/></w><w>ราว<ana lex="ราว" pos="noun" trans="clothesline" translit=""/><ana lex="ราว" pos="adverb" trans="about" translit=""/><ana lex="ราว" pos="noun" trans="rail" translit=""/><ana lex="ราว" pos="noun" trans="rail" translit=""/></w><w>โกรธ<ana lex="โกรธ" pos="idiom" trans="lose one's temper" translit=""/><ana lex="โกรธ" pos="idiom" trans="steamed up" translit=""/><ana lex="โกรธ" pos="SL" trans="blow one's cool" translit=""/><ana lex="โกรธ" pos="SL" trans="torqued" translit=""/><ana lex="โกรธ" pos="PHRV" trans="get up" translit=""/><ana lex="โกรธ" pos="adjective" trans="miffed" translit=""/><ana lex="โกรธ" pos="verb,intransitive" trans="anger" translit=""/><ana lex="โกรธ" pos="verb,intransitive" trans="broil" translit=""/><ana lex="โกรธ" pos="idiom" trans="get into a huff" translit=""/><ana lex="โกรธ" pos="adjective" trans="livid" translit=""/><ana lex="โกรธ" pos="PHRV" trans="carry on" translit=""/><ana lex="โกรธ" pos="idiom" trans="see red" translit=""/><ana lex="โกรธ" pos="adjective" trans="angry" translit=""/><ana lex="โกรธ" pos="PHRV" trans="get out" translit=""/><ana lex="โกรธ" pos="SL" trans="see red" translit=""/><ana lex="โกรธ" pos="SL" trans="bent out of shape" translit=""/><ana lex="โกรธ" pos="SL" trans="vent one's spleen" translit=""/><ana lex="โกรธ" pos="SL" trans="up in arms" translit=""/><ana lex="โกรธ" pos="idiom" trans="one's blood be up" translit=""/><ana lex="โกรธ" pos="verb,intransitive" trans="seethe" translit=""/><ana lex="โกรธ" pos="adjective" trans="heated" translit=""/></w></se><se><w>แรง<ana lex="แรง" pos="noun" trans="power" translit=""/><ana lex="แรง" pos="noun" trans="power" translit=""/></w><w>อารมณ์<ana lex="อารมณ์" pos="noun" trans="mood" translit=""/><ana lex="อารมณ์" pos="noun" trans="affection" translit=""/><ana lex="อารมณ์" pos="noun" trans="spirit" translit=""/><ana lex="อารมณ์" pos="noun" trans="emotion" translit=""/><ana lex="อารมณ์" pos="noun" trans="spirits" translit=""/><ana lex="อารมณ์" pos="noun" trans="(taking into) consideration" translit=""/><ana lex="อารมณ์" pos="PRF" trans="patho-" translit=""/><ana lex="อารมณ์" pos="noun" trans="characteristics" translit=""/><ana lex="อารมณ์" pos="noun" trans="temper" translit=""/><ana lex="อารมณ์" pos="noun" trans="temperament" translit=""/><ana lex="อารมณ์" pos="noun" trans="humor" translit=""/><ana lex="อารมณ์" pos="noun" trans="temper" translit=""/><ana lex="อารมณ์" pos="noun" trans="sentiment" translit=""/><ana lex="อารมณ์" pos="noun" trans="sense" translit=""/></w><w>ร้าย</w><w>ฤทธิ์<ana lex="ฤทธิ์" pos="noun,formal,loanword,Sanskrit" trans="[of medicines] effect" translit="ritH"/><ana lex="ฤทธิ์" pos="noun,adjective,loanword,Sanskrit" trans="enormous ability or resource; formidable force; colossal power; might; supernatural or paranormal power, miraculous or magical faculty" translit="ritH"/><ana lex="ฤทธิ์" pos="noun,loanword,Sanskrit" trans="prosperity; progress; growth" translit="ritH"/></w><w>พิษ<ana lex="พิษ" pos="noun" trans="poison" translit=""/><ana lex="พิษ" pos="noun" trans="toxin" translit=""/><ana lex="พิษ" pos="noun" trans="danger" translit=""/></w><w>พิโรธ<ana lex="พิโรธ" pos="adjective,poetic" trans="[is] angry; furious" translit="phiH ro:htF"/></w></se><se><w>คลั่ง<ana lex="คลั่ง" pos="adjective,formal,colloquial" trans="[is] delirious; crazy; raving mad; insane; mad; mad about; head over heels in love with; infatuated with; crazed about" translit="khlangF"/><ana lex="คลั่ง" pos="verb" trans="madden" translit=""/><ana lex="คลั่ง" pos="adjective" trans="hyper" translit=""/><ana lex="คลั่ง" pos="verb,transitive" trans="fanaticize" translit=""/><ana lex="คลั่ง" pos="verb" trans="crazy about" translit=""/></w><w>สี<ana lex="สี" pos="PRF" trans="chromo-" translit=""/><ana lex="สี" pos="verb" trans="grind" translit=""/><ana lex="สี" pos="noun" trans="tincture" translit=""/><ana lex="สี" pos="verb" trans="rub" translit=""/><ana lex="สี" pos="noun" trans="color" translit=""/><ana lex="สี" pos="noun" trans="paint" translit=""/><ana lex="สี" pos="noun" trans="color" translit=""/><ana lex="สี" pos="noun" trans="colour" translit=""/></w><w>ขุ่น<ana lex="ขุ่น" pos="verb" trans="be turbid" translit=""/><ana lex="ขุ่น" pos="adjective" trans="[is] turbid; unclear; cloudy; muddy; mucky; murky; gloomy" translit="khoonL"/><ana lex="ขุ่น" pos="adjective" trans="turbid" translit=""/><ana lex="ขุ่น" pos="noun" trans="[ความขุ่น] distress; stress; anxiety; displeasure" translit="khoonL"/><ana lex="ขุ่น" pos="adjective" trans="[of a person] [is] disturbed; distressed; vexed; purturbed; gloomy" translit="khoonL"/></w><w>แดง<ana lex="แดง" pos="verb" trans="be revealed" translit=""/><ana lex="แดง" pos="noun" trans="red" translit=""/></w><w>โชติ<ana lex="โชติ" pos="adjective" trans="[is] bright; shining" translit="cho:hM dtiL"/></w><w>กำหนด<ana lex="กำหนด" pos="verb,transitive" trans="enjoin" translit=""/><ana lex="กำหนด" pos="verb" trans="specify" translit=""/><ana lex="กำหนด" pos="verb,transitive" trans="specify" translit=""/><ana lex="กำหนด" pos="verb,transitive" trans="impose" translit=""/><ana lex="กำหนด" pos="verb" trans="decide" translit=""/><ana lex="กำหนด" pos="verb,transitive" trans="influence" translit=""/><ana lex="กำหนด" pos="noun" trans="specification" translit=""/><ana lex="กำหนด" pos="PHRV" trans="lock in1" translit=""/><ana lex="กำหนด" pos="verb,transitive" trans="formulate" translit=""/><ana lex="กำหนด" pos="verb,transitive" trans="determine" translit=""/><ana lex="กำหนด" pos="verb,transitive" trans="assign" translit=""/><ana lex="กำหนด" pos="verb,transitive" trans="doom" translit=""/><ana lex="กำหนด" pos="verb,transitive" trans="define" translit=""/></w><w>ชู<ana lex="ชู" pos="verb" trans="raise" translit=""/><ana lex="ชู" pos="verb" trans="nourish" translit=""/></w></se><se><w>๚</w><w>ะ๛</w></se><se><w>๏</w></se><se><w>อุทก<ana lex="อุทก" pos="noun,loanword,Pali,Sanskrit" trans="[relating to] water; aqua-; hyrdo-" translit="ooL thohkH"/><ana lex="อุทก" pos="noun" trans="water" translit=""/></w><w>อ่วม<ana lex="อ่วม" pos="adjective" trans="[is] worse; in bad shape; beaten" translit="uaamL"/><ana lex="อ่วม" pos="verb" trans="be worse" translit=""/></w><w>ท่วม<ana lex="ท่วม" pos="verb" trans="flood" translit=""/><ana lex="ท่วม" pos="verb,transitive" trans="flow" translit=""/><ana lex="ท่วม" pos="verb,transitive" trans="flood" translit=""/><ana lex="ท่วม" pos="verb,transitive" trans="inundate" translit=""/></w><w>ถ้วน<ana lex="ถ้วน" pos="adverb" trans="exactly" translit=""/><ana lex="ถ้วน" pos="adverb" trans="thoroughly; exactly; correctly; accurately" translit="thuaanF"/><ana lex="ถ้วน" pos="DET" trans="only" translit=""/></w></se><se><w>.<ana lex="" pos="" trans="" translit=""/></w></se><se><w>สาร<ana lex="สาร" pos="noun" trans="matter" translit=""/><ana lex="สาร" pos="noun" trans="content" translit=""/><ana lex="สาร" pos="" trans="[alternate pronunciation of สาร ]" translit="saaR raH"/></w><w>ทิศ<ana lex="ทิศ" pos="noun" trans="direction" translit=""/></w></se><se><w>อา<ana lex="อา" pos="noun" trans="uncle" translit=""/></w><w>เพท</w><w>เหตุ<ana lex="เหตุ" pos="noun" trans="cause" translit=""/><ana lex="เหตุ" pos="conjunction" trans="because of" translit=""/><ana lex="เหตุ" pos="noun" trans="reason" translit=""/></w><w>นิมิต</w></se><se><w>.<ana lex="" pos="" trans="" translit=""/></w></se><se><w>นั่น<ana lex="นั่น" pos="DET" trans="that" translit=""/></w><w>แม้น<ana lex="แม้น" pos="conjunction" trans="even" translit=""/><ana lex="แม้น" pos="proper noun" trans="Maen [a Thai male nickname]" translit="maaenH"/><ana lex="แม้น" pos="verb" trans="resemble" translit=""/><ana lex="แม้น" pos="adverb,poetic" trans="even though; even if" translit="maaenH"/></w></se><se><w>พิโรธ<ana lex="พิโรธ" pos="adjective,poetic" trans="[is] angry; furious" translit="phiH ro:htF"/></w><w>โกรธขึ้ง<ana lex="โกรธขึ้ง" pos="verb" trans="be angry" translit=""/></w><w>ผิด<ana lex="ผิด" pos="PRF" trans="mis-" translit=""/><ana lex="ผิด" pos="SL" trans="Pete tong" translit=""/><ana lex="ผิด" pos="adjective" trans="wrong" translit=""/></w></se><se><w>- .<ana lex="" pos="" trans="" translit=""/></w></se><se><w>ผี<ana lex="ผี" pos="noun" trans="phantom" translit=""/><ana lex="ผี" pos="noun" trans="fetch" translit=""/><ana lex="ผี" pos="noun" trans="ghost" translit=""/><ana lex="ผี" pos="noun" trans="eidolon" translit=""/></w><w>ผลัก<ana lex="ผลัก" pos="PHRV" trans="push against" translit=""/><ana lex="ผลัก" pos="verb" trans="push" translit=""/><ana lex="ผลัก" pos="PHRV" trans="press down" translit=""/><ana lex="ผลัก" pos="PHRV" trans="shove against" translit=""/><ana lex="ผลัก" pos="PHRV" trans="press on2" translit=""/><ana lex="ผลัก" pos="PHRV" trans="push off" translit=""/><ana lex="ผลัก" pos="PHRV" trans="shove off" translit=""/><ana lex="ผลัก" pos="verb,transitive" trans="shove" translit=""/><ana lex="ผลัก" pos="PHRV" trans="press upon" translit=""/><ana lex="ผลัก" pos="verb,transitive" trans="thrust" translit=""/><ana lex="ผลัก" pos="verb,intransitive" trans="thrust" translit=""/></w></se><se><w>ผูก<ana lex="ผูก" pos="verb,transitive" trans="fasten" translit=""/><ana lex="ผูก" pos="verb,transitive" trans="ligature" translit=""/><ana lex="ผูก" pos="verb,transitive" trans="ligate" translit=""/><ana lex="ผูก" pos="PHRV" trans="bind down" translit=""/><ana lex="ผูก" pos="PHRV" trans="bind off" translit=""/><ana lex="ผูก" pos="verb,transitive" trans="affix" translit=""/><ana lex="ผูก" pos="adjective" trans="bound" translit=""/><ana lex="ผูก" pos="verb,transitive" trans="band" translit=""/></w><w>เนอ<ana lex="เนอ" pos="particle" trans="[poetic] ...indeed! — ...rather!" translit="nuuhrM"/></w></se><se><w>ลุ<ana lex="ลุ" pos="verb" trans="gain" translit=""/><ana lex="ลุ" pos="verb" trans="attain" translit=""/><ana lex="ลุ" pos="verb" trans="gain" translit=""/><ana lex="ลุ" pos="verb" trans="to attain; achieve; accomplish; reach; gain; get ; obtain; acquire" translit="looH"/></w><w>ทะลาย<ana lex="ทะลาย" pos="classifier" trans="numerative of coconuts" translit=""/><ana lex="ทะลาย" pos="verb" trans="to tumble or fall down or be ruined; to collapse" translit="thaH laaiM"/><ana lex="ทะลาย" pos="noun" trans="coconut cluster" translit=""/><ana lex="ทะลาย" pos="classifier" trans="[numerical classifier for bunches of coconuts; palm oil frut clusters]" translit="thaH laaiM"/><ana lex="ทะลาย" pos="noun" trans="[of coconuts and palm oil clusters, for example] bunch; cluster" translit="thaH laaiM"/><ana lex="ทะลาย" pos="" trans="[is] disillusioned or shattered" translit="thaH laaiM"/></w><w>รุก</w><w>แค้</w><w>วน<ana lex="วน" pos="" trans="[alternate pronunciation of วน ]" translit="waH naH"/><ana lex="วน" pos="verb,transitive" trans="twirl" translit=""/><ana lex="วน" pos="adjective" trans="vortical" translit=""/></w></se><se><w>.<ana lex="" pos="" trans="" translit=""/></w></se><se><w>พินาศ<ana lex="พินาศ" pos="verb" trans="fall" translit=""/><ana lex="พินาศ" pos="verb,intransitive" trans="die" translit=""/><ana lex="พินาศ" pos="noun,loanword,Pali" trans="ruin; destruction; havoc; demolition; ravage; death; annihilation; decay" translit="phiH naatF"/><ana lex="พินาศ" pos="noun" trans="[ความพินาศ] disaster" translit="phiH naatF"/></w><w>เข้า<ana lex="เข้า" pos="verb" trans="get along with" translit=""/><ana lex="เข้า" pos="verb,transitive" trans="access" translit=""/><ana lex="เข้า" pos="verb" trans="put in" translit=""/><ana lex="เข้า" pos="verb,transitive" trans="enter" translit=""/><ana lex="เข้า" pos="verb,intransitive" trans="enter" translit=""/><ana lex="เข้า" pos="verb" trans="enter" translit=""/><ana lex="เข้า" pos="verb" trans="reach" translit=""/></w><w>พัง<ana lex="พัง" pos="SL" trans="banjaxed" translit=""/><ana lex="พัง" pos="noun" trans="female elephant" translit=""/><ana lex="พัง" pos="verb" trans="collapse" translit=""/><ana lex="พัง" pos="verb" trans="fail" translit=""/></w><w>ครืน<ana lex="ครืน" pos="noun" trans="snare" translit=""/><ana lex="ครืน" pos="adverb" trans="thunderingly; noisily" translit="khreuunM"/><ana lex="ครืน" pos="noun" trans="snare; trap" translit="khreuunM"/><ana lex="ครืน" pos="adverb" trans="thunderingly" translit=""/></w></se><se><w>๏</w></se><se><w>ริน<ana lex="ริน" pos="noun" trans="inferior gold" translit=""/><ana lex="ริน" pos="verb" trans="pour" translit=""/><ana lex="ริน" pos="adverb" trans="gently" translit=""/><ana lex="ริน" pos="verb,transitive" trans="decant" translit=""/></w><w>ริน<ana lex="ริน" pos="noun" trans="inferior gold" translit=""/><ana lex="ริน" pos="verb" trans="pour" translit=""/><ana lex="ริน" pos="adverb" trans="gently" translit=""/><ana lex="ริน" pos="verb,transitive" trans="decant" translit=""/></w><w>หล่น<ana lex="หล่น" pos="PHRV" trans="go over1" translit=""/><ana lex="หล่น" pos="verb" trans="fall" translit=""/><ana lex="หล่น" pos="PHRV" trans="drop out" translit=""/></w><w>ล่วง<ana lex="ล่วง" pos="verb" trans="go beyond" translit=""/></w><w>ล้าง<ana lex="ล้าง" pos="verb,transitive" trans="lave" translit=""/><ana lex="ล้าง" pos="verb" trans="wash clothes" translit=""/><ana lex="ล้าง" pos="verb,intransitive" trans="lave" translit=""/></w></se><se><w>.<ana lex="" pos="" trans="" translit=""/></w></se><se><w>ราน<ana lex="ราน" pos="adjective" trans="cracked" translit=""/><ana lex="ราน" pos="adjective" trans="[is] cracked" translit="raanM"/><ana lex="ราน" pos="verb" trans="cut" translit=""/><ana lex="ราน" pos="" trans="to cut; trim or lop off (as branches); prune" translit="raanM"/></w><w>รอน<ana lex="รอน" pos="verb,transitive,intransitive,formal" trans="to cut; cut down; reduce; reduce strength; trim; curtail; undermine; sever" translit="raawnM"/><ana lex="รอน" pos="adjective" trans="[นอน ] sleeping" translit="raawnM"/><ana lex="รอน" pos="proper noun,loanword,English" trans="Ron [an English given name]" translit="raawnM"/></w></se><se><w>ฝน<ana lex="ฝน" pos="noun" trans="rain" translit=""/><ana lex="ฝน" pos="verb" trans="grind" translit=""/><ana lex="ฝน" pos="verb" trans="sharpen" translit=""/><ana lex="ฝน" pos="noun" trans="rain" translit=""/></w><w>ฝาก<ana lex="ฝาก" pos="verb" trans="deposit" translit=""/><ana lex="ฝาก" pos="verb,transitive" trans="check" translit=""/></w><w>ฝักใฝ่<ana lex="ฝักใฝ่" pos="verb" trans="concentrate on" translit=""/></w><w>ฟอน<ana lex="ฟอน" pos="adjective" trans="ablaze" translit=""/><ana lex="ฟอน" pos="verb" trans="gnaw" translit=""/></w></se><se><w>.<ana lex="" pos="" trans="" translit=""/></w></se><se><w>ฟัด<ana lex="ฟัด" pos="verb" trans="to struggle; to fight; to wrestle" translit="fatH"/><ana lex="ฟัด" pos="verb" trans="fight" translit=""/><ana lex="ฟัด" pos="verb" trans="to swing; to teeter; to sway" translit="fatH"/><ana lex="ฟัด" pos="verb" trans="swing" translit=""/></w><w>ฟุ้ง<ana lex="ฟุ้ง" pos="verb,intransitive" trans="permeate" translit=""/><ana lex="ฟุ้ง" pos="adverb" trans="too much" translit=""/><ana lex="ฟุ้ง" pos="verb" trans="spread" translit=""/></w></se><se><w>นองเนือง<ana lex="นองเนือง" pos="adverb" trans="plentifully" translit=""/></w><w>เนื่อง</w><w>น้ำ<ana lex="น้ำ" pos="noun" trans="liquid" translit=""/><ana lex="น้ำ" pos="PRF" trans="aqua-" translit=""/><ana lex="น้ำ" pos="PRF" trans="aqui-" translit=""/><ana lex="น้ำ" pos="PRF" trans="aque-" translit=""/><ana lex="น้ำ" pos="noun" trans="river" translit=""/><ana lex="น้ำ" pos="noun" trans="aqua" translit=""/><ana lex="น้ำ" pos="noun" trans="water" translit=""/><ana lex="น้ำ" pos="noun" trans="water" translit=""/><ana lex="น้ำ" pos="PRF" trans="hydro-" translit=""/><ana lex="น้ำ" pos="" trans="[alternate pronunciation of น้ำ ]" translit="namH"/></w><w>นอน<ana lex="นอน" pos="verb" trans="sleep" translit=""/><ana lex="นอน" pos="verb,intransitive" trans="lie" translit=""/></w></se><se><w>.<ana lex="" pos="" trans="" translit=""/></w></se><se><w>นั้น<ana lex="นั้น" pos="pronoun" trans="that" translit=""/><ana lex="นั้น" pos="PRON" trans="that" translit=""/></w><w>แน่</w></se><se><w>คลา</w><w>คร่ำ<ana lex="คร่ำ" pos="adjective" trans="older" translit=""/><ana lex="คร่ำ" pos="verb" trans="to moan" translit="khramF"/><ana lex="คร่ำ" pos="verb" trans="to inlay with silver or gold" translit="khramF"/><ana lex="คร่ำ" pos="adjective" trans="[is] blackened; lacquered; inlaid with gold or silver" translit="khramF"/></w><w>ครืน<ana lex="ครืน" pos="noun" trans="snare" translit=""/><ana lex="ครืน" pos="adverb" trans="thunderingly; noisily" translit="khreuunM"/><ana lex="ครืน" pos="noun" trans="snare; trap" translit="khreuunM"/><ana lex="ครืน" pos="adverb" trans="thunderingly" translit=""/></w><w>ครื้น</w><w>คุ้ง<ana lex="คุ้ง" pos="noun" trans="bend of watercourse; river bend; bend in the river" translit="khoongH"/><ana lex="คุ้ง" pos="noun" trans="bend of watercourse" translit=""/></w></se><se><w>.<ana lex="" pos="" trans="" translit=""/></w></se><se><w>คละ<ana lex="คละ" pos="verb" trans="be mixed" translit=""/></w><w>คล้า</w><w>ค่อน<ana lex="ค่อน" pos="adverb" trans="almost" translit=""/><ana lex="ค่อน" pos="verb" trans="carp" translit=""/><ana lex="ค่อน" pos="verb" trans="incline" translit=""/></w><w>ครวญ<ana lex="ครวญ" pos="" trans="to complain; lament; cry; bemoan" translit="khruaanM"/><ana lex="ครวญ" pos="verb" trans="groan" translit=""/><ana lex="ครวญ" pos="verb" trans="sing for" translit=""/></w></se><se><w>๏</w></se><se><w>เสียง<ana lex="เสียง" pos="SUF" trans="-phone" translit=""/><ana lex="เสียง" pos="noun" trans="vote" translit=""/><ana lex="เสียง" pos="noun" trans="voice" translit=""/><ana lex="เสียง" pos="PRF" trans="phono-" translit=""/><ana lex="เสียง" pos="PRF" trans="phon-" translit=""/><ana lex="เสียง" pos="noun" trans="sound" translit=""/><ana lex="เสียง" pos="idiom" trans="place all one's eggs in one basket" translit=""/><ana lex="เสียง" pos="noun" trans="sonancy" translit=""/><ana lex="เสียง" pos="noun" trans="sonance" translit=""/></w><w>หวน<ana lex="หวน" pos="verb" trans="turn back" translit=""/></w><w>ชวน<ana lex="ชวน" pos="verb" trans="persuade" translit=""/></w><w>ไห้</w><w>เฉก<ana lex="เฉก" pos="conjunction" trans="[เฉกเช่น] as if" translit="chaehkL"/><ana lex="เฉก" pos="conjunction" trans="similar to" translit=""/><ana lex="เฉก" pos="conjunction,formal,poetic" trans="[formal conjunction used in written Thai or poetry only] as; like" translit="chaehkL"/></w></se><se><w>.<ana lex="" pos="" trans="" translit=""/></w></se><se><w>โศก<ana lex="โศก" pos="" trans="[alternate pronunciation of โศก ]" translit="so:hR gaL"/><ana lex="โศก" pos="adjective" trans="chartreuse" translit=""/><ana lex="โศก" pos="verb" trans="be sad" translit=""/><ana lex="โศก" pos="noun" trans="Saraca indica" translit=""/><ana lex="โศก" pos="noun" trans="bright green" translit=""/><ana lex="โศก" pos="adjective" trans="sad" translit=""/></w><w>ครวญ<ana lex="ครวญ" pos="" trans="to complain; lament; cry; bemoan" translit="khruaanM"/><ana lex="ครวญ" pos="verb" trans="groan" translit=""/><ana lex="ครวญ" pos="verb" trans="sing for" translit=""/></w></se><se><w>ฟ้า<ana lex="ฟ้า" pos="noun" trans="blue" translit=""/><ana lex="ฟ้า" pos="noun" trans="heaven" translit=""/><ana lex="ฟ้า" pos="noun" trans="sky" translit=""/></w><w>ร่ำ<ana lex="ร่ำ" pos="verb" trans="hit hard" translit=""/><ana lex="ร่ำ" pos="verb" trans="talk repeatedly" translit=""/></w><w>พร่ำ<ana lex="พร่ำ" pos="adjective" trans="continuously; constantly; always (doing something)" translit="phramF"/><ana lex="พร่ำ" pos="adjective" trans="[is] excessive; without limit" translit="phramF"/><ana lex="พร่ำ" pos="adjective" trans="[is] untiring; tireless; indefatigable; disregarding one’s own weariness" translit="phramF"/><ana lex="พร่ำ" pos="verb" trans="repeated" translit=""/><ana lex="พร่ำ" pos="verb" trans="chatter; be garrulous" translit="phramF"/><ana lex="พร่ำ" pos="PHRV" trans="prattle about" translit=""/></w><w>โหยหวน<ana lex="โหยหวน" pos="adjective" trans="disconsolate" translit=""/><ana lex="โหยหวน" pos="verb" trans="moan" translit=""/><ana lex="โหยหวน" pos="adverb" trans="with a groan" translit=""/></w></se><se><w>.<ana lex="" pos="" trans="" translit=""/></w></se><se><w>ฮึ่ม<ana lex="ฮึ่ม" pos="interjection" trans="intimidation" translit=""/><ana lex="ฮึ่ม" pos="interjection" trans="sound which express dissatisfaction" translit=""/><ana lex="ฮึ่ม" pos="verb" trans="be dissatisfied" translit=""/></w><w>ฟ้า<ana lex="ฟ้า" pos="noun" trans="blue" translit=""/><ana lex="ฟ้า" pos="noun" trans="heaven" translit=""/><ana lex="ฟ้า" pos="noun" trans="sky" translit=""/></w></se><se><w>สั่ง<ana lex="สั่ง" pos="verb,transitive" trans="order" translit=""/><ana lex="สั่ง" pos="verb" trans="order" translit=""/><ana lex="สั่ง" pos="verb" trans="blow the nose" translit=""/><ana lex="สั่ง" pos="verb,transitive" trans="tell" translit=""/><ana lex="สั่ง" pos="PHRV" trans="enjoin on" translit=""/><ana lex="สั่ง" pos="PHRV" trans="dictate to" translit=""/><ana lex="สั่ง" pos="PHRV" trans="prescribe for" translit=""/><ana lex="สั่ง" pos="verb,transitive" trans="charge" translit=""/><ana lex="สั่ง" pos="verb" trans="give parting instructions before one dies/leaves" translit=""/><ana lex="สั่ง" pos="verb,transitive" trans="quarterback" translit=""/><ana lex="สั่ง" pos="PHRV" trans="lay on1" translit=""/></w><w>อสุ</w><w>นี<ana lex="นี" pos="" trans="[alternate spelling of ณี]" translit="neeM"/></w><w>สรวล</w></se><se><w>.<ana lex="" pos="" trans="" translit=""/></w></se><se><w>คำ<ana lex="คำ" pos="noun" trans="word" translit=""/><ana lex="คำ" pos="noun" trans="vocable" translit=""/><ana lex="คำ" pos="noun" trans="word" translit=""/></w><w>รณ<ana lex="รณ" pos="noun" trans="noise" translit=""/><ana lex="รณ" pos="noun" trans="happiness" translit=""/><ana lex="รณ" pos="verb" trans="fight" translit=""/><ana lex="รณ" pos="noun" trans="war" translit=""/><ana lex="รณ" pos="noun" trans="loud noise" translit=""/></w><w>สั่ง<ana lex="สั่ง" pos="verb,transitive" trans="order" translit=""/><ana lex="สั่ง" pos="verb" trans="order" translit=""/><ana lex="สั่ง" pos="verb" trans="blow the nose" translit=""/><ana lex="สั่ง" pos="verb,transitive" trans="tell" translit=""/><ana lex="สั่ง" pos="PHRV" trans="enjoin on" translit=""/><ana lex="สั่ง" pos="PHRV" trans="dictate to" translit=""/><ana lex="สั่ง" pos="PHRV" trans="prescribe for" translit=""/><ana lex="สั่ง" pos="verb,transitive" trans="charge" translit=""/><ana lex="สั่ง" pos="verb" trans="give parting instructions before one dies/leaves" translit=""/><ana lex="สั่ง" pos="verb,transitive" trans="quarterback" translit=""/><ana lex="สั่ง" pos="PHRV" trans="lay on1" translit=""/></w></se><se><w>ทัณฑ์<ana lex="ทัณฑ์" pos="noun,formal,loanword,Pali" trans="crime; penalty; sanction; punishment; fierceness" translit="thanM"/><ana lex="ทัณฑ์" pos="prefix" trans="[prefix] [related to] punshment" translit="thanM"/><ana lex="ทัณฑ์" pos="noun,formal,loanword,Pali" trans="wood; staff; stick; pole; rod; tree; handle; branch" translit="thanM"/><ana lex="ทัณฑ์" pos="noun" trans="penalty" translit=""/></w><w>พาด<ana lex="พาด" pos="verb" trans="lean" translit=""/><ana lex="พาด" pos="verb" trans="lay" translit=""/></w><w>จรัส<ana lex="จรัส" pos="adverb" trans="brightly" translit=""/></w><w>จ้า<ana lex="จ้า" pos="adjective" trans="bright" translit=""/><ana lex="จ้า" pos="adjective" trans="[of light] [is] intense; strong" translit="jaaF"/><ana lex="จ้า" pos="verb" trans="be bright" translit=""/><ana lex="จ้า" pos="" trans="[alternate spelling of จ้ะ]" translit="jaaF"/></w></se><se><w>.<ana lex="" pos="" trans="" translit=""/></w></se><se><w>เนตร<ana lex="เนตร" pos="noun,plural,formal,poetic,loanword,Pali" trans="eye or eyes" translit="naehtF"/><ana lex="เนตร" pos="noun,formal,loanword,Pali" trans="[พระเนตร] [royal language] eye or eyes" translit="naehtF"/></w><w>จ้อง<ana lex="จ้อง" pos="verb" trans="stare" translit=""/><ana lex="จ้อง" pos="PHRV" trans="fasten on1" translit=""/></w><w>ผยอง<ana lex="ผยอง" pos="verb" trans="be arrogant" translit=""/></w><w>หยัน<ana lex="หยัน" pos="verb" trans="jeer" translit=""/><ana lex="หยัน" pos="verb,transitive,intransitive,formal" trans="to jeer; to make fun of; to mock; to laugh at; to ridicule; to scoff" translit="yanR"/></w></se><se><w>๏</w></se><se><w>อนันต์<ana lex="อนันต์" pos="adjective,formal,loanword,Pali" trans="countless; boundless; endless; infinite; everlasting; perpetual; incalculable [see Notes]" translit="aL nanM"/><ana lex="อนันต์" pos="adverb" trans="countless" translit=""/><ana lex="อนันต์" pos="proper noun" trans="Anan [a Thai given name]" translit="aL nanM"/></w><w>อเนก<ana lex="อเนก" pos="adjective" trans="multi-" translit=""/></w><w>ด้วย<ana lex="ด้วย" pos="PRF" trans="com-" translit=""/><ana lex="ด้วย" pos="adverb" trans="along" translit=""/><ana lex="ด้วย" pos="conjunction" trans="plus" translit=""/><ana lex="ด้วย" pos="preposition" trans="with" translit=""/><ana lex="ด้วย" pos="adverb" trans="also" translit=""/><ana lex="ด้วย" pos="conjunction" trans="because" translit=""/><ana lex="ด้วย" pos="preposition" trans="by" translit=""/><ana lex="ด้วย" pos="adverb" trans="so" translit=""/></w></se><se><w>.<ana lex="" pos="" trans="" translit=""/></w></se><se><w>บาป<ana lex="บาป" pos="noun" trans="sin" translit=""/><ana lex="บาป" pos="adjective" trans="bad" translit=""/><ana lex="บาป" pos="noun" trans="crime" translit=""/><ana lex="บาป" pos="noun" trans="sin" translit=""/></w><w>นำ<ana lex="นำ" pos="verb,transitive" trans="lead" translit=""/><ana lex="นำ" pos="verb,intransitive" trans="conduct" translit=""/><ana lex="นำ" pos="verb,transitive" trans="conduct" translit=""/><ana lex="นำ" pos="verb" trans="bring" translit=""/><ana lex="นำ" pos="verb" trans="take" translit=""/><ana lex="นำ" pos="verb" trans="lead" translit=""/></w></se><se><w>แร<ana lex="แร" pos="verb" trans="draw (lines)" translit=""/></w><w>ท่วม<ana lex="ท่วม" pos="verb" trans="flood" translit=""/><ana lex="ท่วม" pos="verb,transitive" trans="flow" translit=""/><ana lex="ท่วม" pos="verb,transitive" trans="flood" translit=""/><ana lex="ท่วม" pos="verb,transitive" trans="inundate" translit=""/></w><w>ร่วม<ana lex="ร่วม" pos="verb" trans="join in" translit=""/><ana lex="ร่วม" pos="adverb" trans="almost" translit=""/></w><w>ถลำ<ana lex="ถลำ" pos="verb" trans="slip" translit=""/><ana lex="ถลำ" pos="verb" trans="slip" translit=""/></w></se><se><w>.<ana lex="" pos="" trans="" translit=""/></w></se><se><w>ถก<ana lex="ถก" pos="verb" trans="discuss" translit=""/><ana lex="ถก" pos="verb" trans="to debate; argue; dispute; to discuss" translit="thohkL"/><ana lex="ถก" pos="verb" trans="pull out" translit=""/><ana lex="ถก" pos="verb" trans="roll up" translit=""/><ana lex="ถก" pos="verb" trans="to flay; to roll up; to skin or strip off; to hike up or pull up" translit="thohkL"/></w></se><se><w>-<ana lex="" pos="" trans="" translit=""/></w></se><se><w>รั้ง<ana lex="รั้ง" pos="verb" trans="to keep; occupy; to watch over; to take care of" translit="rangH"/><ana lex="รั้ง" pos="verb,transitive,intransitive" trans="to persuade (or urge) somebody to stay (on)" translit="rangH"/><ana lex="รั้ง" pos="verb,transitive,intransitive" trans="to stop; obstruct; prevent; hold back; restrain; to curb" translit="rangH"/><ana lex="รั้ง" pos="verb" trans="to haul; to pull; to draw" translit="rangH"/><ana lex="รั้ง" pos="" trans="to wait" translit="rangH"/><ana lex="รั้ง" pos="verb,transitive,intransitive" trans="control one's emotion; restrain oneself" translit="rangH"/></w></se><se><w>ยิ่ง<ana lex="ยิ่ง" pos="adverb" trans="more" translit=""/><ana lex="ยิ่ง" pos="adverb" trans="extremely" translit=""/><ana lex="ยิ่ง" pos="auxiliary verb" trans="much" translit=""/><ana lex="ยิ่ง" pos="adverb" trans="the more" translit=""/></w><w>ถ่าง<ana lex="ถ่าง" pos="verb" trans="widen" translit=""/></w><w>ยถากรรม<ana lex="ยถากรรม" pos="noun" trans="fate" translit=""/><ana lex="ยถากรรม" pos="noun" trans="fate; chance; random; destiny" translit="yaH thaaR gamM"/></w></se><se><w>.<ana lex="" pos="" trans="" translit=""/></w></se><se><w>ผู้</w><w>ก่อ<ana lex="ก่อ" pos="verb" trans="construct" translit=""/><ana lex="ก่อ" pos="verb" trans="light (a fire)" translit=""/><ana lex="ก่อ" pos="verb" trans="construct" translit=""/><ana lex="ก่อ" pos="verb" trans="cause" translit=""/><ana lex="ก่อ" pos="verb" trans="lay (brick)" translit=""/></w></se><se><w>พอก<ana lex="พอก" pos="verb" trans="cover" translit=""/></w><w>นา<ana lex="นา" pos="noun" trans="field" translit=""/><ana lex="นา" pos="" trans="[alternate spelling of นะ ]" translit="naaM"/></w></se><se><w>บ่<ana lex="บ่" pos="formal,colloquial,poetic,ancient" trans="[Isaan dialect, ancient, poetic] no; not; nay; nah" translit="baawL"/></w><w>เกิด<ana lex="เกิด" pos="verb,intransitive" trans="arrive" translit=""/><ana lex="เกิด" pos="verb" trans="be born" translit=""/><ana lex="เกิด" pos="verb" trans="happen" translit=""/></w><w>เปิด<ana lex="เปิด" pos="verb" trans="open" translit=""/><ana lex="เปิด" pos="verb" trans="start" translit=""/><ana lex="เปิด" pos="verb,transitive" trans="undo" translit=""/><ana lex="เปิด" pos="verb,intransitive" trans="undo" translit=""/><ana lex="เปิด" pos="verb,intransitive" trans="unlock" translit=""/><ana lex="เปิด" pos="PHRV" trans="turn on1" translit=""/><ana lex="เปิด" pos="verb" trans="switch on" translit=""/><ana lex="เปิด" pos="verb,transitive" trans="unclose" translit=""/><ana lex="เปิด" pos="verb" trans="switch on" translit=""/><ana lex="เปิด" pos="verb,intransitive" trans="unclose" translit=""/><ana lex="เปิด" pos="verb" trans="hold" translit=""/><ana lex="เปิด" pos="verb" trans="open" translit=""/><ana lex="เปิด" pos="verb" trans="flee (in panic)" translit=""/><ana lex="เปิด" pos="verb" trans="open" translit=""/></w><w>กอง<ana lex="กอง" pos="noun" trans="mass" translit=""/><ana lex="กอง" pos="noun" trans="pile" translit=""/><ana lex="กอง" pos="noun" trans="hill" translit=""/><ana lex="กอง" pos="noun" trans="heap" translit=""/><ana lex="กอง" pos="classifier" trans="division" translit=""/><ana lex="กอง" pos="verb" trans="pile" translit=""/><ana lex="กอง" pos="classifier" trans="pile" translit=""/><ana lex="กอง" pos="noun" trans="pile" translit=""/><ana lex="กอง" pos="noun" trans="group" translit=""/><ana lex="กอง" pos="noun" trans="division" translit=""/></w><w>ตั้ง<ana lex="ตั้ง" pos="verb,transitive" trans="plant" translit=""/><ana lex="ตั้ง" pos="verb" trans="establish" translit=""/><ana lex="ตั้ง" pos="adverb" trans="up to" translit=""/><ana lex="ตั้ง" pos="verb" trans="place" translit=""/><ana lex="ตั้ง" pos="verb" trans="fix" translit=""/><ana lex="ตั้ง" pos="classifier" trans="pile" translit=""/><ana lex="ตั้ง" pos="verb" trans="establish" translit=""/><ana lex="ตั้ง" pos="verb" trans="start" translit=""/><ana lex="ตั้ง" pos="verb" trans="stand erect" translit=""/></w></se><se><w>.<ana lex="" pos="" trans="" translit=""/></w></se><se><w>แก่น<ana lex="แก่น" pos="noun" trans="core; hard core; heartwood; gist; centre; nucleus; essence" translit="gaenL"/><ana lex="แก่น" pos="noun" trans="pith" translit=""/><ana lex="แก่น" pos="adjective" trans="naughty; stubborn; uncontrollable" translit="gaenL"/><ana lex="แก่น" pos="noun" trans="core" translit=""/><ana lex="แก่น" pos="noun" trans="essence" translit=""/></w><w>ห้อง<ana lex="ห้อง" pos="noun" trans="room" translit=""/><ana lex="ห้อง" pos="noun" trans="room" translit=""/><ana lex="ห้อง" pos="classifier" trans="room" translit=""/></w><w>กรรม<ana lex="กรรม" pos="noun" trans="karma" translit=""/><ana lex="กรรม" pos="noun" trans="sin" translit=""/><ana lex="กรรม" pos="noun" trans="demeanour" translit=""/><ana lex="กรรม" pos="noun" trans="object" translit=""/><ana lex="กรรม" pos="" trans="[alternate pronunciation of กรรม ]" translit="gamM maH"/><ana lex="กรรม" pos="noun" trans="deed" translit=""/></w><w>เห็น<ana lex="เห็น" pos="PHRV" trans="clap on2" translit=""/><ana lex="เห็น" pos="SL" trans="clock" translit=""/><ana lex="เห็น" pos="verb,transitive" trans="behold" translit=""/><ana lex="เห็น" pos="verb,intransitive" trans="see" translit=""/><ana lex="เห็น" pos="verb,transitive" trans="see" translit=""/><ana lex="เห็น" pos="verb,transitive" trans="sight" translit=""/><ana lex="เห็น" pos="verb,transitive" trans="twig" translit=""/><ana lex="เห็น" pos="verb,transitive" trans="vide" translit=""/></w></se><se><w>๏</w></se><se><w>เข็ญ<ana lex="เข็ญ" pos="adjective" trans="poor; impoverished; destitute; poverty-stricken" translit="khenR"/><ana lex="เข็ญ" pos="adverb" trans="sufferably" translit=""/><ana lex="เข็ญ" pos="noun" trans="distress; suffering; grief; misfortune" translit="khenR"/><ana lex="เข็ญ" pos="adjective" trans="[of a problem] [is] hard; difficult; troubling" translit="khenR"/></w><w>ใด<ana lex="ใด" pos="DET" trans="any" translit=""/><ana lex="ใด" pos="DET" trans="which" translit=""/></w><w>ไคล้<ana lex="ไคล้" pos="noun" trans="magic; charms; trickery" translit="khlaiH"/></w><w>ดื่น<ana lex="ดื่น" pos="verb" trans="be plentiful" translit=""/><ana lex="ดื่น" pos="adjective" trans="[is] plentiful; abundant; numerous; bountiful" translit="deuunL"/></w><w>เคล้า<ana lex="เคล้า" pos="verb" trans="to mingle together; to roll; to knead; to mix together" translit="khlaaoH"/><ana lex="เคล้า" pos="verb" trans="wallow" translit=""/><ana lex="เคล้า" pos="verb" trans="to fondle; to pet" translit="khlaaoH"/><ana lex="เคล้า" pos="verb" trans="mix" translit=""/></w></se><se><w>.<ana lex="" pos="" trans="" translit=""/></w></se><se><w>แด</w><w>ขม<ana lex="ขม" pos="noun" trans="spinach" translit=""/><ana lex="ขม" pos="adjective" trans="bitter" translit=""/><ana lex="ขม" pos="noun" trans="freshwater snail" translit=""/><ana lex="ขม" pos="adjective" trans="bitter" translit=""/></w></se><se><w>ทะ</w><w>ท่าว</w><w>ทบ<ana lex="ทบ" pos="classifier" trans="fold" translit=""/><ana lex="ทบ" pos="verb" trans="compound" translit=""/><ana lex="ทบ" pos="verb" trans="fold" translit=""/></w><w>ระทม<ana lex="ระทม" pos="verb" trans="feel gloomy and depressed" translit=""/><ana lex="ระทม" pos="" trans="[ระทมใจ] to feel gloomy; depressed; angry" translit="raH thohmM"/><ana lex="ระทม" pos="verb" trans="to feel gloomy and depressed; suffer from a condition of excessive anguish" translit="raH thohmM"/></w></se><se><w>.<ana lex="" pos="" trans="" translit=""/></w></se><se><w>ระทด<ana lex="ระทด" pos="verb" trans="be sad" translit=""/><ana lex="ระทด" pos="adjective" trans="[ระทดใจ] [is] sad; in mourning" translit="raH thohtH"/><ana lex="ระทด" pos="adjective" trans="sad" translit=""/><ana lex="ระทด" pos="adjective" trans="[is] sad; in mourning" translit="raH thohtH"/></w><w>ท้อ<ana lex="ท้อ" pos="noun" trans="peach" translit=""/><ana lex="ท้อ" pos="verb" trans="discourage" translit=""/></w></se><se><w>มลาย<ana lex="มลาย" pos="verb" trans="destroy" translit=""/></w><w>พ่าย<ana lex="พ่าย" pos="verb" trans="lose" translit=""/></w><w>พิษ<ana lex="พิษ" pos="noun" trans="poison" translit=""/><ana lex="พิษ" pos="noun" trans="toxin" translit=""/><ana lex="พิษ" pos="noun" trans="danger" translit=""/></w><w>พรม<ana lex="พรม" pos="noun" trans="rug" translit=""/><ana lex="พรม" pos="noun" trans="tapis" translit=""/><ana lex="พรม" pos="verb,transitive" trans="perfuse" translit=""/><ana lex="พรม" pos="noun" trans="carpet" translit=""/><ana lex="พรม" pos="verb" trans="sprinkle" translit=""/><ana lex="พรม" pos="verb,transitive" trans="sparge" translit=""/><ana lex="พรม" pos="verb,intransitive" trans="sparge" translit=""/><ana lex="พรม" pos="noun" trans="carpet" translit=""/></w></se><se><w>.<ana lex="" pos="" trans="" translit=""/></w></se><se><w>พร่อง<ana lex="พร่อง" pos="verb" trans="be depleted" translit=""/></w><w>เหือด<ana lex="เหือด" pos="noun" trans="German measles" translit=""/><ana lex="เหือด" pos="adjective" trans="[is] parched" translit="heuuatL"/><ana lex="เหือด" pos="verb" trans="dry up" translit=""/><ana lex="เหือด" pos="noun" trans="German measles" translit="heuuatL"/><ana lex="เหือด" pos="verb" trans="to dry up" translit="heuuatL"/></w></se><se><w>แห้ง<ana lex="แห้ง" pos="verb" trans="be dry" translit=""/><ana lex="แห้ง" pos="verb,intransitive" trans="dry" translit=""/><ana lex="แห้ง" pos="adjective" trans="xero-" translit=""/><ana lex="แห้ง" pos="adjective" trans="arid" translit=""/><ana lex="แห้ง" pos="adjective" trans="xer-" translit=""/><ana lex="แห้ง" pos="adjective" trans="dried" translit=""/><ana lex="แห้ง" pos="adjective" trans="sear" translit=""/><ana lex="แห้ง" pos="verb" trans="dehydrate" translit=""/><ana lex="แห้ง" pos="adjective" trans="dry" translit=""/><ana lex="แห้ง" pos="adjective" trans="sere" translit=""/></w><w>เฮย</w></se><se><w>เพียง</w><w>ประทาน<ana lex="ประทาน" pos="verb" trans="grant" translit=""/></w><w>ผ่าน<ana lex="ผ่าน" pos="PHRV" trans="get by1" translit=""/><ana lex="ผ่าน" pos="verb" trans="ask a high price" translit=""/><ana lex="ผ่าน" pos="verb" trans="pass" translit=""/><ana lex="ผ่าน" pos="verb" trans="change" translit=""/><ana lex="ผ่าน" pos="PHRV" trans="enter by" translit=""/><ana lex="ผ่าน" pos="verb" trans="overcome" translit=""/><ana lex="ผ่าน" pos="verb,transitive" trans="passage" translit=""/><ana lex="ผ่าน" pos="verb,intransitive" trans="passage" translit=""/><ana lex="ผ่าน" pos="adverb" trans="thru" translit=""/><ana lex="ผ่าน" pos="preposition" trans="thru" translit=""/><ana lex="ผ่าน" pos="PRF" trans="dia-" translit=""/><ana lex="ผ่าน" pos="verb" trans="carry" translit=""/><ana lex="ผ่าน" pos="PRF" trans="per-" translit=""/><ana lex="ผ่าน" pos="PHRV" trans="get through2" translit=""/><ana lex="ผ่าน" pos="PHRV" trans="go past" translit=""/><ana lex="ผ่าน" pos="verb" trans="be used to" translit=""/><ana lex="ผ่าน" pos="adjective" trans="thru" translit=""/><ana lex="ผ่าน" pos="PHRV" trans="be past" translit=""/><ana lex="ผ่าน" pos="preposition" trans="by" translit=""/></w><w>ข้อ<ana lex="ข้อ" pos="noun" trans="item" translit=""/><ana lex="ข้อ" pos="noun" trans="item" translit=""/><ana lex="ข้อ" pos="noun" trans="item" translit=""/><ana lex="ข้อ" pos="noun" trans="item" translit=""/></w></se><se><w>.<ana lex="" pos="" trans="" translit=""/></w></se><se><w>พิสุทธิ์<ana lex="พิสุทธิ์" pos="adjective" trans="clean" translit=""/><ana lex="พิสุทธิ์" pos="adjective" trans="pure" translit=""/></w><w>ขั้น<ana lex="ขั้น" pos="noun" trans="stage" translit=""/><ana lex="ขั้น" pos="noun" trans="point" translit=""/><ana lex="ขั้น" pos="classifier" trans="step" translit=""/><ana lex="ขั้น" pos="noun,formal" trans="rank" translit="khanF"/><ana lex="ขั้น" pos="noun" trans="step" translit="khanF"/><ana lex="ขั้น" pos="classifier" trans="[numerical classifier for stairs, process, and Thai government official position ranking]" translit="khanF"/></w><w>ศานติ์<ana lex="ศานติ์" pos="noun" trans="peace and happiness; calm" translit="saanR"/></w><w>สรวง<ana lex="สรวง" pos="" trans="an angel" translit="suaangR"/><ana lex="สรวง" pos="" trans="heaven" translit="suaangR"/><ana lex="สรวง" pos="prefix" trans="[euphonious prefix]" translit="suaangR"/><ana lex="สรวง" pos="" trans="to make an offering to the spirits" translit="suaangR"/></w></se><se><w>๏</w></se><se><w>บำบวง</w><w>ปวง<ana lex="ปวง" pos="DET" trans="all" translit=""/></w><w>เทพ<ana lex="เทพ" pos="" trans="[alternate pronunciation of เทพ ]" translit="thaehpF phaH"/><ana lex="เทพ" pos="noun" trans="god" translit=""/></w><w>เบื้อง</w></se><se><w>.<ana lex="" pos="" trans="" translit=""/></w></se><se><w>บัน</w><w>สถาน<ana lex="สถาน" pos="" trans="[alternate pronunciation of สถาน ]" translit="saL thaanR naH"/><ana lex="สถาน" pos="noun" trans="place" translit=""/><ana lex="สถาน" pos="noun" trans="item" translit=""/><ana lex="สถาน" pos="noun" trans="status" translit=""/><ana lex="สถาน" pos="noun" trans="place" translit=""/></w></se><se><w>ทิพย์<ana lex="ทิพย์" pos="adjective" trans="divine; supernatural; spiritual; heavenly" translit="thipH"/><ana lex="ทิพย์" pos="adjective" trans="divine" translit=""/><ana lex="ทิพย์" pos="noun" trans="[น้ำทิพย์] nectar; divine liquid" translit="thipH"/></w><w>แฮ</w></se><se><w>มาด<ana lex="มาด" pos="verb" trans="intend; to fix one's mind" translit="maatF"/><ana lex="มาด" pos="noun" trans="demeanor; style; presence" translit="maatF"/></w><w>บัด<ana lex="บัด" pos="noun,adverb" trans="[บัดนี้] now; this instant; at this moment; immediately" translit="batL"/><ana lex="บัด" pos="" trans="time; moment" translit="batL"/></w><w>พลี<ana lex="พลี" pos="noun" trans="sacrificial ceremony; religious offering; worship; oblation" translit="phaH leeM"/></w><w>ดวง<ana lex="ดวง" pos="classifier" trans="numerative noun for things" translit=""/><ana lex="ดวง" pos="noun" trans="disk/disc" translit=""/></w><w>มาน<ana lex="มาน" pos="noun" trans="heart" translit=""/><ana lex="มาน" pos="noun" trans="dropsy" translit=""/><ana lex="มาน" pos="noun" trans="pride" translit=""/><ana lex="มาน" pos="noun" trans="pride" translit=""/><ana lex="มาน" pos="noun" trans="measurement" translit=""/><ana lex="มาน" pos="noun" trans="measurement" translit=""/><ana lex="มาน" pos="noun" trans="heart" translit=""/><ana lex="มาน" pos="noun" trans="dropsy" translit=""/></w></se><se><w>.<ana lex="" pos="" trans="" translit=""/></w></se><se><w>มอด<ana lex="มอด" pos="noun" trans="weevil" translit=""/><ana lex="มอด" pos="verb" trans="die" translit=""/><ana lex="มอด" pos="verb" trans="die out" translit=""/><ana lex="มอด" pos="noun,loanword,English" trans="[ตัวมอด] [Thai transcription of the foreign loanword, moth]" translit="maawtF"/><ana lex="มอด" pos="verb" trans="to die out; to flicker out" translit="maawtF"/><ana lex="มอด" pos="noun" trans="[แมลงมอด] ricemite; woodmite; wheatmite; snout beetle" translit="maawtF"/><ana lex="มอด" pos="adjective" trans="[is] extinguished; [has] perished" translit="maawtF"/></w><w>ไหม้<ana lex="ไหม้" pos="adjective" trans="ablaze" translit=""/><ana lex="ไหม้" pos="verb" trans="burn" translit=""/><ana lex="ไหม้" pos="verb" trans="burn" translit=""/><ana lex="ไหม้" pos="verb,transitive" trans="burn" translit=""/><ana lex="ไหม้" pos="adjective" trans="burnt" translit=""/></w></se><se><w>บูชิต</w><w>ฮีตคอง</w><w>กาล<ana lex="กาล" pos="noun,poetic,loanword,Pali" trans="epoch; time; era" translit="gaanM"/><ana lex="กาล" pos="noun" trans="time" translit=""/><ana lex="กาล" pos="noun" trans="death; doom" translit="gaanM"/><ana lex="กาล" pos="noun" trans="[สีกาล] the color dark blue    " translit="gaanM"/><ana lex="กาล" pos="noun" trans="black cobra" translit="gaanM"/><ana lex="กาล" pos="noun" trans="tense" translit=""/><ana lex="กาล" pos="" trans="[alternate pronunciation of กาล]" translit="gaaM laH"/><ana lex="กาล" pos="proper noun" trans="the god Siva" translit="gaanM"/><ana lex="กาล" pos="noun,loanword,Pali" trans="[grammar] tense" translit="gaanM"/></w></se><se><w>.<ana lex="" pos="" trans="" translit=""/></w></se><se><w>สืบ<ana lex="สืบ" pos="verb" trans="find out" translit=""/><ana lex="สืบ" pos="verb,intransitive" trans="spy" translit=""/><ana lex="สืบ" pos="verb" trans="detect" translit=""/></w><w>ก่อ<ana lex="ก่อ" pos="verb" trans="construct" translit=""/><ana lex="ก่อ" pos="verb" trans="light (a fire)" translit=""/><ana lex="ก่อ" pos="verb" trans="construct" translit=""/><ana lex="ก่อ" pos="verb" trans="cause" translit=""/><ana lex="ก่อ" pos="verb" trans="lay (brick)" translit=""/></w></se><se><w>ชนม์<ana lex="ชนม์" pos="noun,formal,loanword,Pali" trans="age; life; birth; origin" translit="chohnM"/><ana lex="ชนม์" pos="noun" trans="birth" translit=""/></w><w>เนอ<ana lex="เนอ" pos="particle" trans="[poetic] ...indeed! — ...rather!" translit="nuuhrM"/></w></se><se><w>จุ่ง</w><w>เสพ<ana lex="เสพ" pos="verb" trans="eat" translit=""/><ana lex="เสพ" pos="verb" trans="to consume; to eat; to drink; to have carnal enjoyment; to have sexual intercourse; to indulge in; to partake; indulgent act or behavior of eating; drinking; drug-usage; sexual activity" translit="saehpL"/><ana lex="เสพ" pos="verb" trans="indulgent act or behavior of eating, drinking, drug-usage, sexual activity, etc." translit="saehpL"/><ana lex="เสพ" pos="noun" trans="[การเสพ] consumption; eating; drinking" translit="saehpL"/></w><w>สังเวย<ana lex="สังเวย" pos="verb" trans="sacrifice" translit=""/><ana lex="สังเวย" pos="PHRV" trans="sacrifice to" translit=""/></w><w>ไซร้<ana lex="ไซร้" pos="particle" trans="[a particle used at the end of a conditional clause for emphasis or rhetoric effect] certainly" translit="saiH"/><ana lex="ไซร้" pos="END" trans="then" translit=""/></w></se><se><w>.<ana lex="" pos="" trans="" translit=""/></w></se><se><w>เซ่น<ana lex="เซ่น" pos="verb" trans="make offerings" translit=""/></w><w>ว้าง<ana lex="ว้าง" pos="verb" trans="be spacious" translit=""/></w><w>สร่าง<ana lex="สร่าง" pos="verb" trans="to recover from; be rid of; get over; be free from" translit="saangL"/><ana lex="สร่าง" pos="verb" trans="recover" translit=""/><ana lex="สร่าง" pos="verb" trans="to abate or lessen, to be in remission" translit="saangL"/></w><w>เวร<ana lex="เวร" pos="noun" trans="retribution" translit=""/><ana lex="เวร" pos="noun" trans="turn" translit=""/></w></se><se><w>๚</w><w>ะ๛</w></se><se><w>+<ana lex="" pos="" trans="" translit=""/></w></se><se><w>กิ่ง<ana lex="กิ่ง" pos="noun" trans="limb" translit=""/><ana lex="กิ่ง" pos="noun" trans="branch" translit=""/><ana lex="กิ่ง" pos="noun" trans="bough" translit=""/><ana lex="กิ่ง" pos="classifier" trans="classifier of ivory" translit=""/></w><w>โศก<ana lex="โศก" pos="" trans="[alternate pronunciation of โศก ]" translit="so:hR gaL"/><ana lex="โศก" pos="adjective" trans="chartreuse" translit=""/><ana lex="โศก" pos="verb" trans="be sad" translit=""/><ana lex="โศก" pos="noun" trans="Saraca indica" translit=""/><ana lex="โศก" pos="noun" trans="bright green" translit=""/><ana lex="โศก" pos="adjective" trans="sad" translit=""/></w></se><se><w>+<ana lex="" pos="" trans="" translit=""/></w></se></body>