<body><meta><link>http://www.thaipoem.com/%E0%B8%81%E0%B8%A5%E0%B8%AD%E0%B8%99/%E0%B8%81%E0%B8%A5%E0%B8%AD%E0%B8%99%E0%B8%95%E0%B8%B2%E0%B8%A1%E0%B9%83%E0%B8%88%E0%B8%84%E0%B8%B8%E0%B8%93/65845</link><title>สำคัญไหม...ถามเธอ...</title><genre>poem</genre></meta><se><w>จาก<ana lex="จาก" pos="preposition" trans="von" translit=""/><ana lex="จาก" pos="PRF" trans="dis-" translit=""/><ana lex="จาก" pos="verb" trans="depart" translit=""/><ana lex="จาก" pos="preposition" trans="at" translit=""/><ana lex="จาก" pos="PRF" trans="a-" translit=""/><ana lex="จาก" pos="preposition" trans="from" translit=""/><ana lex="จาก" pos="preposition" trans="from" translit=""/><ana lex="จาก" pos="PRF" trans="ab-" translit=""/><ana lex="จาก" pos="noun" trans="a kind of Thai dessert" translit=""/><ana lex="จาก" pos="noun" trans="nipa palm" translit=""/></w><w>วัน<ana lex="วัน" pos="" trans="[alternate pronunciation of วัน ]" translit="wanM naH"/><ana lex="วัน" pos="noun" trans="day" translit=""/><ana lex="วัน" pos="noun" trans="diem" translit=""/><ana lex="วัน" pos="noun" trans="day" translit=""/></w><w>ที่<ana lex="ที่" pos="PRON" trans="that" translit=""/><ana lex="ที่" pos="preposition" trans="at" translit=""/><ana lex="ที่" pos="noun" trans="word for utensil" translit=""/><ana lex="ที่" pos="preposition" trans="at" translit=""/><ana lex="ที่" pos="noun" trans="place" translit=""/><ana lex="ที่" pos="classifier" trans="qualifiers for places" translit=""/><ana lex="ที่" pos="noun" trans="ordinal number" translit=""/><ana lex="ที่" pos="preposition" trans="to" translit=""/><ana lex="ที่" pos="noun" trans="land" translit=""/></w><w>ผ่าน<ana lex="ผ่าน" pos="PHRV" trans="get by1" translit=""/><ana lex="ผ่าน" pos="verb" trans="ask a high price" translit=""/><ana lex="ผ่าน" pos="verb" trans="pass" translit=""/><ana lex="ผ่าน" pos="verb" trans="change" translit=""/><ana lex="ผ่าน" pos="PHRV" trans="enter by" translit=""/><ana lex="ผ่าน" pos="verb" trans="overcome" translit=""/><ana lex="ผ่าน" pos="verb,transitive" trans="passage" translit=""/><ana lex="ผ่าน" pos="verb,intransitive" trans="passage" translit=""/><ana lex="ผ่าน" pos="adverb" trans="thru" translit=""/><ana lex="ผ่าน" pos="preposition" trans="thru" translit=""/><ana lex="ผ่าน" pos="PRF" trans="dia-" translit=""/><ana lex="ผ่าน" pos="verb" trans="carry" translit=""/><ana lex="ผ่าน" pos="PRF" trans="per-" translit=""/><ana lex="ผ่าน" pos="PHRV" trans="get through2" translit=""/><ana lex="ผ่าน" pos="PHRV" trans="go past" translit=""/><ana lex="ผ่าน" pos="verb" trans="be used to" translit=""/><ana lex="ผ่าน" pos="adjective" trans="thru" translit=""/><ana lex="ผ่าน" pos="PHRV" trans="be past" translit=""/><ana lex="ผ่าน" pos="preposition" trans="by" translit=""/></w><w>มา<ana lex="มา" pos="PHRV" trans="get in1" translit=""/><ana lex="มา" pos="adverb" trans="coming (toward the present; or toward the focal time)" translit=""/><ana lex="มา" pos="verb,intransitive" trans="come" translit=""/><ana lex="มา" pos="verb" trans="arrive" translit=""/></w></se><se><w>สำหรับ<ana lex="สำหรับ" pos="preposition" trans="for" translit=""/><ana lex="สำหรับ" pos="preposition" trans="for" translit=""/><ana lex="สำหรับ" pos="preposition" trans="for" translit=""/><ana lex="สำหรับ" pos="preposition" trans="for" translit=""/><ana lex="สำหรับ" pos="preposition" trans="for" translit=""/><ana lex="สำหรับ" pos="preposition" trans="pro" translit=""/></w><w>ฉัน<ana lex="ฉัน" pos="" trans="[alternate pronunciation of ฉัน ]" translit="chanH"/><ana lex="ฉัน" pos="pronoun" trans="me" translit=""/></w><w>สำคัญ<ana lex="สำคัญ" pos="adjective" trans="important" translit=""/><ana lex="สำคัญ" pos="adjective" trans="central" translit=""/><ana lex="สำคัญ" pos="verb" trans="understand" translit=""/><ana lex="สำคัญ" pos="verb" trans="be important" translit=""/><ana lex="สำคัญ" pos="adjective" trans="staple" translit=""/><ana lex="สำคัญ" pos="adjective" trans="important" translit=""/><ana lex="สำคัญ" pos="adjective" trans="relevant" translit=""/><ana lex="สำคัญ" pos="adjective" trans="key" translit=""/><ana lex="สำคัญ" pos="adjective" trans="arch" translit=""/><ana lex="สำคัญ" pos="adjective" trans="chief" translit=""/><ana lex="สำคัญ" pos="adjective" trans="substantive" translit=""/><ana lex="สำคัญ" pos="adjective" trans="leading" translit=""/><ana lex="สำคัญ" pos="PHRV" trans="loom large" translit=""/><ana lex="สำคัญ" pos="adjective" trans="material" translit=""/><ana lex="สำคัญ" pos="adjective" trans="consequential" translit=""/><ana lex="สำคัญ" pos="SL" trans="red-hot" translit=""/><ana lex="สำคัญ" pos="adjective" trans="great" translit=""/><ana lex="สำคัญ" pos="verb" trans="important" translit=""/><ana lex="สำคัญ" pos="adjective" trans="considerable" translit=""/></w><w>เสมอ<ana lex="เสมอ" pos="adverb" trans="always" translit=""/><ana lex="เสมอ" pos="verb" trans="be equal" translit=""/><ana lex="เสมอ" pos="adverb" trans="semper" translit=""/><ana lex="เสมอ" pos="adverb" trans="always" translit=""/></w></se><se><w>และ<ana lex="และ" pos="conjunction" trans="and" translit=""/><ana lex="และ" pos="conjunction" trans="and" translit=""/></w><w>อยาก<ana lex="อยาก" pos="PHRV" trans="care for" translit=""/><ana lex="อยาก" pos="PHRV" trans="feel like" translit=""/></w><w>จะ<ana lex="จะ" pos="auxiliary verb" trans="will" translit=""/><ana lex="จะ" pos="auxiliary verb" trans="will" translit=""/><ana lex="จะ" pos="" trans="[alternate spelling of จ้ะ]" translit="jaL"/></w><w>ถาม<ana lex="ถาม" pos="verb,transitive" trans="ask" translit=""/><ana lex="ถาม" pos="verb,transitive" trans="pose" translit=""/><ana lex="ถาม" pos="verb,intransitive" trans="ask" translit=""/><ana lex="ถาม" pos="SL" trans="aks" translit=""/><ana lex="ถาม" pos="PHRV" trans="look in2" translit=""/><ana lex="ถาม" pos="PHRV" trans="enquire of" translit=""/><ana lex="ถาม" pos="verb" trans="ask" translit=""/></w><w>เธอ<ana lex="เธอ" pos="PRON" trans="you" translit=""/><ana lex="เธอ" pos="pronoun" trans="she" translit=""/><ana lex="เธอ" pos="pronoun" trans="her" translit=""/><ana lex="เธอ" pos="PRON" trans="she" translit=""/></w></se><se><w>วัน<ana lex="วัน" pos="" trans="[alternate pronunciation of วัน ]" translit="wanM naH"/><ana lex="วัน" pos="noun" trans="day" translit=""/><ana lex="วัน" pos="noun" trans="diem" translit=""/><ana lex="วัน" pos="noun" trans="day" translit=""/></w><w>ที่<ana lex="ที่" pos="PRON" trans="that" translit=""/><ana lex="ที่" pos="preposition" trans="at" translit=""/><ana lex="ที่" pos="noun" trans="word for utensil" translit=""/><ana lex="ที่" pos="preposition" trans="at" translit=""/><ana lex="ที่" pos="noun" trans="place" translit=""/><ana lex="ที่" pos="classifier" trans="qualifiers for places" translit=""/><ana lex="ที่" pos="noun" trans="ordinal number" translit=""/><ana lex="ที่" pos="preposition" trans="to" translit=""/><ana lex="ที่" pos="noun" trans="land" translit=""/></w><w>อยู่<ana lex="อยู่" pos="verb,intransitive" trans="abide" translit=""/><ana lex="อยู่" pos="auxiliary verb" trans="be" translit=""/></w><w>กับ<ana lex="กับ" pos="preposition" trans="with" translit=""/><ana lex="กับ" pos="preposition" trans="with" translit=""/><ana lex="กับ" pos="noun" trans="trap" translit=""/><ana lex="กับ" pos="preposition" trans="on" translit=""/><ana lex="กับ" pos="conjunction" trans="and" translit=""/><ana lex="กับ" pos="preposition" trans="with" translit=""/></w><w>ฉัน<ana lex="ฉัน" pos="" trans="[alternate pronunciation of ฉัน ]" translit="chanH"/><ana lex="ฉัน" pos="pronoun" trans="me" translit=""/></w><w>มัน<ana lex="มัน" pos="pronoun" trans="it" translit=""/><ana lex="มัน" pos="noun" trans="fat" translit=""/><ana lex="มัน" pos="noun" trans="yam" translit=""/><ana lex="มัน" pos="PRON" trans="it" translit=""/></w><w>สำคัญ<ana lex="สำคัญ" pos="adjective" trans="important" translit=""/><ana lex="สำคัญ" pos="adjective" trans="central" translit=""/><ana lex="สำคัญ" pos="verb" trans="understand" translit=""/><ana lex="สำคัญ" pos="verb" trans="be important" translit=""/><ana lex="สำคัญ" pos="adjective" trans="staple" translit=""/><ana lex="สำคัญ" pos="adjective" trans="important" translit=""/><ana lex="สำคัญ" pos="adjective" trans="relevant" translit=""/><ana lex="สำคัญ" pos="adjective" trans="key" translit=""/><ana lex="สำคัญ" pos="adjective" trans="arch" translit=""/><ana lex="สำคัญ" pos="adjective" trans="chief" translit=""/><ana lex="สำคัญ" pos="adjective" trans="substantive" translit=""/><ana lex="สำคัญ" pos="adjective" trans="leading" translit=""/><ana lex="สำคัญ" pos="PHRV" trans="loom large" translit=""/><ana lex="สำคัญ" pos="adjective" trans="material" translit=""/><ana lex="สำคัญ" pos="adjective" trans="consequential" translit=""/><ana lex="สำคัญ" pos="SL" trans="red-hot" translit=""/><ana lex="สำคัญ" pos="adjective" trans="great" translit=""/><ana lex="สำคัญ" pos="verb" trans="important" translit=""/><ana lex="สำคัญ" pos="adjective" trans="considerable" translit=""/></w><w>ไหม<ana lex="ไหม" pos="noun" trans="silk thread" translit=""/><ana lex="ไหม" pos="noun" trans="silk" translit="maiR"/><ana lex="ไหม" pos="noun" trans="silk wool" translit=""/><ana lex="ไหม" pos="noun" trans="silk cloth" translit=""/><ana lex="ไหม" pos="noun" trans="silk worm" translit=""/><ana lex="ไหม" pos="QUES" trans="word ending at the end of the question to be answered 'Yes' or 'No'" translit=""/><ana lex="ไหม" pos="noun" trans="[ตัวไหม] silkworm" translit="maiR"/><ana lex="ไหม" pos="particle" trans="[word added at the end of a statement to indicate a question]" translit="maiR"/><ana lex="ไหม" pos="adverb,particle" trans="[alternative, colloquial pronunciation of ไหม, word added at the end of a statement to indicate a question]" translit="maiH"/><ana lex="ไหม" pos="" trans="[alternate pronunciation of ไหม]" translit="maiH"/><ana lex="ไหม" pos="noun" trans="[ผ้าไหม] silk fabric" translit="maiR"/><ana lex="ไหม" pos="adjective" trans="silken; of silk" translit="maiR"/></w></se><se><w>มัน<ana lex="มัน" pos="pronoun" trans="it" translit=""/><ana lex="มัน" pos="noun" trans="fat" translit=""/><ana lex="มัน" pos="noun" trans="yam" translit=""/><ana lex="มัน" pos="PRON" trans="it" translit=""/></w><w>อยู่<ana lex="อยู่" pos="verb,intransitive" trans="abide" translit=""/><ana lex="อยู่" pos="auxiliary verb" trans="be" translit=""/></w><w>ที่<ana lex="ที่" pos="PRON" trans="that" translit=""/><ana lex="ที่" pos="preposition" trans="at" translit=""/><ana lex="ที่" pos="noun" trans="word for utensil" translit=""/><ana lex="ที่" pos="preposition" trans="at" translit=""/><ana lex="ที่" pos="noun" trans="place" translit=""/><ana lex="ที่" pos="classifier" trans="qualifiers for places" translit=""/><ana lex="ที่" pos="noun" trans="ordinal number" translit=""/><ana lex="ที่" pos="preposition" trans="to" translit=""/><ana lex="ที่" pos="noun" trans="land" translit=""/></w><w>ใจ<ana lex="ใจ" pos="noun" trans="heart" translit=""/><ana lex="ใจ" pos="noun" trans="mind" translit=""/></w></se><se><w>สำหรับ<ana lex="สำหรับ" pos="preposition" trans="for" translit=""/><ana lex="สำหรับ" pos="preposition" trans="for" translit=""/><ana lex="สำหรับ" pos="preposition" trans="for" translit=""/><ana lex="สำหรับ" pos="preposition" trans="for" translit=""/><ana lex="สำหรับ" pos="preposition" trans="for" translit=""/><ana lex="สำหรับ" pos="preposition" trans="pro" translit=""/></w><w>เธอ<ana lex="เธอ" pos="PRON" trans="you" translit=""/><ana lex="เธอ" pos="pronoun" trans="she" translit=""/><ana lex="เธอ" pos="pronoun" trans="her" translit=""/><ana lex="เธอ" pos="PRON" trans="she" translit=""/></w><w>คง<ana lex="คง" pos="auxiliary verb" trans="may" translit=""/></w><w>ไม่<ana lex="ไม่" pos="adverb" trans="not" translit=""/><ana lex="ไม่" pos="PRF" trans="an-" translit=""/><ana lex="ไม่" pos="PRF" trans="un-" translit=""/><ana lex="ไม่" pos="PRF" trans="un-" translit=""/><ana lex="ไม่" pos="adjective" trans="nary" translit=""/><ana lex="ไม่" pos="NEG" trans="not" translit=""/><ana lex="ไม่" pos="PRF" trans="in-" translit=""/><ana lex="ไม่" pos="adverb" trans="no" translit=""/><ana lex="ไม่" pos="PRF" trans="non-" translit=""/><ana lex="ไม่" pos="PRF" trans="non-" translit=""/><ana lex="ไม่" pos="PRF" trans="in-" translit=""/><ana lex="ไม่" pos="SL" trans="no soup" translit=""/><ana lex="ไม่" pos="SL" trans="no sale" translit=""/><ana lex="ไม่" pos="SL" trans="nope" translit=""/><ana lex="ไม่" pos="SL" trans="No way!" translit=""/><ana lex="ไม่" pos="NEG" trans="not" translit=""/><ana lex="ไม่" pos="SL" trans="Nuts!" translit=""/></w></se><se><w>เพราะ<ana lex="เพราะ" pos="conjunction" trans="because" translit=""/><ana lex="เพราะ" pos="adjective" trans="melodious" translit=""/></w><w>ถ้า<ana lex="ถ้า" pos="conjunction" trans="if" translit=""/><ana lex="ถ้า" pos="conjunction" trans="if" translit=""/><ana lex="ถ้า" pos="conjunction" trans="when" translit=""/></w><w>ใช่<ana lex="ใช่" pos="adverb" trans="yes" translit=""/></w></se><se><w>เธอ<ana lex="เธอ" pos="PRON" trans="you" translit=""/><ana lex="เธอ" pos="pronoun" trans="she" translit=""/><ana lex="เธอ" pos="pronoun" trans="her" translit=""/><ana lex="เธอ" pos="PRON" trans="she" translit=""/></w><w>คง<ana lex="คง" pos="auxiliary verb" trans="may" translit=""/></w><w>ไม่<ana lex="ไม่" pos="adverb" trans="not" translit=""/><ana lex="ไม่" pos="PRF" trans="an-" translit=""/><ana lex="ไม่" pos="PRF" trans="un-" translit=""/><ana lex="ไม่" pos="PRF" trans="un-" translit=""/><ana lex="ไม่" pos="adjective" trans="nary" translit=""/><ana lex="ไม่" pos="NEG" trans="not" translit=""/><ana lex="ไม่" pos="PRF" trans="in-" translit=""/><ana lex="ไม่" pos="adverb" trans="no" translit=""/><ana lex="ไม่" pos="PRF" trans="non-" translit=""/><ana lex="ไม่" pos="PRF" trans="non-" translit=""/><ana lex="ไม่" pos="PRF" trans="in-" translit=""/><ana lex="ไม่" pos="SL" trans="no soup" translit=""/><ana lex="ไม่" pos="SL" trans="no sale" translit=""/><ana lex="ไม่" pos="SL" trans="nope" translit=""/><ana lex="ไม่" pos="SL" trans="No way!" translit=""/><ana lex="ไม่" pos="NEG" trans="not" translit=""/><ana lex="ไม่" pos="SL" trans="Nuts!" translit=""/></w><w>ทิ้ง<ana lex="ทิ้ง" pos="PHRV" trans="cast out" translit=""/><ana lex="ทิ้ง" pos="verb,transitive" trans="trash" translit=""/><ana lex="ทิ้ง" pos="PHRV" trans="cast off" translit=""/><ana lex="ทิ้ง" pos="verb" trans="run away" translit=""/><ana lex="ทิ้ง" pos="verb" trans="leave" translit=""/><ana lex="ทิ้ง" pos="verb,transitive" trans="dump" translit=""/><ana lex="ทิ้ง" pos="verb" trans="drop" translit=""/><ana lex="ทิ้ง" pos="verb,transitive" trans="abandon" translit=""/><ana lex="ทิ้ง" pos="verb" trans="discard" translit=""/><ana lex="ทิ้ง" pos="verb,transitive" trans="cast" translit=""/><ana lex="ทิ้ง" pos="verb,transitive" trans="ditch" translit=""/></w><w>คน<ana lex="คน" pos="noun" trans="bloke" translit=""/><ana lex="คน" pos="verb,transitive" trans="mill" translit=""/><ana lex="คน" pos="PRF" trans="anthropo-" translit=""/><ana lex="คน" pos="noun" trans="human" translit=""/><ana lex="คน" pos="noun" trans="people" translit=""/><ana lex="คน" pos="noun" trans="being" translit=""/><ana lex="คน" pos="PHRV" trans="stir about" translit=""/><ana lex="คน" pos="PHRV" trans="stir around" translit=""/><ana lex="คน" pos="SL" trans="bod" translit=""/><ana lex="คน" pos="classifier" trans="person" translit=""/><ana lex="คน" pos="verb" trans="stir" translit=""/></w><w>ที่<ana lex="ที่" pos="PRON" trans="that" translit=""/><ana lex="ที่" pos="preposition" trans="at" translit=""/><ana lex="ที่" pos="noun" trans="word for utensil" translit=""/><ana lex="ที่" pos="preposition" trans="at" translit=""/><ana lex="ที่" pos="noun" trans="place" translit=""/><ana lex="ที่" pos="classifier" trans="qualifiers for places" translit=""/><ana lex="ที่" pos="noun" trans="ordinal number" translit=""/><ana lex="ที่" pos="preposition" trans="to" translit=""/><ana lex="ที่" pos="noun" trans="land" translit=""/></w><w>เธอ<ana lex="เธอ" pos="PRON" trans="you" translit=""/><ana lex="เธอ" pos="pronoun" trans="she" translit=""/><ana lex="เธอ" pos="pronoun" trans="her" translit=""/><ana lex="เธอ" pos="PRON" trans="she" translit=""/></w><w>คิด<ana lex="คิด" pos="verb,transitive" trans="reckon" translit=""/><ana lex="คิด" pos="verb,intransitive" trans="cerebrate" translit=""/><ana lex="คิด" pos="verb,transitive" trans="conceive" translit=""/><ana lex="คิด" pos="verb,transitive" trans="conceit" translit=""/><ana lex="คิด" pos="PHRV" trans="go over2" translit=""/><ana lex="คิด" pos="verb" trans="create" translit=""/><ana lex="คิด" pos="verb" trans="estimate" translit=""/><ana lex="คิด" pos="verb" trans="want" translit=""/><ana lex="คิด" pos="verb" trans="think" translit=""/><ana lex="คิด" pos="verb" trans="consider" translit=""/><ana lex="คิด" pos="verb" trans="calculate" translit=""/><ana lex="คิด" pos="verb,transitive" trans="think" translit=""/><ana lex="คิด" pos="verb,intransitive" trans="think" translit=""/></w><w>ว่า</w><w>สำคัญ<ana lex="สำคัญ" pos="adjective" trans="important" translit=""/><ana lex="สำคัญ" pos="adjective" trans="central" translit=""/><ana lex="สำคัญ" pos="verb" trans="understand" translit=""/><ana lex="สำคัญ" pos="verb" trans="be important" translit=""/><ana lex="สำคัญ" pos="adjective" trans="staple" translit=""/><ana lex="สำคัญ" pos="adjective" trans="important" translit=""/><ana lex="สำคัญ" pos="adjective" trans="relevant" translit=""/><ana lex="สำคัญ" pos="adjective" trans="key" translit=""/><ana lex="สำคัญ" pos="adjective" trans="arch" translit=""/><ana lex="สำคัญ" pos="adjective" trans="chief" translit=""/><ana lex="สำคัญ" pos="adjective" trans="substantive" translit=""/><ana lex="สำคัญ" pos="adjective" trans="leading" translit=""/><ana lex="สำคัญ" pos="PHRV" trans="loom large" translit=""/><ana lex="สำคัญ" pos="adjective" trans="material" translit=""/><ana lex="สำคัญ" pos="adjective" trans="consequential" translit=""/><ana lex="สำคัญ" pos="SL" trans="red-hot" translit=""/><ana lex="สำคัญ" pos="adjective" trans="great" translit=""/><ana lex="สำคัญ" pos="verb" trans="important" translit=""/><ana lex="สำคัญ" pos="adjective" trans="considerable" translit=""/></w><w>ได้<ana lex="ได้" pos="PHRV" trans="get out of" translit=""/><ana lex="ได้" pos="auxiliary verb" trans="be able to" translit=""/><ana lex="ได้" pos="verb" trans="get" translit=""/><ana lex="ได้" pos="" trans="[alternate pronunciation of ได้ ]" translit="daaiF"/><ana lex="ได้" pos="auxiliary verb" trans="used as an auxiliary verb before a principal verb to indicate the past tense" translit=""/><ana lex="ได้" pos="verb,transitive" trans="get" translit=""/><ana lex="ได้" pos="adverb" trans="can" translit=""/></w><w>ลง<ana lex="ลง" pos="verb" trans="have diarrhea" translit=""/><ana lex="ลง" pos="verb" trans="yield" translit=""/><ana lex="ลง" pos="verb" trans="write down" translit=""/><ana lex="ลง" pos="verb" trans="land (airplane)" translit=""/><ana lex="ลง" pos="verb" trans="apply" translit=""/><ana lex="ลง" pos="verb" trans="publish" translit=""/><ana lex="ลง" pos="verb" trans="plant" translit=""/><ana lex="ลง" pos="verb" trans="whip" translit=""/><ana lex="ลง" pos="PRF" trans="cat-" translit=""/><ana lex="ลง" pos="verb" trans="drop" translit=""/><ana lex="ลง" pos="PRF" trans="de-" translit=""/><ana lex="ลง" pos="verb" trans="fall" translit=""/><ana lex="ลง" pos="adverb" trans="down" translit=""/><ana lex="ลง" pos="adverb" trans="down" translit=""/><ana lex="ลง" pos="verb" trans="get down" translit=""/><ana lex="ลง" pos="PRF" trans="cath-" translit=""/><ana lex="ลง" pos="PRF" trans="cata-" translit=""/></w></se><se><w>(<ana lex="" pos="" trans="" translit=""/></w></se><se><w>จริง<ana lex="จริง" pos="adverb" trans="really" translit=""/><ana lex="จริง" pos="adjective" trans="veritable" translit=""/><ana lex="จริง" pos="adjective" trans="real" translit=""/></w><w>ไหม<ana lex="ไหม" pos="noun" trans="silk thread" translit=""/><ana lex="ไหม" pos="noun" trans="silk" translit="maiR"/><ana lex="ไหม" pos="noun" trans="silk wool" translit=""/><ana lex="ไหม" pos="noun" trans="silk cloth" translit=""/><ana lex="ไหม" pos="noun" trans="silk worm" translit=""/><ana lex="ไหม" pos="QUES" trans="word ending at the end of the question to be answered 'Yes' or 'No'" translit=""/><ana lex="ไหม" pos="noun" trans="[ตัวไหม] silkworm" translit="maiR"/><ana lex="ไหม" pos="particle" trans="[word added at the end of a statement to indicate a question]" translit="maiR"/><ana lex="ไหม" pos="adverb,particle" trans="[alternative, colloquial pronunciation of ไหม, word added at the end of a statement to indicate a question]" translit="maiH"/><ana lex="ไหม" pos="" trans="[alternate pronunciation of ไหม]" translit="maiH"/><ana lex="ไหม" pos="noun" trans="[ผ้าไหม] silk fabric" translit="maiR"/><ana lex="ไหม" pos="adjective" trans="silken; of silk" translit="maiR"/></w><w>ที่<ana lex="ที่" pos="PRON" trans="that" translit=""/><ana lex="ที่" pos="preposition" trans="at" translit=""/><ana lex="ที่" pos="noun" trans="word for utensil" translit=""/><ana lex="ที่" pos="preposition" trans="at" translit=""/><ana lex="ที่" pos="noun" trans="place" translit=""/><ana lex="ที่" pos="classifier" trans="qualifiers for places" translit=""/><ana lex="ที่" pos="noun" trans="ordinal number" translit=""/><ana lex="ที่" pos="preposition" trans="to" translit=""/><ana lex="ที่" pos="noun" trans="land" translit=""/></w><w>เธอ<ana lex="เธอ" pos="PRON" trans="you" translit=""/><ana lex="เธอ" pos="pronoun" trans="she" translit=""/><ana lex="เธอ" pos="pronoun" trans="her" translit=""/><ana lex="เธอ" pos="PRON" trans="she" translit=""/></w><w>ทิ้ง<ana lex="ทิ้ง" pos="PHRV" trans="cast out" translit=""/><ana lex="ทิ้ง" pos="verb,transitive" trans="trash" translit=""/><ana lex="ทิ้ง" pos="PHRV" trans="cast off" translit=""/><ana lex="ทิ้ง" pos="verb" trans="run away" translit=""/><ana lex="ทิ้ง" pos="verb" trans="leave" translit=""/><ana lex="ทิ้ง" pos="verb,transitive" trans="dump" translit=""/><ana lex="ทิ้ง" pos="verb" trans="drop" translit=""/><ana lex="ทิ้ง" pos="verb,transitive" trans="abandon" translit=""/><ana lex="ทิ้ง" pos="verb" trans="discard" translit=""/><ana lex="ทิ้ง" pos="verb,transitive" trans="cast" translit=""/><ana lex="ทิ้ง" pos="verb,transitive" trans="ditch" translit=""/></w><w>กัน<ana lex="กัน" pos="verb" trans="keep out" translit=""/><ana lex="กัน" pos="PRON" trans="one another" translit=""/><ana lex="กัน" pos="PHRV" trans="screen off" translit=""/><ana lex="กัน" pos="adverb" trans="together" translit=""/><ana lex="กัน" pos="verb" trans="shave" translit=""/><ana lex="กัน" pos="verb" trans="separate" translit=""/></w></se><se><w>) .<ana lex="" pos="" trans="" translit=""/></w></se></body>