<body><meta><link>http://www.thaipoem.com/%E0%B9%80%E0%B8%A3%E0%B8%B7%E0%B9%88%E0%B8%AD%E0%B8%87%E0%B8%AA%E0%B8%B1%E0%B9%89%E0%B8%99-%E0%B8%99%E0%B8%B4%E0%B8%A2%E0%B8%B2%E0%B8%A2/%E0%B8%95%E0%B8%B2%E0%B8%A1%E0%B9%83%E0%B8%88%E0%B8%84%E0%B8%99%E0%B9%80%E0%B8%82%E0%B8%B5%E0%B8%A2%E0%B8%99/3362</link><title>@@สู้สู้.. .ชีวิตสอนชีวิต@@</title><genre>poem</genre></meta><se><w>สู้<ana lex="สู้" pos="verb" trans="battle against" translit=""/><ana lex="สู้" pos="verb" trans="fight" translit=""/><ana lex="สู้" pos="verb" trans="be not better than" translit=""/></w></se><se><w>.<ana lex="" pos="" trans="" translit=""/></w></se><se><w>ชีวิต<ana lex="ชีวิต" pos="PRF" trans="bio-" translit=""/><ana lex="ชีวิต" pos="noun" trans="life" translit=""/><ana lex="ชีวิต" pos="noun" trans="life" translit=""/></w><w>สอน<ana lex="สอน" pos="verb,transitive" trans="enlighten" translit=""/><ana lex="สอน" pos="verb" trans="teach" translit=""/></w><w>ชีวิต<ana lex="ชีวิต" pos="PRF" trans="bio-" translit=""/><ana lex="ชีวิต" pos="noun" trans="life" translit=""/><ana lex="ชีวิต" pos="noun" trans="life" translit=""/></w></se><se><w>สวัดี</w><w>ครับ<ana lex="ครับ" pos="END" trans="yes, sir" translit=""/></w></se><se><w>.<ana lex="" pos="" trans="" translit=""/></w></se><se><w>ผม<ana lex="ผม" pos="SL" trans="barnet fair" translit=""/><ana lex="ผม" pos="noun" trans="hair" translit=""/><ana lex="ผม" pos="PRON" trans="I" translit=""/><ana lex="ผม" pos="noun" trans="hair" translit=""/></w><w>เข้า<ana lex="เข้า" pos="verb" trans="get along with" translit=""/><ana lex="เข้า" pos="verb,transitive" trans="access" translit=""/><ana lex="เข้า" pos="verb" trans="put in" translit=""/><ana lex="เข้า" pos="verb,transitive" trans="enter" translit=""/><ana lex="เข้า" pos="verb,intransitive" trans="enter" translit=""/><ana lex="เข้า" pos="verb" trans="enter" translit=""/><ana lex="เข้า" pos="verb" trans="reach" translit=""/></w><w>มา<ana lex="มา" pos="PHRV" trans="get in1" translit=""/><ana lex="มา" pos="adverb" trans="coming (toward the present; or toward the focal time)" translit=""/><ana lex="มา" pos="verb,intransitive" trans="come" translit=""/><ana lex="มา" pos="verb" trans="arrive" translit=""/></w><w>อ่าน<ana lex="อ่าน" pos="verb,transitive" trans="peruse" translit=""/><ana lex="อ่าน" pos="verb,transitive" trans="read" translit=""/><ana lex="อ่าน" pos="verb,intransitive" trans="declaim" translit=""/><ana lex="อ่าน" pos="verb" trans="read" translit=""/><ana lex="อ่าน" pos="PHRV" trans="crack a book" translit=""/></w><w>เพื่อ<ana lex="เพื่อ" pos="preposition" trans="for" translit=""/><ana lex="เพื่อ" pos="conjunction" trans="for" translit=""/><ana lex="เพื่อ" pos="preposition" trans="in order to" translit=""/></w><w>เป็น<ana lex="เป็น" pos="auxiliary verb" trans="are" translit=""/><ana lex="เป็น" pos="verb,intransitive" trans="been" translit=""/><ana lex="เป็น" pos="verb,intransitive" trans="come" translit=""/><ana lex="เป็น" pos="verb" trans="be able to" translit=""/><ana lex="เป็น" pos="verb" trans="be" translit=""/><ana lex="เป็น" pos="adjective" trans="alive" translit=""/></w><w>กำลังใจ<ana lex="กำลังใจ" pos="noun" trans="morale" translit=""/><ana lex="กำลังใจ" pos="noun" trans="spirit" translit=""/><ana lex="กำลังใจ" pos="noun" trans="morale, spirit, encouragement, moral or spiritual support" translit="gamM langM jaiM"/><ana lex="กำลังใจ" pos="noun" trans="will power" translit=""/></w><w>ให้<ana lex="ให้" pos="verb,transitive" trans="afford" translit=""/><ana lex="ให้" pos="verb" trans="give" translit=""/><ana lex="ให้" pos="verb,transitive" trans="give" translit=""/><ana lex="ให้" pos="verb,transitive" trans="dispense" translit=""/><ana lex="ให้" pos="verb,transitive" trans="bestow" translit=""/><ana lex="ให้" pos="verb" trans="give" translit=""/><ana lex="ให้" pos="verb,transitive" trans="accord" translit=""/><ana lex="ให้" pos="auxiliary verb" trans="to" translit=""/><ana lex="ให้" pos="verb" trans="permit" translit=""/></w><w>คน<ana lex="คน" pos="noun" trans="bloke" translit=""/><ana lex="คน" pos="verb,transitive" trans="mill" translit=""/><ana lex="คน" pos="PRF" trans="anthropo-" translit=""/><ana lex="คน" pos="noun" trans="human" translit=""/><ana lex="คน" pos="noun" trans="people" translit=""/><ana lex="คน" pos="noun" trans="being" translit=""/><ana lex="คน" pos="PHRV" trans="stir about" translit=""/><ana lex="คน" pos="PHRV" trans="stir around" translit=""/><ana lex="คน" pos="SL" trans="bod" translit=""/><ana lex="คน" pos="classifier" trans="person" translit=""/><ana lex="คน" pos="verb" trans="stir" translit=""/></w><w>ที่<ana lex="ที่" pos="PRON" trans="that" translit=""/><ana lex="ที่" pos="preposition" trans="at" translit=""/><ana lex="ที่" pos="noun" trans="word for utensil" translit=""/><ana lex="ที่" pos="preposition" trans="at" translit=""/><ana lex="ที่" pos="noun" trans="place" translit=""/><ana lex="ที่" pos="classifier" trans="qualifiers for places" translit=""/><ana lex="ที่" pos="noun" trans="ordinal number" translit=""/><ana lex="ที่" pos="preposition" trans="to" translit=""/><ana lex="ที่" pos="noun" trans="land" translit=""/></w><w>แสน<ana lex="แสน" pos="adjective" trans="hundred thousand" translit=""/><ana lex="แสน" pos="adverb" trans="very" translit=""/><ana lex="แสน" pos="noun" trans="hundred thousand" translit=""/><ana lex="แสน" pos="noun" trans="hundred thousand" translit=""/></w><w>ดี<ana lex="ดี" pos="adjective" trans="fine" translit=""/><ana lex="ดี" pos="adjective" trans="braw" translit=""/><ana lex="ดี" pos="SL" trans="hunky-dory" translit=""/><ana lex="ดี" pos="adjective" trans="useful" translit=""/><ana lex="ดี" pos="noun" trans="gallbladder" translit=""/><ana lex="ดี" pos="adjective" trans="nice" translit=""/><ana lex="ดี" pos="adjective" trans="fine" translit=""/><ana lex="ดี" pos="adjective" trans="tidy" translit=""/><ana lex="ดี" pos="SL" trans="kushty" translit=""/><ana lex="ดี" pos="SL" trans="tickety-boo" translit=""/><ana lex="ดี" pos="adjective" trans="well" translit=""/><ana lex="ดี" pos="PRF" trans="eu-" translit=""/><ana lex="ดี" pos="idiom" trans="Well and good" translit=""/><ana lex="ดี" pos="adjective" trans="good" translit=""/><ana lex="ดี" pos="adverb" trans="well" translit=""/><ana lex="ดี" pos="adjective" trans="high" translit=""/><ana lex="ดี" pos="adjective" trans="nice" translit=""/><ana lex="ดี" pos="adjective" trans="nice" translit=""/><ana lex="ดี" pos="adjective" trans="well" translit=""/></w></se><se><w>กำลังใจ<ana lex="กำลังใจ" pos="noun" trans="morale" translit=""/><ana lex="กำลังใจ" pos="noun" trans="spirit" translit=""/><ana lex="กำลังใจ" pos="noun" trans="morale, spirit, encouragement, moral or spiritual support" translit="gamM langM jaiM"/><ana lex="กำลังใจ" pos="noun" trans="will power" translit=""/></w><w>จาก<ana lex="จาก" pos="preposition" trans="von" translit=""/><ana lex="จาก" pos="PRF" trans="dis-" translit=""/><ana lex="จาก" pos="verb" trans="depart" translit=""/><ana lex="จาก" pos="preposition" trans="at" translit=""/><ana lex="จาก" pos="PRF" trans="a-" translit=""/><ana lex="จาก" pos="preposition" trans="from" translit=""/><ana lex="จาก" pos="preposition" trans="from" translit=""/><ana lex="จาก" pos="PRF" trans="ab-" translit=""/><ana lex="จาก" pos="noun" trans="a kind of Thai dessert" translit=""/><ana lex="จาก" pos="noun" trans="nipa palm" translit=""/></w><w>ข้าง<ana lex="ข้าง" pos="PRF" trans="par-" translit=""/><ana lex="ข้าง" pos="PRF" trans="para-" translit=""/><ana lex="ข้าง" pos="PRF" trans="para-" translit=""/><ana lex="ข้าง" pos="noun" trans="side" translit=""/><ana lex="ข้าง" pos="preposition" trans="next to" translit=""/><ana lex="ข้าง" pos="noun" trans="side" translit=""/><ana lex="ข้าง" pos="noun" trans="side" translit=""/><ana lex="ข้าง" pos="PRF" trans="par-" translit=""/><ana lex="ข้าง" pos="noun" trans="side" translit=""/></w><w>ใน<ana lex="ใน" pos="preposition" trans="in" translit=""/><ana lex="ใน" pos="adjective" trans="in" translit=""/><ana lex="ใน" pos="PRF" trans="em-" translit=""/><ana lex="ใน" pos="PRF" trans="en-" translit=""/><ana lex="ใน" pos="PRF" trans="en-" translit=""/><ana lex="ใน" pos="PRF" trans="il-" translit=""/><ana lex="ใน" pos="preposition" trans="of" translit=""/><ana lex="ใน" pos="PRF" trans="in-" translit=""/><ana lex="ใน" pos="PRF" trans="im-" translit=""/><ana lex="ใน" pos="adverb" trans="in" translit=""/><ana lex="ใน" pos="preposition" trans="in" translit=""/></w><w>ส่วน<ana lex="ส่วน" pos="conjunction" trans="as for" translit=""/><ana lex="ส่วน" pos="noun" trans="part" translit=""/><ana lex="ส่วน" pos="noun" trans="part" translit=""/><ana lex="ส่วน" pos="noun" trans="piece" translit=""/><ana lex="ส่วน" pos="noun" trans="share" translit=""/><ana lex="ส่วน" pos="noun" trans="fraction" translit=""/><ana lex="ส่วน" pos="noun" trans="equivalence" translit=""/><ana lex="ส่วน" pos="noun" trans="part" translit=""/><ana lex="ส่วน" pos="noun" trans="part" translit=""/></w><w>ลึก<ana lex="ลึก" pos="adjective" trans="profound" translit=""/><ana lex="ลึก" pos="verb" trans="be deep" translit=""/><ana lex="ลึก" pos="adjective" trans="deep" translit=""/><ana lex="ลึก" pos="adverb" trans="deeply" translit=""/></w></se><se><w>ไม่<ana lex="ไม่" pos="adverb" trans="not" translit=""/><ana lex="ไม่" pos="PRF" trans="an-" translit=""/><ana lex="ไม่" pos="PRF" trans="un-" translit=""/><ana lex="ไม่" pos="PRF" trans="un-" translit=""/><ana lex="ไม่" pos="adjective" trans="nary" translit=""/><ana lex="ไม่" pos="NEG" trans="not" translit=""/><ana lex="ไม่" pos="PRF" trans="in-" translit=""/><ana lex="ไม่" pos="adverb" trans="no" translit=""/><ana lex="ไม่" pos="PRF" trans="non-" translit=""/><ana lex="ไม่" pos="PRF" trans="non-" translit=""/><ana lex="ไม่" pos="PRF" trans="in-" translit=""/><ana lex="ไม่" pos="SL" trans="no soup" translit=""/><ana lex="ไม่" pos="SL" trans="no sale" translit=""/><ana lex="ไม่" pos="SL" trans="nope" translit=""/><ana lex="ไม่" pos="SL" trans="No way!" translit=""/><ana lex="ไม่" pos="NEG" trans="not" translit=""/><ana lex="ไม่" pos="SL" trans="Nuts!" translit=""/></w><w>ต้อง<ana lex="ต้อง" pos="auxiliary verb" trans="must" translit=""/><ana lex="ต้อง" pos="" trans="[alternate pronunciation of ต้อง ]" translit="dtaawngF"/><ana lex="ต้อง" pos="verb" trans="fall into" translit=""/><ana lex="ต้อง" pos="verb" trans="touch" translit=""/><ana lex="ต้อง" pos="auxiliary verb" trans="must" translit=""/></w><w>ฝึก<ana lex="ฝึก" pos="verb" trans="practise" translit=""/></w><w>ต้องหา<ana lex="ต้องหา" pos="verb" trans="[ต้องหา] must find" translit="dtawngF haaR"/></w><w>มา<ana lex="มา" pos="PHRV" trans="get in1" translit=""/><ana lex="มา" pos="adverb" trans="coming (toward the present; or toward the focal time)" translit=""/><ana lex="มา" pos="verb,intransitive" trans="come" translit=""/><ana lex="มา" pos="verb" trans="arrive" translit=""/></w><w>ให้<ana lex="ให้" pos="verb,transitive" trans="afford" translit=""/><ana lex="ให้" pos="verb" trans="give" translit=""/><ana lex="ให้" pos="verb,transitive" trans="give" translit=""/><ana lex="ให้" pos="verb,transitive" trans="dispense" translit=""/><ana lex="ให้" pos="verb,transitive" trans="bestow" translit=""/><ana lex="ให้" pos="verb" trans="give" translit=""/><ana lex="ให้" pos="verb,transitive" trans="accord" translit=""/><ana lex="ให้" pos="auxiliary verb" trans="to" translit=""/><ana lex="ให้" pos="verb" trans="permit" translit=""/></w><w>เห็น<ana lex="เห็น" pos="PHRV" trans="clap on2" translit=""/><ana lex="เห็น" pos="SL" trans="clock" translit=""/><ana lex="เห็น" pos="verb,transitive" trans="behold" translit=""/><ana lex="เห็น" pos="verb,intransitive" trans="see" translit=""/><ana lex="เห็น" pos="verb,transitive" trans="see" translit=""/><ana lex="เห็น" pos="verb,transitive" trans="sight" translit=""/><ana lex="เห็น" pos="verb,transitive" trans="twig" translit=""/><ana lex="เห็น" pos="verb,transitive" trans="vide" translit=""/></w></se><se><w>จะ<ana lex="จะ" pos="auxiliary verb" trans="will" translit=""/><ana lex="จะ" pos="auxiliary verb" trans="will" translit=""/><ana lex="จะ" pos="" trans="[alternate spelling of จ้ะ]" translit="jaL"/></w><w>แดด<ana lex="แดด" pos="noun" trans="sunlight" translit=""/></w><w>ร้อน<ana lex="ร้อน" pos="adjective" trans="hot" translit=""/><ana lex="ร้อน" pos="verb" trans="be hot" translit=""/><ana lex="ร้อน" pos="adjective" trans="tropical" translit=""/><ana lex="ร้อน" pos="PRF" trans="thermo-" translit=""/><ana lex="ร้อน" pos="PRF" trans="therme-" translit=""/></w><w>ตอน<ana lex="ตอน" pos="noun" trans="episode" translit=""/><ana lex="ตอน" pos="classifier" trans="section" translit=""/><ana lex="ตอน" pos="conjunction" trans="when" translit=""/><ana lex="ตอน" pos="preposition" trans="period" translit=""/><ana lex="ตอน" pos="verb" trans="castrate" translit=""/><ana lex="ตอน" pos="noun" trans="part" translit=""/><ana lex="ตอน" pos="verb" trans="castrate" translit=""/><ana lex="ตอน" pos="noun" trans="passage" translit=""/><ana lex="ตอน" pos="verb,transitive" trans="unman" translit=""/><ana lex="ตอน" pos="verb,transitive" trans="caponize" translit=""/></w><w>สาย<ana lex="สาย" pos="PHRV" trans="be behind1" translit=""/><ana lex="สาย" pos="adjective" trans="tardy" translit=""/><ana lex="สาย" pos="PHRV" trans="be behindhand" translit=""/><ana lex="สาย" pos="noun" trans="strop" translit=""/><ana lex="สาย" pos="adjective" trans="late" translit=""/></w><w>จน<ana lex="จน" pos="conjunction" trans="until" translit=""/><ana lex="จน" pos="adjective" trans="bad-off" translit=""/><ana lex="จน" pos="verb" trans="be poor" translit=""/><ana lex="จน" pos="adjective" trans="badly-off" translit=""/></w><w>บ่าย<ana lex="บ่าย" pos="verb" trans="turn" translit=""/><ana lex="บ่าย" pos="noun" trans="afternoon" translit=""/></w><w>เย็น<ana lex="เย็น" pos="verb" trans="be cold" translit=""/><ana lex="เย็น" pos="adjective" trans="cool" translit=""/><ana lex="เย็น" pos="adjective" trans="cold" translit=""/><ana lex="เย็น" pos="noun" trans="evening" translit=""/><ana lex="เย็น" pos="verb" trans="cool" translit=""/></w></se><se><w>จะ<ana lex="จะ" pos="auxiliary verb" trans="will" translit=""/><ana lex="จะ" pos="auxiliary verb" trans="will" translit=""/><ana lex="จะ" pos="" trans="[alternate spelling of จ้ะ]" translit="jaL"/></w><w>คอย<ana lex="คอย" pos="PHRV" trans="wait behind" translit=""/><ana lex="คอย" pos="PHRV" trans="stick around" translit=""/><ana lex="คอย" pos="PHRV" trans="stick about" translit=""/><ana lex="คอย" pos="verb,transitive" trans="tarry" translit=""/><ana lex="คอย" pos="verb" trans="wait" translit=""/><ana lex="คอย" pos="verb,transitive" trans="bide" translit=""/></w><w>เป็น<ana lex="เป็น" pos="auxiliary verb" trans="are" translit=""/><ana lex="เป็น" pos="verb,intransitive" trans="been" translit=""/><ana lex="เป็น" pos="verb,intransitive" trans="come" translit=""/><ana lex="เป็น" pos="verb" trans="be able to" translit=""/><ana lex="เป็น" pos="verb" trans="be" translit=""/><ana lex="เป็น" pos="adjective" trans="alive" translit=""/></w><w>กำลังใจ<ana lex="กำลังใจ" pos="noun" trans="morale" translit=""/><ana lex="กำลังใจ" pos="noun" trans="spirit" translit=""/><ana lex="กำลังใจ" pos="noun" trans="morale, spirit, encouragement, moral or spiritual support" translit="gamM langM jaiM"/><ana lex="กำลังใจ" pos="noun" trans="will power" translit=""/></w><w>ให้<ana lex="ให้" pos="verb,transitive" trans="afford" translit=""/><ana lex="ให้" pos="verb" trans="give" translit=""/><ana lex="ให้" pos="verb,transitive" trans="give" translit=""/><ana lex="ให้" pos="verb,transitive" trans="dispense" translit=""/><ana lex="ให้" pos="verb,transitive" trans="bestow" translit=""/><ana lex="ให้" pos="verb" trans="give" translit=""/><ana lex="ให้" pos="verb,transitive" trans="accord" translit=""/><ana lex="ให้" pos="auxiliary verb" trans="to" translit=""/><ana lex="ให้" pos="verb" trans="permit" translit=""/></w><w>ดน</w><w>ดี<ana lex="ดี" pos="adjective" trans="fine" translit=""/><ana lex="ดี" pos="adjective" trans="braw" translit=""/><ana lex="ดี" pos="SL" trans="hunky-dory" translit=""/><ana lex="ดี" pos="adjective" trans="useful" translit=""/><ana lex="ดี" pos="noun" trans="gallbladder" translit=""/><ana lex="ดี" pos="adjective" trans="nice" translit=""/><ana lex="ดี" pos="adjective" trans="fine" translit=""/><ana lex="ดี" pos="adjective" trans="tidy" translit=""/><ana lex="ดี" pos="SL" trans="kushty" translit=""/><ana lex="ดี" pos="SL" trans="tickety-boo" translit=""/><ana lex="ดี" pos="adjective" trans="well" translit=""/><ana lex="ดี" pos="PRF" trans="eu-" translit=""/><ana lex="ดี" pos="idiom" trans="Well and good" translit=""/><ana lex="ดี" pos="adjective" trans="good" translit=""/><ana lex="ดี" pos="adverb" trans="well" translit=""/><ana lex="ดี" pos="adjective" trans="high" translit=""/><ana lex="ดี" pos="adjective" trans="nice" translit=""/><ana lex="ดี" pos="adjective" trans="nice" translit=""/><ana lex="ดี" pos="adjective" trans="well" translit=""/></w></se></body>