<body><meta><link>http://www.thaipoem.com/poem/47168</link><title>ไร้คนเหลียวแล</title><genre>poem</genre></meta><se><w>ท่ามกลาง<ana lex="ท่ามกลาง" pos="preposition" trans="amid" translit=""/><ana lex="ท่ามกลาง" pos="preposition" trans="through" translit=""/><ana lex="ท่ามกลาง" pos="preposition" trans="among" translit=""/><ana lex="ท่ามกลาง" pos="preposition" trans="amongst" translit=""/><ana lex="ท่ามกลาง" pos="preposition" trans="among" translit=""/></w><w>จราจร<ana lex="จราจร" pos="noun" trans="traffic police" translit=""/><ana lex="จราจร" pos="verb" trans="traffic" translit=""/></w><w>ที่<ana lex="ที่" pos="PRON" trans="that" translit=""/><ana lex="ที่" pos="preposition" trans="at" translit=""/><ana lex="ที่" pos="noun" trans="word for utensil" translit=""/><ana lex="ที่" pos="preposition" trans="at" translit=""/><ana lex="ที่" pos="noun" trans="place" translit=""/><ana lex="ที่" pos="classifier" trans="qualifiers for places" translit=""/><ana lex="ที่" pos="noun" trans="ordinal number" translit=""/><ana lex="ที่" pos="preposition" trans="to" translit=""/><ana lex="ที่" pos="noun" trans="land" translit=""/></w><w>วุ่นวาย<ana lex="วุ่นวาย" pos="idiom" trans="run wild" translit=""/><ana lex="วุ่นวาย" pos="adjective" trans="[is] chaotic; turbulent; disorganized; confused" translit="woonF waaiM"/><ana lex="วุ่นวาย" pos="idiom" trans="run riot" translit=""/><ana lex="วุ่นวาย" pos="noun" trans="[ความวุ่นวาย] turbulence; disruption; chaos" translit="woonF waaiM"/><ana lex="วุ่นวาย" pos="adjective" trans="[วุ่นวายใจ] [is] serious; tense; strained; nervous" translit="woonF waaiM"/><ana lex="วุ่นวาย" pos="verb,transitive" trans="hum" translit=""/><ana lex="วุ่นวาย" pos="adjective" trans="hectic" translit=""/><ana lex="วุ่นวาย" pos="noun" trans="[วุ่นวายพระทัย] anxiety of a royal personage" translit="woonF waaiM"/><ana lex="วุ่นวาย" pos="verb,intransitive" trans="seethe" translit=""/></w></se><se><w>มอง<ana lex="มอง" pos="SL" trans="varda" translit=""/><ana lex="มอง" pos="verb" trans="look" translit=""/></w><w>หา<ana lex="หา" pos="verb" trans="grope" translit=""/><ana lex="หา" pos="verb" trans="accuse" translit=""/><ana lex="หา" pos="verb" trans="see" translit=""/><ana lex="หา" pos="verb,transitive" trans="find" translit=""/><ana lex="หา" pos="verb" trans="search for" translit=""/></w><w>คน<ana lex="คน" pos="noun" trans="bloke" translit=""/><ana lex="คน" pos="verb,transitive" trans="mill" translit=""/><ana lex="คน" pos="PRF" trans="anthropo-" translit=""/><ana lex="คน" pos="noun" trans="human" translit=""/><ana lex="คน" pos="noun" trans="people" translit=""/><ana lex="คน" pos="noun" trans="being" translit=""/><ana lex="คน" pos="PHRV" trans="stir about" translit=""/><ana lex="คน" pos="PHRV" trans="stir around" translit=""/><ana lex="คน" pos="SL" trans="bod" translit=""/><ana lex="คน" pos="classifier" trans="person" translit=""/><ana lex="คน" pos="verb" trans="stir" translit=""/></w><w>ข้าง<ana lex="ข้าง" pos="PRF" trans="par-" translit=""/><ana lex="ข้าง" pos="PRF" trans="para-" translit=""/><ana lex="ข้าง" pos="PRF" trans="para-" translit=""/><ana lex="ข้าง" pos="noun" trans="side" translit=""/><ana lex="ข้าง" pos="preposition" trans="next to" translit=""/><ana lex="ข้าง" pos="noun" trans="side" translit=""/><ana lex="ข้าง" pos="noun" trans="side" translit=""/><ana lex="ข้าง" pos="PRF" trans="par-" translit=""/><ana lex="ข้าง" pos="noun" trans="side" translit=""/></w><w>กาย<ana lex="กาย" pos="" trans="[alternate pronunciation of กาย ]" translit="gaaiM yaH"/><ana lex="กาย" pos="noun" trans="body" translit=""/></w><w>กลับ<ana lex="กลับ" pos="PRF" trans="un-" translit=""/><ana lex="กลับ" pos="verb" trans="become to" translit=""/><ana lex="กลับ" pos="verb" trans="reverse" translit=""/><ana lex="กลับ" pos="PHRV" trans="be back" translit=""/><ana lex="กลับ" pos="verb" trans="return" translit=""/></w><w>ไม่<ana lex="ไม่" pos="adverb" trans="not" translit=""/><ana lex="ไม่" pos="PRF" trans="an-" translit=""/><ana lex="ไม่" pos="PRF" trans="un-" translit=""/><ana lex="ไม่" pos="PRF" trans="un-" translit=""/><ana lex="ไม่" pos="adjective" trans="nary" translit=""/><ana lex="ไม่" pos="NEG" trans="not" translit=""/><ana lex="ไม่" pos="PRF" trans="in-" translit=""/><ana lex="ไม่" pos="adverb" trans="no" translit=""/><ana lex="ไม่" pos="PRF" trans="non-" translit=""/><ana lex="ไม่" pos="PRF" trans="non-" translit=""/><ana lex="ไม่" pos="PRF" trans="in-" translit=""/><ana lex="ไม่" pos="SL" trans="no soup" translit=""/><ana lex="ไม่" pos="SL" trans="no sale" translit=""/><ana lex="ไม่" pos="SL" trans="nope" translit=""/><ana lex="ไม่" pos="SL" trans="No way!" translit=""/><ana lex="ไม่" pos="NEG" trans="not" translit=""/><ana lex="ไม่" pos="SL" trans="Nuts!" translit=""/></w><w>มี<ana lex="มี" pos="verb" trans="consist of" translit=""/><ana lex="มี" pos="verb" trans="there is/are" translit=""/><ana lex="มี" pos="verb" trans="have" translit=""/><ana lex="มี" pos="verb,transitive" trans="contain" translit=""/><ana lex="มี" pos="verb,transitive" trans="has" translit=""/><ana lex="มี" pos="verb,transitive" trans="have" translit=""/><ana lex="มี" pos="adjective" trans="rich" translit=""/></w></se><se><w>อยู่<ana lex="อยู่" pos="verb,intransitive" trans="abide" translit=""/><ana lex="อยู่" pos="auxiliary verb" trans="be" translit=""/></w><w>คน<ana lex="คน" pos="noun" trans="bloke" translit=""/><ana lex="คน" pos="verb,transitive" trans="mill" translit=""/><ana lex="คน" pos="PRF" trans="anthropo-" translit=""/><ana lex="คน" pos="noun" trans="human" translit=""/><ana lex="คน" pos="noun" trans="people" translit=""/><ana lex="คน" pos="noun" trans="being" translit=""/><ana lex="คน" pos="PHRV" trans="stir about" translit=""/><ana lex="คน" pos="PHRV" trans="stir around" translit=""/><ana lex="คน" pos="SL" trans="bod" translit=""/><ana lex="คน" pos="classifier" trans="person" translit=""/><ana lex="คน" pos="verb" trans="stir" translit=""/></w><w>เดียว<ana lex="เดียว" pos="adjective" trans="only" translit=""/></w><w>เปลี่ยว<ana lex="เปลี่ยว" pos="adjective" trans="young" translit=""/><ana lex="เปลี่ยว" pos="adjective" trans="[เปลี่ยว ๆ] [of a place] [is] lonely; deserted; vacant" translit="bpliaaoL"/><ana lex="เปลี่ยว" pos="adjective" trans="[of a place] [is] deserted; void; vacant" translit="bpliaaoL"/><ana lex="เปลี่ยว" pos="adjective" trans="desolate" translit=""/><ana lex="เปลี่ยว" pos="adjective" trans="[เปลี่ยวใจ] [is] (feeling) lonely; lonesome; forlorn" translit="bpliaaoL"/><ana lex="เปลี่ยว" pos="verb" trans="desolate" translit=""/><ana lex="เปลี่ยว" pos="adjective" trans="[of an animal] young; wild; untamed" translit="bpliaaoL"/></w><w>กาย<ana lex="กาย" pos="" trans="[alternate pronunciation of กาย ]" translit="gaaiM yaH"/><ana lex="กาย" pos="noun" trans="body" translit=""/></w></se><se><w>ยาม<ana lex="ยาม" pos="noun" trans="picket" translit=""/><ana lex="ยาม" pos="noun" trans="watchman" translit=""/><ana lex="ยาม" pos="noun" trans="sentry" translit=""/><ana lex="ยาม" pos="noun" trans="time" translit=""/><ana lex="ยาม" pos="noun" trans="guard" translit=""/><ana lex="ยาม" pos="noun" trans="one of three periods into which the day was traditionally divided" translit=""/><ana lex="ยาม" pos="noun" trans="security guard" translit=""/></w><w>ค่ำ<ana lex="ค่ำ" pos="noun" trans="dark" translit=""/><ana lex="ค่ำ" pos="verb" trans="become dark" translit=""/></w><w>คืน<ana lex="คืน" pos="PHRV" trans="give back" translit=""/><ana lex="คืน" pos="classifier" trans="night" translit=""/><ana lex="คืน" pos="PHRV" trans="carry back" translit=""/><ana lex="คืน" pos="verb" trans="return" translit=""/><ana lex="คืน" pos="PHRV" trans="give in to" translit=""/><ana lex="คืน" pos="noun" trans="night" translit=""/><ana lex="คืน" pos="adverb" trans="back" translit=""/></w><w>แสน<ana lex="แสน" pos="adjective" trans="hundred thousand" translit=""/><ana lex="แสน" pos="adverb" trans="very" translit=""/><ana lex="แสน" pos="noun" trans="hundred thousand" translit=""/><ana lex="แสน" pos="noun" trans="hundred thousand" translit=""/></w><w>หนาวเหน็บ<ana lex="หนาวเหน็บ" pos="verb" trans="shiver" translit=""/><ana lex="หนาวเหน็บ" pos="adjective" trans="cutting" translit=""/><ana lex="หนาวเหน็บ" pos="" trans="to shiver; tremble" translit="naaoR nepL"/><ana lex="หนาวเหน็บ" pos="adjective" trans="raw" translit=""/></w></se><se><w>.<ana lex="" pos="" trans="" translit=""/></w></se><se><w>เด็ก<ana lex="เด็ก" pos="PRF" trans="pedo-" translit=""/><ana lex="เด็ก" pos="SL" trans="wee 'un" translit=""/><ana lex="เด็ก" pos="SL" trans="snotnose(d) (kid)" translit=""/><ana lex="เด็ก" pos="noun" trans="child" translit=""/><ana lex="เด็ก" pos="SL" trans="wean" translit=""/><ana lex="เด็ก" pos="noun" trans="child" translit=""/><ana lex="เด็ก" pos="noun" trans="bairn" translit=""/><ana lex="เด็ก" pos="SL" trans="chavvy" translit=""/></w><w>น้อย<ana lex="น้อย" pos="adjective" trans="low" translit=""/><ana lex="น้อย" pos="adjective" trans="few" translit=""/><ana lex="น้อย" pos="adjective" trans="few" translit=""/><ana lex="น้อย" pos="SUF" trans="-ling" translit=""/><ana lex="น้อย" pos="adjective" trans="thin" translit=""/></w><w>ไร้<ana lex="ไร้" pos="verb" trans="lack" translit=""/></w><w>บ้าน<ana lex="บ้าน" pos="SL" trans="drum" translit=""/><ana lex="บ้าน" pos="noun" trans="home" translit=""/><ana lex="บ้าน" pos="SL" trans="yam" translit=""/><ana lex="บ้าน" pos="noun" trans="house" translit=""/><ana lex="บ้าน" pos="noun" trans="home" translit=""/><ana lex="บ้าน" pos="SL" trans="gaff" translit=""/><ana lex="บ้าน" pos="noun" trans="dwelling" translit=""/><ana lex="บ้าน" pos="noun" trans="abode" translit=""/></w><w>ไร้<ana lex="ไร้" pos="verb" trans="lack" translit=""/></w><w>รัก<ana lex="รัก" pos="verb,transitive" trans="treasure" translit=""/><ana lex="รัก" pos="verb,transitive" trans="adore" translit=""/><ana lex="รัก" pos="PRF" trans="phil-" translit=""/><ana lex="รัก" pos="PRF" trans="philo-" translit=""/><ana lex="รัก" pos="PHRV" trans="be attached to" translit=""/></w></se><se><w>ไร้<ana lex="ไร้" pos="verb" trans="lack" translit=""/></w><w>คน<ana lex="คน" pos="noun" trans="bloke" translit=""/><ana lex="คน" pos="verb,transitive" trans="mill" translit=""/><ana lex="คน" pos="PRF" trans="anthropo-" translit=""/><ana lex="คน" pos="noun" trans="human" translit=""/><ana lex="คน" pos="noun" trans="people" translit=""/><ana lex="คน" pos="noun" trans="being" translit=""/><ana lex="คน" pos="PHRV" trans="stir about" translit=""/><ana lex="คน" pos="PHRV" trans="stir around" translit=""/><ana lex="คน" pos="SL" trans="bod" translit=""/><ana lex="คน" pos="classifier" trans="person" translit=""/><ana lex="คน" pos="verb" trans="stir" translit=""/></w><w>เข้าใจ<ana lex="เข้าใจ" pos="verb,transitive" trans="make" translit=""/><ana lex="เข้าใจ" pos="PHRV" trans="puzzle out" translit=""/><ana lex="เข้าใจ" pos="verb,transitive" trans="dig" translit=""/><ana lex="เข้าใจ" pos="verb,transitive" trans="digest" translit=""/><ana lex="เข้าใจ" pos="verb,transitive" trans="grasp" translit=""/><ana lex="เข้าใจ" pos="verb,transitive" trans="seize" translit=""/><ana lex="เข้าใจ" pos="verb,transitive" trans="twig" translit=""/><ana lex="เข้าใจ" pos="PHRV" trans="pick out" translit=""/><ana lex="เข้าใจ" pos="verb,transitive" trans="think" translit=""/><ana lex="เข้าใจ" pos="verb,transitive" trans="interpret" translit=""/><ana lex="เข้าใจ" pos="verb" trans="understand" translit=""/><ana lex="เข้าใจ" pos="PHRV" trans="go in1" translit=""/><ana lex="เข้าใจ" pos="verb,transitive" trans="realise" translit=""/><ana lex="เข้าใจ" pos="verb,transitive" trans="apprehend" translit=""/><ana lex="เข้าใจ" pos="PHRV" trans="catch on" translit=""/><ana lex="เข้าใจ" pos="verb,transitive" trans="know" translit=""/><ana lex="เข้าใจ" pos="verb,intransitive" trans="apprehend" translit=""/><ana lex="เข้าใจ" pos="verb,intransitive" trans="get" translit=""/><ana lex="เข้าใจ" pos="verb,transitive" trans="penetrate" translit=""/><ana lex="เข้าใจ" pos="verb,transitive" trans="catch" translit=""/><ana lex="เข้าใจ" pos="SL" trans="suss" translit=""/><ana lex="เข้าใจ" pos="verb,transitive" trans="see" translit=""/><ana lex="เข้าใจ" pos="verb,intransitive" trans="understand" translit=""/><ana lex="เข้าใจ" pos="verb,intransitive" trans="think" translit=""/><ana lex="เข้าใจ" pos="idiom" trans="get the feel of" translit=""/><ana lex="เข้าใจ" pos="idiom" trans="make much of" translit=""/><ana lex="เข้าใจ" pos="verb,transitive" trans="fathom" translit=""/><ana lex="เข้าใจ" pos="verb,intransitive" trans="see" translit=""/><ana lex="เข้าใจ" pos="PHRV" trans="make out" translit=""/><ana lex="เข้าใจ" pos="verb,transitive" trans="understand" translit=""/><ana lex="เข้าใจ" pos="PHRV" trans="get it" translit=""/><ana lex="เข้าใจ" pos="verb,transitive" trans="wot" translit=""/><ana lex="เข้าใจ" pos="verb,intransitive" trans="wot" translit=""/><ana lex="เข้าใจ" pos="verb,transitive" trans="conceive" translit=""/><ana lex="เข้าใจ" pos="verb,transitive" trans="compass" translit=""/><ana lex="เข้าใจ" pos="verb,transitive" trans="take" translit=""/><ana lex="เข้าใจ" pos="verb,transitive" trans="realize" translit=""/></w><w>แลเหลียว</w></se><se><w>ซีดเซียว<ana lex="ซีดเซียว" pos="adjective" trans="pasty-faced" translit=""/><ana lex="ซีดเซียว" pos="adverb" trans="haggardly" translit=""/><ana lex="ซีดเซียว" pos="adjective" trans="sallow" translit=""/><ana lex="ซีดเซียว" pos="verb" trans="be haggard" translit=""/><ana lex="ซีดเซียว" pos="adjective" trans="haggard" translit=""/></w><w>ผอม<ana lex="ผอม" pos="adjective" trans="peaked" translit=""/><ana lex="ผอม" pos="adjective" trans="meager" translit=""/><ana lex="ผอม" pos="adjective" trans="lean" translit=""/><ana lex="ผอม" pos="adjective" trans="thin" translit=""/><ana lex="ผอม" pos="verb" trans="be thin" translit=""/></w><w>เพรียว<ana lex="เพรียว" pos="adjective" trans="[is] slender; thin; tapered" translit="phriaaoM"/><ana lex="เพรียว" pos="adjective" trans="slim" translit=""/></w><w>หัว<ana lex="หัว" pos="SL" trans="loaf" translit=""/><ana lex="หัว" pos="SL" trans="think-box" translit=""/><ana lex="หัว" pos="SL" trans="konk" translit=""/><ana lex="หัว" pos="noun" trans="pate" translit=""/><ana lex="หัว" pos="SL" trans="loaf of bread" translit=""/><ana lex="หัว" pos="noun" trans="nob" translit=""/></w><w>โต<ana lex="โต" pos="verb" trans="be big" translit=""/><ana lex="โต" pos="verb" trans="grow up" translit=""/></w></se><se><w>ร้อง<ana lex="ร้อง" pos="verb" trans="ask for" translit=""/><ana lex="ร้อง" pos="verb" trans="cry" translit=""/><ana lex="ร้อง" pos="verb" trans="sing" translit=""/><ana lex="ร้อง" pos="verb" trans="complain" translit=""/><ana lex="ร้อง" pos="verb" trans="sing" translit=""/><ana lex="ร้อง" pos="verb" trans="cry out" translit=""/><ana lex="ร้อง" pos="verb" trans="cry" translit=""/></w><w>โฮ<ana lex="โฮ" pos="interjection" trans="boohoo" translit=""/><ana lex="โฮ" pos="adverb" trans="loudly" translit=""/></w><w>ไร้<ana lex="ไร้" pos="verb" trans="lack" translit=""/></w><w>คน<ana lex="คน" pos="noun" trans="bloke" translit=""/><ana lex="คน" pos="verb,transitive" trans="mill" translit=""/><ana lex="คน" pos="PRF" trans="anthropo-" translit=""/><ana lex="คน" pos="noun" trans="human" translit=""/><ana lex="คน" pos="noun" trans="people" translit=""/><ana lex="คน" pos="noun" trans="being" translit=""/><ana lex="คน" pos="PHRV" trans="stir about" translit=""/><ana lex="คน" pos="PHRV" trans="stir around" translit=""/><ana lex="คน" pos="SL" trans="bod" translit=""/><ana lex="คน" pos="classifier" trans="person" translit=""/><ana lex="คน" pos="verb" trans="stir" translit=""/></w><w>เหลียวแล<ana lex="เหลียวแล" pos="verb" trans="care for" translit=""/></w></se><se><w>.<ana lex="" pos="" trans="" translit=""/></w></se></body>