<body><meta><link>http://www.thaipoem.com/poem/26665</link><title>ตบหัวแล้วลูบหลัง</title><genre>poem</genre></meta><se><w>การเมือง<ana lex="การเมือง" pos="noun" trans="[การเมือง] politics" translit="gaanM meuuangM"/><ana lex="การเมือง" pos="noun" trans="politics" translit=""/><ana lex="การเมือง" pos="noun" trans="politics" translit=""/></w><w>เรื่อง<ana lex="เรื่อง" pos="noun" trans="subject matter" translit=""/><ana lex="เรื่อง" pos="noun" trans="trouble" translit=""/></w><w>ป้อง<ana lex="ป้อง" pos="verb" trans="cover up" translit=""/></w><w>ประโยชน์<ana lex="ประโยชน์" pos="noun" trans="avail" translit=""/><ana lex="ประโยชน์" pos="noun" trans="use" translit=""/><ana lex="ประโยชน์" pos="noun" trans="benefit" translit=""/></w></se><se><w>เคย<ana lex="เคย" pos="verb" trans="be accustomed to" translit=""/><ana lex="เคย" pos="noun" trans="planktonic shrimp" translit=""/><ana lex="เคย" pos="noun" trans="small sized shrimp" translit=""/><ana lex="เคย" pos="adverb" trans="ever" translit=""/><ana lex="เคย" pos="verb,intransitive" trans="be accustomed to" translit=""/><ana lex="เคย" pos="adverb" trans="once" translit=""/></w><w>โกรธ<ana lex="โกรธ" pos="idiom" trans="lose one's temper" translit=""/><ana lex="โกรธ" pos="idiom" trans="steamed up" translit=""/><ana lex="โกรธ" pos="SL" trans="blow one's cool" translit=""/><ana lex="โกรธ" pos="SL" trans="torqued" translit=""/><ana lex="โกรธ" pos="PHRV" trans="get up" translit=""/><ana lex="โกรธ" pos="adjective" trans="miffed" translit=""/><ana lex="โกรธ" pos="verb,intransitive" trans="anger" translit=""/><ana lex="โกรธ" pos="verb,intransitive" trans="broil" translit=""/><ana lex="โกรธ" pos="idiom" trans="get into a huff" translit=""/><ana lex="โกรธ" pos="adjective" trans="livid" translit=""/><ana lex="โกรธ" pos="PHRV" trans="carry on" translit=""/><ana lex="โกรธ" pos="idiom" trans="see red" translit=""/><ana lex="โกรธ" pos="adjective" trans="angry" translit=""/><ana lex="โกรธ" pos="PHRV" trans="get out" translit=""/><ana lex="โกรธ" pos="SL" trans="see red" translit=""/><ana lex="โกรธ" pos="SL" trans="bent out of shape" translit=""/><ana lex="โกรธ" pos="SL" trans="vent one's spleen" translit=""/><ana lex="โกรธ" pos="SL" trans="up in arms" translit=""/><ana lex="โกรธ" pos="idiom" trans="one's blood be up" translit=""/><ana lex="โกรธ" pos="verb,intransitive" trans="seethe" translit=""/><ana lex="โกรธ" pos="adjective" trans="heated" translit=""/></w><w>เกลียด<ana lex="เกลียด" pos="verb" trans="hate" translit=""/><ana lex="เกลียด" pos="verb,transitive" trans="hate" translit=""/></w><w>กัน<ana lex="กัน" pos="verb" trans="keep out" translit=""/><ana lex="กัน" pos="PRON" trans="one another" translit=""/><ana lex="กัน" pos="PHRV" trans="screen off" translit=""/><ana lex="กัน" pos="adverb" trans="together" translit=""/><ana lex="กัน" pos="verb" trans="shave" translit=""/><ana lex="กัน" pos="verb" trans="separate" translit=""/></w><w>แต่<ana lex="แต่" pos="adverb" trans="only" translit=""/><ana lex="แต่" pos="conjunction" trans="but" translit=""/><ana lex="แต่" pos="conjunction" trans="but" translit=""/><ana lex="แต่" pos="conjunction" trans="but" translit=""/><ana lex="แต่" pos="preposition" trans="earlier" translit=""/><ana lex="แต่" pos="conjunction" trans="only" translit=""/></w><w>ก่อน<ana lex="ก่อน" pos="conjunction" trans="before" translit=""/><ana lex="ก่อน" pos="preposition" trans="before" translit=""/><ana lex="ก่อน" pos="adjective" trans="former" translit=""/><ana lex="ก่อน" pos="PRF" trans="fore-" translit=""/><ana lex="ก่อน" pos="preposition" trans="afore" translit=""/><ana lex="ก่อน" pos="PRF" trans="pro-" translit=""/><ana lex="ก่อน" pos="adjective" trans="in the past" translit=""/><ana lex="ก่อน" pos="adverb" trans="formerly" translit=""/><ana lex="ก่อน" pos="adverb" trans="anteriorly" translit=""/><ana lex="ก่อน" pos="PRF" trans="ante-" translit=""/><ana lex="ก่อน" pos="conjunction" trans="afore" translit=""/><ana lex="ก่อน" pos="adverb" trans="afore" translit=""/><ana lex="ก่อน" pos="PRF" trans="pro-" translit=""/><ana lex="ก่อน" pos="PRF" trans="pre-" translit=""/><ana lex="ก่อน" pos="PRF" trans="proto-" translit=""/><ana lex="ก่อน" pos="PRF" trans="prot-" translit=""/><ana lex="ก่อน" pos="adjective" trans="anterior" translit=""/><ana lex="ก่อน" pos="PRF" trans="ante-" translit=""/></w></se><se><w>แทบ<ana lex="แทบ" pos="adverb" trans="almost" translit=""/></w><w>ไม่<ana lex="ไม่" pos="adverb" trans="not" translit=""/><ana lex="ไม่" pos="PRF" trans="an-" translit=""/><ana lex="ไม่" pos="PRF" trans="un-" translit=""/><ana lex="ไม่" pos="PRF" trans="un-" translit=""/><ana lex="ไม่" pos="adjective" trans="nary" translit=""/><ana lex="ไม่" pos="NEG" trans="not" translit=""/><ana lex="ไม่" pos="PRF" trans="in-" translit=""/><ana lex="ไม่" pos="adverb" trans="no" translit=""/><ana lex="ไม่" pos="PRF" trans="non-" translit=""/><ana lex="ไม่" pos="PRF" trans="non-" translit=""/><ana lex="ไม่" pos="PRF" trans="in-" translit=""/><ana lex="ไม่" pos="SL" trans="no soup" translit=""/><ana lex="ไม่" pos="SL" trans="no sale" translit=""/><ana lex="ไม่" pos="SL" trans="nope" translit=""/><ana lex="ไม่" pos="SL" trans="No way!" translit=""/><ana lex="ไม่" pos="NEG" trans="not" translit=""/><ana lex="ไม่" pos="SL" trans="Nuts!" translit=""/></w><w>มอง<ana lex="มอง" pos="SL" trans="varda" translit=""/><ana lex="มอง" pos="verb" trans="look" translit=""/></w><w>หน้า<ana lex="หน้า" pos="adjective" trans="next" translit=""/><ana lex="หน้า" pos="noun" trans="surface" translit=""/><ana lex="หน้า" pos="adjective" trans="front" translit=""/><ana lex="หน้า" pos="adjective" trans="top" translit=""/><ana lex="หน้า" pos="noun" trans="topping" translit=""/><ana lex="หน้า" pos="adjective" trans="front" translit=""/><ana lex="หน้า" pos="classifier" trans="page" translit=""/><ana lex="หน้า" pos="noun" trans="reputation" translit=""/><ana lex="หน้า" pos="SL" trans="kipper" translit=""/><ana lex="หน้า" pos="SL" trans="kip" translit=""/><ana lex="หน้า" pos="SL" trans="coupon" translit=""/><ana lex="หน้า" pos="SL" trans="mug" translit=""/><ana lex="หน้า" pos="noun" trans="face" translit=""/><ana lex="หน้า" pos="noun" trans="season" translit=""/><ana lex="หน้า" pos="SL" trans="mush" translit=""/><ana lex="หน้า" pos="noun" trans="face" translit=""/><ana lex="หน้า" pos="PRON" trans="anyone" translit=""/><ana lex="หน้า" pos="noun" trans="width" translit=""/><ana lex="หน้า" pos="preposition" trans="in front of" translit=""/></w><w>ถาวร<ana lex="ถาวร" pos="adjective" trans="permanent" translit=""/><ana lex="ถาวร" pos="adverb" trans="permanently" translit=""/><ana lex="ถาวร" pos="verb" trans="be permanent" translit=""/><ana lex="ถาวร" pos="adjective" trans="timeless" translit=""/><ana lex="ถาวร" pos="adjective" trans="permanent" translit=""/><ana lex="ถาวร" pos="idiom" trans="for good" translit=""/></w></se><se><w>ตัดรอน<ana lex="ตัดรอน" pos="verb" trans="sever relations (with)" translit=""/><ana lex="ตัดรอน" pos="verb" trans="to sever relations (with); break (/cut) off a friendship; sever a friendship" translit="dtatL raawnM"/></w><w>ไม่<ana lex="ไม่" pos="adverb" trans="not" translit=""/><ana lex="ไม่" pos="PRF" trans="an-" translit=""/><ana lex="ไม่" pos="PRF" trans="un-" translit=""/><ana lex="ไม่" pos="PRF" trans="un-" translit=""/><ana lex="ไม่" pos="adjective" trans="nary" translit=""/><ana lex="ไม่" pos="NEG" trans="not" translit=""/><ana lex="ไม่" pos="PRF" trans="in-" translit=""/><ana lex="ไม่" pos="adverb" trans="no" translit=""/><ana lex="ไม่" pos="PRF" trans="non-" translit=""/><ana lex="ไม่" pos="PRF" trans="non-" translit=""/><ana lex="ไม่" pos="PRF" trans="in-" translit=""/><ana lex="ไม่" pos="SL" trans="no soup" translit=""/><ana lex="ไม่" pos="SL" trans="no sale" translit=""/><ana lex="ไม่" pos="SL" trans="nope" translit=""/><ana lex="ไม่" pos="SL" trans="No way!" translit=""/><ana lex="ไม่" pos="NEG" trans="not" translit=""/><ana lex="ไม่" pos="SL" trans="Nuts!" translit=""/></w><w>เผา<ana lex="เผา" pos="idiom" trans="place a match to" translit=""/><ana lex="เผา" pos="verb,intransitive" trans="bake" translit=""/><ana lex="เผา" pos="idiom" trans="place a match to" translit=""/><ana lex="เผา" pos="verb" trans="burn" translit=""/><ana lex="เผา" pos="adjective" trans="roasted" translit=""/><ana lex="เผา" pos="verb" trans="roast" translit=""/><ana lex="เผา" pos="verb" trans="roast" translit=""/><ana lex="เผา" pos="verb" trans="burn" translit=""/><ana lex="เผา" pos="verb" trans="burn" translit=""/><ana lex="เผา" pos="verb" trans="burn" translit=""/><ana lex="เผา" pos="idiom" trans="set fire to / on" translit=""/><ana lex="เผา" pos="verb" trans="burn" translit=""/></w><w>ผี<ana lex="ผี" pos="noun" trans="phantom" translit=""/><ana lex="ผี" pos="noun" trans="fetch" translit=""/><ana lex="ผี" pos="noun" trans="ghost" translit=""/><ana lex="ผี" pos="noun" trans="eidolon" translit=""/></w><w>กัน<ana lex="กัน" pos="verb" trans="keep out" translit=""/><ana lex="กัน" pos="PRON" trans="one another" translit=""/><ana lex="กัน" pos="PHRV" trans="screen off" translit=""/><ana lex="กัน" pos="adverb" trans="together" translit=""/><ana lex="กัน" pos="verb" trans="shave" translit=""/><ana lex="กัน" pos="verb" trans="separate" translit=""/></w></se><se><w>พอ<ana lex="พอ" pos="adverb" trans="enough" translit=""/><ana lex="พอ" pos="adjective" trans="adequate" translit=""/><ana lex="พอ" pos="conjunction" trans="as soon as" translit=""/></w><w>มี<ana lex="มี" pos="verb" trans="consist of" translit=""/><ana lex="มี" pos="verb" trans="there is/are" translit=""/><ana lex="มี" pos="verb" trans="have" translit=""/><ana lex="มี" pos="verb,transitive" trans="contain" translit=""/><ana lex="มี" pos="verb,transitive" trans="has" translit=""/><ana lex="มี" pos="verb,transitive" trans="have" translit=""/><ana lex="มี" pos="adjective" trans="rich" translit=""/></w><w>ประโยชน์<ana lex="ประโยชน์" pos="noun" trans="avail" translit=""/><ana lex="ประโยชน์" pos="noun" trans="use" translit=""/><ana lex="ประโยชน์" pos="noun" trans="benefit" translit=""/></w><w>ร่วม<ana lex="ร่วม" pos="verb" trans="join in" translit=""/><ana lex="ร่วม" pos="adverb" trans="almost" translit=""/></w><w>ยึด<ana lex="ยึด" pos="idiom" trans="lay hold of" translit=""/><ana lex="ยึด" pos="verb,transitive" trans="take" translit=""/><ana lex="ยึด" pos="verb" trans="confiscate" translit=""/><ana lex="ยึด" pos="PHRV" trans="hold by" translit=""/><ana lex="ยึด" pos="verb,transitive" trans="grip" translit=""/><ana lex="ยึด" pos="idiom" trans="relax one's grip / hold on" translit=""/><ana lex="ยึด" pos="idiom" trans="lay hold on" translit=""/><ana lex="ยึด" pos="PHRV" trans="catch of" translit=""/><ana lex="ยึด" pos="verb" trans="fix" translit=""/></w></se><se><w>ที่<ana lex="ที่" pos="PRON" trans="that" translit=""/><ana lex="ที่" pos="preposition" trans="at" translit=""/><ana lex="ที่" pos="noun" trans="word for utensil" translit=""/><ana lex="ที่" pos="preposition" trans="at" translit=""/><ana lex="ที่" pos="noun" trans="place" translit=""/><ana lex="ที่" pos="classifier" trans="qualifiers for places" translit=""/><ana lex="ที่" pos="noun" trans="ordinal number" translit=""/><ana lex="ที่" pos="preposition" trans="to" translit=""/><ana lex="ที่" pos="noun" trans="land" translit=""/></w><w>เคย<ana lex="เคย" pos="verb" trans="be accustomed to" translit=""/><ana lex="เคย" pos="noun" trans="planktonic shrimp" translit=""/><ana lex="เคย" pos="noun" trans="small sized shrimp" translit=""/><ana lex="เคย" pos="adverb" trans="ever" translit=""/><ana lex="เคย" pos="verb,intransitive" trans="be accustomed to" translit=""/><ana lex="เคย" pos="adverb" trans="once" translit=""/></w><w>ประพฤติ<ana lex="ประพฤติ" pos="PHRV" trans="go on1" translit=""/><ana lex="ประพฤติ" pos="verb,transitive" trans="conduct" translit=""/><ana lex="ประพฤติ" pos="verb,transitive" trans="comport" translit=""/><ana lex="ประพฤติ" pos="verb,transitive" trans="carry" translit=""/><ana lex="ประพฤติ" pos="verb" trans="conduct" translit=""/></w><w>แปรผัน<ana lex="แปรผัน" pos="verb" trans="change" translit=""/><ana lex="แปรผัน" pos="" trans="to change; vary; fluctuate; modify; alter" translit="bpraaeM phanR"/></w></se><se><w>กลับ<ana lex="กลับ" pos="PRF" trans="un-" translit=""/><ana lex="กลับ" pos="verb" trans="become to" translit=""/><ana lex="กลับ" pos="verb" trans="reverse" translit=""/><ana lex="กลับ" pos="PHRV" trans="be back" translit=""/><ana lex="กลับ" pos="verb" trans="return" translit=""/></w><w>มา<ana lex="มา" pos="PHRV" trans="get in1" translit=""/><ana lex="มา" pos="adverb" trans="coming (toward the present; or toward the focal time)" translit=""/><ana lex="มา" pos="verb,intransitive" trans="come" translit=""/><ana lex="มา" pos="verb" trans="arrive" translit=""/></w><w>มี<ana lex="มี" pos="verb" trans="consist of" translit=""/><ana lex="มี" pos="verb" trans="there is/are" translit=""/><ana lex="มี" pos="verb" trans="have" translit=""/><ana lex="มี" pos="verb,transitive" trans="contain" translit=""/><ana lex="มี" pos="verb,transitive" trans="has" translit=""/><ana lex="มี" pos="verb,transitive" trans="have" translit=""/><ana lex="มี" pos="adjective" trans="rich" translit=""/></w><w>ความ<ana lex="ความ" pos="noun" trans="case" translit=""/><ana lex="ความ" pos="noun" trans="content" translit=""/></w><w>สัมพันธ์<ana lex="สัมพันธ์" pos="noun" trans="relatedness" translit=""/><ana lex="สัมพันธ์" pos="noun" trans="relations" translit=""/><ana lex="สัมพันธ์" pos="verb" trans="be related" translit=""/></w></se><se><w>กอด<ana lex="กอด" pos="PHRV" trans="cuddle up" translit=""/><ana lex="กอด" pos="verb" trans="embrace" translit=""/><ana lex="กอด" pos="PHRV" trans="press to" translit=""/><ana lex="กอด" pos="verb,intransitive" trans="hug" translit=""/><ana lex="กอด" pos="verb,transitive" trans="hold" translit=""/></w><w>คอ<ana lex="คอ" pos="SL" trans="Gregory Peck" translit=""/><ana lex="คอ" pos="noun" trans="neck" translit=""/><ana lex="คอ" pos="noun" trans="popularity" translit=""/><ana lex="คอ" pos="noun" trans="collar" translit=""/></w><w>รัก<ana lex="รัก" pos="verb,transitive" trans="treasure" translit=""/><ana lex="รัก" pos="verb,transitive" trans="adore" translit=""/><ana lex="รัก" pos="PRF" trans="phil-" translit=""/><ana lex="รัก" pos="PRF" trans="philo-" translit=""/><ana lex="รัก" pos="PHRV" trans="be attached to" translit=""/></w><w>มั่น</w><w>ฉัน<ana lex="ฉัน" pos="" trans="[alternate pronunciation of ฉัน ]" translit="chanH"/><ana lex="ฉัน" pos="pronoun" trans="me" translit=""/></w><w>มิตร<ana lex="มิตร" pos="noun" trans="friend" translit=""/><ana lex="มิตร" pos="" trans="[alternate pronunciation of มิตร ]" translit="mitH dtraL"/><ana lex="มิตร" pos="noun" trans="friend" translit=""/></w></se><se><w>เดี๋ยวนี้<ana lex="เดี๋ยวนี้" pos="noun" trans="now" translit=""/><ana lex="เดี๋ยวนี้" pos="adverb" trans="at this moment" translit=""/></w><w>อะไร<ana lex="อะไร" pos="DET" trans="any" translit=""/><ana lex="อะไร" pos="adjective" trans="what" translit=""/><ana lex="อะไร" pos="pronoun" trans="what" translit=""/><ana lex="อะไร" pos="QUES" trans="what" translit=""/><ana lex="อะไร" pos="adverb" trans="whatever" translit=""/><ana lex="อะไร" pos="PRON" trans="whatever" translit=""/></w></se><se><w>ๆ<ana lex="ๆ" pos="" trans="[repetition character]" translit=""/></w></se><se><w>ก็<ana lex="ก็" pos="adverb" trans="also" translit=""/><ana lex="ก็" pos="conjunction" trans="as a result" translit=""/></w><w>ว่า</w><w>กัน<ana lex="กัน" pos="verb" trans="keep out" translit=""/><ana lex="กัน" pos="PRON" trans="one another" translit=""/><ana lex="กัน" pos="PHRV" trans="screen off" translit=""/><ana lex="กัน" pos="adverb" trans="together" translit=""/><ana lex="กัน" pos="verb" trans="shave" translit=""/><ana lex="กัน" pos="verb" trans="separate" translit=""/></w><w>ไป<ana lex="ไป" pos="PRF" trans="ad-" translit=""/><ana lex="ไป" pos="verb" trans="go" translit=""/><ana lex="ไป" pos="SL" trans="chip" translit=""/><ana lex="ไป" pos="SL" trans="gone for a Burton" translit=""/><ana lex="ไป" pos="verb,intransitive" trans="go" translit=""/></w><w>ตาม<ana lex="ตาม" pos="verb,intransitive" trans="trail" translit=""/><ana lex="ตาม" pos="verb" trans="invite" translit=""/><ana lex="ตาม" pos="verb" trans="pursue" translit=""/><ana lex="ตาม" pos="preposition" trans="along" translit=""/><ana lex="ตาม" pos="verb" trans="follow" translit=""/><ana lex="ตาม" pos="verb,transitive" trans="follow" translit=""/><ana lex="ตาม" pos="preposition" trans="in accordance with" translit=""/><ana lex="ตาม" pos="adverb" trans="fatefully" translit=""/><ana lex="ตาม" pos="adverb" trans="follow" translit=""/></w><w>ผล<ana lex="ผล" pos="noun" trans="outcome" translit=""/><ana lex="ผล" pos="noun" trans="advantage" translit=""/><ana lex="ผล" pos="" trans="[alternate pronunciation of ผล ]" translit="phohnR laH"/><ana lex="ผล" pos="noun" trans="achievement" translit=""/><ana lex="ผล" pos="noun" trans="result" translit=""/><ana lex="ผล" pos="noun" trans="fruit" translit=""/><ana lex="ผล" pos="classifier" trans="fruit" translit=""/><ana lex="ผล" pos="noun" trans="consequence" translit=""/><ana lex="ผล" pos="noun" trans="issue" translit=""/></w><w>ประโยชน์<ana lex="ประโยชน์" pos="noun" trans="avail" translit=""/><ana lex="ประโยชน์" pos="noun" trans="use" translit=""/><ana lex="ประโยชน์" pos="noun" trans="benefit" translit=""/></w><w>แล้ว<ana lex="แล้ว" pos="adverb" trans="already" translit=""/><ana lex="แล้ว" pos="adverb" trans="already" translit=""/><ana lex="แล้ว" pos="adverb" trans="by now" translit=""/><ana lex="แล้ว" pos="adverb" trans="already" translit=""/></w><w>ล่ะ<ana lex="ล่ะ" pos="" trans="[alternate spelling of ละ ]" translit="laF"/><ana lex="ล่ะ" pos="END" trans="particle used at the end of a question, command or entreaty" translit=""/></w><w>ค่ะ<ana lex="ค่ะ" pos="END" trans="yes" translit=""/></w></se><se><w>ถ้า<ana lex="ถ้า" pos="conjunction" trans="if" translit=""/><ana lex="ถ้า" pos="conjunction" trans="if" translit=""/><ana lex="ถ้า" pos="conjunction" trans="when" translit=""/></w><w>ได้<ana lex="ได้" pos="PHRV" trans="get out of" translit=""/><ana lex="ได้" pos="auxiliary verb" trans="be able to" translit=""/><ana lex="ได้" pos="verb" trans="get" translit=""/><ana lex="ได้" pos="" trans="[alternate pronunciation of ได้ ]" translit="daaiF"/><ana lex="ได้" pos="auxiliary verb" trans="used as an auxiliary verb before a principal verb to indicate the past tense" translit=""/><ana lex="ได้" pos="verb,transitive" trans="get" translit=""/><ana lex="ได้" pos="adverb" trans="can" translit=""/></w><w>เท่า</w><w>กัน<ana lex="กัน" pos="verb" trans="keep out" translit=""/><ana lex="กัน" pos="PRON" trans="one another" translit=""/><ana lex="กัน" pos="PHRV" trans="screen off" translit=""/><ana lex="กัน" pos="adverb" trans="together" translit=""/><ana lex="กัน" pos="verb" trans="shave" translit=""/><ana lex="กัน" pos="verb" trans="separate" translit=""/></w><w>ก็<ana lex="ก็" pos="adverb" trans="also" translit=""/><ana lex="ก็" pos="conjunction" trans="as a result" translit=""/></w><w>เงียบ<ana lex="เงียบ" pos="PHRV" trans="nark it" translit=""/><ana lex="เงียบ" pos="adjective" trans="muted" translit=""/><ana lex="เงียบ" pos="PHRV" trans="clam up" translit=""/><ana lex="เงียบ" pos="adjective" trans="hushed" translit=""/><ana lex="เงียบ" pos="adverb" trans="silently" translit=""/><ana lex="เงียบ" pos="adjective" trans="hush" translit=""/><ana lex="เงียบ" pos="verb" trans="be silent" translit=""/><ana lex="เงียบ" pos="adjective" trans="silent" translit=""/><ana lex="เงียบ" pos="interjection" trans="shush" translit=""/><ana lex="เงียบ" pos="adjective" trans="quiet" translit=""/><ana lex="เงียบ" pos="adjective" trans="soundless" translit=""/></w></se><se><w>แต่<ana lex="แต่" pos="adverb" trans="only" translit=""/><ana lex="แต่" pos="conjunction" trans="but" translit=""/><ana lex="แต่" pos="conjunction" trans="but" translit=""/><ana lex="แต่" pos="conjunction" trans="but" translit=""/><ana lex="แต่" pos="preposition" trans="earlier" translit=""/><ana lex="แต่" pos="conjunction" trans="only" translit=""/></w><w>ถ้า<ana lex="ถ้า" pos="conjunction" trans="if" translit=""/><ana lex="ถ้า" pos="conjunction" trans="if" translit=""/><ana lex="ถ้า" pos="conjunction" trans="when" translit=""/></w><w>ใคร<ana lex="ใคร" pos="PRON" trans="who" translit=""/><ana lex="ใคร" pos="pronoun" trans="who" translit=""/></w><w>เสียเปรียบ<ana lex="เสียเปรียบ" pos="verb" trans="be adverse" translit=""/><ana lex="เสียเปรียบ" pos="adjective" trans="[is] handicapped; disadvantaged; not (able to be) competitive" translit="siiaR bpriiapL"/><ana lex="เสียเปรียบ" pos="PHRV" trans="have against" translit=""/></w><w>เดี๋ยว<ana lex="เดี๋ยว" pos="adverb" trans="awhile" translit=""/><ana lex="เดี๋ยว" pos="adverb" trans="otherwise" translit=""/></w><w>ก็<ana lex="ก็" pos="adverb" trans="also" translit=""/><ana lex="ก็" pos="conjunction" trans="as a result" translit=""/></w><w>ปูด<ana lex="ปูด" pos="adjective" trans="swollen" translit=""/><ana lex="ปูด" pos="noun" trans="crow pheasant" translit=""/><ana lex="ปูด" pos="verb" trans="reveal a secret" translit=""/></w></se><se><w>เฮ้อ<ana lex="เฮ้อ" pos="interjection" trans="sound of a deep sigh expressing boredom or dissatisfaction" translit=""/></w></se><se><w>.<ana lex="" pos="" trans="" translit=""/></w></se></body>