<body><meta><link>http://www.thaipoem.com/poem/78718</link><title>ทำไมถึงต้องโกหกกัน</title><genre>poem</genre></meta><se><w>ทำไม<ana lex="ทำไม" pos="adverb" trans="why" translit=""/><ana lex="ทำไม" pos="QUES" trans="why" translit=""/><ana lex="ทำไม" pos="interjection" trans="why" translit=""/></w><w>ถึง<ana lex="ถึง" pos="verb" trans="be skillful" translit=""/><ana lex="ถึง" pos="verb,transitive" trans="attain" translit=""/><ana lex="ถึง" pos="conjunction" trans="even though" translit=""/><ana lex="ถึง" pos="preposition" trans="to" translit=""/><ana lex="ถึง" pos="verb" trans="reach" translit=""/><ana lex="ถึง" pos="verb" trans="be ...enough" translit=""/><ana lex="ถึง" pos="preposition" trans="to" translit=""/><ana lex="ถึง" pos="conjunction" trans="then" translit=""/></w><w>ต้อง<ana lex="ต้อง" pos="auxiliary verb" trans="must" translit=""/><ana lex="ต้อง" pos="" trans="[alternate pronunciation of ต้อง ]" translit="dtaawngF"/><ana lex="ต้อง" pos="verb" trans="fall into" translit=""/><ana lex="ต้อง" pos="verb" trans="touch" translit=""/><ana lex="ต้อง" pos="auxiliary verb" trans="must" translit=""/></w><w>โกหก<ana lex="โกหก" pos="verb" trans="lie" translit=""/><ana lex="โกหก" pos="SL" trans="porky pies" translit=""/><ana lex="โกหก" pos="SL" trans="cant" translit=""/><ana lex="โกหก" pos="adjective" trans="mendacious" translit=""/><ana lex="โกหก" pos="verb,intransitive" trans="lie" translit=""/></w><w>กัน<ana lex="กัน" pos="verb" trans="keep out" translit=""/><ana lex="กัน" pos="PRON" trans="one another" translit=""/><ana lex="กัน" pos="PHRV" trans="screen off" translit=""/><ana lex="กัน" pos="adverb" trans="together" translit=""/><ana lex="กัน" pos="verb" trans="shave" translit=""/><ana lex="กัน" pos="verb" trans="separate" translit=""/></w></se><se><w>ทำไม<ana lex="ทำไม" pos="adverb" trans="why" translit=""/><ana lex="ทำไม" pos="QUES" trans="why" translit=""/><ana lex="ทำไม" pos="interjection" trans="why" translit=""/></w><w>ทำ<ana lex="ทำ" pos="verb" trans="make" translit=""/><ana lex="ทำ" pos="PHRV" trans="get in1" translit=""/><ana lex="ทำ" pos="PHRV" trans="get on with" translit=""/><ana lex="ทำ" pos="SUF" trans="-fy" translit=""/><ana lex="ทำ" pos="verb" trans="observe" translit=""/><ana lex="ทำ" pos="verb,transitive" trans="take" translit=""/><ana lex="ทำ" pos="verb" trans="act" translit=""/><ana lex="ทำ" pos="verb" trans="do" translit=""/><ana lex="ทำ" pos="verb" trans="work" translit=""/><ana lex="ทำ" pos="verb" trans="commit" translit=""/><ana lex="ทำ" pos="verb" trans="have plastic surgery" translit=""/><ana lex="ทำ" pos="PHRV" trans="be about2" translit=""/><ana lex="ทำ" pos="verb,transitive" trans="make" translit=""/></w><w>กับ<ana lex="กับ" pos="preposition" trans="with" translit=""/><ana lex="กับ" pos="preposition" trans="with" translit=""/><ana lex="กับ" pos="noun" trans="trap" translit=""/><ana lex="กับ" pos="preposition" trans="on" translit=""/><ana lex="กับ" pos="conjunction" trans="and" translit=""/><ana lex="กับ" pos="preposition" trans="with" translit=""/></w><w>ฉัน<ana lex="ฉัน" pos="" trans="[alternate pronunciation of ฉัน ]" translit="chanH"/><ana lex="ฉัน" pos="pronoun" trans="me" translit=""/></w><w>ถึง<ana lex="ถึง" pos="verb" trans="be skillful" translit=""/><ana lex="ถึง" pos="verb,transitive" trans="attain" translit=""/><ana lex="ถึง" pos="conjunction" trans="even though" translit=""/><ana lex="ถึง" pos="preposition" trans="to" translit=""/><ana lex="ถึง" pos="verb" trans="reach" translit=""/><ana lex="ถึง" pos="verb" trans="be ...enough" translit=""/><ana lex="ถึง" pos="preposition" trans="to" translit=""/><ana lex="ถึง" pos="conjunction" trans="then" translit=""/></w><w>เพียง</w><w>นี้</w></se><se><w>มัน<ana lex="มัน" pos="pronoun" trans="it" translit=""/><ana lex="มัน" pos="noun" trans="fat" translit=""/><ana lex="มัน" pos="noun" trans="yam" translit=""/><ana lex="มัน" pos="PRON" trans="it" translit=""/></w><w>เสีย<ana lex="เสีย" pos="PHRV" trans="go on2" translit=""/><ana lex="เสีย" pos="SL" trans="knackered" translit=""/><ana lex="เสีย" pos="SL" trans="on the fritz" translit=""/><ana lex="เสีย" pos="SL" trans="all over the shop1" translit=""/><ana lex="เสีย" pos="PHRV" trans="pass away" translit=""/><ana lex="เสีย" pos="verb" trans="lose" translit=""/><ana lex="เสีย" pos="adverb" trans="really" translit=""/><ana lex="เสีย" pos="SL" trans="knacked" translit=""/><ana lex="เสีย" pos="verb" trans="be rotten" translit=""/></w><w>ความ<ana lex="ความ" pos="noun" trans="case" translit=""/><ana lex="ความ" pos="noun" trans="content" translit=""/></w><w>รู้สึก<ana lex="รู้สึก" pos="PHRV" trans="be struck with" translit=""/><ana lex="รู้สึก" pos="verb" trans="feel" translit=""/><ana lex="รู้สึก" pos="verb,intransitive" trans="feel" translit=""/></w><w>เหมือน<ana lex="เหมือน" pos="PRF" trans="homo-" translit=""/><ana lex="เหมือน" pos="verb,transitive" trans="mirror" translit=""/><ana lex="เหมือน" pos="PHRV" trans="take after" translit=""/><ana lex="เหมือน" pos="conjunction" trans="like" translit=""/><ana lex="เหมือน" pos="SUF" trans="-like" translit=""/><ana lex="เหมือน" pos="SUF" trans="-ly" translit=""/></w><w>กัน<ana lex="กัน" pos="verb" trans="keep out" translit=""/><ana lex="กัน" pos="PRON" trans="one another" translit=""/><ana lex="กัน" pos="PHRV" trans="screen off" translit=""/><ana lex="กัน" pos="adverb" trans="together" translit=""/><ana lex="กัน" pos="verb" trans="shave" translit=""/><ana lex="กัน" pos="verb" trans="separate" translit=""/></w><w>นะ<ana lex="นะ" pos="END" trans="particle used at the end of a clause" translit=""/></w><w>คน<ana lex="คน" pos="noun" trans="bloke" translit=""/><ana lex="คน" pos="verb,transitive" trans="mill" translit=""/><ana lex="คน" pos="PRF" trans="anthropo-" translit=""/><ana lex="คน" pos="noun" trans="human" translit=""/><ana lex="คน" pos="noun" trans="people" translit=""/><ana lex="คน" pos="noun" trans="being" translit=""/><ana lex="คน" pos="PHRV" trans="stir about" translit=""/><ana lex="คน" pos="PHRV" trans="stir around" translit=""/><ana lex="คน" pos="SL" trans="bod" translit=""/><ana lex="คน" pos="classifier" trans="person" translit=""/><ana lex="คน" pos="verb" trans="stir" translit=""/></w><w>ดี<ana lex="ดี" pos="adjective" trans="fine" translit=""/><ana lex="ดี" pos="adjective" trans="braw" translit=""/><ana lex="ดี" pos="SL" trans="hunky-dory" translit=""/><ana lex="ดี" pos="adjective" trans="useful" translit=""/><ana lex="ดี" pos="noun" trans="gallbladder" translit=""/><ana lex="ดี" pos="adjective" trans="nice" translit=""/><ana lex="ดี" pos="adjective" trans="fine" translit=""/><ana lex="ดี" pos="adjective" trans="tidy" translit=""/><ana lex="ดี" pos="SL" trans="kushty" translit=""/><ana lex="ดี" pos="SL" trans="tickety-boo" translit=""/><ana lex="ดี" pos="adjective" trans="well" translit=""/><ana lex="ดี" pos="PRF" trans="eu-" translit=""/><ana lex="ดี" pos="idiom" trans="Well and good" translit=""/><ana lex="ดี" pos="adjective" trans="good" translit=""/><ana lex="ดี" pos="adverb" trans="well" translit=""/><ana lex="ดี" pos="adjective" trans="high" translit=""/><ana lex="ดี" pos="adjective" trans="nice" translit=""/><ana lex="ดี" pos="adjective" trans="nice" translit=""/><ana lex="ดี" pos="adjective" trans="well" translit=""/></w></se><se><w>จะ<ana lex="จะ" pos="auxiliary verb" trans="will" translit=""/><ana lex="จะ" pos="auxiliary verb" trans="will" translit=""/><ana lex="จะ" pos="" trans="[alternate spelling of จ้ะ]" translit="jaL"/></w><w>โกหก<ana lex="โกหก" pos="verb" trans="lie" translit=""/><ana lex="โกหก" pos="SL" trans="porky pies" translit=""/><ana lex="โกหก" pos="SL" trans="cant" translit=""/><ana lex="โกหก" pos="adjective" trans="mendacious" translit=""/><ana lex="โกหก" pos="verb,intransitive" trans="lie" translit=""/></w><w>ฉัน<ana lex="ฉัน" pos="" trans="[alternate pronunciation of ฉัน ]" translit="chanH"/><ana lex="ฉัน" pos="pronoun" trans="me" translit=""/></w><w>อีก<ana lex="อีก" pos="adverb" trans="afresh" translit=""/><ana lex="อีก" pos="adjective" trans="second" translit=""/><ana lex="อีก" pos="adjective" trans="another" translit=""/><ana lex="อีก" pos="adverb" trans="again" translit=""/></w><w>กี่<ana lex="กี่" pos="QUES" trans="how much" translit=""/><ana lex="กี่" pos="noun" trans="loom" translit=""/></w><w>ที<ana lex="ที" pos="noun" trans="time" translit=""/><ana lex="ที" pos="noun" trans="occasion" translit=""/><ana lex="ที" pos="classifier" trans="time" translit=""/></w></se><se><w>.<ana lex="" pos="" trans="" translit=""/></w></se><se><w>ว่า</w><w>มา<ana lex="มา" pos="PHRV" trans="get in1" translit=""/><ana lex="มา" pos="adverb" trans="coming (toward the present; or toward the focal time)" translit=""/><ana lex="มา" pos="verb,intransitive" trans="come" translit=""/><ana lex="มา" pos="verb" trans="arrive" translit=""/></w></se><se><w>ไม่<ana lex="ไม่" pos="adverb" trans="not" translit=""/><ana lex="ไม่" pos="PRF" trans="an-" translit=""/><ana lex="ไม่" pos="PRF" trans="un-" translit=""/><ana lex="ไม่" pos="PRF" trans="un-" translit=""/><ana lex="ไม่" pos="adjective" trans="nary" translit=""/><ana lex="ไม่" pos="NEG" trans="not" translit=""/><ana lex="ไม่" pos="PRF" trans="in-" translit=""/><ana lex="ไม่" pos="adverb" trans="no" translit=""/><ana lex="ไม่" pos="PRF" trans="non-" translit=""/><ana lex="ไม่" pos="PRF" trans="non-" translit=""/><ana lex="ไม่" pos="PRF" trans="in-" translit=""/><ana lex="ไม่" pos="SL" trans="no soup" translit=""/><ana lex="ไม่" pos="SL" trans="no sale" translit=""/><ana lex="ไม่" pos="SL" trans="nope" translit=""/><ana lex="ไม่" pos="SL" trans="No way!" translit=""/><ana lex="ไม่" pos="NEG" trans="not" translit=""/><ana lex="ไม่" pos="SL" trans="Nuts!" translit=""/></w><w>รู้<ana lex="รู้" pos="verb,transitive" trans="tell" translit=""/><ana lex="รู้" pos="verb,transitive" trans="ken" translit=""/><ana lex="รู้" pos="verb,intransitive" trans="ken" translit=""/><ana lex="รู้" pos="PHRV" trans="hear about" translit=""/><ana lex="รู้" pos="verb,transitive" trans="know" translit=""/><ana lex="รู้" pos="verb" trans="know" translit=""/></w><w>เธอ<ana lex="เธอ" pos="PRON" trans="you" translit=""/><ana lex="เธอ" pos="pronoun" trans="she" translit=""/><ana lex="เธอ" pos="pronoun" trans="her" translit=""/><ana lex="เธอ" pos="PRON" trans="she" translit=""/></w><w>ทำ<ana lex="ทำ" pos="verb" trans="make" translit=""/><ana lex="ทำ" pos="PHRV" trans="get in1" translit=""/><ana lex="ทำ" pos="PHRV" trans="get on with" translit=""/><ana lex="ทำ" pos="SUF" trans="-fy" translit=""/><ana lex="ทำ" pos="verb" trans="observe" translit=""/><ana lex="ทำ" pos="verb,transitive" trans="take" translit=""/><ana lex="ทำ" pos="verb" trans="act" translit=""/><ana lex="ทำ" pos="verb" trans="do" translit=""/><ana lex="ทำ" pos="verb" trans="work" translit=""/><ana lex="ทำ" pos="verb" trans="commit" translit=""/><ana lex="ทำ" pos="verb" trans="have plastic surgery" translit=""/><ana lex="ทำ" pos="PHRV" trans="be about2" translit=""/><ana lex="ทำ" pos="verb,transitive" trans="make" translit=""/></w><w>อย่าง<ana lex="อย่าง" pos="noun" trans="method" translit=""/><ana lex="อย่าง" pos="adverb" trans="severely" translit=""/><ana lex="อย่าง" pos="noun" trans="type" translit=""/></w><w>นี้</w><w>ทำไม<ana lex="ทำไม" pos="adverb" trans="why" translit=""/><ana lex="ทำไม" pos="QUES" trans="why" translit=""/><ana lex="ทำไม" pos="interjection" trans="why" translit=""/></w><w>กัน<ana lex="กัน" pos="verb" trans="keep out" translit=""/><ana lex="กัน" pos="PRON" trans="one another" translit=""/><ana lex="กัน" pos="PHRV" trans="screen off" translit=""/><ana lex="กัน" pos="adverb" trans="together" translit=""/><ana lex="กัน" pos="verb" trans="shave" translit=""/><ana lex="กัน" pos="verb" trans="separate" translit=""/></w></se><se><w>รู้<ana lex="รู้" pos="verb,transitive" trans="tell" translit=""/><ana lex="รู้" pos="verb,transitive" trans="ken" translit=""/><ana lex="รู้" pos="verb,intransitive" trans="ken" translit=""/><ana lex="รู้" pos="PHRV" trans="hear about" translit=""/><ana lex="รู้" pos="verb,transitive" trans="know" translit=""/><ana lex="รู้" pos="verb" trans="know" translit=""/></w><w>ไหม<ana lex="ไหม" pos="noun" trans="silk thread" translit=""/><ana lex="ไหม" pos="noun" trans="silk" translit="maiR"/><ana lex="ไหม" pos="noun" trans="silk wool" translit=""/><ana lex="ไหม" pos="noun" trans="silk cloth" translit=""/><ana lex="ไหม" pos="noun" trans="silk worm" translit=""/><ana lex="ไหม" pos="QUES" trans="word ending at the end of the question to be answered 'Yes' or 'No'" translit=""/><ana lex="ไหม" pos="noun" trans="[ตัวไหม] silkworm" translit="maiR"/><ana lex="ไหม" pos="particle" trans="[word added at the end of a statement to indicate a question]" translit="maiR"/><ana lex="ไหม" pos="adverb,particle" trans="[alternative, colloquial pronunciation of ไหม, word added at the end of a statement to indicate a question]" translit="maiH"/><ana lex="ไหม" pos="" trans="[alternate pronunciation of ไหม]" translit="maiH"/><ana lex="ไหม" pos="noun" trans="[ผ้าไหม] silk fabric" translit="maiR"/><ana lex="ไหม" pos="adjective" trans="silken; of silk" translit="maiR"/></w><w>ฉัน<ana lex="ฉัน" pos="" trans="[alternate pronunciation of ฉัน ]" translit="chanH"/><ana lex="ฉัน" pos="pronoun" trans="me" translit=""/></w><w>สุด<ana lex="สุด" pos="adverb" trans="extremely" translit=""/><ana lex="สุด" pos="verb" trans="end" translit=""/><ana lex="สุด" pos="adjective" trans="tip" translit=""/></w><w>ทน<ana lex="ทน" pos="verb,transitive" trans="abide" translit=""/><ana lex="ทน" pos="verb,transitive" trans="bear" translit=""/><ana lex="ทน" pos="verb" trans="be durable" translit=""/><ana lex="ทน" pos="PHRV" trans="stand for" translit=""/><ana lex="ทน" pos="PHRV" trans="spread on1" translit=""/><ana lex="ทน" pos="verb,intransitive" trans="brook" translit=""/><ana lex="ทน" pos="verb,intransitive" trans="stomach" translit=""/><ana lex="ทน" pos="verb" trans="endure" translit=""/></w><w>กับ<ana lex="กับ" pos="preposition" trans="with" translit=""/><ana lex="กับ" pos="preposition" trans="with" translit=""/><ana lex="กับ" pos="noun" trans="trap" translit=""/><ana lex="กับ" pos="preposition" trans="on" translit=""/><ana lex="กับ" pos="conjunction" trans="and" translit=""/><ana lex="กับ" pos="preposition" trans="with" translit=""/></w><w>เธอ<ana lex="เธอ" pos="PRON" trans="you" translit=""/><ana lex="เธอ" pos="pronoun" trans="she" translit=""/><ana lex="เธอ" pos="pronoun" trans="her" translit=""/><ana lex="เธอ" pos="PRON" trans="she" translit=""/></w><w>แล้ว<ana lex="แล้ว" pos="adverb" trans="already" translit=""/><ana lex="แล้ว" pos="adverb" trans="already" translit=""/><ana lex="แล้ว" pos="adverb" trans="by now" translit=""/><ana lex="แล้ว" pos="adverb" trans="already" translit=""/></w><w>นี่</w></se><se><w>เจ็บ<ana lex="เจ็บ" pos="verb" trans="be sick" translit=""/><ana lex="เจ็บ" pos="verb" trans="be pained" translit=""/><ana lex="เจ็บ" pos="verb" trans="hurt" translit=""/></w><w>แล้ว<ana lex="แล้ว" pos="adverb" trans="already" translit=""/><ana lex="แล้ว" pos="adverb" trans="already" translit=""/><ana lex="แล้ว" pos="adverb" trans="by now" translit=""/><ana lex="แล้ว" pos="adverb" trans="already" translit=""/></w><w>เจ็บ<ana lex="เจ็บ" pos="verb" trans="be sick" translit=""/><ana lex="เจ็บ" pos="verb" trans="be pained" translit=""/><ana lex="เจ็บ" pos="verb" trans="hurt" translit=""/></w><w>อีก<ana lex="อีก" pos="adverb" trans="afresh" translit=""/><ana lex="อีก" pos="adjective" trans="second" translit=""/><ana lex="อีก" pos="adjective" trans="another" translit=""/><ana lex="อีก" pos="adverb" trans="again" translit=""/></w><w>อย่าง<ana lex="อย่าง" pos="noun" trans="method" translit=""/><ana lex="อย่าง" pos="adverb" trans="severely" translit=""/><ana lex="อย่าง" pos="noun" trans="type" translit=""/></w><w>นี้</w><w>ทุกที<ana lex="ทุกที" pos="adverb" trans="[in the sentence structure ทีไร...เป็นต้อง... ทุกที] everytime, inevitably" translit="thookH theeM"/><ana lex="ทุกที" pos="adverb" trans="always" translit=""/><ana lex="ทุกที" pos="adverb" trans="whenever" translit="thookH theeM"/></w></se><se><w>จะ<ana lex="จะ" pos="auxiliary verb" trans="will" translit=""/><ana lex="จะ" pos="auxiliary verb" trans="will" translit=""/><ana lex="จะ" pos="" trans="[alternate spelling of จ้ะ]" translit="jaL"/></w><w>ให้<ana lex="ให้" pos="verb,transitive" trans="afford" translit=""/><ana lex="ให้" pos="verb" trans="give" translit=""/><ana lex="ให้" pos="verb,transitive" trans="give" translit=""/><ana lex="ให้" pos="verb,transitive" trans="dispense" translit=""/><ana lex="ให้" pos="verb,transitive" trans="bestow" translit=""/><ana lex="ให้" pos="verb" trans="give" translit=""/><ana lex="ให้" pos="verb,transitive" trans="accord" translit=""/><ana lex="ให้" pos="auxiliary verb" trans="to" translit=""/><ana lex="ให้" pos="verb" trans="permit" translit=""/></w><w>ฉัน<ana lex="ฉัน" pos="" trans="[alternate pronunciation of ฉัน ]" translit="chanH"/><ana lex="ฉัน" pos="pronoun" trans="me" translit=""/></w><w>ทำ<ana lex="ทำ" pos="verb" trans="make" translit=""/><ana lex="ทำ" pos="PHRV" trans="get in1" translit=""/><ana lex="ทำ" pos="PHRV" trans="get on with" translit=""/><ana lex="ทำ" pos="SUF" trans="-fy" translit=""/><ana lex="ทำ" pos="verb" trans="observe" translit=""/><ana lex="ทำ" pos="verb,transitive" trans="take" translit=""/><ana lex="ทำ" pos="verb" trans="act" translit=""/><ana lex="ทำ" pos="verb" trans="do" translit=""/><ana lex="ทำ" pos="verb" trans="work" translit=""/><ana lex="ทำ" pos="verb" trans="commit" translit=""/><ana lex="ทำ" pos="verb" trans="have plastic surgery" translit=""/><ana lex="ทำ" pos="PHRV" trans="be about2" translit=""/><ana lex="ทำ" pos="verb,transitive" trans="make" translit=""/></w><w>อย่างไร<ana lex="อย่างไร" pos="noun,pronoun" trans="[อย่างไร] anything; whatever" translit="yaangL raiM"/><ana lex="อย่างไร" pos="QUES" trans="how" translit=""/><ana lex="อย่างไร" pos="adverb" trans="[อย่างไร] like what; anyhow; how" translit="yaangL raiM"/></w><w>คน<ana lex="คน" pos="noun" trans="bloke" translit=""/><ana lex="คน" pos="verb,transitive" trans="mill" translit=""/><ana lex="คน" pos="PRF" trans="anthropo-" translit=""/><ana lex="คน" pos="noun" trans="human" translit=""/><ana lex="คน" pos="noun" trans="people" translit=""/><ana lex="คน" pos="noun" trans="being" translit=""/><ana lex="คน" pos="PHRV" trans="stir about" translit=""/><ana lex="คน" pos="PHRV" trans="stir around" translit=""/><ana lex="คน" pos="SL" trans="bod" translit=""/><ana lex="คน" pos="classifier" trans="person" translit=""/><ana lex="คน" pos="verb" trans="stir" translit=""/></w><w>ดี<ana lex="ดี" pos="adjective" trans="fine" translit=""/><ana lex="ดี" pos="adjective" trans="braw" translit=""/><ana lex="ดี" pos="SL" trans="hunky-dory" translit=""/><ana lex="ดี" pos="adjective" trans="useful" translit=""/><ana lex="ดี" pos="noun" trans="gallbladder" translit=""/><ana lex="ดี" pos="adjective" trans="nice" translit=""/><ana lex="ดี" pos="adjective" trans="fine" translit=""/><ana lex="ดี" pos="adjective" trans="tidy" translit=""/><ana lex="ดี" pos="SL" trans="kushty" translit=""/><ana lex="ดี" pos="SL" trans="tickety-boo" translit=""/><ana lex="ดี" pos="adjective" trans="well" translit=""/><ana lex="ดี" pos="PRF" trans="eu-" translit=""/><ana lex="ดี" pos="idiom" trans="Well and good" translit=""/><ana lex="ดี" pos="adjective" trans="good" translit=""/><ana lex="ดี" pos="adverb" trans="well" translit=""/><ana lex="ดี" pos="adjective" trans="high" translit=""/><ana lex="ดี" pos="adjective" trans="nice" translit=""/><ana lex="ดี" pos="adjective" trans="nice" translit=""/><ana lex="ดี" pos="adjective" trans="well" translit=""/></w></se><se><w>.<ana lex="" pos="" trans="" translit=""/></w></se><se><w>ว่า</w><w>มา<ana lex="มา" pos="PHRV" trans="get in1" translit=""/><ana lex="มา" pos="adverb" trans="coming (toward the present; or toward the focal time)" translit=""/><ana lex="มา" pos="verb,intransitive" trans="come" translit=""/><ana lex="มา" pos="verb" trans="arrive" translit=""/></w></se><se><w>เจ็บ<ana lex="เจ็บ" pos="verb" trans="be sick" translit=""/><ana lex="เจ็บ" pos="verb" trans="be pained" translit=""/><ana lex="เจ็บ" pos="verb" trans="hurt" translit=""/></w><w>นี้</w></se><se><w>.<ana lex="" pos="" trans="" translit=""/></w></se><se><w>เกิน<ana lex="เกิน" pos="adverb" trans="far" translit=""/><ana lex="เกิน" pos="PRF" trans="ultra-" translit=""/><ana lex="เกิน" pos="adjective" trans="surplus" translit=""/><ana lex="เกิน" pos="PRF" trans="hyper-" translit=""/></w><w>จะ<ana lex="จะ" pos="auxiliary verb" trans="will" translit=""/><ana lex="จะ" pos="auxiliary verb" trans="will" translit=""/><ana lex="จะ" pos="" trans="[alternate spelling of จ้ะ]" translit="jaL"/></w><w>ทน<ana lex="ทน" pos="verb,transitive" trans="abide" translit=""/><ana lex="ทน" pos="verb,transitive" trans="bear" translit=""/><ana lex="ทน" pos="verb" trans="be durable" translit=""/><ana lex="ทน" pos="PHRV" trans="stand for" translit=""/><ana lex="ทน" pos="PHRV" trans="spread on1" translit=""/><ana lex="ทน" pos="verb,intransitive" trans="brook" translit=""/><ana lex="ทน" pos="verb,intransitive" trans="stomach" translit=""/><ana lex="ทน" pos="verb" trans="endure" translit=""/></w><w>ไหว<ana lex="ไหว" pos="verb" trans="vibrate" translit=""/><ana lex="ไหว" pos="verb,intransitive" trans="quiver" translit=""/><ana lex="ไหว" pos="adverb" trans="-ably" translit=""/></w></se><se><w>รู้<ana lex="รู้" pos="verb,transitive" trans="tell" translit=""/><ana lex="รู้" pos="verb,transitive" trans="ken" translit=""/><ana lex="รู้" pos="verb,intransitive" trans="ken" translit=""/><ana lex="รู้" pos="PHRV" trans="hear about" translit=""/><ana lex="รู้" pos="verb,transitive" trans="know" translit=""/><ana lex="รู้" pos="verb" trans="know" translit=""/></w><w>ไหม<ana lex="ไหม" pos="noun" trans="silk thread" translit=""/><ana lex="ไหม" pos="noun" trans="silk" translit="maiR"/><ana lex="ไหม" pos="noun" trans="silk wool" translit=""/><ana lex="ไหม" pos="noun" trans="silk cloth" translit=""/><ana lex="ไหม" pos="noun" trans="silk worm" translit=""/><ana lex="ไหม" pos="QUES" trans="word ending at the end of the question to be answered 'Yes' or 'No'" translit=""/><ana lex="ไหม" pos="noun" trans="[ตัวไหม] silkworm" translit="maiR"/><ana lex="ไหม" pos="particle" trans="[word added at the end of a statement to indicate a question]" translit="maiR"/><ana lex="ไหม" pos="adverb,particle" trans="[alternative, colloquial pronunciation of ไหม, word added at the end of a statement to indicate a question]" translit="maiH"/><ana lex="ไหม" pos="" trans="[alternate pronunciation of ไหม]" translit="maiH"/><ana lex="ไหม" pos="noun" trans="[ผ้าไหม] silk fabric" translit="maiR"/><ana lex="ไหม" pos="adjective" trans="silken; of silk" translit="maiR"/></w><w>ใจ<ana lex="ใจ" pos="noun" trans="heart" translit=""/><ana lex="ใจ" pos="noun" trans="mind" translit=""/></w><w>เจ็บ<ana lex="เจ็บ" pos="verb" trans="be sick" translit=""/><ana lex="เจ็บ" pos="verb" trans="be pained" translit=""/><ana lex="เจ็บ" pos="verb" trans="hurt" translit=""/></w><w>จน<ana lex="จน" pos="conjunction" trans="until" translit=""/><ana lex="จน" pos="adjective" trans="bad-off" translit=""/><ana lex="จน" pos="verb" trans="be poor" translit=""/><ana lex="จน" pos="adjective" trans="badly-off" translit=""/></w><w>ป่นปี้<ana lex="ป่นปี้" pos="adverb" trans="severely; disastrously; heavily" translit="bpohnL bpeeF"/><ana lex="ป่นปี้" pos="adverb" trans="severely" translit=""/></w></se><se><w>ไม่<ana lex="ไม่" pos="adverb" trans="not" translit=""/><ana lex="ไม่" pos="PRF" trans="an-" translit=""/><ana lex="ไม่" pos="PRF" trans="un-" translit=""/><ana lex="ไม่" pos="PRF" trans="un-" translit=""/><ana lex="ไม่" pos="adjective" trans="nary" translit=""/><ana lex="ไม่" pos="NEG" trans="not" translit=""/><ana lex="ไม่" pos="PRF" trans="in-" translit=""/><ana lex="ไม่" pos="adverb" trans="no" translit=""/><ana lex="ไม่" pos="PRF" trans="non-" translit=""/><ana lex="ไม่" pos="PRF" trans="non-" translit=""/><ana lex="ไม่" pos="PRF" trans="in-" translit=""/><ana lex="ไม่" pos="SL" trans="no soup" translit=""/><ana lex="ไม่" pos="SL" trans="no sale" translit=""/><ana lex="ไม่" pos="SL" trans="nope" translit=""/><ana lex="ไม่" pos="SL" trans="No way!" translit=""/><ana lex="ไม่" pos="NEG" trans="not" translit=""/><ana lex="ไม่" pos="SL" trans="Nuts!" translit=""/></w><w>เหลือ<ana lex="เหลือ" pos="verb,transitive" trans="leave" translit=""/><ana lex="เหลือ" pos="adjective" trans="surplus" translit=""/><ana lex="เหลือ" pos="verb" trans="remain" translit=""/></w><w>แล้ว<ana lex="แล้ว" pos="adverb" trans="already" translit=""/><ana lex="แล้ว" pos="adverb" trans="already" translit=""/><ana lex="แล้ว" pos="adverb" trans="by now" translit=""/><ana lex="แล้ว" pos="adverb" trans="already" translit=""/></w><w>ความ<ana lex="ความ" pos="noun" trans="case" translit=""/><ana lex="ความ" pos="noun" trans="content" translit=""/></w><w>รู้สึก<ana lex="รู้สึก" pos="PHRV" trans="be struck with" translit=""/><ana lex="รู้สึก" pos="verb" trans="feel" translit=""/><ana lex="รู้สึก" pos="verb,intransitive" trans="feel" translit=""/></w><w>ดี<ana lex="ดี" pos="adjective" trans="fine" translit=""/><ana lex="ดี" pos="adjective" trans="braw" translit=""/><ana lex="ดี" pos="SL" trans="hunky-dory" translit=""/><ana lex="ดี" pos="adjective" trans="useful" translit=""/><ana lex="ดี" pos="noun" trans="gallbladder" translit=""/><ana lex="ดี" pos="adjective" trans="nice" translit=""/><ana lex="ดี" pos="adjective" trans="fine" translit=""/><ana lex="ดี" pos="adjective" trans="tidy" translit=""/><ana lex="ดี" pos="SL" trans="kushty" translit=""/><ana lex="ดี" pos="SL" trans="tickety-boo" translit=""/><ana lex="ดี" pos="adjective" trans="well" translit=""/><ana lex="ดี" pos="PRF" trans="eu-" translit=""/><ana lex="ดี" pos="idiom" trans="Well and good" translit=""/><ana lex="ดี" pos="adjective" trans="good" translit=""/><ana lex="ดี" pos="adverb" trans="well" translit=""/><ana lex="ดี" pos="adjective" trans="high" translit=""/><ana lex="ดี" pos="adjective" trans="nice" translit=""/><ana lex="ดี" pos="adjective" trans="nice" translit=""/><ana lex="ดี" pos="adjective" trans="well" translit=""/></w><w>ดี<ana lex="ดี" pos="adjective" trans="fine" translit=""/><ana lex="ดี" pos="adjective" trans="braw" translit=""/><ana lex="ดี" pos="SL" trans="hunky-dory" translit=""/><ana lex="ดี" pos="adjective" trans="useful" translit=""/><ana lex="ดี" pos="noun" trans="gallbladder" translit=""/><ana lex="ดี" pos="adjective" trans="nice" translit=""/><ana lex="ดี" pos="adjective" trans="fine" translit=""/><ana lex="ดี" pos="adjective" trans="tidy" translit=""/><ana lex="ดี" pos="SL" trans="kushty" translit=""/><ana lex="ดี" pos="SL" trans="tickety-boo" translit=""/><ana lex="ดี" pos="adjective" trans="well" translit=""/><ana lex="ดี" pos="PRF" trans="eu-" translit=""/><ana lex="ดี" pos="idiom" trans="Well and good" translit=""/><ana lex="ดี" pos="adjective" trans="good" translit=""/><ana lex="ดี" pos="adverb" trans="well" translit=""/><ana lex="ดี" pos="adjective" trans="high" translit=""/><ana lex="ดี" pos="adjective" trans="nice" translit=""/><ana lex="ดี" pos="adjective" trans="nice" translit=""/><ana lex="ดี" pos="adjective" trans="well" translit=""/></w></se><se><w>ที่<ana lex="ที่" pos="PRON" trans="that" translit=""/><ana lex="ที่" pos="preposition" trans="at" translit=""/><ana lex="ที่" pos="noun" trans="word for utensil" translit=""/><ana lex="ที่" pos="preposition" trans="at" translit=""/><ana lex="ที่" pos="noun" trans="place" translit=""/><ana lex="ที่" pos="classifier" trans="qualifiers for places" translit=""/><ana lex="ที่" pos="noun" trans="ordinal number" translit=""/><ana lex="ที่" pos="preposition" trans="to" translit=""/><ana lex="ที่" pos="noun" trans="land" translit=""/></w><w>เคย<ana lex="เคย" pos="verb" trans="be accustomed to" translit=""/><ana lex="เคย" pos="noun" trans="planktonic shrimp" translit=""/><ana lex="เคย" pos="noun" trans="small sized shrimp" translit=""/><ana lex="เคย" pos="adverb" trans="ever" translit=""/><ana lex="เคย" pos="verb,intransitive" trans="be accustomed to" translit=""/><ana lex="เคย" pos="adverb" trans="once" translit=""/></w><w>มี<ana lex="มี" pos="verb" trans="consist of" translit=""/><ana lex="มี" pos="verb" trans="there is/are" translit=""/><ana lex="มี" pos="verb" trans="have" translit=""/><ana lex="มี" pos="verb,transitive" trans="contain" translit=""/><ana lex="มี" pos="verb,transitive" trans="has" translit=""/><ana lex="มี" pos="verb,transitive" trans="have" translit=""/><ana lex="มี" pos="adjective" trans="rich" translit=""/></w><w>ไว้<ana lex="ไว้" pos="verb" trans="keep" translit=""/></w><w>ให้<ana lex="ให้" pos="verb,transitive" trans="afford" translit=""/><ana lex="ให้" pos="verb" trans="give" translit=""/><ana lex="ให้" pos="verb,transitive" trans="give" translit=""/><ana lex="ให้" pos="verb,transitive" trans="dispense" translit=""/><ana lex="ให้" pos="verb,transitive" trans="bestow" translit=""/><ana lex="ให้" pos="verb" trans="give" translit=""/><ana lex="ให้" pos="verb,transitive" trans="accord" translit=""/><ana lex="ให้" pos="auxiliary verb" trans="to" translit=""/><ana lex="ให้" pos="verb" trans="permit" translit=""/></w><w>กับ<ana lex="กับ" pos="preposition" trans="with" translit=""/><ana lex="กับ" pos="preposition" trans="with" translit=""/><ana lex="กับ" pos="noun" trans="trap" translit=""/><ana lex="กับ" pos="preposition" trans="on" translit=""/><ana lex="กับ" pos="conjunction" trans="and" translit=""/><ana lex="กับ" pos="preposition" trans="with" translit=""/></w><w>เธอ<ana lex="เธอ" pos="PRON" trans="you" translit=""/><ana lex="เธอ" pos="pronoun" trans="she" translit=""/><ana lex="เธอ" pos="pronoun" trans="her" translit=""/><ana lex="เธอ" pos="PRON" trans="she" translit=""/></w></se><se><w>.<ana lex="" pos="" trans="" translit=""/></w></se><se><w>แค้น<ana lex="แค้น" pos="verb" trans="be angry" translit=""/></w><w>จน<ana lex="จน" pos="conjunction" trans="until" translit=""/><ana lex="จน" pos="adjective" trans="bad-off" translit=""/><ana lex="จน" pos="verb" trans="be poor" translit=""/><ana lex="จน" pos="adjective" trans="badly-off" translit=""/></w><w>มือ<ana lex="มือ" pos="noun" trans="hand" translit=""/><ana lex="มือ" pos="noun" trans="hand" translit=""/><ana lex="มือ" pos="SL" trans="mitts" translit=""/><ana lex="มือ" pos="noun" trans="paw" translit=""/><ana lex="มือ" pos="noun" trans="holder" translit=""/></w><w>ไม้<ana lex="ไม้" pos="" trans="[alternate pronunciation of ไม้ ]" translit="maiH"/><ana lex="ไม้" pos="noun" trans="wood" translit=""/><ana lex="ไม้" pos="noun" trans="log" translit=""/><ana lex="ไม้" pos="noun" trans="plant" translit=""/></w><w>สั่น<ana lex="สั่น" pos="adjective" trans="trembly" translit=""/><ana lex="สั่น" pos="adverb" trans="tremblingly" translit=""/><ana lex="สั่น" pos="verb,intransitive" trans="jar" translit=""/><ana lex="สั่น" pos="verb" trans="totter" translit=""/><ana lex="สั่น" pos="adjective" trans="shaky" translit=""/><ana lex="สั่น" pos="verb,intransitive" trans="quiver" translit=""/><ana lex="สั่น" pos="verb,intransitive" trans="thrill" translit=""/><ana lex="สั่น" pos="verb,intransitive" trans="quaver" translit=""/><ana lex="สั่น" pos="verb,intransitive" trans="shiver" translit=""/><ana lex="สั่น" pos="verb,intransitive" trans="tremble" translit=""/><ana lex="สั่น" pos="verb,intransitive" trans="vibrate" translit=""/></w></se><se><w>ทำไม<ana lex="ทำไม" pos="adverb" trans="why" translit=""/><ana lex="ทำไม" pos="QUES" trans="why" translit=""/><ana lex="ทำไม" pos="interjection" trans="why" translit=""/></w><w>ทำ<ana lex="ทำ" pos="verb" trans="make" translit=""/><ana lex="ทำ" pos="PHRV" trans="get in1" translit=""/><ana lex="ทำ" pos="PHRV" trans="get on with" translit=""/><ana lex="ทำ" pos="SUF" trans="-fy" translit=""/><ana lex="ทำ" pos="verb" trans="observe" translit=""/><ana lex="ทำ" pos="verb,transitive" trans="take" translit=""/><ana lex="ทำ" pos="verb" trans="act" translit=""/><ana lex="ทำ" pos="verb" trans="do" translit=""/><ana lex="ทำ" pos="verb" trans="work" translit=""/><ana lex="ทำ" pos="verb" trans="commit" translit=""/><ana lex="ทำ" pos="verb" trans="have plastic surgery" translit=""/><ana lex="ทำ" pos="PHRV" trans="be about2" translit=""/><ana lex="ทำ" pos="verb,transitive" trans="make" translit=""/></w><w>กัน<ana lex="กัน" pos="verb" trans="keep out" translit=""/><ana lex="กัน" pos="PRON" trans="one another" translit=""/><ana lex="กัน" pos="PHRV" trans="screen off" translit=""/><ana lex="กัน" pos="adverb" trans="together" translit=""/><ana lex="กัน" pos="verb" trans="shave" translit=""/><ana lex="กัน" pos="verb" trans="separate" translit=""/></w><w>ถึง<ana lex="ถึง" pos="verb" trans="be skillful" translit=""/><ana lex="ถึง" pos="verb,transitive" trans="attain" translit=""/><ana lex="ถึง" pos="conjunction" trans="even though" translit=""/><ana lex="ถึง" pos="preposition" trans="to" translit=""/><ana lex="ถึง" pos="verb" trans="reach" translit=""/><ana lex="ถึง" pos="verb" trans="be ...enough" translit=""/><ana lex="ถึง" pos="preposition" trans="to" translit=""/><ana lex="ถึง" pos="conjunction" trans="then" translit=""/></w><w>เพียง</w><w>นี้</w></se><se><w>ไม่<ana lex="ไม่" pos="adverb" trans="not" translit=""/><ana lex="ไม่" pos="PRF" trans="an-" translit=""/><ana lex="ไม่" pos="PRF" trans="un-" translit=""/><ana lex="ไม่" pos="PRF" trans="un-" translit=""/><ana lex="ไม่" pos="adjective" trans="nary" translit=""/><ana lex="ไม่" pos="NEG" trans="not" translit=""/><ana lex="ไม่" pos="PRF" trans="in-" translit=""/><ana lex="ไม่" pos="adverb" trans="no" translit=""/><ana lex="ไม่" pos="PRF" trans="non-" translit=""/><ana lex="ไม่" pos="PRF" trans="non-" translit=""/><ana lex="ไม่" pos="PRF" trans="in-" translit=""/><ana lex="ไม่" pos="SL" trans="no soup" translit=""/><ana lex="ไม่" pos="SL" trans="no sale" translit=""/><ana lex="ไม่" pos="SL" trans="nope" translit=""/><ana lex="ไม่" pos="SL" trans="No way!" translit=""/><ana lex="ไม่" pos="NEG" trans="not" translit=""/><ana lex="ไม่" pos="SL" trans="Nuts!" translit=""/></w><w>รัก<ana lex="รัก" pos="verb,transitive" trans="treasure" translit=""/><ana lex="รัก" pos="verb,transitive" trans="adore" translit=""/><ana lex="รัก" pos="PRF" trans="phil-" translit=""/><ana lex="รัก" pos="PRF" trans="philo-" translit=""/><ana lex="รัก" pos="PHRV" trans="be attached to" translit=""/></w><w>ก็<ana lex="ก็" pos="adverb" trans="also" translit=""/><ana lex="ก็" pos="conjunction" trans="as a result" translit=""/></w><w>บอก<ana lex="บอก" pos="verb" trans="describe" translit=""/><ana lex="บอก" pos="verb" trans="advise" translit=""/><ana lex="บอก" pos="verb" trans="indicate" translit=""/><ana lex="บอก" pos="PHRV" trans="appeal to" translit=""/><ana lex="บอก" pos="verb,transitive" trans="announce" translit=""/><ana lex="บอก" pos="verb,intransitive" trans="tell" translit=""/><ana lex="บอก" pos="verb,transitive" trans="tell" translit=""/><ana lex="บอก" pos="idiom" trans="fill one in" translit=""/></w><w>มา<ana lex="มา" pos="PHRV" trans="get in1" translit=""/><ana lex="มา" pos="adverb" trans="coming (toward the present; or toward the focal time)" translit=""/><ana lex="มา" pos="verb,intransitive" trans="come" translit=""/><ana lex="มา" pos="verb" trans="arrive" translit=""/></w><w>ตรงๆ<ana lex="ตรงๆ" pos="adverb" trans="uprightly" translit=""/></w><w>เลย<ana lex="เลย" pos="PRF" trans="extra-" translit=""/><ana lex="เลย" pos="auxiliary verb" trans="have to" translit=""/><ana lex="เลย" pos="verb" trans="pass" translit=""/><ana lex="เลย" pos="adverb" trans="really" translit=""/><ana lex="เลย" pos="noun" trans="Loei" translit=""/><ana lex="เลย" pos="adverb" trans="completely" translit=""/></w><w>คน<ana lex="คน" pos="noun" trans="bloke" translit=""/><ana lex="คน" pos="verb,transitive" trans="mill" translit=""/><ana lex="คน" pos="PRF" trans="anthropo-" translit=""/><ana lex="คน" pos="noun" trans="human" translit=""/><ana lex="คน" pos="noun" trans="people" translit=""/><ana lex="คน" pos="noun" trans="being" translit=""/><ana lex="คน" pos="PHRV" trans="stir about" translit=""/><ana lex="คน" pos="PHRV" trans="stir around" translit=""/><ana lex="คน" pos="SL" trans="bod" translit=""/><ana lex="คน" pos="classifier" trans="person" translit=""/><ana lex="คน" pos="verb" trans="stir" translit=""/></w><w>ดี<ana lex="ดี" pos="adjective" trans="fine" translit=""/><ana lex="ดี" pos="adjective" trans="braw" translit=""/><ana lex="ดี" pos="SL" trans="hunky-dory" translit=""/><ana lex="ดี" pos="adjective" trans="useful" translit=""/><ana lex="ดี" pos="noun" trans="gallbladder" translit=""/><ana lex="ดี" pos="adjective" trans="nice" translit=""/><ana lex="ดี" pos="adjective" trans="fine" translit=""/><ana lex="ดี" pos="adjective" trans="tidy" translit=""/><ana lex="ดี" pos="SL" trans="kushty" translit=""/><ana lex="ดี" pos="SL" trans="tickety-boo" translit=""/><ana lex="ดี" pos="adjective" trans="well" translit=""/><ana lex="ดี" pos="PRF" trans="eu-" translit=""/><ana lex="ดี" pos="idiom" trans="Well and good" translit=""/><ana lex="ดี" pos="adjective" trans="good" translit=""/><ana lex="ดี" pos="adverb" trans="well" translit=""/><ana lex="ดี" pos="adjective" trans="high" translit=""/><ana lex="ดี" pos="adjective" trans="nice" translit=""/><ana lex="ดี" pos="adjective" trans="nice" translit=""/><ana lex="ดี" pos="adjective" trans="well" translit=""/></w></se><se><w>คน<ana lex="คน" pos="noun" trans="bloke" translit=""/><ana lex="คน" pos="verb,transitive" trans="mill" translit=""/><ana lex="คน" pos="PRF" trans="anthropo-" translit=""/><ana lex="คน" pos="noun" trans="human" translit=""/><ana lex="คน" pos="noun" trans="people" translit=""/><ana lex="คน" pos="noun" trans="being" translit=""/><ana lex="คน" pos="PHRV" trans="stir about" translit=""/><ana lex="คน" pos="PHRV" trans="stir around" translit=""/><ana lex="คน" pos="SL" trans="bod" translit=""/><ana lex="คน" pos="classifier" trans="person" translit=""/><ana lex="คน" pos="verb" trans="stir" translit=""/></w><w>ทาง<ana lex="ทาง" pos="noun" trans="way" translit=""/><ana lex="ทาง" pos="noun" trans="palm leaf" translit=""/><ana lex="ทาง" pos="preposition" trans="from" translit=""/><ana lex="ทาง" pos="noun" trans="way" translit=""/><ana lex="ทาง" pos="classifier" trans="qualifier for palm leaves" translit=""/><ana lex="ทาง" pos="preposition" trans="by" translit=""/><ana lex="ทาง" pos="noun" trans="side" translit=""/><ana lex="ทาง" pos="noun" trans="pathway" translit=""/><ana lex="ทาง" pos="preposition" trans="by" translit=""/></w><w>นี้</w><w>จะ<ana lex="จะ" pos="auxiliary verb" trans="will" translit=""/><ana lex="จะ" pos="auxiliary verb" trans="will" translit=""/><ana lex="จะ" pos="" trans="[alternate spelling of จ้ะ]" translit="jaL"/></w><w>ได้<ana lex="ได้" pos="PHRV" trans="get out of" translit=""/><ana lex="ได้" pos="auxiliary verb" trans="be able to" translit=""/><ana lex="ได้" pos="verb" trans="get" translit=""/><ana lex="ได้" pos="" trans="[alternate pronunciation of ได้ ]" translit="daaiF"/><ana lex="ได้" pos="auxiliary verb" trans="used as an auxiliary verb before a principal verb to indicate the past tense" translit=""/><ana lex="ได้" pos="verb,transitive" trans="get" translit=""/><ana lex="ได้" pos="adverb" trans="can" translit=""/></w><w>ไม่<ana lex="ไม่" pos="adverb" trans="not" translit=""/><ana lex="ไม่" pos="PRF" trans="an-" translit=""/><ana lex="ไม่" pos="PRF" trans="un-" translit=""/><ana lex="ไม่" pos="PRF" trans="un-" translit=""/><ana lex="ไม่" pos="adjective" trans="nary" translit=""/><ana lex="ไม่" pos="NEG" trans="not" translit=""/><ana lex="ไม่" pos="PRF" trans="in-" translit=""/><ana lex="ไม่" pos="adverb" trans="no" translit=""/><ana lex="ไม่" pos="PRF" trans="non-" translit=""/><ana lex="ไม่" pos="PRF" trans="non-" translit=""/><ana lex="ไม่" pos="PRF" trans="in-" translit=""/><ana lex="ไม่" pos="SL" trans="no soup" translit=""/><ana lex="ไม่" pos="SL" trans="no sale" translit=""/><ana lex="ไม่" pos="SL" trans="nope" translit=""/><ana lex="ไม่" pos="SL" trans="No way!" translit=""/><ana lex="ไม่" pos="NEG" trans="not" translit=""/><ana lex="ไม่" pos="SL" trans="Nuts!" translit=""/></w><w>เสียใจ<ana lex="เสียใจ" pos="adjective" trans="rueful" translit=""/><ana lex="เสียใจ" pos="verb,transitive" trans="repent" translit=""/><ana lex="เสียใจ" pos="verb,intransitive" trans="sadden" translit=""/><ana lex="เสียใจ" pos="adjective" trans="unhappy" translit=""/><ana lex="เสียใจ" pos="verb,transitive" trans="deplore" translit=""/><ana lex="เสียใจ" pos="verb,transitive" trans="regret" translit=""/></w></se><se><w>.<ana lex="" pos="" trans="" translit=""/></w></se></body>