<body><meta><link>http://www.thaipoem.com/poem/13631</link><title>รักชื่น...รื่นลั่นทม</title><genre>poem</genre></meta><se><w>หลายหลาก<ana lex="หลายหลาก" pos="adjective" trans="various" translit=""/><ana lex="หลายหลาก" pos="adjective" trans="various" translit=""/><ana lex="หลายหลาก" pos="adjective" trans="multifarious" translit=""/></w><w>รัก<ana lex="รัก" pos="verb,transitive" trans="treasure" translit=""/><ana lex="รัก" pos="verb,transitive" trans="adore" translit=""/><ana lex="รัก" pos="PRF" trans="phil-" translit=""/><ana lex="รัก" pos="PRF" trans="philo-" translit=""/><ana lex="รัก" pos="PHRV" trans="be attached to" translit=""/></w></se><se><w>รัก<ana lex="รัก" pos="verb,transitive" trans="treasure" translit=""/><ana lex="รัก" pos="verb,transitive" trans="adore" translit=""/><ana lex="รัก" pos="PRF" trans="phil-" translit=""/><ana lex="รัก" pos="PRF" trans="philo-" translit=""/><ana lex="รัก" pos="PHRV" trans="be attached to" translit=""/></w><w>หลาย<ana lex="หลาย" pos="adjective" trans="several" translit=""/><ana lex="หลาย" pos="adverb" trans="much" translit=""/></w><w>แบบ<ana lex="แบบ" pos="noun" trans="mould" translit=""/><ana lex="แบบ" pos="noun" trans="design" translit=""/><ana lex="แบบ" pos="noun" trans="model" translit=""/></w></se></body>