<body><meta><link>http://www.thaipoem.com/blog/3325</link><title>ลมปีกที่คิดถึง และตามหาลมปีกที่คิดถึง</title><genre>poem</genre></meta><se><w>สำหรับ<ana lex="สำหรับ" pos="preposition" trans="for" translit=""/><ana lex="สำหรับ" pos="preposition" trans="for" translit=""/><ana lex="สำหรับ" pos="preposition" trans="for" translit=""/><ana lex="สำหรับ" pos="preposition" trans="for" translit=""/><ana lex="สำหรับ" pos="preposition" trans="for" translit=""/><ana lex="สำหรับ" pos="preposition" trans="pro" translit=""/></w><w>คน<ana lex="คน" pos="noun" trans="bloke" translit=""/><ana lex="คน" pos="verb,transitive" trans="mill" translit=""/><ana lex="คน" pos="PRF" trans="anthropo-" translit=""/><ana lex="คน" pos="noun" trans="human" translit=""/><ana lex="คน" pos="noun" trans="people" translit=""/><ana lex="คน" pos="noun" trans="being" translit=""/><ana lex="คน" pos="PHRV" trans="stir about" translit=""/><ana lex="คน" pos="PHRV" trans="stir around" translit=""/><ana lex="คน" pos="SL" trans="bod" translit=""/><ana lex="คน" pos="classifier" trans="person" translit=""/><ana lex="คน" pos="verb" trans="stir" translit=""/></w><w>ที่<ana lex="ที่" pos="PRON" trans="that" translit=""/><ana lex="ที่" pos="preposition" trans="at" translit=""/><ana lex="ที่" pos="noun" trans="word for utensil" translit=""/><ana lex="ที่" pos="preposition" trans="at" translit=""/><ana lex="ที่" pos="noun" trans="place" translit=""/><ana lex="ที่" pos="classifier" trans="qualifiers for places" translit=""/><ana lex="ที่" pos="noun" trans="ordinal number" translit=""/><ana lex="ที่" pos="preposition" trans="to" translit=""/><ana lex="ที่" pos="noun" trans="land" translit=""/></w><w>อยู่<ana lex="อยู่" pos="verb,intransitive" trans="abide" translit=""/><ana lex="อยู่" pos="auxiliary verb" trans="be" translit=""/></w><w>ต่าง<ana lex="ต่าง" pos="adverb" trans="in place of" translit=""/><ana lex="ต่าง" pos="noun" trans="pack-saddle" translit=""/><ana lex="ต่าง" pos="verb" trans="differ" translit=""/><ana lex="ต่าง" pos="verb" trans="carry" translit=""/><ana lex="ต่าง" pos="adverb" trans="take as" translit=""/><ana lex="ต่าง" pos="DET" trans="each" translit=""/><ana lex="ต่าง" pos="adverb" trans="each" translit=""/><ana lex="ต่าง" pos="adjective" trans="foreign" translit=""/><ana lex="ต่าง" pos="DET" trans="each" translit=""/><ana lex="ต่าง" pos="adverb" trans="differ (farther or mother)" translit=""/></w><w>ประเทศ<ana lex="ประเทศ" pos="noun" trans="country" translit=""/><ana lex="ประเทศ" pos="noun" trans="nation" translit=""/><ana lex="ประเทศ" pos="noun" trans="country" translit=""/></w></se><se><w>จะ<ana lex="จะ" pos="auxiliary verb" trans="will" translit=""/><ana lex="จะ" pos="auxiliary verb" trans="will" translit=""/><ana lex="จะ" pos="" trans="[alternate spelling of จ้ะ]" translit="jaL"/></w><w>ซื้อ<ana lex="ซื้อ" pos="verb" trans="buy" translit=""/><ana lex="ซื้อ" pos="verb,intransitive" trans="purchase" translit=""/><ana lex="ซื้อ" pos="verb,transitive" trans="purchase" translit=""/><ana lex="ซื้อ" pos="verb,transitive" trans="consume" translit=""/><ana lex="ซื้อ" pos="verb,transitive" trans="buy" translit=""/></w><w>ได้<ana lex="ได้" pos="PHRV" trans="get out of" translit=""/><ana lex="ได้" pos="auxiliary verb" trans="be able to" translit=""/><ana lex="ได้" pos="verb" trans="get" translit=""/><ana lex="ได้" pos="" trans="[alternate pronunciation of ได้ ]" translit="daaiF"/><ana lex="ได้" pos="auxiliary verb" trans="used as an auxiliary verb before a principal verb to indicate the past tense" translit=""/><ana lex="ได้" pos="verb,transitive" trans="get" translit=""/><ana lex="ได้" pos="adverb" trans="can" translit=""/></w><w>อย่างไร<ana lex="อย่างไร" pos="noun,pronoun" trans="[อย่างไร] anything; whatever" translit="yaangL raiM"/><ana lex="อย่างไร" pos="QUES" trans="how" translit=""/><ana lex="อย่างไร" pos="adverb" trans="[อย่างไร] like what; anyhow; how" translit="yaangL raiM"/></w><w>ครับ๚</w><w>ะ๛</w></se><se><w>กระทู้<ana lex="กระทู้" pos="noun" trans="question; topic; posting (of a message board); main points; gist" translit="graL thuuH"/><ana lex="กระทู้" pos="noun" trans="[a kind of Thai verse]" translit="graL thuuH"/><ana lex="กระทู้" pos="noun" trans="theme" translit=""/></w><w>จะ<ana lex="จะ" pos="auxiliary verb" trans="will" translit=""/><ana lex="จะ" pos="auxiliary verb" trans="will" translit=""/><ana lex="จะ" pos="" trans="[alternate spelling of จ้ะ]" translit="jaL"/></w><w>ตก<ana lex="ตก" pos="verb" trans="come to" translit=""/><ana lex="ตก" pos="verb,intransitive" trans="drop" translit=""/><ana lex="ตก" pos="verb" trans="fall" translit=""/><ana lex="ตก" pos="verb" trans="fall into" translit=""/><ana lex="ตก" pos="verb" trans="come" translit=""/><ana lex="ตก" pos="verb" trans="fall (on)" translit=""/><ana lex="ตก" pos="verb" trans="fade (colours)" translit=""/><ana lex="ตก" pos="verb" trans="fish (with a hook and line)" translit=""/><ana lex="ตก" pos="verb" trans="fail (an examination)" translit=""/><ana lex="ตก" pos="verb" trans="fall" translit=""/><ana lex="ตก" pos="verb" trans="make a success of" translit=""/><ana lex="ตก" pos="verb" trans="be crestfallen" translit=""/><ana lex="ตก" pos="verb" trans="miss" translit=""/><ana lex="ตก" pos="verb" trans="miss" translit=""/></w><w>หน้า<ana lex="หน้า" pos="adjective" trans="next" translit=""/><ana lex="หน้า" pos="noun" trans="surface" translit=""/><ana lex="หน้า" pos="adjective" trans="front" translit=""/><ana lex="หน้า" pos="adjective" trans="top" translit=""/><ana lex="หน้า" pos="noun" trans="topping" translit=""/><ana lex="หน้า" pos="adjective" trans="front" translit=""/><ana lex="หน้า" pos="classifier" trans="page" translit=""/><ana lex="หน้า" pos="noun" trans="reputation" translit=""/><ana lex="หน้า" pos="SL" trans="kipper" translit=""/><ana lex="หน้า" pos="SL" trans="kip" translit=""/><ana lex="หน้า" pos="SL" trans="coupon" translit=""/><ana lex="หน้า" pos="SL" trans="mug" translit=""/><ana lex="หน้า" pos="noun" trans="face" translit=""/><ana lex="หน้า" pos="noun" trans="season" translit=""/><ana lex="หน้า" pos="SL" trans="mush" translit=""/><ana lex="หน้า" pos="noun" trans="face" translit=""/><ana lex="หน้า" pos="PRON" trans="anyone" translit=""/><ana lex="หน้า" pos="noun" trans="width" translit=""/><ana lex="หน้า" pos="preposition" trans="in front of" translit=""/></w><w>แล้ว<ana lex="แล้ว" pos="adverb" trans="already" translit=""/><ana lex="แล้ว" pos="adverb" trans="already" translit=""/><ana lex="แล้ว" pos="adverb" trans="by now" translit=""/><ana lex="แล้ว" pos="adverb" trans="already" translit=""/></w><w>ครับ<ana lex="ครับ" pos="END" trans="yes, sir" translit=""/></w></se><se><w>กรุณา<ana lex="กรุณา" pos="adverb" trans="please" translit=""/><ana lex="กรุณา" pos="verb" trans="kind" translit=""/></w><w>ตอบ<ana lex="ตอบ" pos="adjective" trans="sunken" translit=""/><ana lex="ตอบ" pos="verb" trans="answer" translit=""/><ana lex="ตอบ" pos="verb,transitive" trans="answer" translit=""/><ana lex="ตอบ" pos="verb,intransitive" trans="answer" translit=""/><ana lex="ตอบ" pos="PHRV" trans="reply for" translit=""/><ana lex="ตอบ" pos="verb,transitive" trans="respond" translit=""/><ana lex="ตอบ" pos="verb,transitive" trans="return" translit=""/><ana lex="ตอบ" pos="verb,intransitive" trans="respond" translit=""/><ana lex="ตอบ" pos="verb,transitive" trans="reply" translit=""/><ana lex="ตอบ" pos="verb,intransitive" trans="reply" translit=""/></w><w>ด้วย<ana lex="ด้วย" pos="PRF" trans="com-" translit=""/><ana lex="ด้วย" pos="adverb" trans="along" translit=""/><ana lex="ด้วย" pos="conjunction" trans="plus" translit=""/><ana lex="ด้วย" pos="preposition" trans="with" translit=""/><ana lex="ด้วย" pos="adverb" trans="also" translit=""/><ana lex="ด้วย" pos="conjunction" trans="because" translit=""/><ana lex="ด้วย" pos="preposition" trans="by" translit=""/><ana lex="ด้วย" pos="adverb" trans="so" translit=""/></w></se><se><w>ผม<ana lex="ผม" pos="SL" trans="barnet fair" translit=""/><ana lex="ผม" pos="noun" trans="hair" translit=""/><ana lex="ผม" pos="PRON" trans="I" translit=""/><ana lex="ผม" pos="noun" trans="hair" translit=""/></w><w>ไม่<ana lex="ไม่" pos="adverb" trans="not" translit=""/><ana lex="ไม่" pos="PRF" trans="an-" translit=""/><ana lex="ไม่" pos="PRF" trans="un-" translit=""/><ana lex="ไม่" pos="PRF" trans="un-" translit=""/><ana lex="ไม่" pos="adjective" trans="nary" translit=""/><ana lex="ไม่" pos="NEG" trans="not" translit=""/><ana lex="ไม่" pos="PRF" trans="in-" translit=""/><ana lex="ไม่" pos="adverb" trans="no" translit=""/><ana lex="ไม่" pos="PRF" trans="non-" translit=""/><ana lex="ไม่" pos="PRF" trans="non-" translit=""/><ana lex="ไม่" pos="PRF" trans="in-" translit=""/><ana lex="ไม่" pos="SL" trans="no soup" translit=""/><ana lex="ไม่" pos="SL" trans="no sale" translit=""/><ana lex="ไม่" pos="SL" trans="nope" translit=""/><ana lex="ไม่" pos="SL" trans="No way!" translit=""/><ana lex="ไม่" pos="NEG" trans="not" translit=""/><ana lex="ไม่" pos="SL" trans="Nuts!" translit=""/></w><w>ได้<ana lex="ได้" pos="PHRV" trans="get out of" translit=""/><ana lex="ได้" pos="auxiliary verb" trans="be able to" translit=""/><ana lex="ได้" pos="verb" trans="get" translit=""/><ana lex="ได้" pos="" trans="[alternate pronunciation of ได้ ]" translit="daaiF"/><ana lex="ได้" pos="auxiliary verb" trans="used as an auxiliary verb before a principal verb to indicate the past tense" translit=""/><ana lex="ได้" pos="verb,transitive" trans="get" translit=""/><ana lex="ได้" pos="adverb" trans="can" translit=""/></w><w>ทำงาน<ana lex="ทำงาน" pos="verb,intransitive" trans="work" translit=""/><ana lex="ทำงาน" pos="verb,transitive" trans="function" translit=""/><ana lex="ทำงาน" pos="verb" trans="work" translit=""/><ana lex="ทำงาน" pos="noun" trans="[noun] work" translit="thamM ngaanM"/><ana lex="ทำงาน" pos="PHRV" trans="put in1" translit=""/><ana lex="ทำงาน" pos="verb" trans="to do a project or work" translit="thamM ngaanM"/><ana lex="ทำงาน" pos="adjective" trans="[adjective] (for) work" translit="thamM ngaanM"/><ana lex="ทำงาน" pos="idiom" trans="go out to work" translit=""/></w><w>อยู่<ana lex="อยู่" pos="verb,intransitive" trans="abide" translit=""/><ana lex="อยู่" pos="auxiliary verb" trans="be" translit=""/></w><w>ประเทศ<ana lex="ประเทศ" pos="noun" trans="country" translit=""/><ana lex="ประเทศ" pos="noun" trans="nation" translit=""/><ana lex="ประเทศ" pos="noun" trans="country" translit=""/></w><w>ไทย<ana lex="ไทย" pos="noun" trans="Thailand" translit=""/><ana lex="ไทย" pos="noun" trans="Thailand" translit=""/><ana lex="ไทย" pos="noun" trans="freedom" translit=""/></w></se><se><w>จะ<ana lex="จะ" pos="auxiliary verb" trans="will" translit=""/><ana lex="จะ" pos="auxiliary verb" trans="will" translit=""/><ana lex="จะ" pos="" trans="[alternate spelling of จ้ะ]" translit="jaL"/></w><w>ฝาก<ana lex="ฝาก" pos="verb" trans="deposit" translit=""/><ana lex="ฝาก" pos="verb,transitive" trans="check" translit=""/></w></se><se><w>ใคร<ana lex="ใคร" pos="PRON" trans="who" translit=""/><ana lex="ใคร" pos="pronoun" trans="who" translit=""/></w><w>ให้<ana lex="ให้" pos="verb,transitive" trans="afford" translit=""/><ana lex="ให้" pos="verb" trans="give" translit=""/><ana lex="ให้" pos="verb,transitive" trans="give" translit=""/><ana lex="ให้" pos="verb,transitive" trans="dispense" translit=""/><ana lex="ให้" pos="verb,transitive" trans="bestow" translit=""/><ana lex="ให้" pos="verb" trans="give" translit=""/><ana lex="ให้" pos="verb,transitive" trans="accord" translit=""/><ana lex="ให้" pos="auxiliary verb" trans="to" translit=""/><ana lex="ให้" pos="verb" trans="permit" translit=""/></w><w>ซื้อ<ana lex="ซื้อ" pos="verb" trans="buy" translit=""/><ana lex="ซื้อ" pos="verb,intransitive" trans="purchase" translit=""/><ana lex="ซื้อ" pos="verb,transitive" trans="purchase" translit=""/><ana lex="ซื้อ" pos="verb,transitive" trans="consume" translit=""/><ana lex="ซื้อ" pos="verb,transitive" trans="buy" translit=""/></w><w>ก็<ana lex="ก็" pos="adverb" trans="also" translit=""/><ana lex="ก็" pos="conjunction" trans="as a result" translit=""/></w><w>คง<ana lex="คง" pos="auxiliary verb" trans="may" translit=""/></w><w>ยุ่งยาก<ana lex="ยุ่งยาก" pos="verb" trans="be complicated" translit=""/><ana lex="ยุ่งยาก" pos="adjective" trans="cumbersome" translit=""/><ana lex="ยุ่งยาก" pos="adjective" trans="complicated" translit=""/><ana lex="ยุ่งยาก" pos="adjective" trans="delicate" translit=""/><ana lex="ยุ่งยาก" pos="idiom" trans="in the doghouse" translit=""/><ana lex="ยุ่งยาก" pos="adjective" trans="spiny" translit=""/><ana lex="ยุ่งยาก" pos="idiom" trans="in hot water" translit=""/><ana lex="ยุ่งยาก" pos="adjective" trans="knotty" translit=""/></w><w>เพราะ<ana lex="เพราะ" pos="conjunction" trans="because" translit=""/><ana lex="เพราะ" pos="adjective" trans="melodious" translit=""/></w><w>บ้าน<ana lex="บ้าน" pos="SL" trans="drum" translit=""/><ana lex="บ้าน" pos="noun" trans="home" translit=""/><ana lex="บ้าน" pos="SL" trans="yam" translit=""/><ana lex="บ้าน" pos="noun" trans="house" translit=""/><ana lex="บ้าน" pos="noun" trans="home" translit=""/><ana lex="บ้าน" pos="SL" trans="gaff" translit=""/><ana lex="บ้าน" pos="noun" trans="dwelling" translit=""/><ana lex="บ้าน" pos="noun" trans="abode" translit=""/></w><w>อยู่<ana lex="อยู่" pos="verb,intransitive" trans="abide" translit=""/><ana lex="อยู่" pos="auxiliary verb" trans="be" translit=""/></w></se><se><w>ตจว</w></se><se><w>.<ana lex="" pos="" trans="" translit=""/></w></se><se><w>๚</w><w>ะ๛</w></se></body>